id,student_id,topic_id,score,time_spent,attempts,timestamp
1,1,1,77.3,96,1,2026-01-03 05:00:00
2,1,2,33.7,127,1,2026-01-05 02:00:00
3,1,2,70.3,109,2,2026-01-06 12:00:00
4,1,2,79.9,78,3,2026-01-07 19:00:00
5,1,3,57.3,72,1,2026-01-08 01:00:00
6,1,4,60.0,99,1,2026-01-08 18:00:00
7,1,5,51.6,63,1,2026-01-09 22:00:00
8,1,6,80.4,126,1,2026-01-11 10:00:00
9,1,7,45.8,113,1,2026-01-13 05:00:00
10,1,8,81.3,80,1,2026-01-14 07:00:00
11,1,9,33.3,55,1,2026-01-15 02:00:00
12,1,10,73.2,117,1,2026-01-16 06:00:00
13,1,11,82.9,87,1,2026-01-16 18:00:00
14,2,1,79.7,134,1,2026-01-06 18:00:00
15,2,2,69.0,78,1,2026-01-08 09:00:00
16,2,2,74.2,98,2,2026-01-10 08:00:00
17,2,2,83.0,110,3,2026-01-10 21:00:00
18,2,3,49.8,110,1,2026-01-11 16:00:00
19,2,4,88.6,100,1,2026-01-12 21:00:00
20,2,5,79.6,122,1,2026-01-14 15:00:00
21,2,5,81.9,88,2,2026-01-15 15:00:00
22,2,5,68.6,107,3,2026-01-17 15:00:00
23,2,6,99.9,112,1,2026-01-19 07:00:00
24,2,7,32.8,120,1,2026-01-20 05:00:00
25,2,7,77.6,124,2,2026-01-22 01:00:00
26,2,8,82.0,87,1,2026-01-23 19:00:00
27,2,9,33.4,79,1,2026-01-25 13:00:00
28,2,9,52.5,135,2,2026-01-27 10:00:00
29,2,9,47.2,116,3,2026-01-28 11:00:00
30,2,10,81.2,95,1,2026-01-30 03:00:00
31,2,10,49.3,141,2,2026-01-31 05:00:00
32,2,10,59.1,112,3,2026-01-31 16:00:00
33,2,11,72.9,133,1,2026-02-02 02:00:00
34,2,12,55.9,111,1,2026-02-02 07:00:00
35,2,13,48.4,151,1,2026-02-03 22:00:00
36,2,13,45.8,145,2,2026-02-05 18:00:00
37,2,14,92.6,105,1,2026-02-06 11:00:00
38,2,14,37.9,129,2,2026-02-07 02:00:00
39,2,14,55.5,122,3,2026-02-08 13:00:00
40,2,15,54.6,137,1,2026-02-09 15:00:00
41,3,1,73.5,120,1,2026-01-08 11:00:00
42,3,2,84.6,153,1,2026-01-09 15:00:00
43,3,2,35.6,161,2,2026-01-10 05:00:00
44,3,2,68.0,104,3,2026-01-10 12:00:00
45,3,3,57.3,116,1,2026-01-12 09:00:00
46,3,3,70.9,99,2,2026-01-12 23:00:00
47,3,3,78.7,134,3,2026-01-13 20:00:00
48,3,4,44.6,154,1,2026-01-15 10:00:00
49,3,4,34.1,170,2,2026-01-16 03:00:00
50,3,5,62.6,141,1,2026-01-16 23:00:00
51,3,6,64.4,172,1,2026-01-18 16:00:00
52,3,7,51.2,112,1,2026-01-18 23:00:00
53,3,8,95.7,105,1,2026-01-20 15:00:00
54,3,9,35.1,138,1,2026-01-21 12:00:00
55,3,10,53.0,147,1,2026-01-22 17:00:00
56,3,10,93.8,139,2,2026-01-24 01:00:00
57,3,10,65.0,98,3,2026-01-24 22:00:00
58,3,11,48.3,138,1,2026-01-25 07:00:00
59,3,11,99.0,113,2,2026-01-26 21:00:00
60,3,11,43.5,153,3,2026-01-27 21:00:00
61,3,12,88.8,147,1,2026-01-28 04:00:00
62,3,12,30.0,121,2,2026-01-28 18:00:00
63,3,12,42.0,129,3,2026-01-29 06:00:00
64,3,13,36.6,118,1,2026-01-31 04:00:00
65,3,14,30.0,138,1,2026-01-31 13:00:00
66,3,14,57.1,159,2,2026-02-02 06:00:00
67,3,14,69.4,120,3,2026-02-03 07:00:00
68,3,15,81.0,150,1,2026-02-03 17:00:00
69,3,16,35.7,129,1,2026-02-05 14:00:00
70,3,17,36.0,124,1,2026-02-06 07:00:00
71,3,17,35.6,137,2,2026-02-06 16:00:00
72,3,17,35.6,119,3,2026-02-07 23:00:00
73,3,18,57.5,128,1,2026-02-08 21:00:00
74,3,18,37.5,116,2,2026-02-10 10:00:00
75,3,18,61.7,179,3,2026-02-10 17:00:00
76,3,19,30.5,140,1,2026-02-12 06:00:00
77,3,20,36.9,126,1,2026-02-13 09:00:00
78,3,20,77.9,144,2,2026-02-15 02:00:00
79,4,1,46.9,87,1,2026-01-23 12:00:00
80,4,2,72.4,85,1,2026-01-24 09:00:00
81,4,3,42.4,102,1,2026-01-26 08:00:00
82,4,3,83.0,105,2,2026-01-27 03:00:00
83,4,3,59.6,79,3,2026-01-29 01:00:00
84,4,4,93.5,78,1,2026-01-30 03:00:00
85,4,5,31.2,84,1,2026-01-30 14:00:00
86,4,5,99.3,43,2,2026-01-30 22:00:00
87,4,6,36.7,59,1,2026-02-01 09:00:00
88,4,7,30.1,117,1,2026-02-02 03:00:00
89,4,8,98.8,122,1,2026-02-02 16:00:00
90,4,9,52.8,85,1,2026-02-03 13:00:00
91,4,9,94.1,101,2,2026-02-03 20:00:00
92,4,10,83.7,96,1,2026-02-04 20:00:00
93,4,10,59.5,151,2,2026-02-06 12:00:00
94,4,11,51.8,112,1,2026-02-07 04:00:00
95,4,12,95.2,87,1,2026-02-08 18:00:00
96,4,13,85.9,70,1,2026-02-09 17:00:00
97,4,14,97.6,57,1,2026-02-10 14:00:00
98,5,1,74.0,64,1,2026-01-28 17:00:00
99,5,2,77.8,44,1,2026-01-29 05:00:00
100,5,3,72.2,31,1,2026-01-30 13:00:00
101,5,4,84.0,47,1,2026-01-30 23:00:00
102,5,5,95.6,38,1,2026-01-31 22:00:00
103,5,5,57.8,93,2,2026-02-01 21:00:00
104,5,6,79.0,77,1,2026-02-03 09:00:00
105,5,6,86.5,59,2,2026-02-04 17:00:00
106,5,7,93.4,89,1,2026-02-04 21:00:00
107,5,8,33.4,61,1,2026-02-06 17:00:00
108,5,9,73.9,42,1,2026-02-08 14:00:00
109,5,10,91.7,90,1,2026-02-10 06:00:00
110,5,11,41.0,70,1,2026-02-10 23:00:00
111,5,12,82.4,39,1,2026-02-12 20:00:00
112,5,13,93.9,56,1,2026-02-13 12:00:00
113,5,14,43.7,42,1,2026-02-15 02:00:00
114,5,15,70.9,32,1,2026-02-16 02:00:00
115,5,16,89.7,78,1,2026-02-16 16:00:00
116,5,17,95.2,98,1,2026-02-17 20:00:00
117,6,1,87.0,32,1,2026-01-12 00:00:00
118,6,2,77.0,71,1,2026-01-12 06:00:00
119,6,3,73.9,46,1,2026-01-14 01:00:00
120,6,4,95.4,50,1,2026-01-14 14:00:00
121,6,5,79.7,48,1,2026-01-15 00:00:00
122,6,5,55.9,42,2,2026-01-16 20:00:00
123,6,5,75.3,60,3,2026-01-18 18:00:00
124,6,6,93.1,43,1,2026-01-19 23:00:00
125,6,6,94.3,65,2,2026-01-21 17:00:00
126,6,6,84.9,58,3,2026-01-23 09:00:00
127,6,7,56.7,55,1,2026-01-23 18:00:00
128,6,8,93.6,41,1,2026-01-24 02:00:00
129,6,9,81.4,48,1,2026-01-25 08:00:00
130,6,10,76.8,75,1,2026-01-27 05:00:00
131,6,10,77.8,70,2,2026-01-28 03:00:00
132,6,10,36.4,40,3,2026-01-28 17:00:00
133,6,11,82.9,61,1,2026-01-30 03:00:00
134,6,12,99.2,75,1,2026-01-30 13:00:00
135,6,13,95.2,30,1,2026-01-31 18:00:00
136,6,14,84.4,70,1,2026-02-02 16:00:00
137,6,15,81.9,46,1,2026-02-03 03:00:00
138,6,15,75.5,71,2,2026-02-05 00:00:00
139,7,1,78.1,44,1,2026-01-14 20:00:00
140,7,2,86.2,30,1,2026-01-16 18:00:00
141,7,3,98.1,30,1,2026-01-18 08:00:00
142,7,3,97.1,60,2,2026-01-19 07:00:00
143,7,4,88.6,65,1,2026-01-20 23:00:00
144,7,5,35.0,41,1,2026-01-21 16:00:00
145,7,6,77.7,72,1,2026-01-22 05:00:00
146,7,6,86.6,30,2,2026-01-23 09:00:00
147,7,6,88.7,58,3,2026-01-23 13:00:00
148,7,7,98.9,35,1,2026-01-25 06:00:00
149,7,8,40.5,46,1,2026-01-26 08:00:00
150,7,8,75.2,60,2,2026-01-28 02:00:00
151,7,8,82.1,42,3,2026-01-29 20:00:00
152,7,9,93.8,52,1,2026-01-30 01:00:00
153,7,9,68.8,80,2,2026-02-01 01:00:00
154,7,10,82.5,48,1,2026-02-02 01:00:00
155,7,11,96.0,76,1,2026-02-03 12:00:00
156,7,11,91.3,37,2,2026-02-04 02:00:00
157,7,12,95.0,70,1,2026-02-04 17:00:00
158,7,13,94.7,88,1,2026-02-05 09:00:00
159,7,13,77.3,30,2,2026-02-05 20:00:00
160,7,13,80.5,44,3,2026-02-07 06:00:00
161,7,14,74.9,71,1,2026-02-07 11:00:00
162,8,1,70.6,135,1,2026-01-28 21:00:00
163,8,2,88.3,147,1,2026-01-29 01:00:00
164,8,2,48.3,127,2,2026-01-30 05:00:00
165,8,2,54.9,141,3,2026-02-01 04:00:00
166,8,3,54.3,136,1,2026-02-02 19:00:00
167,8,3,41.0,163,2,2026-02-03 03:00:00
168,8,4,50.6,145,1,2026-02-04 02:00:00
169,8,4,57.2,146,2,2026-02-05 07:00:00
170,8,4,40.4,131,3,2026-02-06 18:00:00
171,8,5,58.5,130,1,2026-02-07 10:00:00
172,8,5,63.7,131,2,2026-02-08 12:00:00
173,8,5,59.6,147,3,2026-02-08 22:00:00
174,8,6,96.1,131,1,2026-02-10 00:00:00
175,8,7,89.0,145,1,2026-02-11 10:00:00
176,8,8,46.5,181,1,2026-02-12 14:00:00
177,8,8,52.7,157,2,2026-02-13 15:00:00
178,8,8,49.5,133,3,2026-02-14 06:00:00
179,8,9,60.9,164,1,2026-02-15 03:00:00
180,8,10,47.1,131,1,2026-02-16 22:00:00
181,8,11,65.6,99,1,2026-02-18 01:00:00
182,8,12,43.7,119,1,2026-02-18 19:00:00
183,8,13,41.6,102,1,2026-02-19 01:00:00
184,8,14,66.0,132,1,2026-02-19 13:00:00
185,8,14,76.7,140,2,2026-02-20 18:00:00
186,8,14,36.7,173,3,2026-02-20 23:00:00
187,8,15,53.7,146,1,2026-02-22 13:00:00
188,8,16,45.2,135,1,2026-02-23 00:00:00
189,8,17,82.6,156,1,2026-02-24 20:00:00
190,8,17,35.5,95,2,2026-02-26 15:00:00
191,8,17,73.4,144,3,2026-02-28 10:00:00
192,8,18,46.3,155,1,2026-03-01 02:00:00
193,8,18,57.5,110,2,2026-03-02 13:00:00
194,8,18,72.7,162,3,2026-03-02 17:00:00
195,8,19,55.7,146,1,2026-03-03 03:00:00
196,8,20,64.0,131,1,2026-03-03 18:00:00
197,9,1,56.5,102,1,2026-01-14 04:00:00
198,9,2,80.3,135,1,2026-01-14 13:00:00
199,9,2,81.6,93,2,2026-01-15 22:00:00
200,9,3,32.3,94,1,2026-01-16 10:00:00
201,9,4,88.3,80,1,2026-01-18 09:00:00
202,9,4,49.5,73,2,2026-01-18 21:00:00
203,9,4,79.4,106,3,2026-01-19 05:00:00
204,9,5,50.7,72,1,2026-01-21 03:00:00
205,9,6,89.2,91,1,2026-01-22 05:00:00
206,9,7,64.7,80,1,2026-01-23 15:00:00
207,9,8,81.4,99,1,2026-01-24 09:00:00
208,9,9,73.6,96,1,2026-01-25 20:00:00
209,9,10,72.7,110,1,2026-01-27 11:00:00
210,9,11,44.5,79,1,2026-01-28 20:00:00
211,10,1,34.5,134,1,2026-01-30 03:00:00
212,10,1,89.0,120,2,2026-01-31 04:00:00
213,10,1,96.9,131,3,2026-02-02 04:00:00
214,10,2,37.5,147,1,2026-02-03 00:00:00
215,10,3,31.9,155,1,2026-02-03 10:00:00
216,10,3,53.5,121,2,2026-02-04 18:00:00
217,10,4,50.3,157,1,2026-02-06 11:00:00
218,10,4,89.7,167,2,2026-02-06 23:00:00
219,10,5,40.9,148,1,2026-02-08 23:00:00
220,10,5,88.1,177,2,2026-02-09 11:00:00
221,10,5,42.5,124,3,2026-02-11 11:00:00
222,10,6,55.9,115,1,2026-02-11 23:00:00
223,10,6,58.3,104,2,2026-02-13 23:00:00
224,10,6,58.3,169,3,2026-02-15 15:00:00
225,10,7,90.1,153,1,2026-02-16 19:00:00
226,10,8,71.9,138,1,2026-02-17 15:00:00
227,10,8,94.4,145,2,2026-02-19 05:00:00
228,10,8,39.5,117,3,2026-02-21 02:00:00
229,10,9,68.9,188,1,2026-02-22 08:00:00
230,10,9,64.7,142,2,2026-02-23 04:00:00
231,10,10,37.8,142,1,2026-02-24 18:00:00
232,10,10,90.5,154,2,2026-02-26 02:00:00
233,10,10,71.2,149,3,2026-02-27 14:00:00
234,10,11,36.2,144,1,2026-02-28 23:00:00
235,10,12,52.0,124,1,2026-03-02 10:00:00
236,10,12,50.8,149,2,2026-03-03 04:00:00
237,10,13,56.5,177,1,2026-03-03 22:00:00
238,10,13,54.7,166,2,2026-03-04 15:00:00
239,10,14,39.7,171,1,2026-03-06 10:00:00
240,10,14,51.6,129,2,2026-03-06 21:00:00
241,10,14,50.3,120,3,2026-03-08 00:00:00
242,10,15,36.7,137,1,2026-03-08 09:00:00
243,10,15,55.1,141,2,2026-03-08 17:00:00
244,10,15,58.0,161,3,2026-03-09 10:00:00
245,10,16,48.3,106,1,2026-03-11 09:00:00
246,10,17,39.1,170,1,2026-03-11 17:00:00
247,10,17,47.3,136,2,2026-03-13 01:00:00
248,10,17,55.6,131,3,2026-03-13 12:00:00
249,10,18,50.1,119,1,2026-03-13 20:00:00
250,10,19,51.3,106,1,2026-03-14 01:00:00
251,10,19,55.3,156,2,2026-03-15 15:00:00
252,10,19,35.6,141,3,2026-03-17 06:00:00
253,11,1,92.4,34,1,2026-01-23 09:00:00
254,11,2,75.5,34,1,2026-01-24 21:00:00
255,11,3,72.2,53,1,2026-01-26 06:00:00
256,11,3,87.4,93,2,2026-01-26 16:00:00
257,11,3,73.0,54,3,2026-01-28 14:00:00
258,11,4,87.5,30,1,2026-01-30 12:00:00
259,11,5,76.6,55,1,2026-01-31 12:00:00
260,11,6,83.9,54,1,2026-02-01 13:00:00
261,11,7,78.4,30,1,2026-02-03 07:00:00
262,11,8,63.9,58,1,2026-02-03 15:00:00
263,11,9,86.3,55,1,2026-02-03 21:00:00
264,11,10,53.5,73,1,2026-02-04 15:00:00
265,11,11,89.9,96,1,2026-02-05 18:00:00
266,11,12,87.0,82,1,2026-02-06 09:00:00
267,11,13,71.3,54,1,2026-02-07 05:00:00
268,11,14,31.6,37,1,2026-02-08 14:00:00
269,11,15,40.5,111,1,2026-02-09 11:00:00
270,11,16,33.1,61,1,2026-02-11 08:00:00
271,11,17,49.2,60,1,2026-02-12 10:00:00
272,11,18,89.3,59,1,2026-02-13 04:00:00
273,12,1,49.2,113,1,2026-01-30 01:00:00
274,12,1,95.0,107,2,2026-01-31 18:00:00
275,12,2,96.7,98,1,2026-02-02 14:00:00
276,12,3,55.4,99,1,2026-02-04 08:00:00
277,12,3,99.8,109,2,2026-02-05 01:00:00
278,12,4,50.4,99,1,2026-02-05 16:00:00
279,12,4,39.2,95,2,2026-02-07 10:00:00
280,12,4,95.8,112,3,2026-02-07 15:00:00
281,12,5,65.0,104,1,2026-02-09 10:00:00
282,12,6,65.8,140,1,2026-02-11 00:00:00
283,12,6,71.3,56,2,2026-02-12 06:00:00
284,12,6,45.2,131,3,2026-02-13 16:00:00
285,12,7,51.7,134,1,2026-02-14 14:00:00
286,12,8,70.2,68,1,2026-02-16 03:00:00
287,12,8,73.2,103,2,2026-02-17 03:00:00
288,12,8,81.0,102,3,2026-02-18 17:00:00
289,12,9,52.1,81,1,2026-02-19 08:00:00
290,12,9,45.9,94,2,2026-02-20 10:00:00
291,12,10,80.2,87,1,2026-02-21 22:00:00
292,12,11,88.0,145,1,2026-02-22 11:00:00
293,13,1,46.0,158,1,2026-01-29 04:00:00
294,13,2,30.4,165,1,2026-01-31 00:00:00
295,13,3,56.9,154,1,2026-01-31 18:00:00
296,13,3,33.5,117,2,2026-01-31 22:00:00
297,13,3,53.4,129,3,2026-02-02 20:00:00
298,13,4,52.3,149,1,2026-02-03 18:00:00
299,13,4,98.9,115,2,2026-02-04 15:00:00
300,13,4,46.2,154,3,2026-02-04 19:00:00
301,13,5,52.9,135,1,2026-02-06 09:00:00
302,13,5,39.7,132,2,2026-02-08 01:00:00
303,13,6,72.0,154,1,2026-02-09 11:00:00
304,13,7,30.4,148,1,2026-02-10 13:00:00
305,13,7,59.9,132,2,2026-02-10 22:00:00
306,13,8,40.7,163,1,2026-02-11 15:00:00
307,13,8,77.3,118,2,2026-02-12 07:00:00
308,13,9,34.8,152,1,2026-02-12 20:00:00
309,13,9,51.6,151,2,2026-02-13 00:00:00
310,13,10,69.3,133,1,2026-02-13 21:00:00
311,13,10,35.1,146,2,2026-02-14 15:00:00
312,13,10,80.4,114,3,2026-02-16 05:00:00
313,13,11,30.5,158,1,2026-02-17 05:00:00
314,13,11,88.4,136,2,2026-02-17 15:00:00
315,13,12,49.9,129,1,2026-02-18 16:00:00
316,13,12,46.0,160,2,2026-02-19 19:00:00
317,13,12,57.4,125,3,2026-02-20 07:00:00
318,13,13,59.5,111,1,2026-02-20 20:00:00
319,13,14,58.8,108,1,2026-02-22 16:00:00
320,13,15,32.4,152,1,2026-02-23 02:00:00
321,13,15,43.4,114,2,2026-02-23 12:00:00
322,13,16,44.0,175,1,2026-02-23 17:00:00
323,13,16,51.5,98,2,2026-02-25 09:00:00
324,13,17,45.2,173,1,2026-02-26 17:00:00
325,13,17,55.6,144,2,2026-02-27 06:00:00
326,13,17,63.9,138,3,2026-03-01 01:00:00
327,13,18,45.8,129,1,2026-03-01 22:00:00
328,13,18,48.0,147,2,2026-03-03 15:00:00
329,13,19,38.4,139,1,2026-03-05 15:00:00
330,13,19,48.9,162,2,2026-03-05 23:00:00
331,13,19,69.7,142,3,2026-03-07 04:00:00
332,14,1,73.8,63,1,2026-01-23 22:00:00
333,14,2,84.0,52,1,2026-01-24 22:00:00
334,14,3,87.9,58,1,2026-01-26 12:00:00
335,14,3,79.3,66,2,2026-01-28 08:00:00
336,14,3,47.6,30,3,2026-01-29 02:00:00
337,14,4,84.1,33,1,2026-01-29 14:00:00
338,14,5,53.8,74,1,2026-01-30 21:00:00
339,14,6,91.4,63,1,2026-02-01 02:00:00
340,14,7,94.0,56,1,2026-02-01 21:00:00
341,14,8,95.6,60,1,2026-02-02 18:00:00
342,14,9,49.6,66,1,2026-02-03 15:00:00
343,14,10,73.8,49,1,2026-02-04 01:00:00
344,14,11,93.6,44,1,2026-02-05 02:00:00
345,14,12,68.0,63,1,2026-02-05 11:00:00
346,14,13,95.2,40,1,2026-02-06 02:00:00
347,14,14,99.8,68,1,2026-02-07 10:00:00
348,14,14,99.5,30,2,2026-02-07 20:00:00
349,15,1,86.5,80,1,2026-01-19 06:00:00
350,15,2,76.5,69,1,2026-01-19 13:00:00
351,15,3,81.9,65,1,2026-01-20 10:00:00
352,15,4,81.1,79,1,2026-01-22 10:00:00
353,15,5,80.7,93,1,2026-01-24 06:00:00
354,15,5,99.5,80,2,2026-01-25 17:00:00
355,15,6,74.0,30,1,2026-01-26 21:00:00
356,15,7,87.0,34,1,2026-01-28 21:00:00
357,15,8,52.1,47,1,2026-01-30 15:00:00
358,15,9,89.1,60,1,2026-02-01 00:00:00
359,15,10,91.6,70,1,2026-02-02 19:00:00
360,15,11,78.5,45,1,2026-02-04 10:00:00
361,15,12,70.9,63,1,2026-02-04 22:00:00
362,15,13,85.8,44,1,2026-02-06 02:00:00
363,15,14,97.6,47,1,2026-02-06 10:00:00
364,15,15,98.1,31,1,2026-02-07 13:00:00
365,16,1,95.0,41,1,2026-01-31 06:00:00
366,16,2,89.7,32,1,2026-01-31 22:00:00
367,16,3,87.3,40,1,2026-02-01 08:00:00
368,16,4,85.1,81,1,2026-02-01 23:00:00
369,16,5,51.9,41,1,2026-02-03 01:00:00
370,16,6,86.9,112,1,2026-02-04 01:00:00
371,16,7,47.9,69,1,2026-02-05 04:00:00
372,16,8,96.7,63,1,2026-02-06 17:00:00
373,16,9,66.7,42,1,2026-02-08 17:00:00
374,16,10,87.5,74,1,2026-02-09 13:00:00
375,16,11,91.7,48,1,2026-02-10 06:00:00
376,16,12,33.8,62,1,2026-02-11 22:00:00
377,16,13,66.8,111,1,2026-02-12 07:00:00
378,16,14,67.1,58,1,2026-02-14 04:00:00
379,16,15,85.1,82,1,2026-02-15 20:00:00
380,16,16,33.6,45,1,2026-02-17 14:00:00
381,16,16,80.1,59,2,2026-02-18 19:00:00
382,16,17,90.9,95,1,2026-02-20 07:00:00
383,16,18,92.1,47,1,2026-02-21 22:00:00
384,16,19,90.2,96,1,2026-02-23 14:00:00
385,17,1,80.5,104,1,2026-01-03 23:00:00
386,17,2,91.9,78,1,2026-01-05 02:00:00
387,17,3,94.1,102,1,2026-01-05 06:00:00
388,17,3,92.2,109,2,2026-01-05 11:00:00
389,17,4,99.8,102,1,2026-01-06 21:00:00
390,17,5,78.5,58,1,2026-01-07 17:00:00
391,17,6,89.9,75,1,2026-01-08 21:00:00
392,17,7,91.3,85,1,2026-01-10 01:00:00
393,17,8,52.4,88,1,2026-01-11 13:00:00
394,17,9,74.7,102,1,2026-01-13 00:00:00
395,17,10,71.9,93,1,2026-01-14 12:00:00
396,17,11,81.8,63,1,2026-01-15 01:00:00
397,17,12,46.7,97,1,2026-01-16 21:00:00
398,17,12,43.1,102,2,2026-01-17 20:00:00
399,17,12,86.2,101,3,2026-01-19 17:00:00
400,17,13,68.9,111,1,2026-01-21 00:00:00
401,17,14,96.4,106,1,2026-01-21 15:00:00
402,17,15,62.8,99,1,2026-01-22 23:00:00
403,17,15,75.5,88,2,2026-01-23 15:00:00
404,17,16,70.8,56,1,2026-01-24 09:00:00
405,17,17,95.6,98,1,2026-01-26 06:00:00
406,17,17,71.0,94,2,2026-01-26 20:00:00
407,17,17,69.4,95,3,2026-01-27 14:00:00
408,17,18,64.6,64,1,2026-01-29 01:00:00
409,17,18,62.9,68,2,2026-01-29 07:00:00
410,17,18,52.8,111,3,2026-01-31 02:00:00
411,17,19,94.8,89,1,2026-01-31 12:00:00
412,17,19,92.1,103,2,2026-02-02 02:00:00
413,17,19,37.6,90,3,2026-02-03 22:00:00
414,18,1,97.6,90,1,2026-02-01 07:00:00
415,18,2,73.4,108,1,2026-02-01 16:00:00
416,18,3,96.9,79,1,2026-02-02 07:00:00
417,18,4,83.5,91,1,2026-02-02 16:00:00
418,18,5,45.1,80,1,2026-02-04 11:00:00
419,18,5,52.6,81,2,2026-02-05 01:00:00
420,18,5,91.4,83,3,2026-02-05 14:00:00
421,18,6,97.0,94,1,2026-02-07 10:00:00
422,18,6,84.9,80,2,2026-02-08 06:00:00
423,18,7,48.1,115,1,2026-02-09 23:00:00
424,18,8,88.9,72,1,2026-02-11 14:00:00
425,18,9,63.4,86,1,2026-02-11 20:00:00
426,18,10,89.8,81,1,2026-02-13 19:00:00
427,18,11,79.0,118,1,2026-02-14 01:00:00
428,18,12,73.7,93,1,2026-02-14 23:00:00
429,18,13,73.3,110,1,2026-02-15 16:00:00
430,18,14,95.4,60,1,2026-02-16 14:00:00
431,18,14,73.9,95,2,2026-02-18 09:00:00
432,18,14,62.2,107,3,2026-02-20 05:00:00
433,19,1,73.5,91,1,2026-01-31 09:00:00
434,19,2,89.2,111,1,2026-02-02 05:00:00
435,19,3,93.0,79,1,2026-02-03 17:00:00
436,19,4,37.7,118,1,2026-02-03 22:00:00
437,19,5,65.6,135,1,2026-02-04 11:00:00
438,19,5,32.2,82,2,2026-02-05 17:00:00
439,19,6,87.3,81,1,2026-02-07 07:00:00
440,19,7,81.3,119,1,2026-02-07 12:00:00
441,19,8,60.0,121,1,2026-02-07 23:00:00
442,19,9,94.9,79,1,2026-02-08 18:00:00
443,19,10,66.4,81,1,2026-02-09 00:00:00
444,20,1,59.2,84,1,2026-01-26 01:00:00
445,20,2,38.2,63,1,2026-01-28 00:00:00
446,20,2,79.3,71,2,2026-01-29 13:00:00
447,20,2,34.1,69,3,2026-01-30 22:00:00
448,20,3,75.8,74,1,2026-01-31 15:00:00
449,20,4,73.4,89,1,2026-02-01 04:00:00
450,20,5,62.1,94,1,2026-02-01 17:00:00
451,20,5,96.8,121,2,2026-02-02 01:00:00
452,20,6,72.6,70,1,2026-02-02 11:00:00
453,20,7,54.6,109,1,2026-02-04 11:00:00
454,20,8,60.2,85,1,2026-02-04 20:00:00
455,20,8,83.7,89,2,2026-02-06 20:00:00
456,20,8,35.7,103,3,2026-02-07 14:00:00
457,20,9,65.2,67,1,2026-02-08 15:00:00
458,20,9,44.0,97,2,2026-02-08 23:00:00
459,20,9,35.1,93,3,2026-02-10 01:00:00
460,20,10,79.1,99,1,2026-02-11 22:00:00
461,20,11,84.5,95,1,2026-02-13 13:00:00
462,20,12,51.7,139,1,2026-02-15 05:00:00
463,20,12,97.9,77,2,2026-02-17 03:00:00
464,20,13,83.4,79,1,2026-02-18 18:00:00
465,20,14,89.3,77,1,2026-02-19 22:00:00
466,20,14,66.0,78,2,2026-02-20 10:00:00
467,20,14,48.1,77,3,2026-02-20 23:00:00
468,20,15,42.0,113,1,2026-02-22 22:00:00
469,20,16,99.6,118,1,2026-02-24 15:00:00
470,20,17,44.3,78,1,2026-02-26 06:00:00
471,20,18,46.2,73,1,2026-02-27 06:00:00
472,20,18,75.6,99,2,2026-02-27 21:00:00
473,20,18,96.2,78,3,2026-02-28 10:00:00
474,21,1,99.2,102,1,2026-01-10 11:00:00
475,21,2,57.7,94,1,2026-01-11 20:00:00
476,21,3,76.8,59,1,2026-01-13 04:00:00
477,21,4,97.8,120,1,2026-01-14 16:00:00
478,21,4,91.1,125,2,2026-01-14 22:00:00
479,21,4,91.9,77,3,2026-01-15 07:00:00
480,21,5,56.5,82,1,2026-01-16 17:00:00
481,21,6,80.3,95,1,2026-01-18 12:00:00
482,21,6,52.9,96,2,2026-01-20 00:00:00
483,21,7,97.7,103,1,2026-01-20 14:00:00
484,21,7,88.9,130,2,2026-01-22 06:00:00
485,21,8,72.5,86,1,2026-01-22 11:00:00
486,21,8,88.5,74,2,2026-01-23 08:00:00
487,21,8,97.3,62,3,2026-01-23 19:00:00
488,21,9,75.4,75,1,2026-01-25 19:00:00
489,21,9,53.8,89,2,2026-01-26 04:00:00
490,21,10,89.1,125,1,2026-01-28 02:00:00
491,21,11,82.0,79,1,2026-01-28 09:00:00
492,21,12,45.6,94,1,2026-01-29 13:00:00
493,22,1,79.5,59,1,2026-01-30 08:00:00
494,22,2,89.6,83,1,2026-01-31 15:00:00
495,22,3,93.2,110,1,2026-02-02 08:00:00
496,22,4,90.7,49,1,2026-02-03 21:00:00
497,22,5,73.1,50,1,2026-02-05 03:00:00
498,22,6,72.8,80,1,2026-02-05 09:00:00
499,22,7,88.1,73,1,2026-02-05 20:00:00
500,22,8,72.3,96,1,2026-02-07 05:00:00
501,22,9,72.2,71,1,2026-02-08 01:00:00
502,22,9,40.3,52,2,2026-02-09 02:00:00
503,22,10,73.3,71,1,2026-02-09 17:00:00
504,23,1,72.2,112,1,2026-01-23 20:00:00
505,23,1,84.9,106,2,2026-01-25 04:00:00
506,23,1,74.5,100,3,2026-01-27 02:00:00
507,23,2,61.2,111,1,2026-01-28 07:00:00
508,23,3,98.1,113,1,2026-01-28 18:00:00
509,23,3,89.0,117,2,2026-01-29 17:00:00
510,23,4,41.6,102,1,2026-01-31 02:00:00
511,23,5,34.3,86,1,2026-02-02 02:00:00
512,23,5,47.5,92,2,2026-02-02 11:00:00
513,23,6,86.2,114,1,2026-02-03 15:00:00
514,23,7,80.1,73,1,2026-02-03 21:00:00
515,23,8,51.4,97,1,2026-02-05 20:00:00
516,23,9,54.7,82,1,2026-02-07 06:00:00
517,23,10,95.1,90,1,2026-02-08 15:00:00
518,23,11,47.0,115,1,2026-02-08 23:00:00
519,24,1,53.7,93,1,2026-01-16 17:00:00
520,24,2,83.2,90,1,2026-01-17 20:00:00
521,24,3,84.6,62,1,2026-01-18 10:00:00
522,24,4,94.2,104,1,2026-01-19 08:00:00
523,24,4,50.9,102,2,2026-01-19 21:00:00
524,24,4,53.8,133,3,2026-01-21 16:00:00
525,24,5,86.7,83,1,2026-01-22 18:00:00
526,24,5,64.4,94,2,2026-01-23 04:00:00
527,24,6,75.8,94,1,2026-01-23 21:00:00
528,24,7,83.0,121,1,2026-01-25 00:00:00
529,24,8,49.4,88,1,2026-01-25 14:00:00
530,24,9,90.3,95,1,2026-01-26 20:00:00
531,24,9,72.9,102,2,2026-01-27 07:00:00
532,24,10,71.6,93,1,2026-01-28 17:00:00
533,24,11,83.7,81,1,2026-01-29 21:00:00
534,24,12,74.1,93,1,2026-01-31 13:00:00
535,24,13,93.7,111,1,2026-02-01 11:00:00
536,24,14,49.5,69,1,2026-02-02 17:00:00
537,24,15,87.4,92,1,2026-02-03 12:00:00
538,24,16,84.1,75,1,2026-02-03 18:00:00
539,24,17,48.1,113,1,2026-02-05 18:00:00
540,24,18,78.9,59,1,2026-02-06 11:00:00
541,24,18,36.5,78,2,2026-02-07 21:00:00
542,25,1,44.8,97,1,2026-01-23 15:00:00
543,25,1,90.7,121,2,2026-01-23 23:00:00
544,25,2,93.8,88,1,2026-01-25 18:00:00
545,25,3,56.9,78,1,2026-01-27 06:00:00
546,25,4,86.8,127,1,2026-01-28 09:00:00
547,25,4,73.4,61,2,2026-01-29 10:00:00
548,25,5,50.1,46,1,2026-01-30 12:00:00
549,25,6,73.7,98,1,2026-02-01 00:00:00
550,25,7,96.5,79,1,2026-02-01 08:00:00
551,25,7,98.7,69,2,2026-02-01 23:00:00
552,25,7,49.8,104,3,2026-02-02 10:00:00
553,25,8,82.6,94,1,2026-02-02 22:00:00
554,25,8,96.2,78,2,2026-02-03 14:00:00
555,25,8,80.3,64,3,2026-02-04 15:00:00
556,25,9,87.0,107,1,2026-02-05 23:00:00
557,25,9,81.2,103,2,2026-02-06 19:00:00
558,25,9,98.7,88,3,2026-02-07 21:00:00
559,25,10,57.6,126,1,2026-02-08 12:00:00
560,25,11,81.1,68,1,2026-02-09 00:00:00
561,25,11,35.9,59,2,2026-02-10 00:00:00
562,25,11,70.7,76,3,2026-02-10 23:00:00
563,25,12,43.2,89,1,2026-02-12 13:00:00
564,26,1,73.4,144,1,2026-01-08 08:00:00
565,26,1,42.3,135,2,2026-01-10 07:00:00
566,26,1,71.7,147,3,2026-01-11 09:00:00
567,26,2,86.2,114,1,2026-01-12 01:00:00
568,26,2,79.5,168,2,2026-01-13 06:00:00
569,26,3,44.9,138,1,2026-01-14 13:00:00
570,26,4,47.7,162,1,2026-01-15 06:00:00
571,26,5,53.9,146,1,2026-01-15 18:00:00
572,26,5,51.0,149,2,2026-01-17 04:00:00
573,26,6,40.9,151,1,2026-01-18 10:00:00
574,26,7,41.5,148,1,2026-01-19 01:00:00
575,26,8,39.0,152,1,2026-01-20 16:00:00
576,26,9,46.6,166,1,2026-01-22 14:00:00
577,26,10,53.2,143,1,2026-01-24 08:00:00
578,26,11,92.0,154,1,2026-01-24 19:00:00
579,26,11,79.6,138,2,2026-01-26 12:00:00
580,26,11,80.8,168,3,2026-01-27 02:00:00
581,26,12,88.8,126,1,2026-01-28 14:00:00
582,26,13,90.9,176,1,2026-01-29 13:00:00
583,26,13,35.7,139,2,2026-01-31 06:00:00
584,26,13,46.4,111,3,2026-02-01 09:00:00
585,26,14,68.0,142,1,2026-02-03 04:00:00
586,26,14,34.7,126,2,2026-02-04 13:00:00
587,26,14,44.5,156,3,2026-02-05 15:00:00
588,26,15,94.4,126,1,2026-02-06 14:00:00
589,26,16,46.9,131,1,2026-02-07 02:00:00
590,26,17,93.8,102,1,2026-02-07 18:00:00
591,26,18,60.1,130,1,2026-02-08 17:00:00
592,26,19,74.4,91,1,2026-02-09 19:00:00
593,27,1,87.1,30,1,2026-01-11 19:00:00
594,27,2,91.8,75,1,2026-01-13 09:00:00
595,27,3,98.7,75,1,2026-01-14 00:00:00
596,27,4,99.5,68,1,2026-01-15 06:00:00
597,27,5,52.2,40,1,2026-01-16 09:00:00
598,27,6,79.4,59,1,2026-01-17 18:00:00
599,27,7,65.7,59,1,2026-01-18 10:00:00
600,27,7,49.6,36,2,2026-01-18 14:00:00
601,27,8,82.0,90,1,2026-01-19 01:00:00
602,27,9,43.5,77,1,2026-01-20 04:00:00
603,27,10,93.0,55,1,2026-01-21 01:00:00
604,27,11,90.0,60,1,2026-01-22 06:00:00
605,27,12,76.9,64,1,2026-01-23 02:00:00
606,27,13,75.4,30,1,2026-01-25 01:00:00
607,27,13,72.9,55,2,2026-01-26 00:00:00
608,27,14,49.6,46,1,2026-01-26 22:00:00
609,27,15,34.8,39,1,2026-01-28 05:00:00
610,27,16,95.8,54,1,2026-01-28 20:00:00
611,27,17,73.3,95,1,2026-01-30 00:00:00
612,27,18,95.6,72,1,2026-01-31 10:00:00
613,28,1,41.3,78,1,2026-01-23 02:00:00
614,28,2,96.7,101,1,2026-01-24 19:00:00
615,28,3,77.3,117,1,2026-01-25 21:00:00
616,28,3,32.6,108,2,2026-01-26 06:00:00
617,28,4,46.9,91,1,2026-01-27 15:00:00
618,28,5,42.9,77,1,2026-01-28 19:00:00
619,28,5,43.4,103,2,2026-01-30 19:00:00
620,28,6,89.1,97,1,2026-02-01 02:00:00
621,28,7,98.7,107,1,2026-02-01 20:00:00
622,28,7,87.0,102,2,2026-02-02 21:00:00
623,28,8,47.3,110,1,2026-02-04 09:00:00
624,28,8,88.7,79,2,2026-02-05 15:00:00
625,28,9,89.8,116,1,2026-02-07 07:00:00
626,28,10,66.2,93,1,2026-02-09 02:00:00
627,28,11,93.0,131,1,2026-02-09 15:00:00
628,28,12,40.7,76,1,2026-02-10 08:00:00
629,28,12,82.2,124,2,2026-02-12 07:00:00
630,28,12,94.8,93,3,2026-02-12 12:00:00
631,28,13,78.2,76,1,2026-02-12 18:00:00
632,28,14,68.5,80,1,2026-02-14 15:00:00
633,28,15,71.9,83,1,2026-02-16 09:00:00
634,28,16,87.1,98,1,2026-02-16 21:00:00
635,29,1,72.7,100,1,2026-01-19 20:00:00
636,29,1,87.5,78,2,2026-01-20 20:00:00
637,29,1,75.3,89,3,2026-01-21 13:00:00
638,29,2,98.5,132,1,2026-01-23 03:00:00
639,29,3,81.0,124,1,2026-01-24 06:00:00
640,29,4,32.2,98,1,2026-01-26 04:00:00
641,29,5,62.4,90,1,2026-01-28 04:00:00
642,29,6,98.1,92,1,2026-01-29 00:00:00
643,29,6,55.2,102,2,2026-01-29 14:00:00
644,29,7,67.0,69,1,2026-01-31 00:00:00
645,29,7,50.2,84,2,2026-01-31 14:00:00
646,29,8,70.8,56,1,2026-02-01 14:00:00
647,29,9,79.2,97,1,2026-02-02 19:00:00
648,29,10,57.4,102,1,2026-02-03 07:00:00
649,29,10,90.6,80,2,2026-02-03 19:00:00
650,29,10,75.5,121,3,2026-02-04 04:00:00
651,29,11,97.2,65,1,2026-02-05 23:00:00
652,29,11,32.0,60,2,2026-02-07 23:00:00
653,29,11,98.7,94,3,2026-02-08 19:00:00
654,29,12,49.7,110,1,2026-02-10 04:00:00
655,29,13,45.2,123,1,2026-02-11 02:00:00
656,29,13,41.3,80,2,2026-02-11 19:00:00
657,29,14,83.5,111,1,2026-02-12 15:00:00
658,29,15,96.1,89,1,2026-02-12 19:00:00
659,29,16,72.9,86,1,2026-02-14 13:00:00
660,29,16,80.6,107,2,2026-02-15 08:00:00
661,29,16,45.2,103,3,2026-02-16 04:00:00
662,29,17,85.1,58,1,2026-02-16 19:00:00
663,29,17,85.9,119,2,2026-02-17 04:00:00
664,29,17,73.8,117,3,2026-02-18 04:00:00
665,29,18,96.8,77,1,2026-02-19 17:00:00
666,29,18,66.8,97,2,2026-02-20 06:00:00
667,29,19,74.9,99,1,2026-02-20 12:00:00
668,30,1,52.4,65,1,2026-02-01 02:00:00
669,30,2,96.0,48,1,2026-02-02 04:00:00
670,30,3,87.5,46,1,2026-02-04 02:00:00
671,30,4,84.9,59,1,2026-02-04 10:00:00
672,30,5,34.2,83,1,2026-02-06 03:00:00
673,30,6,70.2,70,1,2026-02-07 00:00:00
674,30,7,71.5,52,1,2026-02-07 12:00:00
675,30,7,86.4,75,2,2026-02-07 19:00:00
676,30,7,77.2,30,3,2026-02-09 00:00:00
677,30,8,92.6,82,1,2026-02-10 05:00:00
678,30,9,80.8,30,1,2026-02-12 04:00:00
679,30,9,96.6,52,2,2026-02-12 20:00:00
680,30,10,54.5,37,1,2026-02-14 03:00:00
681,30,11,91.4,34,1,2026-02-14 21:00:00
682,30,11,78.7,83,2,2026-02-16 18:00:00
683,30,11,73.8,50,3,2026-02-17 17:00:00
684,30,12,71.4,66,1,2026-02-19 08:00:00
685,30,13,44.2,59,1,2026-02-21 00:00:00
686,30,14,93.6,69,1,2026-02-22 22:00:00
687,30,15,83.6,61,1,2026-02-23 22:00:00
688,30,16,72.3,34,1,2026-02-24 13:00:00
689,30,17,75.2,79,1,2026-02-25 18:00:00
690,31,1,94.4,80,1,2026-01-31 11:00:00
691,31,1,56.9,58,2,2026-02-02 10:00:00
692,31,1,73.4,81,3,2026-02-02 22:00:00
693,31,2,64.2,120,1,2026-02-04 05:00:00
694,31,3,75.0,107,1,2026-02-05 12:00:00
695,31,4,87.1,83,1,2026-02-06 07:00:00
696,31,4,95.4,83,2,2026-02-06 11:00:00
697,31,4,86.6,83,3,2026-02-08 04:00:00
698,31,5,66.1,131,1,2026-02-09 23:00:00
699,31,5,46.8,97,2,2026-02-10 06:00:00
700,31,5,84.2,98,3,2026-02-12 03:00:00
701,31,6,84.1,110,1,2026-02-13 01:00:00
702,31,7,96.5,94,1,2026-02-14 23:00:00
703,31,7,44.4,84,2,2026-02-16 22:00:00
704,31,7,92.5,86,3,2026-02-17 15:00:00
705,31,8,67.6,88,1,2026-02-18 01:00:00
706,31,9,74.8,89,1,2026-02-18 21:00:00
707,31,9,88.5,104,2,2026-02-19 22:00:00
708,31,10,74.5,91,1,2026-02-21 13:00:00
709,31,11,68.4,104,1,2026-02-22 21:00:00
710,31,12,73.2,88,1,2026-02-24 12:00:00
711,31,13,60.4,91,1,2026-02-25 10:00:00
712,31,14,76.1,50,1,2026-02-25 22:00:00
713,31,15,72.6,108,1,2026-02-26 20:00:00
714,31,16,76.8,96,1,2026-02-28 09:00:00
715,31,17,70.9,109,1,2026-03-02 08:00:00
716,31,17,33.4,32,2,2026-03-03 21:00:00
717,31,17,81.8,131,3,2026-03-04 11:00:00
718,31,18,58.0,87,1,2026-03-05 16:00:00
719,31,18,65.9,112,2,2026-03-05 20:00:00
720,31,19,56.0,69,1,2026-03-07 15:00:00
721,31,19,75.9,102,2,2026-03-09 12:00:00
722,31,19,91.8,68,3,2026-03-11 02:00:00
723,31,20,42.5,77,1,2026-03-11 11:00:00
724,32,1,99.6,98,1,2026-01-04 23:00:00
725,32,2,98.2,56,1,2026-01-05 06:00:00
726,32,3,69.5,64,1,2026-01-06 01:00:00
727,32,4,77.4,77,1,2026-01-07 05:00:00
728,32,5,63.1,69,1,2026-01-07 18:00:00
729,32,6,81.1,63,1,2026-01-08 11:00:00
730,32,7,89.1,67,1,2026-01-09 07:00:00
731,32,8,91.3,108,1,2026-01-10 19:00:00
732,32,9,67.7,58,1,2026-01-11 01:00:00
733,32,10,71.2,64,1,2026-01-12 04:00:00
734,32,11,74.3,81,1,2026-01-13 15:00:00
735,32,12,94.6,82,1,2026-01-14 13:00:00
736,32,13,87.2,83,1,2026-01-14 19:00:00
737,32,14,74.2,72,1,2026-01-16 13:00:00
738,32,15,88.7,37,1,2026-01-17 13:00:00
739,32,16,65.5,92,1,2026-01-17 19:00:00
740,32,17,58.2,37,1,2026-01-19 15:00:00
741,32,17,98.7,66,2,2026-01-21 06:00:00
742,32,17,84.3,44,3,2026-01-22 19:00:00
743,32,18,76.2,58,1,2026-01-23 00:00:00
744,32,19,84.7,66,1,2026-01-24 05:00:00
745,33,1,99.4,66,1,2026-01-07 20:00:00
746,33,2,82.2,68,1,2026-01-08 09:00:00
747,33,3,73.0,92,1,2026-01-08 16:00:00
748,33,4,87.6,69,1,2026-01-09 11:00:00
749,33,5,86.6,55,1,2026-01-09 18:00:00
750,33,5,97.4,79,2,2026-01-11 00:00:00
751,33,6,89.5,83,1,2026-01-11 19:00:00
752,33,7,93.5,35,1,2026-01-13 15:00:00
753,33,8,52.2,71,1,2026-01-14 22:00:00
754,33,8,99.2,74,2,2026-01-16 17:00:00
755,33,8,95.2,54,3,2026-01-17 14:00:00
756,33,9,52.5,87,1,2026-01-18 04:00:00
757,33,10,65.0,56,1,2026-01-19 19:00:00
758,33,10,55.3,62,2,2026-01-21 18:00:00
759,33,10,79.6,56,3,2026-01-22 13:00:00
760,33,11,70.1,60,1,2026-01-22 17:00:00
761,33,12,51.5,38,1,2026-01-24 04:00:00
762,33,13,45.0,31,1,2026-01-25 06:00:00
763,33,14,47.7,91,1,2026-01-26 09:00:00
764,33,15,94.3,43,1,2026-01-28 04:00:00
765,33,16,58.2,40,1,2026-01-29 15:00:00
766,33,17,84.8,30,1,2026-01-30 12:00:00
767,33,18,87.6,47,1,2026-02-01 04:00:00
768,33,18,64.1,33,2,2026-02-02 00:00:00
769,33,18,99.1,92,3,2026-02-03 23:00:00
770,34,1,67.6,130,1,2026-01-27 07:00:00
771,34,2,48.6,96,1,2026-01-27 18:00:00
772,34,3,42.6,155,1,2026-01-29 00:00:00
773,34,4,46.9,129,1,2026-01-29 18:00:00
774,34,4,71.9,103,2,2026-01-30 08:00:00
775,34,4,31.0,60,3,2026-01-31 18:00:00
776,34,5,50.7,155,1,2026-02-01 01:00:00
777,34,5,60.5,82,2,2026-02-02 19:00:00
778,34,6,57.7,77,1,2026-02-03 19:00:00
779,34,6,88.8,130,2,2026-02-04 02:00:00
780,34,7,88.5,158,1,2026-02-05 06:00:00
781,34,8,82.8,137,1,2026-02-06 10:00:00
782,34,8,61.2,121,2,2026-02-08 07:00:00
783,34,9,32.7,121,1,2026-02-08 11:00:00
784,34,10,47.7,127,1,2026-02-09 21:00:00
785,34,11,60.1,125,1,2026-02-11 09:00:00
786,34,12,50.7,115,1,2026-02-12 12:00:00
787,34,12,63.3,112,2,2026-02-13 07:00:00
788,34,13,90.0,108,1,2026-02-13 15:00:00
789,34,14,46.7,94,1,2026-02-14 16:00:00
790,34,14,66.7,104,2,2026-02-14 22:00:00
791,34,14,38.5,76,3,2026-02-15 16:00:00
792,34,15,72.2,108,1,2026-02-15 20:00:00
793,34,16,37.9,90,1,2026-02-16 02:00:00
794,34,16,43.6,87,2,2026-02-16 22:00:00
795,34,17,35.5,113,1,2026-02-17 03:00:00
796,35,1,56.4,137,1,2026-01-14 03:00:00
797,35,2,81.3,128,1,2026-01-14 19:00:00
798,35,3,64.1,78,1,2026-01-16 14:00:00
799,35,4,38.3,90,1,2026-01-18 07:00:00
800,35,4,36.7,128,2,2026-01-20 05:00:00
801,35,4,37.1,90,3,2026-01-21 16:00:00
802,35,5,46.0,105,1,2026-01-23 02:00:00
803,35,5,48.0,121,2,2026-01-23 20:00:00
804,35,6,72.5,90,1,2026-01-24 23:00:00
805,35,7,88.6,112,1,2026-01-25 05:00:00
806,35,8,81.5,83,1,2026-01-26 16:00:00
807,35,9,50.5,97,1,2026-01-27 14:00:00
808,35,10,86.4,116,1,2026-01-27 22:00:00
809,35,11,88.1,78,1,2026-01-28 19:00:00
810,35,11,80.4,118,2,2026-01-29 18:00:00
811,35,11,89.6,109,3,2026-01-31 15:00:00
812,35,12,52.0,121,1,2026-02-02 04:00:00
813,35,13,67.6,114,1,2026-02-02 20:00:00
814,35,14,35.1,137,1,2026-02-03 08:00:00
815,35,14,43.6,112,2,2026-02-05 06:00:00
816,36,1,93.6,131,1,2026-01-05 17:00:00
817,36,2,69.1,142,1,2026-01-07 09:00:00
818,36,2,84.2,150,2,2026-01-08 23:00:00
819,36,2,73.1,140,3,2026-01-09 22:00:00
820,36,3,97.3,140,1,2026-01-10 13:00:00
821,36,4,30.4,125,1,2026-01-10 20:00:00
822,36,5,32.7,126,1,2026-01-12 02:00:00
823,36,6,53.4,111,1,2026-01-13 18:00:00
824,36,7,51.0,174,1,2026-01-15 12:00:00
825,36,7,59.4,115,2,2026-01-16 21:00:00
826,36,8,62.3,126,1,2026-01-18 02:00:00
827,36,8,59.3,125,2,2026-01-18 17:00:00
828,36,9,39.6,157,1,2026-01-20 17:00:00
829,36,10,66.0,134,1,2026-01-22 17:00:00
830,36,11,61.1,164,1,2026-01-23 03:00:00
831,36,12,90.8,126,1,2026-01-23 08:00:00
832,36,13,73.4,145,1,2026-01-23 14:00:00
833,36,13,32.7,123,2,2026-01-24 23:00:00
834,36,14,36.8,182,1,2026-01-25 20:00:00
835,36,15,30.4,116,1,2026-01-26 04:00:00
836,36,16,47.6,146,1,2026-01-28 03:00:00
837,36,17,47.7,152,1,2026-01-29 07:00:00
838,36,18,38.0,148,1,2026-01-30 10:00:00
839,37,1,98.8,86,1,2026-01-21 22:00:00
840,37,1,85.4,87,2,2026-01-22 12:00:00
841,37,1,76.2,90,3,2026-01-24 08:00:00
842,37,2,82.1,87,1,2026-01-25 08:00:00
843,37,3,44.7,109,1,2026-01-26 05:00:00
844,37,4,61.6,134,1,2026-01-26 15:00:00
845,37,5,97.7,78,1,2026-01-28 15:00:00
846,37,5,65.3,62,2,2026-01-29 06:00:00
847,37,5,97.4,88,3,2026-01-30 07:00:00
848,37,6,70.4,141,1,2026-02-01 00:00:00
849,37,7,81.2,73,1,2026-02-01 09:00:00
850,37,7,71.1,122,2,2026-02-02 13:00:00
851,37,7,79.5,123,3,2026-02-03 14:00:00
852,37,8,92.0,78,1,2026-02-03 19:00:00
853,37,8,97.5,101,2,2026-02-05 09:00:00
854,37,9,32.6,122,1,2026-02-06 17:00:00
855,37,10,86.5,82,1,2026-02-07 02:00:00
856,37,11,75.3,85,1,2026-02-07 18:00:00
857,37,12,49.2,78,1,2026-02-08 15:00:00
858,37,13,60.3,69,1,2026-02-10 10:00:00
859,37,14,52.1,77,1,2026-02-12 04:00:00
860,37,14,78.5,65,2,2026-02-13 13:00:00
861,37,15,95.8,90,1,2026-02-14 05:00:00
862,38,1,79.2,44,1,2026-01-04 03:00:00
863,38,1,35.0,64,2,2026-01-04 09:00:00
864,38,1,60.8,30,3,2026-01-05 16:00:00
865,38,2,89.5,66,1,2026-01-06 19:00:00
866,38,3,70.8,76,1,2026-01-08 15:00:00
867,38,3,90.4,30,2,2026-01-10 09:00:00
868,38,4,93.1,67,1,2026-01-10 23:00:00
869,38,5,65.0,84,1,2026-01-12 12:00:00
870,38,6,81.5,35,1,2026-01-14 02:00:00
871,38,7,87.2,93,1,2026-01-14 11:00:00
872,38,8,99.6,68,1,2026-01-16 11:00:00
873,38,8,82.5,45,2,2026-01-16 19:00:00
874,38,9,37.9,58,1,2026-01-17 10:00:00
875,38,10,75.5,71,1,2026-01-18 02:00:00
876,38,11,78.8,61,1,2026-01-19 22:00:00
877,38,12,92.8,70,1,2026-01-21 08:00:00
878,38,13,31.7,41,1,2026-01-23 01:00:00
879,38,14,48.9,63,1,2026-01-23 22:00:00
880,38,15,56.5,31,1,2026-01-24 17:00:00
881,38,15,30.1,57,2,2026-01-25 18:00:00
882,38,16,85.9,41,1,2026-01-27 12:00:00
883,39,1,75.6,125,1,2026-01-05 12:00:00
884,39,1,71.4,164,2,2026-01-07 08:00:00
885,39,2,43.9,161,1,2026-01-09 03:00:00
886,39,2,75.9,152,2,2026-01-10 07:00:00
887,39,3,33.5,118,1,2026-01-10 19:00:00
888,39,4,39.7,133,1,2026-01-12 17:00:00
889,39,4,31.2,164,2,2026-01-14 00:00:00
890,39,5,66.8,142,1,2026-01-14 11:00:00
891,39,5,38.9,186,2,2026-01-16 11:00:00
892,39,5,58.6,147,3,2026-01-17 12:00:00
893,39,6,73.5,143,1,2026-01-18 06:00:00
894,39,6,67.4,133,2,2026-01-19 07:00:00
895,39,7,42.4,142,1,2026-01-20 23:00:00
896,39,7,44.6,136,2,2026-01-22 06:00:00
897,39,8,95.6,154,1,2026-01-23 11:00:00
898,39,9,35.8,159,1,2026-01-24 00:00:00
899,39,9,69.5,124,2,2026-01-25 00:00:00
900,39,10,99.0,113,1,2026-01-26 11:00:00
901,39,11,32.1,103,1,2026-01-27 05:00:00
902,39,12,51.9,150,1,2026-01-27 19:00:00
903,39,12,60.2,117,2,2026-01-29 05:00:00
904,39,12,66.8,96,3,2026-01-30 03:00:00
905,39,13,36.5,147,1,2026-01-31 02:00:00
906,39,14,37.8,189,1,2026-01-31 19:00:00
907,39,15,69.2,139,1,2026-02-01 08:00:00
908,39,15,48.9,156,2,2026-02-01 18:00:00
909,39,15,47.3,141,3,2026-02-03 15:00:00
910,39,16,36.9,138,1,2026-02-05 15:00:00
911,39,16,56.8,158,2,2026-02-07 15:00:00
912,39,17,73.5,134,1,2026-02-08 18:00:00
913,39,17,39.0,145,2,2026-02-10 16:00:00
914,39,18,49.3,146,1,2026-02-12 09:00:00
915,39,19,64.4,126,1,2026-02-12 17:00:00
916,39,20,61.3,159,1,2026-02-14 08:00:00
917,40,1,92.6,86,1,2026-01-20 21:00:00
918,40,2,94.0,74,1,2026-01-21 01:00:00
919,40,3,92.6,100,1,2026-01-22 16:00:00
920,40,4,79.0,72,1,2026-01-24 14:00:00
921,40,5,50.9,90,1,2026-01-26 01:00:00
922,40,6,75.6,89,1,2026-01-26 07:00:00
923,40,7,91.9,111,1,2026-01-27 09:00:00
924,40,8,98.3,99,1,2026-01-28 14:00:00
925,40,9,57.8,89,1,2026-01-29 11:00:00
926,40,10,74.6,106,1,2026-01-30 01:00:00
927,40,10,78.1,117,2,2026-01-31 19:00:00
928,40,10,79.9,101,3,2026-02-02 10:00:00
929,40,11,72.9,90,1,2026-02-03 04:00:00
930,40,12,42.2,63,1,2026-02-04 17:00:00
931,40,13,65.8,68,1,2026-02-05 14:00:00
932,40,13,94.2,83,2,2026-02-06 18:00:00
933,40,13,70.3,77,3,2026-02-08 11:00:00
934,40,14,55.5,86,1,2026-02-08 18:00:00
935,40,14,83.7,91,2,2026-02-10 12:00:00
936,40,15,91.6,100,1,2026-02-11 19:00:00
937,40,16,55.3,88,1,2026-02-12 19:00:00
938,40,16,33.4,99,2,2026-02-13 09:00:00
939,40,17,50.5,91,1,2026-02-13 21:00:00
940,40,17,66.3,50,2,2026-02-14 01:00:00
941,40,17,59.9,71,3,2026-02-15 08:00:00
942,40,18,60.5,87,1,2026-02-17 07:00:00
943,40,19,46.9,65,1,2026-02-18 09:00:00
944,41,1,95.7,71,1,2026-01-28 14:00:00
945,41,2,76.5,90,1,2026-01-30 10:00:00
946,41,3,88.5,84,1,2026-01-30 17:00:00
947,41,3,96.7,55,2,2026-01-31 03:00:00
948,41,4,97.0,89,1,2026-01-31 12:00:00
949,41,5,80.9,62,1,2026-02-01 17:00:00
950,41,6,80.6,53,1,2026-02-03 01:00:00
951,41,7,71.2,47,1,2026-02-03 12:00:00
952,41,8,68.3,53,1,2026-02-04 04:00:00
953,41,9,43.0,52,1,2026-02-06 03:00:00
954,41,10,73.2,63,1,2026-02-06 15:00:00
955,41,10,93.0,63,2,2026-02-07 17:00:00
956,41,11,83.0,60,1,2026-02-09 11:00:00
957,41,12,75.6,68,1,2026-02-10 00:00:00
958,41,13,91.2,83,1,2026-02-11 07:00:00
959,41,14,74.0,78,1,2026-02-11 20:00:00
960,41,15,95.9,30,1,2026-02-13 15:00:00
961,42,1,82.8,38,1,2026-01-16 10:00:00
962,42,2,96.9,108,1,2026-01-17 16:00:00
963,42,2,79.6,62,2,2026-01-17 23:00:00
964,42,2,75.5,85,3,2026-01-19 17:00:00
965,42,3,35.2,66,1,2026-01-21 08:00:00
966,42,3,81.1,53,2,2026-01-23 01:00:00
967,42,3,96.6,100,3,2026-01-24 18:00:00
968,42,4,83.4,105,1,2026-01-25 10:00:00
969,42,4,91.8,78,2,2026-01-27 05:00:00
970,42,4,86.5,38,3,2026-01-27 17:00:00
971,42,5,85.7,79,1,2026-01-28 01:00:00
972,42,5,99.0,97,2,2026-01-29 19:00:00
973,42,6,86.0,60,1,2026-01-31 00:00:00
974,42,7,46.0,93,1,2026-02-01 15:00:00
975,42,8,97.9,89,1,2026-02-03 15:00:00
976,42,9,78.1,101,1,2026-02-04 09:00:00
977,42,9,41.6,92,2,2026-02-04 15:00:00
978,42,10,39.9,70,1,2026-02-04 22:00:00
979,42,11,98.4,113,1,2026-02-06 01:00:00
980,42,12,70.3,86,1,2026-02-06 08:00:00
981,42,13,99.4,89,1,2026-02-06 13:00:00
982,43,1,86.5,41,1,2026-01-26 20:00:00
983,43,1,88.9,51,2,2026-01-27 17:00:00
984,43,2,75.4,42,1,2026-01-29 03:00:00
985,43,3,79.3,56,1,2026-01-31 00:00:00
986,43,4,83.7,94,1,2026-01-31 08:00:00
987,43,5,81.3,32,1,2026-01-31 12:00:00
988,43,6,93.1,30,1,2026-01-31 18:00:00
989,43,7,94.5,89,1,2026-02-01 04:00:00
990,43,8,74.6,55,1,2026-02-02 03:00:00
991,43,9,78.9,46,1,2026-02-02 09:00:00
992,43,10,80.6,80,1,2026-02-03 16:00:00
993,43,11,99.7,47,1,2026-02-04 03:00:00
994,43,12,97.7,96,1,2026-02-04 14:00:00
995,43,13,82.8,73,1,2026-02-06 08:00:00
996,43,14,85.0,50,1,2026-02-06 18:00:00
997,43,15,74.4,103,1,2026-02-08 15:00:00
998,43,16,99.8,47,1,2026-02-09 04:00:00
999,43,16,84.4,74,2,2026-02-10 04:00:00
1000,44,1,86.2,115,1,2026-01-13 06:00:00
1001,44,1,82.7,136,2,2026-01-13 15:00:00
1002,44,2,84.2,141,1,2026-01-13 20:00:00
1003,44,3,74.3,110,1,2026-01-14 08:00:00
1004,44,4,90.9,94,1,2026-01-14 20:00:00
1005,44,5,32.9,119,1,2026-01-15 06:00:00
1006,44,5,33.2,96,2,2026-01-15 19:00:00
1007,44,5,75.5,150,3,2026-01-17 01:00:00
1008,44,6,47.7,112,1,2026-01-18 07:00:00
1009,44,6,96.4,102,2,2026-01-18 18:00:00
1010,44,7,63.1,113,1,2026-01-20 03:00:00
1011,44,7,74.7,83,2,2026-01-20 21:00:00
1012,44,7,46.0,90,3,2026-01-21 09:00:00
1013,44,8,79.4,134,1,2026-01-23 09:00:00
1014,44,9,72.3,96,1,2026-01-24 06:00:00
1015,44,10,60.2,89,1,2026-01-24 23:00:00
1016,44,11,52.5,120,1,2026-01-25 08:00:00
1017,44,12,68.3,133,1,2026-01-26 10:00:00
1018,44,13,43.2,124,1,2026-01-28 10:00:00
1019,44,14,49.0,129,1,2026-01-30 03:00:00
1020,44,15,91.6,94,1,2026-01-31 23:00:00
1021,44,16,54.3,81,1,2026-02-02 12:00:00
1022,44,16,80.8,140,2,2026-02-03 00:00:00
1023,44,16,38.3,103,3,2026-02-04 23:00:00
1024,44,17,96.1,104,1,2026-02-05 03:00:00
1025,44,18,78.4,136,1,2026-02-06 01:00:00
1026,44,19,60.4,121,1,2026-02-07 11:00:00
1027,44,20,64.2,119,1,2026-02-08 09:00:00
1028,44,20,54.9,153,2,2026-02-09 12:00:00
1029,45,1,99.3,77,1,2026-01-17 23:00:00
1030,45,2,74.7,108,1,2026-01-18 09:00:00
1031,45,3,84.1,91,1,2026-01-18 18:00:00
1032,45,4,79.9,95,1,2026-01-20 01:00:00
1033,45,4,92.2,120,2,2026-01-21 12:00:00
1034,45,5,87.0,100,1,2026-01-23 08:00:00
1035,45,6,38.5,100,1,2026-01-24 15:00:00
1036,45,7,74.3,111,1,2026-01-26 11:00:00
1037,45,8,40.4,82,1,2026-01-27 04:00:00
1038,45,8,41.8,73,2,2026-01-28 05:00:00
1039,45,8,90.7,69,3,2026-01-29 15:00:00
1040,45,9,53.8,50,1,2026-01-31 06:00:00
1041,45,10,96.9,131,1,2026-02-01 06:00:00
1042,45,10,56.9,67,2,2026-02-01 17:00:00
1043,45,10,67.6,85,3,2026-02-01 21:00:00
1044,45,11,75.6,84,1,2026-02-02 14:00:00
1045,45,12,53.0,96,1,2026-02-03 06:00:00
1046,45,13,55.9,106,1,2026-02-03 17:00:00
1047,45,14,43.4,107,1,2026-02-05 06:00:00
1048,45,14,87.8,78,2,2026-02-06 09:00:00
1049,45,15,66.1,86,1,2026-02-08 04:00:00
1050,45,15,54.6,95,2,2026-02-08 13:00:00
1051,45,15,34.0,85,3,2026-02-10 08:00:00
1052,45,16,83.6,122,1,2026-02-11 01:00:00
1053,45,16,44.0,99,2,2026-02-12 11:00:00
1054,45,17,50.3,104,1,2026-02-13 14:00:00
1055,45,18,97.0,103,1,2026-02-15 13:00:00
1056,45,18,81.2,113,2,2026-02-15 18:00:00
1057,46,1,89.3,143,1,2026-01-10 05:00:00
1058,46,2,79.5,114,1,2026-01-10 20:00:00
1059,46,3,63.6,147,1,2026-01-12 12:00:00
1060,46,3,38.1,126,2,2026-01-13 02:00:00
1061,46,3,53.7,129,3,2026-01-13 06:00:00
1062,46,4,61.0,151,1,2026-01-14 15:00:00
1063,46,5,62.2,164,1,2026-01-15 10:00:00
1064,46,5,67.3,140,2,2026-01-15 17:00:00
1065,46,5,34.4,146,3,2026-01-17 10:00:00
1066,46,6,44.4,174,1,2026-01-17 18:00:00
1067,46,7,55.0,144,1,2026-01-18 02:00:00
1068,46,8,70.3,192,1,2026-01-18 16:00:00
1069,46,8,49.3,151,2,2026-01-19 17:00:00
1070,46,9,51.4,104,1,2026-01-20 09:00:00
1071,46,10,74.2,155,1,2026-01-21 02:00:00
1072,46,11,48.6,147,1,2026-01-22 17:00:00
1073,46,11,40.0,165,2,2026-01-23 22:00:00
1074,46,12,47.8,153,1,2026-01-25 09:00:00
1075,46,13,44.9,137,1,2026-01-26 01:00:00
1076,46,13,68.2,115,2,2026-01-26 15:00:00
1077,46,14,34.6,135,1,2026-01-27 17:00:00
1078,46,14,32.9,122,2,2026-01-28 08:00:00
1079,46,14,34.9,128,3,2026-01-28 21:00:00
1080,46,15,45.4,151,1,2026-01-29 15:00:00
1081,46,15,78.3,173,2,2026-01-30 08:00:00
1082,46,16,37.9,147,1,2026-01-31 08:00:00
1083,46,16,46.8,116,2,2026-01-31 14:00:00
1084,47,1,70.5,98,1,2026-01-23 16:00:00
1085,47,2,31.6,113,1,2026-01-25 06:00:00
1086,47,3,92.6,77,1,2026-01-26 05:00:00
1087,47,3,31.9,87,2,2026-01-27 05:00:00
1088,47,4,34.1,90,1,2026-01-28 08:00:00
1089,47,5,72.6,74,1,2026-01-29 15:00:00
1090,47,5,64.6,102,2,2026-01-29 19:00:00
1091,47,5,33.0,87,3,2026-01-30 02:00:00
1092,47,6,79.6,98,1,2026-01-31 11:00:00
1093,47,6,85.7,72,2,2026-02-01 19:00:00
1094,47,6,42.8,81,3,2026-02-03 06:00:00
1095,47,7,39.7,104,1,2026-02-04 21:00:00
1096,47,7,84.8,82,2,2026-02-05 05:00:00
1097,47,8,94.4,124,1,2026-02-05 15:00:00
1098,47,9,63.8,82,1,2026-02-07 00:00:00
1099,47,10,50.5,94,1,2026-02-08 08:00:00
1100,47,11,74.4,108,1,2026-02-10 00:00:00
1101,47,12,85.9,61,1,2026-02-10 05:00:00
1102,47,13,81.9,54,1,2026-02-11 12:00:00
1103,47,14,59.2,59,1,2026-02-11 19:00:00
1104,47,15,85.6,115,1,2026-02-13 08:00:00
1105,47,16,53.0,78,1,2026-02-13 15:00:00
1106,47,17,73.0,141,1,2026-02-14 20:00:00
1107,47,17,76.1,78,2,2026-02-15 13:00:00
1108,47,17,70.1,93,3,2026-02-17 07:00:00
1109,47,18,90.4,120,1,2026-02-18 02:00:00
1110,47,18,70.4,130,2,2026-02-19 11:00:00
1111,47,18,77.9,131,3,2026-02-19 16:00:00
1112,47,19,53.3,114,1,2026-02-20 18:00:00
1113,48,1,51.0,110,1,2026-01-17 22:00:00
1114,48,2,80.5,101,1,2026-01-19 06:00:00
1115,48,2,83.8,105,2,2026-01-20 17:00:00
1116,48,3,90.6,78,1,2026-01-22 03:00:00
1117,48,3,56.3,73,2,2026-01-23 09:00:00
1118,48,3,92.2,89,3,2026-01-23 14:00:00
1119,48,4,68.5,86,1,2026-01-24 18:00:00
1120,48,5,99.8,80,1,2026-01-26 11:00:00
1121,48,5,43.7,103,2,2026-01-28 04:00:00
1122,48,6,99.1,109,1,2026-01-29 06:00:00
1123,48,7,89.9,91,1,2026-01-30 04:00:00
1124,48,8,94.8,119,1,2026-01-30 10:00:00
1125,48,9,74.1,67,1,2026-01-30 14:00:00
1126,48,10,35.7,86,1,2026-01-30 23:00:00
1127,48,11,98.0,75,1,2026-01-31 17:00:00
1128,48,12,75.2,52,1,2026-02-01 16:00:00
1129,48,12,38.0,88,2,2026-02-02 04:00:00
1130,48,13,48.4,87,1,2026-02-03 20:00:00
1131,48,14,57.7,120,1,2026-02-04 08:00:00
1132,48,15,97.4,102,1,2026-02-05 14:00:00
1133,48,16,44.9,69,1,2026-02-06 09:00:00
1134,48,16,90.1,127,2,2026-02-07 14:00:00
1135,48,17,55.9,114,1,2026-02-08 11:00:00
1136,48,18,56.9,101,1,2026-02-08 22:00:00
1137,48,19,96.9,85,1,2026-02-10 09:00:00
1138,49,1,72.0,70,1,2026-01-09 00:00:00
1139,49,1,73.1,82,2,2026-01-09 10:00:00
1140,49,1,73.7,111,3,2026-01-10 15:00:00
1141,49,2,57.2,127,1,2026-01-11 11:00:00
1142,49,2,75.5,120,2,2026-01-12 00:00:00
1143,49,2,86.4,80,3,2026-01-13 12:00:00
1144,49,3,45.6,67,1,2026-01-14 15:00:00
1145,49,3,35.9,92,2,2026-01-15 21:00:00
1146,49,4,89.5,54,1,2026-01-16 20:00:00
1147,49,5,91.7,96,1,2026-01-17 08:00:00
1148,49,6,91.2,87,1,2026-01-18 01:00:00
1149,49,6,80.6,80,2,2026-01-18 16:00:00
1150,49,6,92.9,58,3,2026-01-19 04:00:00
1151,49,7,75.4,100,1,2026-01-20 14:00:00
1152,49,7,73.9,79,2,2026-01-22 12:00:00
1153,49,8,92.0,66,1,2026-01-22 18:00:00
1154,49,9,62.3,32,1,2026-01-23 12:00:00
1155,49,10,46.8,89,1,2026-01-24 16:00:00
1156,50,1,95.2,95,1,2026-01-28 03:00:00
1157,50,2,76.0,93,1,2026-01-29 23:00:00
1158,50,3,85.9,50,1,2026-01-30 13:00:00
1159,50,4,44.3,47,1,2026-01-31 01:00:00
1160,50,5,48.9,69,1,2026-01-31 18:00:00
1161,50,6,88.8,40,1,2026-02-01 02:00:00
1162,50,7,71.5,66,1,2026-02-01 13:00:00
1163,50,8,72.0,75,1,2026-02-02 17:00:00
1164,50,8,95.6,84,2,2026-02-04 07:00:00
1165,50,9,53.3,57,1,2026-02-06 07:00:00
1166,50,10,86.4,55,1,2026-02-06 14:00:00
1167,50,11,94.2,42,1,2026-02-07 09:00:00
1168,51,1,65.4,93,1,2026-01-28 19:00:00
1169,51,2,89.5,105,1,2026-01-30 06:00:00
1170,51,3,31.1,117,1,2026-01-30 11:00:00
1171,51,4,93.0,128,1,2026-01-31 21:00:00
1172,51,5,88.5,93,1,2026-02-02 05:00:00
1173,51,6,76.8,139,1,2026-02-02 14:00:00
1174,51,7,73.8,104,1,2026-02-02 21:00:00
1175,51,8,81.9,109,1,2026-02-03 19:00:00
1176,51,9,62.5,95,1,2026-02-05 06:00:00
1177,51,10,96.8,61,1,2026-02-07 03:00:00
1178,51,10,82.3,127,2,2026-02-07 10:00:00
1179,51,11,86.6,124,1,2026-02-08 04:00:00
1180,51,11,77.1,104,2,2026-02-08 17:00:00
1181,51,11,71.0,111,3,2026-02-08 22:00:00
1182,51,12,45.3,120,1,2026-02-09 19:00:00
1183,51,13,82.9,78,1,2026-02-10 23:00:00
1184,51,14,43.4,99,1,2026-02-12 17:00:00
1185,51,15,67.0,125,1,2026-02-14 00:00:00
1186,51,16,67.4,84,1,2026-02-14 22:00:00
1187,51,16,40.4,115,2,2026-02-16 14:00:00
1188,51,16,70.5,82,3,2026-02-17 09:00:00
1189,52,1,88.5,149,1,2026-02-02 16:00:00
1190,52,2,42.8,139,1,2026-02-03 15:00:00
1191,52,3,49.2,107,1,2026-02-03 21:00:00
1192,52,3,33.2,163,2,2026-02-04 04:00:00
1193,52,4,35.1,125,1,2026-02-05 00:00:00
1194,52,4,39.3,123,2,2026-02-06 19:00:00
1195,52,5,91.5,144,1,2026-02-07 19:00:00
1196,52,5,64.2,162,2,2026-02-08 00:00:00
1197,52,5,33.1,119,3,2026-02-08 19:00:00
1198,52,6,57.2,141,1,2026-02-09 22:00:00
1199,52,7,65.8,148,1,2026-02-10 23:00:00
1200,52,7,81.0,153,2,2026-02-12 18:00:00
1201,52,8,61.2,143,1,2026-02-13 18:00:00
1202,52,9,69.8,132,1,2026-02-14 07:00:00
1203,52,9,52.9,123,2,2026-02-15 23:00:00
1204,52,9,51.1,141,3,2026-02-16 10:00:00
1205,52,10,41.7,118,1,2026-02-17 02:00:00
1206,52,10,79.4,81,2,2026-02-18 05:00:00
1207,52,11,85.2,148,1,2026-02-18 14:00:00
1208,52,11,46.7,158,2,2026-02-19 08:00:00
1209,52,12,61.8,92,1,2026-02-19 20:00:00
1210,52,12,50.2,119,2,2026-02-20 05:00:00
1211,52,12,65.0,152,3,2026-02-20 21:00:00
1212,52,13,35.0,181,1,2026-02-22 07:00:00
1213,52,13,72.2,140,2,2026-02-24 07:00:00
1214,52,13,90.9,125,3,2026-02-25 09:00:00
1215,52,14,31.8,136,1,2026-02-25 19:00:00
1216,52,14,59.6,167,2,2026-02-27 01:00:00
1217,52,14,59.3,127,3,2026-02-28 11:00:00
1218,52,15,45.1,124,1,2026-03-02 10:00:00
1219,52,15,60.8,130,2,2026-03-04 03:00:00
1220,52,16,67.0,120,1,2026-03-05 20:00:00
1221,52,16,68.0,142,2,2026-03-06 20:00:00
1222,52,16,65.1,172,3,2026-03-08 09:00:00
1223,52,17,36.8,146,1,2026-03-09 17:00:00
1224,52,17,33.8,134,2,2026-03-11 15:00:00
1225,52,18,30.3,134,1,2026-03-13 05:00:00
1226,52,18,52.8,108,2,2026-03-14 03:00:00
1227,52,18,41.8,157,3,2026-03-14 15:00:00
1228,53,1,59.2,108,1,2026-01-03 12:00:00
1229,53,2,85.2,106,1,2026-01-03 20:00:00
1230,53,3,97.7,173,1,2026-01-05 20:00:00
1231,53,4,65.0,115,1,2026-01-07 11:00:00
1232,53,5,84.1,94,1,2026-01-09 10:00:00
1233,53,6,67.9,101,1,2026-01-11 06:00:00
1234,53,7,31.5,132,1,2026-01-11 23:00:00
1235,53,7,39.4,112,2,2026-01-13 03:00:00
1236,53,7,65.0,81,3,2026-01-15 01:00:00
1237,53,8,84.4,128,1,2026-01-16 19:00:00
1238,53,8,83.4,96,2,2026-01-17 17:00:00
1239,53,9,35.1,147,1,2026-01-19 17:00:00
1240,53,9,31.2,131,2,2026-01-20 23:00:00
1241,53,10,40.4,101,1,2026-01-22 14:00:00
1242,53,11,40.7,135,1,2026-01-23 10:00:00
1243,53,12,52.8,111,1,2026-01-24 18:00:00
1244,53,13,88.1,127,1,2026-01-26 13:00:00
1245,53,13,43.3,119,2,2026-01-26 22:00:00
1246,53,13,44.4,93,3,2026-01-27 05:00:00
1247,53,14,43.2,97,1,2026-01-27 19:00:00
1248,53,14,60.1,130,2,2026-01-28 01:00:00
1249,53,15,76.9,103,1,2026-01-28 23:00:00
1250,53,16,62.7,101,1,2026-01-30 20:00:00
1251,53,16,58.1,90,2,2026-01-31 04:00:00
1252,53,17,61.6,118,1,2026-01-31 14:00:00
1253,54,1,77.9,181,1,2026-01-30 09:00:00
1254,54,2,49.3,118,1,2026-01-31 15:00:00
1255,54,3,60.4,140,1,2026-02-01 20:00:00
1256,54,3,31.0,168,2,2026-02-02 14:00:00
1257,54,3,55.6,138,3,2026-02-04 00:00:00
1258,54,4,98.3,149,1,2026-02-04 14:00:00
1259,54,5,32.4,118,1,2026-02-06 06:00:00
1260,54,5,63.3,148,2,2026-02-07 05:00:00
1261,54,5,64.8,136,3,2026-02-08 21:00:00
1262,54,6,39.4,159,1,2026-02-09 21:00:00
1263,54,6,69.6,163,2,2026-02-11 12:00:00
1264,54,7,34.8,191,1,2026-02-12 02:00:00
1265,54,8,59.9,151,1,2026-02-13 15:00:00
1266,54,8,83.1,146,2,2026-02-13 19:00:00
1267,54,8,44.8,143,3,2026-02-14 19:00:00
1268,54,9,40.0,132,1,2026-02-15 22:00:00
1269,54,9,58.5,146,2,2026-02-16 10:00:00
1270,54,9,48.8,134,3,2026-02-17 16:00:00
1271,54,10,84.1,143,1,2026-02-18 02:00:00
1272,54,10,39.0,166,2,2026-02-19 22:00:00
1273,55,1,82.1,69,1,2026-01-30 03:00:00
1274,55,2,77.9,112,1,2026-01-30 20:00:00
1275,55,3,53.6,116,1,2026-02-01 12:00:00
1276,55,3,77.0,87,2,2026-02-02 02:00:00
1277,55,4,96.9,47,1,2026-02-02 06:00:00
1278,55,5,85.0,77,1,2026-02-03 16:00:00
1279,55,6,95.2,115,1,2026-02-05 02:00:00
1280,55,6,67.7,89,2,2026-02-05 19:00:00
1281,55,6,90.9,70,3,2026-02-07 10:00:00
1282,55,7,64.1,79,1,2026-02-07 15:00:00
1283,55,8,75.4,106,1,2026-02-08 07:00:00
1284,55,9,72.8,100,1,2026-02-10 00:00:00
1285,55,10,55.6,85,1,2026-02-10 06:00:00
1286,55,11,62.9,82,1,2026-02-10 13:00:00
1287,55,12,55.8,82,1,2026-02-11 23:00:00
1288,55,13,37.1,71,1,2026-02-12 12:00:00
1289,55,13,89.1,122,2,2026-02-12 23:00:00
1290,55,13,95.6,83,3,2026-02-14 13:00:00
1291,55,14,53.4,114,1,2026-02-15 03:00:00
1292,55,14,95.1,120,2,2026-02-17 01:00:00
1293,55,15,83.3,109,1,2026-02-17 22:00:00
1294,55,16,86.8,81,1,2026-02-18 02:00:00
1295,55,17,97.5,98,1,2026-02-19 11:00:00
1296,55,17,68.5,89,2,2026-02-20 11:00:00
1297,55,17,72.4,71,3,2026-02-22 07:00:00
1298,55,18,81.4,96,1,2026-02-22 19:00:00
1299,55,19,76.0,66,1,2026-02-23 11:00:00
1300,56,1,93.2,133,1,2026-01-10 17:00:00
1301,56,2,86.1,100,1,2026-01-12 10:00:00
1302,56,3,99.1,114,1,2026-01-13 03:00:00
1303,56,3,40.3,115,2,2026-01-14 15:00:00
1304,56,4,48.6,104,1,2026-01-15 06:00:00
1305,56,4,66.0,121,2,2026-01-16 10:00:00
1306,56,4,30.3,100,3,2026-01-17 12:00:00
1307,56,5,51.8,127,1,2026-01-18 11:00:00
1308,56,5,57.7,83,2,2026-01-19 20:00:00
1309,56,6,49.3,112,1,2026-01-20 23:00:00
1310,56,7,60.9,148,1,2026-01-21 09:00:00
1311,56,7,75.0,89,2,2026-01-21 14:00:00
1312,56,7,35.2,96,3,2026-01-23 06:00:00
1313,56,8,70.0,120,1,2026-01-24 11:00:00
1314,56,8,75.5,113,2,2026-01-25 10:00:00
1315,56,9,44.9,117,1,2026-01-27 01:00:00
1316,56,10,56.7,119,1,2026-01-27 18:00:00
1317,56,10,79.6,122,2,2026-01-28 04:00:00
1318,56,10,62.7,132,3,2026-01-29 04:00:00
1319,56,11,68.7,118,1,2026-01-30 15:00:00
1320,57,1,88.3,55,1,2026-01-21 12:00:00
1321,57,2,72.8,73,1,2026-01-22 05:00:00
1322,57,3,98.8,97,1,2026-01-23 15:00:00
1323,57,4,72.5,57,1,2026-01-24 01:00:00
1324,57,5,87.2,40,1,2026-01-24 15:00:00
1325,57,6,79.1,82,1,2026-01-25 22:00:00
1326,57,6,93.4,57,2,2026-01-27 06:00:00
1327,57,7,51.2,30,1,2026-01-27 21:00:00
1328,57,8,59.0,76,1,2026-01-29 09:00:00
1329,57,9,71.5,49,1,2026-01-30 20:00:00
1330,57,10,75.4,58,1,2026-01-31 01:00:00
1331,57,11,80.7,66,1,2026-01-31 07:00:00
1332,57,12,82.9,63,1,2026-01-31 20:00:00
1333,57,13,71.2,74,1,2026-02-02 09:00:00
1334,57,14,89.1,51,1,2026-02-02 18:00:00
1335,57,15,47.3,70,1,2026-02-03 03:00:00
1336,58,1,71.5,54,1,2026-01-12 19:00:00
1337,58,2,78.3,74,1,2026-01-14 19:00:00
1338,58,3,82.2,72,1,2026-01-15 17:00:00
1339,58,4,76.6,41,1,2026-01-17 13:00:00
1340,58,5,89.0,81,1,2026-01-18 22:00:00
1341,58,5,80.2,49,2,2026-01-20 13:00:00
1342,58,5,49.9,76,3,2026-01-21 22:00:00
1343,58,6,99.0,67,1,2026-01-23 20:00:00
1344,58,7,78.8,96,1,2026-01-25 09:00:00
1345,58,8,80.5,55,1,2026-01-27 02:00:00
1346,58,9,45.0,53,1,2026-01-28 13:00:00
1347,58,10,99.8,59,1,2026-01-29 18:00:00
1348,58,11,80.6,53,1,2026-01-30 23:00:00
1349,58,12,68.3,75,1,2026-02-01 21:00:00
1350,58,13,83.9,30,1,2026-02-03 02:00:00
1351,58,14,56.2,38,1,2026-02-04 03:00:00
1352,58,15,89.1,38,1,2026-02-05 09:00:00
1353,58,16,59.2,79,1,2026-02-05 18:00:00
1354,58,17,30.9,94,1,2026-02-06 03:00:00
1355,58,17,63.9,57,2,2026-02-07 15:00:00
1356,58,17,98.1,56,3,2026-02-08 10:00:00
1357,58,18,90.5,61,1,2026-02-09 19:00:00
1358,58,19,63.4,83,1,2026-02-10 06:00:00
1359,59,1,82.2,41,1,2026-01-22 06:00:00
1360,59,2,93.3,64,1,2026-01-23 20:00:00
1361,59,2,71.8,79,2,2026-01-25 06:00:00
1362,59,2,85.3,70,3,2026-01-26 11:00:00
1363,59,3,87.4,63,1,2026-01-27 07:00:00
1364,59,4,38.4,80,1,2026-01-28 02:00:00
1365,59,5,60.2,30,1,2026-01-29 13:00:00
1366,59,6,78.3,73,1,2026-01-31 13:00:00
1367,59,7,91.4,46,1,2026-02-01 16:00:00
1368,59,8,74.6,30,1,2026-02-03 00:00:00
1369,59,9,95.5,70,1,2026-02-04 20:00:00
1370,59,9,80.9,87,2,2026-02-06 13:00:00
1371,59,10,95.6,57,1,2026-02-08 10:00:00
1372,59,10,49.4,79,2,2026-02-09 14:00:00
1373,59,11,79.3,92,1,2026-02-09 22:00:00
1374,60,1,87.1,116,1,2026-02-01 02:00:00
1375,60,2,80.9,122,1,2026-02-01 20:00:00
1376,60,2,50.2,104,2,2026-02-02 06:00:00
1377,60,2,77.4,91,3,2026-02-03 14:00:00
1378,60,3,37.1,57,1,2026-02-05 14:00:00
1379,60,4,32.4,85,1,2026-02-06 02:00:00
1380,60,5,32.0,73,1,2026-02-07 16:00:00
1381,60,6,86.3,133,1,2026-02-09 02:00:00
1382,60,7,47.7,86,1,2026-02-09 13:00:00
1383,60,8,40.0,92,1,2026-02-10 22:00:00
1384,60,9,68.0,101,1,2026-02-12 08:00:00
1385,60,10,73.3,90,1,2026-02-13 07:00:00
1386,60,10,50.3,123,2,2026-02-14 07:00:00
1387,60,10,56.9,77,3,2026-02-14 15:00:00
1388,60,11,73.3,93,1,2026-02-15 06:00:00
1389,61,1,97.8,75,1,2026-01-05 10:00:00
1390,61,1,81.9,63,2,2026-01-06 00:00:00
1391,61,2,56.1,77,1,2026-01-07 13:00:00
1392,61,3,79.2,89,1,2026-01-08 12:00:00
1393,61,4,30.2,81,1,2026-01-09 17:00:00
1394,61,5,91.1,76,1,2026-01-10 14:00:00
1395,61,5,82.8,61,2,2026-01-11 17:00:00
1396,61,6,83.2,88,1,2026-01-12 10:00:00
1397,61,7,99.1,59,1,2026-01-14 03:00:00
1398,61,7,99.6,105,2,2026-01-15 14:00:00
1399,61,7,80.3,91,3,2026-01-16 00:00:00
1400,61,8,33.0,60,1,2026-01-16 12:00:00
1401,61,9,47.5,83,1,2026-01-17 04:00:00
1402,61,9,57.5,74,2,2026-01-18 17:00:00
1403,61,9,42.5,96,3,2026-01-20 17:00:00
1404,61,10,80.9,116,1,2026-01-22 02:00:00
1405,61,11,82.8,52,1,2026-01-22 13:00:00
1406,61,12,71.0,92,1,2026-01-24 05:00:00
1407,61,13,59.3,86,1,2026-01-25 06:00:00
1408,61,14,48.7,103,1,2026-01-25 15:00:00
1409,61,14,47.2,94,2,2026-01-25 23:00:00
1410,61,14,32.9,74,3,2026-01-26 12:00:00
1411,61,15,78.8,83,1,2026-01-26 17:00:00
1412,61,15,82.8,74,2,2026-01-26 21:00:00
1413,62,1,93.1,111,1,2026-02-01 21:00:00
1414,62,2,75.4,90,1,2026-02-02 10:00:00
1415,62,3,56.3,128,1,2026-02-03 10:00:00
1416,62,3,39.3,88,2,2026-02-04 17:00:00
1417,62,4,96.0,75,1,2026-02-05 21:00:00
1418,62,5,53.5,59,1,2026-02-06 14:00:00
1419,62,6,92.7,53,1,2026-02-08 03:00:00
1420,62,7,99.6,58,1,2026-02-09 09:00:00
1421,62,7,98.3,95,2,2026-02-10 05:00:00
1422,62,8,98.4,100,1,2026-02-10 15:00:00
1423,62,9,98.9,58,1,2026-02-12 01:00:00
1424,62,9,37.1,107,2,2026-02-12 14:00:00
1425,62,10,64.6,80,1,2026-02-14 08:00:00
1426,62,11,85.6,92,1,2026-02-14 23:00:00
1427,62,11,31.2,122,2,2026-02-15 10:00:00
1428,62,12,93.5,107,1,2026-02-17 05:00:00
1429,62,12,35.8,84,2,2026-02-17 11:00:00
1430,62,13,70.4,72,1,2026-02-18 01:00:00
1431,62,13,84.3,46,2,2026-02-18 09:00:00
1432,62,13,30.0,75,3,2026-02-20 03:00:00
1433,62,14,33.8,85,1,2026-02-21 22:00:00
1434,62,15,59.7,70,1,2026-02-22 16:00:00
1435,63,1,89.8,137,1,2026-01-07 20:00:00
1436,63,2,81.2,141,1,2026-01-08 08:00:00
1437,63,2,61.7,135,2,2026-01-09 12:00:00
1438,63,3,30.5,126,1,2026-01-10 02:00:00
1439,63,4,51.8,143,1,2026-01-11 11:00:00
1440,63,5,62.2,148,1,2026-01-12 02:00:00
1441,63,5,43.7,118,2,2026-01-12 12:00:00
1442,63,6,35.0,168,1,2026-01-12 17:00:00
1443,63,7,47.4,138,1,2026-01-13 19:00:00
1444,63,8,90.4,140,1,2026-01-14 11:00:00
1445,63,8,61.1,154,2,2026-01-15 13:00:00
1446,63,8,39.2,144,3,2026-01-17 03:00:00
1447,63,9,60.0,159,1,2026-01-17 21:00:00
1448,63,9,99.1,145,2,2026-01-18 18:00:00
1449,63,9,65.7,127,3,2026-01-20 07:00:00
1450,63,10,86.7,147,1,2026-01-20 15:00:00
1451,63,11,84.4,117,1,2026-01-21 21:00:00
1452,64,1,95.0,92,1,2026-01-19 17:00:00
1453,64,2,36.1,89,1,2026-01-21 10:00:00
1454,64,3,50.9,85,1,2026-01-21 21:00:00
1455,64,4,54.3,87,1,2026-01-22 08:00:00
1456,64,5,31.6,52,1,2026-01-23 05:00:00
1457,64,6,49.4,79,1,2026-01-25 05:00:00
1458,64,7,56.5,91,1,2026-01-26 00:00:00
1459,64,7,64.5,93,2,2026-01-26 07:00:00
1460,64,8,69.2,69,1,2026-01-28 05:00:00
1461,64,9,87.7,115,1,2026-01-29 22:00:00
1462,64,10,87.0,72,1,2026-01-31 13:00:00
1463,64,10,73.2,109,2,2026-02-01 17:00:00
1464,64,11,54.1,98,1,2026-02-03 16:00:00
1465,64,12,85.7,77,1,2026-02-05 01:00:00
1466,64,13,98.4,125,1,2026-02-05 16:00:00
1467,64,14,43.7,66,1,2026-02-06 18:00:00
1468,64,14,91.0,108,2,2026-02-07 01:00:00
1469,64,15,59.6,110,1,2026-02-08 16:00:00
1470,64,16,62.1,76,1,2026-02-10 11:00:00
1471,64,17,37.4,117,1,2026-02-12 06:00:00
1472,64,17,94.2,84,2,2026-02-13 17:00:00
1473,64,18,57.9,95,1,2026-02-14 16:00:00
1474,64,19,37.9,95,1,2026-02-16 11:00:00
1475,64,20,34.1,87,1,2026-02-16 23:00:00
1476,64,20,42.9,106,2,2026-02-18 15:00:00
1477,65,1,90.9,105,1,2026-01-07 11:00:00
1478,65,2,98.9,55,1,2026-01-07 15:00:00
1479,65,3,75.6,116,1,2026-01-09 07:00:00
1480,65,4,69.2,56,1,2026-01-10 03:00:00
1481,65,4,67.4,110,2,2026-01-11 06:00:00
1482,65,5,86.1,112,1,2026-01-13 06:00:00
1483,65,6,94.2,68,1,2026-01-14 20:00:00
1484,65,7,95.1,81,1,2026-01-16 05:00:00
1485,65,8,83.5,67,1,2026-01-16 19:00:00
1486,65,9,98.6,85,1,2026-01-18 18:00:00
1487,65,10,38.6,83,1,2026-01-19 06:00:00
1488,65,11,96.3,105,1,2026-01-20 00:00:00
1489,65,12,32.1,116,1,2026-01-20 04:00:00
1490,65,12,85.9,117,2,2026-01-20 12:00:00
1491,65,13,97.9,78,1,2026-01-21 03:00:00
1492,65,14,45.2,85,1,2026-01-22 07:00:00
1493,65,14,80.7,56,2,2026-01-22 22:00:00
1494,65,14,77.8,73,3,2026-01-24 09:00:00
1495,65,15,50.9,109,1,2026-01-25 17:00:00
1496,65,15,33.8,122,2,2026-01-26 00:00:00
1497,65,16,64.3,65,1,2026-01-27 16:00:00
1498,65,17,33.9,78,1,2026-01-28 09:00:00
1499,65,18,65.1,89,1,2026-01-29 17:00:00
1500,65,19,86.1,95,1,2026-01-31 12:00:00
1501,65,20,88.1,73,1,2026-01-31 22:00:00
1502,66,1,72.0,98,1,2026-01-06 11:00:00
1503,66,1,49.6,80,2,2026-01-07 06:00:00
1504,66,2,85.6,89,1,2026-01-08 23:00:00
1505,66,2,86.0,100,2,2026-01-10 15:00:00
1506,66,2,92.9,90,3,2026-01-11 15:00:00
1507,66,3,79.6,81,1,2026-01-11 20:00:00
1508,66,4,51.0,87,1,2026-01-13 19:00:00
1509,66,4,59.8,88,2,2026-01-14 18:00:00
1510,66,5,80.6,82,1,2026-01-15 17:00:00
1511,66,6,50.3,84,1,2026-01-17 06:00:00
1512,66,7,76.1,121,1,2026-01-18 06:00:00
1513,66,7,90.7,101,2,2026-01-19 10:00:00
1514,66,7,63.2,84,3,2026-01-21 08:00:00
1515,66,8,77.4,103,1,2026-01-21 21:00:00
1516,66,9,96.4,83,1,2026-01-22 20:00:00
1517,66,9,94.7,113,2,2026-01-24 20:00:00
1518,66,9,70.3,97,3,2026-01-26 07:00:00
1519,66,10,32.8,87,1,2026-01-28 05:00:00
1520,66,11,75.0,98,1,2026-01-28 20:00:00
1521,66,12,95.7,58,1,2026-01-30 10:00:00
1522,66,12,96.6,67,2,2026-01-30 21:00:00
1523,66,13,48.7,66,1,2026-02-01 10:00:00
1524,66,14,39.6,92,1,2026-02-03 10:00:00
1525,66,15,50.1,124,1,2026-02-03 16:00:00
1526,66,16,98.5,134,1,2026-02-04 05:00:00
1527,66,17,50.2,102,1,2026-02-04 18:00:00
1528,66,18,77.4,100,1,2026-02-06 02:00:00
1529,67,1,85.5,30,1,2026-01-13 23:00:00
1530,67,2,57.3,49,1,2026-01-14 12:00:00
1531,67,3,60.4,44,1,2026-01-14 23:00:00
1532,67,3,49.0,47,2,2026-01-16 20:00:00
1533,67,3,83.5,56,3,2026-01-18 19:00:00
1534,67,4,97.6,50,1,2026-01-20 15:00:00
1535,67,5,75.2,30,1,2026-01-21 13:00:00
1536,67,6,83.8,74,1,2026-01-22 12:00:00
1537,67,7,82.5,38,1,2026-01-23 17:00:00
1538,67,8,82.0,64,1,2026-01-24 18:00:00
1539,67,9,44.5,101,1,2026-01-26 16:00:00
1540,67,10,86.3,41,1,2026-01-27 05:00:00
1541,67,11,86.6,30,1,2026-01-27 21:00:00
1542,67,12,87.0,54,1,2026-01-29 21:00:00
1543,67,13,93.5,82,1,2026-01-31 18:00:00
1544,67,14,98.0,99,1,2026-02-02 05:00:00
1545,67,15,64.7,35,1,2026-02-02 09:00:00
1546,68,1,42.3,149,1,2026-01-30 13:00:00
1547,68,2,37.0,130,1,2026-01-31 23:00:00
1548,68,2,36.1,137,2,2026-02-01 13:00:00
1549,68,3,57.9,192,1,2026-02-03 04:00:00
1550,68,3,66.3,109,2,2026-02-05 02:00:00
1551,68,3,49.0,145,3,2026-02-06 06:00:00
1552,68,4,67.8,149,1,2026-02-06 11:00:00
1553,68,5,79.0,161,1,2026-02-07 02:00:00
1554,68,6,42.8,141,1,2026-02-07 18:00:00
1555,68,6,49.7,146,2,2026-02-09 12:00:00
1556,68,6,37.7,132,3,2026-02-10 15:00:00
1557,68,7,42.2,145,1,2026-02-12 12:00:00
1558,68,8,96.2,133,1,2026-02-14 03:00:00
1559,68,8,81.4,152,2,2026-02-15 19:00:00
1560,68,9,64.1,132,1,2026-02-16 22:00:00
1561,68,9,80.4,147,2,2026-02-17 23:00:00
1562,68,10,66.4,139,1,2026-02-18 08:00:00
1563,68,10,34.3,162,2,2026-02-18 20:00:00
1564,68,10,94.0,138,3,2026-02-19 04:00:00
1565,68,11,87.5,104,1,2026-02-20 23:00:00
1566,68,11,73.7,165,2,2026-02-22 21:00:00
1567,68,12,33.7,121,1,2026-02-23 06:00:00
1568,68,13,62.6,126,1,2026-02-24 19:00:00
1569,68,13,59.2,128,2,2026-02-25 10:00:00
1570,68,13,33.2,167,3,2026-02-26 01:00:00
1571,68,14,92.8,97,1,2026-02-28 01:00:00
1572,68,15,53.6,202,1,2026-03-01 06:00:00
1573,69,1,85.9,81,1,2026-01-11 02:00:00
1574,69,2,97.1,64,1,2026-01-11 10:00:00
1575,69,3,56.9,58,1,2026-01-11 14:00:00
1576,69,3,98.8,65,2,2026-01-13 13:00:00
1577,69,4,79.0,70,1,2026-01-14 23:00:00
1578,69,5,90.7,72,1,2026-01-16 16:00:00
1579,69,6,74.3,71,1,2026-01-18 01:00:00
1580,69,7,81.0,61,1,2026-01-19 21:00:00
1581,69,7,38.7,56,2,2026-01-21 14:00:00
1582,69,8,79.1,56,1,2026-01-23 01:00:00
1583,69,9,36.4,56,1,2026-01-24 08:00:00
1584,69,9,79.7,82,2,2026-01-24 18:00:00
1585,69,10,79.2,71,1,2026-01-26 05:00:00
1586,69,10,82.9,30,2,2026-01-27 04:00:00
1587,69,11,99.1,73,1,2026-01-27 16:00:00
1588,69,12,97.3,63,1,2026-01-28 16:00:00
1589,69,13,97.1,59,1,2026-01-29 17:00:00
1590,70,1,96.7,102,1,2026-01-23 11:00:00
1591,70,2,84.7,132,1,2026-01-24 11:00:00
1592,70,3,93.3,128,1,2026-01-25 00:00:00
1593,70,3,80.7,94,2,2026-01-26 20:00:00
1594,70,4,51.4,118,1,2026-01-27 20:00:00
1595,70,4,92.0,90,2,2026-01-29 14:00:00
1596,70,5,62.7,82,1,2026-01-30 18:00:00
1597,70,6,46.8,97,1,2026-02-01 15:00:00
1598,70,7,36.3,127,1,2026-02-03 11:00:00
1599,70,8,48.1,129,1,2026-02-04 03:00:00
1600,70,9,44.7,120,1,2026-02-05 03:00:00
1601,70,10,95.1,124,1,2026-02-05 18:00:00
1602,70,10,31.6,120,2,2026-02-07 10:00:00
1603,70,11,35.6,97,1,2026-02-07 18:00:00
1604,70,12,43.5,118,1,2026-02-08 21:00:00
1605,70,13,45.8,126,1,2026-02-10 03:00:00
1606,70,13,92.9,125,2,2026-02-11 11:00:00
1607,70,13,52.3,133,3,2026-02-11 18:00:00
1608,71,1,81.6,154,1,2026-01-25 12:00:00
1609,71,2,57.8,147,1,2026-01-25 17:00:00
1610,71,3,43.9,161,1,2026-01-27 10:00:00
1611,71,4,70.2,139,1,2026-01-28 03:00:00
1612,71,5,40.2,122,1,2026-01-28 19:00:00
1613,71,6,99.0,136,1,2026-01-29 00:00:00
1614,71,6,73.4,125,2,2026-01-30 05:00:00
1615,71,7,41.9,126,1,2026-01-31 21:00:00
1616,71,8,52.6,137,1,2026-02-02 18:00:00
1617,71,9,67.8,124,1,2026-02-03 19:00:00
1618,71,10,53.8,133,1,2026-02-05 06:00:00
1619,71,11,70.3,102,1,2026-02-07 01:00:00
1620,71,12,76.5,144,1,2026-02-07 11:00:00
1621,71,13,41.9,140,1,2026-02-08 17:00:00
1622,72,1,90.5,43,1,2026-01-25 20:00:00
1623,72,2,87.4,73,1,2026-01-27 05:00:00
1624,72,3,72.0,78,1,2026-01-29 05:00:00
1625,72,4,53.0,30,1,2026-01-29 20:00:00
1626,72,4,91.6,44,2,2026-01-30 17:00:00
1627,72,5,62.3,44,1,2026-01-31 12:00:00
1628,72,6,76.9,41,1,2026-02-02 12:00:00
1629,72,7,51.7,76,1,2026-02-03 21:00:00
1630,72,8,75.2,56,1,2026-02-05 17:00:00
1631,72,9,49.7,54,1,2026-02-07 16:00:00
1632,72,10,43.3,30,1,2026-02-08 12:00:00
1633,72,11,80.3,72,1,2026-02-09 02:00:00
1634,72,12,61.6,35,1,2026-02-09 14:00:00
1635,72,12,69.5,61,2,2026-02-10 20:00:00
1636,72,12,77.6,65,3,2026-02-11 06:00:00
1637,72,13,93.9,87,1,2026-02-12 06:00:00
1638,73,1,90.6,33,1,2026-01-07 02:00:00
1639,73,2,75.6,30,1,2026-01-09 02:00:00
1640,73,3,82.2,63,1,2026-01-10 01:00:00
1641,73,3,78.9,96,2,2026-01-10 06:00:00
1642,73,3,77.6,84,3,2026-01-12 05:00:00
1643,73,4,81.6,64,1,2026-01-13 23:00:00
1644,73,5,90.4,50,1,2026-01-15 18:00:00
1645,73,5,91.0,76,2,2026-01-16 20:00:00
1646,73,5,96.4,40,3,2026-01-18 20:00:00
1647,73,6,72.8,69,1,2026-01-20 06:00:00
1648,73,7,31.4,70,1,2026-01-22 00:00:00
1649,73,8,95.9,81,1,2026-01-23 23:00:00
1650,73,9,94.0,115,1,2026-01-25 23:00:00
1651,73,10,83.6,67,1,2026-01-27 10:00:00
1652,73,11,95.1,49,1,2026-01-29 09:00:00
1653,73,12,60.8,59,1,2026-01-31 06:00:00
1654,73,13,67.8,30,1,2026-02-01 14:00:00
1655,73,14,91.0,46,1,2026-02-03 01:00:00
1656,73,14,34.2,51,2,2026-02-04 04:00:00
1657,73,15,77.9,49,1,2026-02-04 12:00:00
1658,73,16,72.6,63,1,2026-02-04 23:00:00
1659,74,1,68.7,123,1,2026-01-30 20:00:00
1660,74,2,74.0,162,1,2026-01-31 12:00:00
1661,74,3,40.6,140,1,2026-01-31 23:00:00
1662,74,4,62.0,139,1,2026-02-01 18:00:00
1663,74,5,55.0,133,1,2026-02-02 22:00:00
1664,74,6,69.5,143,1,2026-02-03 06:00:00
1665,74,7,63.0,156,1,2026-02-04 09:00:00
1666,74,7,79.6,122,2,2026-02-05 16:00:00
1667,74,7,44.9,126,3,2026-02-07 14:00:00
1668,74,8,60.1,133,1,2026-02-08 20:00:00
1669,74,8,93.2,113,2,2026-02-10 09:00:00
1670,74,8,58.1,123,3,2026-02-10 17:00:00
1671,74,9,54.2,130,1,2026-02-11 16:00:00
1672,74,9,64.8,157,2,2026-02-13 03:00:00
1673,74,10,32.5,145,1,2026-02-14 16:00:00
1674,74,10,39.1,143,2,2026-02-15 14:00:00
1675,74,10,42.2,157,3,2026-02-16 06:00:00
1676,74,11,37.5,137,1,2026-02-17 13:00:00
1677,74,12,51.7,147,1,2026-02-19 12:00:00
1678,74,13,38.2,137,1,2026-02-20 10:00:00
1679,74,14,58.6,145,1,2026-02-21 05:00:00
1680,74,14,88.2,128,2,2026-02-22 06:00:00
1681,74,15,67.3,91,1,2026-02-22 14:00:00
1682,74,16,32.0,137,1,2026-02-23 20:00:00
1683,74,16,45.4,168,2,2026-02-24 06:00:00
1684,74,16,62.0,158,3,2026-02-24 17:00:00
1685,74,17,57.4,159,1,2026-02-25 03:00:00
1686,74,18,58.7,164,1,2026-02-26 04:00:00
1687,75,1,77.1,141,1,2026-01-24 15:00:00
1688,75,1,99.0,143,2,2026-01-25 09:00:00
1689,75,2,69.0,127,1,2026-01-27 01:00:00
1690,75,3,65.6,133,1,2026-01-28 10:00:00
1691,75,4,39.3,152,1,2026-01-29 14:00:00
1692,75,4,59.5,164,2,2026-01-30 22:00:00
1693,75,4,38.2,137,3,2026-02-01 12:00:00
1694,75,5,54.6,130,1,2026-02-01 17:00:00
1695,75,5,54.0,140,2,2026-02-02 06:00:00
1696,75,6,78.2,152,1,2026-02-03 06:00:00
1697,75,7,39.7,111,1,2026-02-05 05:00:00
1698,75,8,45.2,94,1,2026-02-06 21:00:00
1699,75,9,40.7,128,1,2026-02-07 17:00:00
1700,75,9,53.4,115,2,2026-02-08 07:00:00
1701,75,10,36.3,129,1,2026-02-08 16:00:00
1702,75,11,41.1,137,1,2026-02-09 05:00:00
1703,75,11,72.0,130,2,2026-02-10 04:00:00
1704,75,12,84.1,169,1,2026-02-10 19:00:00
1705,75,12,37.8,146,2,2026-02-11 00:00:00
1706,75,12,93.5,146,3,2026-02-11 10:00:00
1707,75,13,98.0,152,1,2026-02-12 01:00:00
1708,75,13,50.5,117,2,2026-02-12 15:00:00
1709,75,13,36.7,160,3,2026-02-12 22:00:00
1710,75,14,48.2,138,1,2026-02-13 19:00:00
1711,75,14,88.2,153,2,2026-02-14 14:00:00
1712,75,14,83.8,118,3,2026-02-15 02:00:00
1713,75,15,67.6,108,1,2026-02-16 11:00:00
1714,75,15,46.3,156,2,2026-02-17 07:00:00
1715,75,15,88.0,147,3,2026-02-17 13:00:00
1716,75,16,42.6,121,1,2026-02-18 12:00:00
1717,75,16,59.9,122,2,2026-02-19 19:00:00
1718,75,17,66.1,162,1,2026-02-20 00:00:00
1719,75,18,98.8,116,1,2026-02-21 09:00:00
1720,75,19,45.4,172,1,2026-02-22 11:00:00
1721,76,1,99.4,121,1,2026-01-16 10:00:00
1722,76,1,97.7,152,2,2026-01-17 11:00:00
1723,76,1,52.4,133,3,2026-01-18 00:00:00
1724,76,2,88.4,152,1,2026-01-19 05:00:00
1725,76,2,85.5,129,2,2026-01-20 08:00:00
1726,76,3,59.1,136,1,2026-01-22 06:00:00
1727,76,4,58.5,140,1,2026-01-23 10:00:00
1728,76,5,38.8,119,1,2026-01-24 14:00:00
1729,76,6,94.0,154,1,2026-01-26 06:00:00
1730,76,7,36.5,129,1,2026-01-26 10:00:00
1731,76,8,36.6,135,1,2026-01-27 19:00:00
1732,76,9,44.8,120,1,2026-01-29 14:00:00
1733,76,9,66.0,88,2,2026-01-31 05:00:00
1734,76,10,53.5,136,1,2026-02-02 04:00:00
1735,76,10,70.7,188,2,2026-02-02 23:00:00
1736,76,10,99.2,155,3,2026-02-04 11:00:00
1737,76,11,63.7,139,1,2026-02-05 00:00:00
1738,76,12,46.5,134,1,2026-02-06 14:00:00
1739,76,12,77.3,140,2,2026-02-07 15:00:00
1740,76,12,67.0,150,3,2026-02-07 23:00:00
1741,76,13,43.3,116,1,2026-02-09 09:00:00
1742,76,14,47.2,162,1,2026-02-11 02:00:00
1743,76,14,43.4,154,2,2026-02-12 21:00:00
1744,76,15,92.1,154,1,2026-02-13 06:00:00
1745,77,1,75.3,148,1,2026-01-07 07:00:00
1746,77,2,33.5,140,1,2026-01-08 09:00:00
1747,77,2,87.5,153,2,2026-01-08 19:00:00
1748,77,2,62.9,151,3,2026-01-09 09:00:00
1749,77,3,41.3,132,1,2026-01-09 17:00:00
1750,77,3,93.3,128,2,2026-01-10 13:00:00
1751,77,3,78.5,142,3,2026-01-12 07:00:00
1752,77,4,89.6,170,1,2026-01-13 19:00:00
1753,77,4,38.4,115,2,2026-01-14 18:00:00
1754,77,5,99.9,110,1,2026-01-15 05:00:00
1755,77,6,47.4,143,1,2026-01-16 00:00:00
1756,77,6,56.2,141,2,2026-01-16 17:00:00
1757,77,6,71.5,143,3,2026-01-17 09:00:00
1758,77,7,62.5,144,1,2026-01-18 09:00:00
1759,77,7,60.0,135,2,2026-01-19 09:00:00
1760,77,8,49.4,169,1,2026-01-20 05:00:00
1761,77,9,66.2,107,1,2026-01-21 16:00:00
1762,77,9,55.2,123,2,2026-01-21 22:00:00
1763,77,9,34.2,137,3,2026-01-23 01:00:00
1764,77,10,69.6,107,1,2026-01-24 06:00:00
1765,77,11,53.6,136,1,2026-01-25 15:00:00
1766,77,12,65.0,173,1,2026-01-25 23:00:00
1767,77,12,40.6,140,2,2026-01-27 16:00:00
1768,77,12,40.1,144,3,2026-01-29 14:00:00
1769,77,13,47.2,114,1,2026-01-30 09:00:00
1770,77,13,30.7,127,2,2026-01-31 23:00:00
1771,77,14,56.4,132,1,2026-02-02 16:00:00
1772,77,15,89.7,133,1,2026-02-03 17:00:00
1773,77,15,67.8,165,2,2026-02-04 18:00:00
1774,77,15,78.8,151,3,2026-02-05 14:00:00
1775,77,16,98.0,117,1,2026-02-06 17:00:00
1776,77,17,93.1,144,1,2026-02-07 12:00:00
1777,77,18,34.9,149,1,2026-02-09 02:00:00
1778,77,18,33.7,162,2,2026-02-09 11:00:00
1779,77,18,58.9,171,3,2026-02-11 01:00:00
1780,77,19,49.1,119,1,2026-02-13 01:00:00
1781,77,20,61.0,123,1,2026-02-13 11:00:00
1782,77,20,49.3,114,2,2026-02-14 03:00:00
1783,78,1,81.1,55,1,2026-01-13 04:00:00
1784,78,2,55.9,69,1,2026-01-15 02:00:00
1785,78,3,86.8,79,1,2026-01-15 12:00:00
1786,78,4,94.3,58,1,2026-01-16 13:00:00
1787,78,4,82.8,53,2,2026-01-17 12:00:00
1788,78,4,100.0,63,3,2026-01-18 11:00:00
1789,78,5,68.9,43,1,2026-01-19 17:00:00
1790,78,6,43.1,101,1,2026-01-19 22:00:00
1791,78,7,72.9,30,1,2026-01-20 08:00:00
1792,78,8,72.4,63,1,2026-01-21 01:00:00
1793,78,9,33.2,100,1,2026-01-22 15:00:00
1794,78,10,71.2,60,1,2026-01-23 20:00:00
1795,78,11,53.5,56,1,2026-01-24 06:00:00
1796,78,12,74.8,52,1,2026-01-25 20:00:00
1797,78,13,73.1,56,1,2026-01-27 12:00:00
1798,78,14,99.7,87,1,2026-01-29 11:00:00
1799,78,15,71.8,30,1,2026-01-30 22:00:00
1800,78,16,87.7,90,1,2026-01-31 10:00:00
1801,78,17,70.0,31,1,2026-02-02 07:00:00
1802,78,17,57.6,54,2,2026-02-02 23:00:00
1803,78,18,39.2,51,1,2026-02-03 11:00:00
1804,79,1,89.6,101,1,2026-01-24 11:00:00
1805,79,1,80.2,58,2,2026-01-24 15:00:00
1806,79,2,45.1,99,1,2026-01-25 15:00:00
1807,79,2,89.1,130,2,2026-01-27 13:00:00
1808,79,3,77.6,62,1,2026-01-28 10:00:00
1809,79,4,73.3,93,1,2026-01-29 08:00:00
1810,79,4,93.1,76,2,2026-01-30 05:00:00
1811,79,4,89.3,98,3,2026-01-31 14:00:00
1812,79,5,76.6,90,1,2026-02-01 11:00:00
1813,79,5,45.3,77,2,2026-02-02 06:00:00
1814,79,6,90.7,99,1,2026-02-03 09:00:00
1815,79,7,34.3,126,1,2026-02-05 01:00:00
1816,79,8,97.7,86,1,2026-02-06 20:00:00
1817,79,8,70.6,104,2,2026-02-07 00:00:00
1818,79,8,75.8,64,3,2026-02-08 01:00:00
1819,79,9,55.1,70,1,2026-02-08 22:00:00
1820,79,10,95.7,99,1,2026-02-09 17:00:00
1821,79,11,30.7,119,1,2026-02-11 00:00:00
1822,79,12,82.4,97,1,2026-02-11 06:00:00
1823,80,1,76.4,53,1,2026-01-09 12:00:00
1824,80,2,96.7,59,1,2026-01-10 09:00:00
1825,80,3,61.6,34,1,2026-01-10 18:00:00
1826,80,4,90.9,72,1,2026-01-11 08:00:00
1827,80,5,76.9,77,1,2026-01-11 17:00:00
1828,80,6,86.7,50,1,2026-01-12 19:00:00
1829,80,7,94.7,50,1,2026-01-13 16:00:00
1830,80,8,89.8,65,1,2026-01-14 14:00:00
1831,80,9,47.2,51,1,2026-01-15 13:00:00
1832,80,10,75.3,58,1,2026-01-16 16:00:00
1833,80,11,83.0,101,1,2026-01-17 05:00:00
1834,80,12,97.0,55,1,2026-01-19 04:00:00
1835,80,13,83.5,52,1,2026-01-20 20:00:00
1836,80,14,78.9,47,1,2026-01-21 01:00:00
1837,80,15,71.6,74,1,2026-01-23 01:00:00
1838,80,16,75.4,56,1,2026-01-23 13:00:00
1839,80,16,88.2,47,2,2026-01-23 20:00:00
1840,80,16,85.8,86,3,2026-01-25 11:00:00
1841,80,17,95.1,88,1,2026-01-26 18:00:00
1842,80,18,82.7,47,1,2026-01-28 13:00:00
1843,81,1,43.5,102,1,2026-01-27 21:00:00
1844,81,2,74.9,160,1,2026-01-28 02:00:00
1845,81,2,98.6,126,2,2026-01-30 02:00:00
1846,81,2,32.3,155,3,2026-01-31 16:00:00
1847,81,3,50.1,100,1,2026-02-01 03:00:00
1848,81,3,94.4,157,2,2026-02-01 17:00:00
1849,81,3,60.6,115,3,2026-02-03 04:00:00
1850,81,4,50.2,154,1,2026-02-04 08:00:00
1851,81,4,89.9,140,2,2026-02-06 02:00:00
1852,81,5,36.0,120,1,2026-02-07 15:00:00
1853,81,6,44.7,131,1,2026-02-08 09:00:00
1854,81,6,45.0,153,2,2026-02-08 23:00:00
1855,81,6,76.2,142,3,2026-02-10 09:00:00
1856,81,7,64.2,151,1,2026-02-12 05:00:00
1857,81,7,94.1,179,2,2026-02-12 13:00:00
1858,81,7,86.7,108,3,2026-02-14 02:00:00
1859,81,8,98.5,172,1,2026-02-15 23:00:00
1860,81,9,36.2,142,1,2026-02-17 04:00:00
1861,81,10,55.7,122,1,2026-02-17 18:00:00
1862,81,10,77.3,113,2,2026-02-18 17:00:00
1863,81,10,34.2,136,3,2026-02-20 06:00:00
1864,81,11,80.6,158,1,2026-02-22 02:00:00
1865,81,11,39.1,137,2,2026-02-22 17:00:00
1866,81,12,48.7,170,1,2026-02-22 22:00:00
1867,81,13,30.9,110,1,2026-02-24 10:00:00
1868,81,13,50.0,139,2,2026-02-25 05:00:00
1869,81,13,63.2,114,3,2026-02-25 17:00:00
1870,81,14,38.6,147,1,2026-02-26 12:00:00
1871,81,14,65.3,157,2,2026-02-27 08:00:00
1872,81,15,48.1,131,1,2026-02-27 18:00:00
1873,81,16,49.7,87,1,2026-03-01 14:00:00
1874,81,17,58.9,143,1,2026-03-02 20:00:00
1875,82,1,64.2,98,1,2026-01-15 09:00:00
1876,82,2,31.2,98,1,2026-01-15 14:00:00
1877,82,3,39.8,114,1,2026-01-17 03:00:00
1878,82,3,40.5,68,2,2026-01-18 23:00:00
1879,82,3,65.2,103,3,2026-01-20 05:00:00
1880,82,4,88.1,113,1,2026-01-20 12:00:00
1881,82,5,76.9,54,1,2026-01-22 02:00:00
1882,82,6,94.4,96,1,2026-01-23 08:00:00
1883,82,7,80.1,79,1,2026-01-24 03:00:00
1884,82,8,86.1,88,1,2026-01-25 01:00:00
1885,82,8,93.8,96,2,2026-01-26 21:00:00
1886,82,8,93.7,80,3,2026-01-28 04:00:00
1887,82,9,67.7,76,1,2026-01-28 09:00:00
1888,82,10,96.1,90,1,2026-01-30 03:00:00
1889,82,11,75.3,68,1,2026-01-30 20:00:00
1890,82,12,87.2,68,1,2026-02-01 11:00:00
1891,82,12,35.7,103,2,2026-02-03 02:00:00
1892,82,12,31.6,67,3,2026-02-04 00:00:00
1893,82,13,84.3,103,1,2026-02-05 01:00:00
1894,82,14,90.0,99,1,2026-02-05 12:00:00
1895,82,14,69.6,55,2,2026-02-05 19:00:00
1896,82,14,67.3,76,3,2026-02-06 17:00:00
1897,82,15,54.9,113,1,2026-02-08 11:00:00
1898,83,1,55.6,70,1,2026-01-13 22:00:00
1899,83,1,86.1,80,2,2026-01-15 11:00:00
1900,83,1,79.9,99,3,2026-01-17 03:00:00
1901,83,2,64.2,105,1,2026-01-18 22:00:00
1902,83,2,62.2,84,2,2026-01-19 13:00:00
1903,83,2,47.2,78,3,2026-01-20 02:00:00
1904,83,3,81.9,118,1,2026-01-21 17:00:00
1905,83,4,76.5,124,1,2026-01-23 01:00:00
1906,83,4,90.1,109,2,2026-01-24 19:00:00
1907,83,4,50.8,91,3,2026-01-25 14:00:00
1908,83,5,74.3,73,1,2026-01-27 12:00:00
1909,83,5,63.9,73,2,2026-01-27 17:00:00
1910,83,6,78.0,100,1,2026-01-28 06:00:00
1911,83,7,38.6,98,1,2026-01-28 14:00:00
1912,83,8,99.4,118,1,2026-01-29 14:00:00
1913,83,8,74.5,103,2,2026-01-30 11:00:00
1914,83,8,71.2,59,3,2026-01-31 08:00:00
1915,83,9,47.3,111,1,2026-02-02 06:00:00
1916,83,10,72.3,70,1,2026-02-03 10:00:00
1917,83,11,71.7,82,1,2026-02-03 18:00:00
1918,83,12,82.2,95,1,2026-02-04 18:00:00
1919,83,13,71.5,129,1,2026-02-06 00:00:00
1920,83,13,96.9,152,2,2026-02-06 21:00:00
1921,83,13,71.7,102,3,2026-02-07 19:00:00
1922,83,14,43.7,86,1,2026-02-08 07:00:00
1923,83,14,63.0,100,2,2026-02-09 18:00:00
1924,83,14,54.0,107,3,2026-02-11 10:00:00
1925,83,15,37.9,83,1,2026-02-11 18:00:00
1926,83,15,42.5,125,2,2026-02-12 06:00:00
1927,83,16,48.5,94,1,2026-02-13 20:00:00
1928,84,1,82.7,69,1,2026-01-10 11:00:00
1929,84,2,75.7,73,1,2026-01-11 13:00:00
1930,84,3,98.8,68,1,2026-01-13 06:00:00
1931,84,4,33.8,76,1,2026-01-13 12:00:00
1932,84,5,34.3,47,1,2026-01-14 17:00:00
1933,84,6,33.0,48,1,2026-01-15 07:00:00
1934,84,7,75.8,37,1,2026-01-15 22:00:00
1935,84,8,57.4,68,1,2026-01-17 09:00:00
1936,84,9,63.8,75,1,2026-01-18 04:00:00
1937,84,9,87.2,69,2,2026-01-18 09:00:00
1938,84,9,58.7,93,3,2026-01-20 09:00:00
1939,84,10,82.1,59,1,2026-01-21 19:00:00
1940,84,11,70.1,73,1,2026-01-21 23:00:00
1941,84,12,79.8,38,1,2026-01-22 17:00:00
1942,85,1,83.4,82,1,2026-01-16 01:00:00
1943,85,2,98.1,103,1,2026-01-17 14:00:00
1944,85,3,86.0,106,1,2026-01-17 20:00:00
1945,85,3,86.3,84,2,2026-01-19 03:00:00
1946,85,3,31.5,88,3,2026-01-19 15:00:00
1947,85,4,91.6,59,1,2026-01-21 05:00:00
1948,85,5,92.1,82,1,2026-01-22 23:00:00
1949,85,5,83.6,107,2,2026-01-23 08:00:00
1950,85,6,72.7,101,1,2026-01-25 08:00:00
1951,85,7,99.2,100,1,2026-01-26 00:00:00
1952,85,8,32.5,90,1,2026-01-26 08:00:00
1953,85,9,52.9,90,1,2026-01-26 21:00:00
1954,85,9,35.2,76,2,2026-01-27 10:00:00
1955,85,9,51.2,103,3,2026-01-27 16:00:00
1956,85,10,44.7,98,1,2026-01-29 12:00:00
1957,85,11,80.0,99,1,2026-01-30 16:00:00
1958,85,11,78.4,79,2,2026-02-01 15:00:00
1959,85,12,85.7,46,1,2026-02-02 11:00:00
1960,85,12,94.5,111,2,2026-02-02 23:00:00
1961,85,13,61.5,80,1,2026-02-04 15:00:00
1962,85,13,43.6,72,2,2026-02-06 07:00:00
1963,85,13,43.1,103,3,2026-02-08 06:00:00
1964,85,14,99.1,82,1,2026-02-09 07:00:00
1965,85,15,44.8,111,1,2026-02-11 01:00:00
1966,85,16,89.4,102,1,2026-02-12 04:00:00
1967,85,17,84.6,103,1,2026-02-13 23:00:00
1968,85,18,90.3,62,1,2026-02-15 18:00:00
1969,85,19,95.0,114,1,2026-02-16 01:00:00
1970,85,20,79.2,95,1,2026-02-17 04:00:00
1971,86,1,96.6,82,1,2026-01-05 15:00:00
1972,86,2,47.8,92,1,2026-01-06 10:00:00
1973,86,3,55.7,54,1,2026-01-06 23:00:00
1974,86,4,81.5,98,1,2026-01-08 01:00:00
1975,86,5,63.3,69,1,2026-01-08 08:00:00
1976,86,6,95.7,62,1,2026-01-09 20:00:00
1977,86,7,98.7,59,1,2026-01-11 03:00:00
1978,86,7,78.4,112,2,2026-01-12 11:00:00
1979,86,7,99.5,77,3,2026-01-13 12:00:00
1980,86,8,42.7,120,1,2026-01-14 15:00:00
1981,86,8,98.7,79,2,2026-01-16 03:00:00
1982,86,9,30.2,55,1,2026-01-16 15:00:00
1983,86,10,96.4,67,1,2026-01-17 09:00:00
1984,86,11,32.8,114,1,2026-01-18 09:00:00
1985,86,12,92.1,86,1,2026-01-20 05:00:00
1986,86,12,85.6,79,2,2026-01-21 04:00:00
1987,86,12,58.6,93,3,2026-01-22 21:00:00
1988,86,13,61.5,100,1,2026-01-24 05:00:00
1989,87,1,58.1,162,1,2026-01-16 12:00:00
1990,87,2,36.9,168,1,2026-01-17 05:00:00
1991,87,3,95.2,132,1,2026-01-18 23:00:00
1992,87,4,77.9,113,1,2026-01-20 12:00:00
1993,87,5,46.1,131,1,2026-01-21 02:00:00
1994,87,5,75.4,145,2,2026-01-22 11:00:00
1995,87,5,68.8,120,3,2026-01-23 11:00:00
1996,87,6,72.7,120,1,2026-01-24 11:00:00
1997,87,7,51.9,146,1,2026-01-24 21:00:00
1998,87,7,32.5,139,2,2026-01-26 18:00:00
1999,87,7,59.1,140,3,2026-01-28 02:00:00
2000,87,8,38.5,124,1,2026-01-29 18:00:00
2001,87,9,79.1,135,1,2026-01-31 11:00:00
2002,87,9,44.5,121,2,2026-02-01 01:00:00
2003,87,9,40.6,157,3,2026-02-02 16:00:00
2004,87,10,81.8,160,1,2026-02-03 10:00:00
2005,87,10,77.6,103,2,2026-02-04 11:00:00
2006,88,1,87.1,71,1,2026-02-02 08:00:00
2007,88,1,90.0,60,2,2026-02-02 15:00:00
2008,88,1,58.7,76,3,2026-02-04 04:00:00
2009,88,2,67.7,88,1,2026-02-05 21:00:00
2010,88,3,93.7,61,1,2026-02-07 00:00:00
2011,88,4,94.3,71,1,2026-02-08 15:00:00
2012,88,5,57.7,69,1,2026-02-09 17:00:00
2013,88,5,77.1,94,2,2026-02-11 05:00:00
2014,88,6,99.3,91,1,2026-02-11 21:00:00
2015,88,7,72.0,75,1,2026-02-12 21:00:00
2016,88,7,64.6,93,2,2026-02-14 13:00:00
2017,88,7,97.8,79,3,2026-02-16 05:00:00
2018,88,8,59.3,84,1,2026-02-17 02:00:00
2019,88,9,33.3,123,1,2026-02-18 08:00:00
2020,88,9,35.8,116,2,2026-02-20 02:00:00
2021,88,9,74.7,64,3,2026-02-20 15:00:00
2022,88,10,92.4,106,1,2026-02-21 02:00:00
2023,88,11,88.5,106,1,2026-02-21 17:00:00
2024,88,12,37.9,67,1,2026-02-23 01:00:00
2025,88,12,82.9,106,2,2026-02-23 23:00:00
2026,88,12,48.2,120,3,2026-02-24 03:00:00
2027,88,13,72.7,67,1,2026-02-25 01:00:00
2028,88,14,69.2,71,1,2026-02-26 17:00:00
2029,88,15,44.0,110,1,2026-02-27 20:00:00
2030,88,16,52.7,95,1,2026-02-28 13:00:00
2031,88,17,83.6,101,1,2026-02-28 23:00:00
2032,88,18,45.5,96,1,2026-03-01 23:00:00
2033,88,19,84.5,97,1,2026-03-02 04:00:00
2034,89,1,75.0,113,1,2026-01-26 11:00:00
2035,89,1,95.9,160,2,2026-01-26 20:00:00
2036,89,1,78.4,163,3,2026-01-27 08:00:00
2037,89,2,38.9,135,1,2026-01-29 04:00:00
2038,89,2,70.5,139,2,2026-01-29 23:00:00
2039,89,2,55.5,109,3,2026-01-31 15:00:00
2040,89,3,43.9,150,1,2026-02-02 14:00:00
2041,89,3,95.2,151,2,2026-02-03 09:00:00
2042,89,3,71.3,138,3,2026-02-04 16:00:00
2043,89,4,59.4,162,1,2026-02-04 21:00:00
2044,89,5,50.6,133,1,2026-02-06 08:00:00
2045,89,6,64.7,151,1,2026-02-06 21:00:00
2046,89,7,34.1,119,1,2026-02-07 03:00:00
2047,89,8,68.1,139,1,2026-02-08 06:00:00
2048,89,8,91.1,136,2,2026-02-09 11:00:00
2049,89,9,47.0,144,1,2026-02-11 10:00:00
2050,89,9,52.4,132,2,2026-02-11 15:00:00
2051,89,9,36.2,137,3,2026-02-12 07:00:00
2052,89,10,32.6,156,1,2026-02-12 16:00:00
2053,89,11,46.1,131,1,2026-02-12 23:00:00
2054,89,12,32.0,107,1,2026-02-13 07:00:00
2055,90,1,77.1,124,1,2026-01-15 21:00:00
2056,90,2,87.2,117,1,2026-01-17 17:00:00
2057,90,3,88.3,64,1,2026-01-18 08:00:00
2058,90,4,84.8,103,1,2026-01-20 02:00:00
2059,90,4,90.6,79,2,2026-01-21 11:00:00
2060,90,5,68.1,95,1,2026-01-22 17:00:00
2061,90,6,77.0,95,1,2026-01-24 09:00:00
2062,90,7,97.4,85,1,2026-01-25 07:00:00
2063,90,7,66.4,74,2,2026-01-25 15:00:00
2064,90,7,84.0,76,3,2026-01-26 03:00:00
2065,90,8,74.8,71,1,2026-01-27 09:00:00
2066,90,9,61.9,73,1,2026-01-28 23:00:00
2067,90,10,96.5,88,1,2026-01-30 11:00:00
2068,90,11,59.2,75,1,2026-01-31 19:00:00
2069,90,12,94.5,103,1,2026-02-02 17:00:00
2070,90,13,96.4,119,1,2026-02-03 04:00:00
2071,90,14,44.9,78,1,2026-02-04 12:00:00
2072,91,1,84.2,64,1,2026-02-02 06:00:00
2073,91,2,92.9,69,1,2026-02-04 00:00:00
2074,91,3,75.0,69,1,2026-02-05 17:00:00
2075,91,4,100.0,61,1,2026-02-06 22:00:00
2076,91,5,93.7,74,1,2026-02-07 09:00:00
2077,91,6,75.3,69,1,2026-02-09 00:00:00
2078,91,7,95.8,35,1,2026-02-10 09:00:00
2079,91,8,95.1,77,1,2026-02-12 09:00:00
2080,91,8,98.1,77,2,2026-02-13 04:00:00
2081,91,9,74.6,44,1,2026-02-13 12:00:00
2082,91,10,46.2,60,1,2026-02-14 07:00:00
2083,91,11,82.0,73,1,2026-02-15 01:00:00
2084,91,12,74.5,55,1,2026-02-15 21:00:00
2085,91,13,33.6,81,1,2026-02-17 16:00:00
2086,91,14,92.7,107,1,2026-02-18 11:00:00
2087,91,14,76.4,44,2,2026-02-19 17:00:00
2088,91,14,77.5,32,3,2026-02-20 18:00:00
2089,92,1,75.0,146,1,2026-01-16 00:00:00
2090,92,2,64.8,154,1,2026-01-17 00:00:00
2091,92,2,46.6,135,2,2026-01-17 05:00:00
2092,92,3,35.1,169,1,2026-01-17 13:00:00
2093,92,3,59.1,113,2,2026-01-19 03:00:00
2094,92,3,72.4,153,3,2026-01-19 16:00:00
2095,92,4,54.8,127,1,2026-01-20 10:00:00
2096,92,5,39.9,174,1,2026-01-22 05:00:00
2097,92,5,42.4,179,2,2026-01-24 00:00:00
2098,92,5,64.6,124,3,2026-01-24 23:00:00
2099,92,6,74.0,129,1,2026-01-25 10:00:00
2100,92,7,45.2,157,1,2026-01-26 05:00:00
2101,92,7,72.4,132,2,2026-01-26 16:00:00
2102,92,8,79.4,139,1,2026-01-27 21:00:00
2103,92,8,43.1,140,2,2026-01-29 09:00:00
2104,92,8,70.7,101,3,2026-01-30 20:00:00
2105,92,9,69.8,139,1,2026-01-31 18:00:00
2106,92,10,46.4,126,1,2026-02-02 01:00:00
2107,92,10,93.7,130,2,2026-02-02 15:00:00
2108,92,10,47.7,168,3,2026-02-03 18:00:00
2109,92,11,85.2,114,1,2026-02-04 12:00:00
2110,92,11,93.5,156,2,2026-02-05 00:00:00
2111,92,12,41.5,134,1,2026-02-06 06:00:00
2112,92,13,56.9,134,1,2026-02-06 10:00:00
2113,92,14,49.1,155,1,2026-02-07 17:00:00
2114,92,14,79.5,146,2,2026-02-08 22:00:00
2115,92,15,97.3,151,1,2026-02-09 08:00:00
2116,92,16,69.1,159,1,2026-02-09 12:00:00
2117,93,1,96.2,133,1,2026-01-28 15:00:00
2118,93,1,40.9,127,2,2026-01-28 19:00:00
2119,93,2,73.3,118,1,2026-01-29 03:00:00
2120,93,2,92.1,123,2,2026-01-30 16:00:00
2121,93,3,51.2,198,1,2026-01-31 20:00:00
2122,93,3,40.6,164,2,2026-02-01 10:00:00
2123,93,3,86.7,112,3,2026-02-01 22:00:00
2124,93,4,98.3,113,1,2026-02-02 05:00:00
2125,93,4,84.0,149,2,2026-02-03 08:00:00
2126,93,5,36.2,150,1,2026-02-03 20:00:00
2127,93,6,54.8,150,1,2026-02-05 07:00:00
2128,93,6,39.7,134,2,2026-02-06 12:00:00
2129,93,6,96.0,137,3,2026-02-07 02:00:00
2130,93,7,32.4,146,1,2026-02-07 06:00:00
2131,93,7,91.4,141,2,2026-02-07 12:00:00
2132,93,8,50.1,95,1,2026-02-08 12:00:00
2133,93,9,95.7,135,1,2026-02-09 11:00:00
2134,93,10,32.7,122,1,2026-02-10 09:00:00
2135,93,10,97.5,143,2,2026-02-11 06:00:00
2136,93,10,86.0,199,3,2026-02-12 13:00:00
2137,93,11,89.3,147,1,2026-02-14 04:00:00
2138,93,11,35.9,133,2,2026-02-16 01:00:00
2139,93,12,52.7,158,1,2026-02-17 05:00:00
2140,93,12,60.5,149,2,2026-02-17 18:00:00
2141,93,12,58.1,148,3,2026-02-18 18:00:00
2142,93,13,94.3,152,1,2026-02-19 22:00:00
2143,93,13,74.0,181,2,2026-02-20 18:00:00
2144,93,14,36.0,117,1,2026-02-22 10:00:00
2145,93,15,50.6,149,1,2026-02-23 03:00:00
2146,93,15,38.5,121,2,2026-02-24 19:00:00
2147,93,15,76.9,151,3,2026-02-25 06:00:00
2148,93,16,97.3,121,1,2026-02-26 10:00:00
2149,93,16,86.4,131,2,2026-02-27 14:00:00
2150,94,1,41.5,84,1,2026-01-08 19:00:00
2151,94,2,41.0,109,1,2026-01-09 02:00:00
2152,94,3,61.5,108,1,2026-01-10 02:00:00
2153,94,3,92.5,65,2,2026-01-10 07:00:00
2154,94,3,68.0,91,3,2026-01-11 04:00:00
2155,94,4,83.0,75,1,2026-01-13 04:00:00
2156,94,5,81.1,64,1,2026-01-15 01:00:00
2157,94,6,83.4,85,1,2026-01-15 23:00:00
2158,94,7,48.7,83,1,2026-01-16 20:00:00
2159,94,7,47.2,138,2,2026-01-18 11:00:00
2160,94,7,86.0,98,3,2026-01-20 02:00:00
2161,94,8,86.2,62,1,2026-01-20 06:00:00
2162,94,9,49.4,78,1,2026-01-22 05:00:00
2163,94,10,72.3,110,1,2026-01-23 08:00:00
2164,94,11,35.3,131,1,2026-01-23 13:00:00
2165,95,1,79.1,108,1,2026-01-18 15:00:00
2166,95,1,74.2,102,2,2026-01-20 07:00:00
2167,95,1,68.8,177,3,2026-01-21 08:00:00
2168,95,2,45.4,147,1,2026-01-21 20:00:00
2169,95,2,63.3,122,2,2026-01-23 10:00:00
2170,95,2,53.6,150,3,2026-01-23 19:00:00
2171,95,3,33.0,87,1,2026-01-24 20:00:00
2172,95,3,35.3,140,2,2026-01-25 23:00:00
2173,95,4,50.2,146,1,2026-01-26 23:00:00
2174,95,5,92.0,158,1,2026-01-28 15:00:00
2175,95,6,48.3,119,1,2026-01-29 12:00:00
2176,95,6,50.1,141,2,2026-01-30 22:00:00
2177,95,7,56.0,121,1,2026-01-31 07:00:00
2178,95,8,82.6,145,1,2026-01-31 16:00:00
2179,95,9,55.6,122,1,2026-02-01 18:00:00
2180,95,10,65.3,131,1,2026-02-02 09:00:00
2181,95,10,59.8,120,2,2026-02-03 00:00:00
2182,95,10,87.1,153,3,2026-02-04 08:00:00
2183,95,11,30.2,157,1,2026-02-05 08:00:00
2184,95,11,85.1,135,2,2026-02-07 05:00:00
2185,95,11,89.4,140,3,2026-02-08 03:00:00
2186,95,12,53.7,111,1,2026-02-09 09:00:00
2187,95,13,69.0,134,1,2026-02-10 21:00:00
2188,95,13,93.1,138,2,2026-02-11 06:00:00
2189,95,13,80.6,192,3,2026-02-12 07:00:00
2190,95,14,65.2,117,1,2026-02-13 05:00:00
2191,95,15,46.2,169,1,2026-02-14 11:00:00
2192,95,16,58.6,159,1,2026-02-16 02:00:00
2193,95,16,42.1,145,2,2026-02-17 14:00:00
2194,95,16,61.8,175,3,2026-02-18 18:00:00
2195,95,17,94.5,147,1,2026-02-19 19:00:00
2196,95,17,43.4,147,2,2026-02-20 22:00:00
2197,95,18,98.1,138,1,2026-02-22 16:00:00
2198,95,19,53.9,164,1,2026-02-22 21:00:00
2199,95,19,50.2,161,2,2026-02-23 07:00:00
2200,95,19,79.9,127,3,2026-02-25 06:00:00
2201,95,20,46.2,113,1,2026-02-25 20:00:00
2202,96,1,56.6,85,1,2026-01-09 04:00:00
2203,96,2,95.8,73,1,2026-01-09 11:00:00
2204,96,2,76.4,88,2,2026-01-10 11:00:00
2205,96,3,89.0,114,1,2026-01-12 04:00:00
2206,96,3,98.7,80,2,2026-01-13 12:00:00
2207,96,3,63.7,89,3,2026-01-14 20:00:00
2208,96,4,66.4,91,1,2026-01-15 23:00:00
2209,96,5,68.7,106,1,2026-01-17 22:00:00
2210,96,6,73.8,45,1,2026-01-18 02:00:00
2211,96,7,79.0,77,1,2026-01-18 10:00:00
2212,96,7,88.5,94,2,2026-01-20 07:00:00
2213,96,8,43.6,114,1,2026-01-21 10:00:00
2214,96,9,30.5,80,1,2026-01-23 02:00:00
2215,96,9,66.3,52,2,2026-01-24 09:00:00
2216,96,10,90.9,102,1,2026-01-25 05:00:00
2217,96,10,35.0,77,2,2026-01-26 02:00:00
2218,96,11,45.0,66,1,2026-01-28 02:00:00
2219,97,1,70.2,77,1,2026-01-17 14:00:00
2220,97,2,81.7,86,1,2026-01-18 10:00:00
2221,97,2,87.5,77,2,2026-01-20 00:00:00
2222,97,3,42.3,45,1,2026-01-20 18:00:00
2223,97,4,65.6,107,1,2026-01-21 00:00:00
2224,97,5,70.4,115,1,2026-01-22 12:00:00
2225,97,5,93.8,103,2,2026-01-23 17:00:00
2226,97,6,96.3,67,1,2026-01-25 02:00:00
2227,97,7,87.8,85,1,2026-01-25 16:00:00
2228,97,8,94.1,89,1,2026-01-26 11:00:00
2229,97,9,83.9,101,1,2026-01-27 02:00:00
2230,97,10,94.0,103,1,2026-01-28 10:00:00
2231,97,11,98.7,75,1,2026-01-29 02:00:00
2232,97,12,84.7,91,1,2026-01-30 15:00:00
2233,97,13,81.1,99,1,2026-01-31 22:00:00
2234,97,13,52.7,119,2,2026-02-02 15:00:00
2235,97,13,86.7,104,3,2026-02-04 15:00:00
2236,97,14,93.0,105,1,2026-02-05 10:00:00
2237,97,15,87.5,91,1,2026-02-05 23:00:00
2238,97,16,35.5,118,1,2026-02-06 09:00:00
2239,97,16,86.5,98,2,2026-02-06 13:00:00
2240,97,16,63.5,72,3,2026-02-07 01:00:00
2241,97,17,84.6,118,1,2026-02-07 10:00:00
2242,98,1,91.3,103,1,2026-01-21 03:00:00
2243,98,2,71.5,81,1,2026-01-22 23:00:00
2244,98,3,95.5,80,1,2026-01-24 07:00:00
2245,98,4,82.5,95,1,2026-01-24 19:00:00
2246,98,5,93.8,99,1,2026-01-25 02:00:00
2247,98,6,86.1,93,1,2026-01-26 19:00:00
2248,98,7,62.4,96,1,2026-01-28 01:00:00
2249,98,8,98.7,123,1,2026-01-28 15:00:00
2250,98,9,32.7,111,1,2026-01-30 05:00:00
2251,98,9,62.0,93,2,2026-01-30 18:00:00
2252,98,9,71.7,108,3,2026-02-01 05:00:00
2253,98,10,91.0,69,1,2026-02-01 11:00:00
2254,98,10,44.4,97,2,2026-02-02 23:00:00
2255,98,11,82.9,126,1,2026-02-03 05:00:00
2256,99,1,89.4,55,1,2026-01-07 02:00:00
2257,99,2,73.5,43,1,2026-01-08 09:00:00
2258,99,3,52.1,46,1,2026-01-09 10:00:00
2259,99,4,84.8,38,1,2026-01-09 16:00:00
2260,99,4,35.9,44,2,2026-01-11 11:00:00
2261,99,4,87.1,52,3,2026-01-11 20:00:00
2262,99,5,68.9,31,1,2026-01-12 18:00:00
2263,99,6,76.1,60,1,2026-01-13 13:00:00
2264,99,7,81.2,78,1,2026-01-15 00:00:00
2265,99,7,81.7,41,2,2026-01-16 09:00:00
2266,99,7,46.0,90,3,2026-01-17 10:00:00
2267,99,8,44.4,70,1,2026-01-18 11:00:00
2268,99,8,95.7,80,2,2026-01-20 03:00:00
2269,99,8,81.5,46,3,2026-01-21 21:00:00
2270,99,9,81.1,77,1,2026-01-22 12:00:00
2271,99,10,80.3,38,1,2026-01-24 00:00:00
2272,99,10,81.9,77,2,2026-01-25 03:00:00
2273,99,11,41.0,63,1,2026-01-26 12:00:00
2274,99,12,98.0,71,1,2026-01-27 03:00:00
2275,99,12,87.5,36,2,2026-01-27 23:00:00
2276,99,13,38.5,42,1,2026-01-28 23:00:00
2277,100,1,97.2,71,1,2026-01-27 18:00:00
2278,100,2,62.8,41,1,2026-01-29 05:00:00
2279,100,3,74.7,69,1,2026-01-30 20:00:00
2280,100,4,40.4,32,1,2026-02-01 08:00:00
2281,100,5,57.0,76,1,2026-02-03 05:00:00
2282,100,6,74.0,35,1,2026-02-04 13:00:00
2283,100,7,97.3,71,1,2026-02-04 17:00:00
2284,100,8,67.2,72,1,2026-02-05 06:00:00
2285,100,9,74.6,46,1,2026-02-05 12:00:00
2286,100,10,98.4,71,1,2026-02-06 21:00:00
2287,100,11,73.7,65,1,2026-02-08 13:00:00
2288,100,12,66.2,49,1,2026-02-10 00:00:00
2289,100,13,81.7,39,1,2026-02-10 13:00:00
2290,100,14,61.3,30,1,2026-02-12 09:00:00
2291,100,15,97.3,66,1,2026-02-14 07:00:00
2292,100,16,37.6,30,1,2026-02-15 01:00:00
2293,100,16,84.2,61,2,2026-02-15 23:00:00
2294,100,17,85.2,54,1,2026-02-17 06:00:00
2295,100,18,75.6,73,1,2026-02-18 15:00:00
2296,100,19,38.0,53,1,2026-02-19 05:00:00
2297,100,20,95.4,53,1,2026-02-19 15:00:00
2298,101,1,49.7,74,1,2026-01-29 09:00:00
2299,101,1,77.7,66,2,2026-01-30 05:00:00
2300,101,1,77.9,66,3,2026-01-31 05:00:00
2301,101,2,50.3,69,1,2026-01-31 19:00:00
2302,101,3,99.7,30,1,2026-02-01 08:00:00
2303,101,4,98.8,75,1,2026-02-01 23:00:00
2304,101,4,54.7,72,2,2026-02-02 14:00:00
2305,101,4,81.7,39,3,2026-02-04 11:00:00
2306,101,5,93.8,55,1,2026-02-05 08:00:00
2307,101,6,60.8,59,1,2026-02-06 23:00:00
2308,101,7,89.8,57,1,2026-02-08 03:00:00
2309,101,8,81.6,66,1,2026-02-09 13:00:00
2310,101,9,94.0,88,1,2026-02-10 09:00:00
2311,101,10,90.2,81,1,2026-02-12 01:00:00
2312,101,11,76.3,33,1,2026-02-13 05:00:00
2313,101,12,62.4,72,1,2026-02-14 15:00:00
2314,101,13,96.0,86,1,2026-02-14 19:00:00
2315,101,14,76.1,67,1,2026-02-15 18:00:00
2316,101,15,71.1,81,1,2026-02-17 15:00:00
2317,101,16,93.9,100,1,2026-02-19 01:00:00
2318,101,17,57.7,80,1,2026-02-20 10:00:00
2319,101,18,67.5,64,1,2026-02-22 06:00:00
2320,101,19,75.7,80,1,2026-02-23 10:00:00
2321,101,20,80.6,62,1,2026-02-23 21:00:00
2322,102,1,97.6,90,1,2026-01-24 20:00:00
2323,102,1,82.6,82,2,2026-01-25 03:00:00
2324,102,1,90.0,121,3,2026-01-26 02:00:00
2325,102,2,33.6,73,1,2026-01-27 01:00:00
2326,102,3,82.2,120,1,2026-01-28 02:00:00
2327,102,3,31.5,99,2,2026-01-28 20:00:00
2328,102,4,96.5,62,1,2026-01-30 04:00:00
2329,102,4,38.9,97,2,2026-01-31 20:00:00
2330,102,5,34.4,47,1,2026-02-01 11:00:00
2331,102,6,72.4,102,1,2026-02-02 10:00:00
2332,102,7,54.4,107,1,2026-02-04 02:00:00
2333,102,8,64.9,78,1,2026-02-05 03:00:00
2334,102,9,87.1,92,1,2026-02-06 22:00:00
2335,102,9,91.2,129,2,2026-02-08 16:00:00
2336,102,10,40.5,79,1,2026-02-09 13:00:00
2337,102,11,91.7,68,1,2026-02-10 19:00:00
2338,102,12,98.0,119,1,2026-02-12 08:00:00
2339,102,13,90.7,129,1,2026-02-13 16:00:00
2340,102,13,79.0,90,2,2026-02-13 22:00:00
2341,102,13,61.3,110,3,2026-02-14 20:00:00
2342,102,14,70.3,116,1,2026-02-15 08:00:00
2343,103,1,88.3,75,1,2026-01-30 08:00:00
2344,103,2,95.9,80,1,2026-01-30 19:00:00
2345,103,3,80.1,114,1,2026-01-31 11:00:00
2346,103,4,54.3,123,1,2026-01-31 20:00:00
2347,103,5,45.8,101,1,2026-02-01 16:00:00
2348,103,6,41.8,72,1,2026-02-01 23:00:00
2349,103,7,83.7,129,1,2026-02-02 18:00:00
2350,103,8,58.5,79,1,2026-02-03 12:00:00
2351,103,9,31.3,83,1,2026-02-05 02:00:00
2352,103,9,41.2,96,2,2026-02-05 15:00:00
2353,103,10,47.5,121,1,2026-02-07 13:00:00
2354,103,10,71.1,107,2,2026-02-08 09:00:00
2355,103,10,93.8,98,3,2026-02-08 22:00:00
2356,103,11,80.2,99,1,2026-02-09 19:00:00
2357,103,12,85.6,90,1,2026-02-10 11:00:00
2358,103,13,38.6,101,1,2026-02-12 03:00:00
2359,103,14,90.8,39,1,2026-02-13 11:00:00
2360,104,1,84.4,84,1,2026-01-18 07:00:00
2361,104,2,89.3,94,1,2026-01-18 14:00:00
2362,104,3,52.2,66,1,2026-01-19 08:00:00
2363,104,4,86.2,97,1,2026-01-19 20:00:00
2364,104,5,74.9,85,1,2026-01-20 05:00:00
2365,104,6,40.3,125,1,2026-01-21 11:00:00
2366,104,7,57.6,121,1,2026-01-22 21:00:00
2367,104,8,80.8,80,1,2026-01-23 17:00:00
2368,104,9,74.5,86,1,2026-01-25 16:00:00
2369,104,10,43.7,88,1,2026-01-27 09:00:00
2370,105,1,48.0,100,1,2026-01-10 19:00:00
2371,105,1,99.4,113,2,2026-01-11 07:00:00
2372,105,2,59.6,94,1,2026-01-12 13:00:00
2373,105,2,49.3,87,2,2026-01-12 20:00:00
2374,105,2,80.6,122,3,2026-01-13 14:00:00
2375,105,3,36.9,122,1,2026-01-14 01:00:00
2376,105,3,86.7,93,2,2026-01-14 21:00:00
2377,105,3,36.0,127,3,2026-01-16 00:00:00
2378,105,4,45.3,97,1,2026-01-17 17:00:00
2379,105,4,62.6,115,2,2026-01-17 21:00:00
2380,105,5,53.9,126,1,2026-01-19 10:00:00
2381,105,6,45.1,109,1,2026-01-20 13:00:00
2382,105,7,40.3,119,1,2026-01-22 12:00:00
2383,105,8,46.5,99,1,2026-01-24 06:00:00
2384,105,9,52.6,106,1,2026-01-24 20:00:00
2385,105,10,88.1,105,1,2026-01-25 05:00:00
2386,105,11,72.1,95,1,2026-01-26 22:00:00
2387,105,12,46.0,106,1,2026-01-28 20:00:00
2388,106,1,91.7,30,1,2026-01-24 15:00:00
2389,106,2,85.4,50,1,2026-01-26 13:00:00
2390,106,3,71.2,54,1,2026-01-28 03:00:00
2391,106,4,95.5,54,1,2026-01-30 00:00:00
2392,106,5,51.5,55,1,2026-01-30 11:00:00
2393,106,6,87.5,58,1,2026-01-30 15:00:00
2394,106,7,59.9,69,1,2026-01-31 14:00:00
2395,106,8,49.9,77,1,2026-02-02 02:00:00
2396,106,9,41.2,47,1,2026-02-03 06:00:00
2397,106,10,89.8,35,1,2026-02-03 18:00:00
2398,106,11,75.5,39,1,2026-02-04 09:00:00
2399,106,12,34.5,50,1,2026-02-05 02:00:00
2400,107,1,95.9,82,1,2026-01-30 11:00:00
2401,107,1,87.8,74,2,2026-01-31 17:00:00
2402,107,1,89.6,64,3,2026-02-02 17:00:00
2403,107,2,46.8,80,1,2026-02-03 11:00:00
2404,107,3,51.5,93,1,2026-02-04 03:00:00
2405,107,4,94.3,101,1,2026-02-05 23:00:00
2406,107,5,36.5,78,1,2026-02-07 01:00:00
2407,107,6,86.0,81,1,2026-02-07 08:00:00
2408,107,7,69.6,71,1,2026-02-07 23:00:00
2409,107,8,46.3,89,1,2026-02-08 16:00:00
2410,107,9,83.6,73,1,2026-02-09 21:00:00
2411,107,9,34.3,101,2,2026-02-10 20:00:00
2412,107,9,36.3,54,3,2026-02-12 18:00:00
2413,107,10,75.6,82,1,2026-02-13 12:00:00
2414,107,10,98.1,96,2,2026-02-14 22:00:00
2415,107,10,72.8,93,3,2026-02-16 08:00:00
2416,107,11,89.0,143,1,2026-02-18 01:00:00
2417,107,12,48.6,96,1,2026-02-18 09:00:00
2418,107,13,87.8,69,1,2026-02-18 20:00:00
2419,107,14,90.3,88,1,2026-02-20 07:00:00
2420,107,15,92.9,54,1,2026-02-21 12:00:00
2421,107,16,88.5,88,1,2026-02-22 20:00:00
2422,107,17,30.4,73,1,2026-02-24 03:00:00
2423,107,18,35.7,108,1,2026-02-25 00:00:00
2424,107,18,42.2,79,2,2026-02-26 17:00:00
2425,107,19,90.6,87,1,2026-02-28 11:00:00
2426,108,1,98.6,127,1,2026-01-25 05:00:00
2427,108,1,77.3,174,2,2026-01-25 16:00:00
2428,108,2,81.4,133,1,2026-01-27 06:00:00
2429,108,2,93.8,176,2,2026-01-28 04:00:00
2430,108,2,75.1,156,3,2026-01-28 08:00:00
2431,108,3,88.1,149,1,2026-01-29 13:00:00
2432,108,4,76.6,147,1,2026-01-31 02:00:00
2433,108,4,79.2,147,2,2026-01-31 08:00:00
2434,108,5,46.6,101,1,2026-01-31 18:00:00
2435,108,5,66.5,134,2,2026-02-02 02:00:00
2436,108,5,58.7,156,3,2026-02-02 08:00:00
2437,108,6,30.7,139,1,2026-02-03 10:00:00
2438,108,6,60.6,111,2,2026-02-03 20:00:00
2439,108,6,69.5,138,3,2026-02-05 18:00:00
2440,108,7,84.2,174,1,2026-02-07 15:00:00
2441,108,8,78.1,164,1,2026-02-08 02:00:00
2442,108,8,67.4,138,2,2026-02-08 14:00:00
2443,108,8,46.8,159,3,2026-02-10 12:00:00
2444,108,9,43.7,132,1,2026-02-10 23:00:00
2445,108,10,70.2,105,1,2026-02-11 14:00:00
2446,108,11,79.2,121,1,2026-02-11 19:00:00
2447,108,12,36.8,171,1,2026-02-13 13:00:00
2448,108,13,38.7,134,1,2026-02-14 14:00:00
2449,108,13,56.3,135,2,2026-02-15 09:00:00
2450,108,14,48.5,134,1,2026-02-15 22:00:00
2451,108,14,51.8,178,2,2026-02-16 19:00:00
2452,108,14,42.8,172,3,2026-02-17 19:00:00
2453,108,15,35.6,184,1,2026-02-19 18:00:00
2454,108,16,72.0,136,1,2026-02-21 13:00:00
2455,108,16,79.3,145,2,2026-02-23 09:00:00
2456,108,17,44.2,109,1,2026-02-24 12:00:00
2457,108,18,93.7,169,1,2026-02-25 10:00:00
2458,108,18,62.2,116,2,2026-02-27 03:00:00
2459,108,18,66.0,144,3,2026-02-27 23:00:00
2460,108,19,76.5,118,1,2026-02-28 15:00:00
2461,109,1,85.2,48,1,2026-01-12 06:00:00
2462,109,1,84.3,43,2,2026-01-12 21:00:00
2463,109,2,73.7,47,1,2026-01-13 05:00:00
2464,109,3,94.2,49,1,2026-01-13 23:00:00
2465,109,3,73.2,49,2,2026-01-15 11:00:00
2466,109,3,81.4,76,3,2026-01-16 09:00:00
2467,109,4,72.0,37,1,2026-01-17 14:00:00
2468,109,4,88.1,64,2,2026-01-18 19:00:00
2469,109,4,97.2,84,3,2026-01-20 02:00:00
2470,109,5,76.8,49,1,2026-01-21 17:00:00
2471,109,6,82.3,45,1,2026-01-22 02:00:00
2472,109,7,78.9,55,1,2026-01-23 14:00:00
2473,109,8,65.5,83,1,2026-01-24 17:00:00
2474,109,9,32.0,63,1,2026-01-25 04:00:00
2475,109,9,86.2,49,2,2026-01-26 21:00:00
2476,109,9,75.6,69,3,2026-01-27 20:00:00
2477,109,10,99.0,37,1,2026-01-29 09:00:00
2478,109,10,38.2,73,2,2026-01-30 06:00:00
2479,109,10,34.2,68,3,2026-01-31 11:00:00
2480,109,11,73.4,53,1,2026-02-01 18:00:00
2481,109,12,98.4,43,1,2026-02-03 08:00:00
2482,109,13,75.0,42,1,2026-02-05 00:00:00
2483,109,14,82.8,70,1,2026-02-05 13:00:00
2484,109,15,42.5,84,1,2026-02-07 09:00:00
2485,109,16,73.8,47,1,2026-02-09 07:00:00
2486,109,17,33.2,69,1,2026-02-10 02:00:00
2487,109,18,43.9,30,1,2026-02-11 23:00:00
2488,109,19,61.8,48,1,2026-02-12 23:00:00
2489,110,1,72.1,59,1,2026-01-16 09:00:00
2490,110,2,90.7,41,1,2026-01-17 17:00:00
2491,110,3,70.2,41,1,2026-01-19 12:00:00
2492,110,4,78.8,46,1,2026-01-20 15:00:00
2493,110,5,87.0,65,1,2026-01-21 10:00:00
2494,110,5,78.7,56,2,2026-01-21 21:00:00
2495,110,6,70.8,30,1,2026-01-23 08:00:00
2496,110,6,70.1,30,2,2026-01-25 05:00:00
2497,110,7,94.5,47,1,2026-01-26 01:00:00
2498,110,8,98.5,69,1,2026-01-28 01:00:00
2499,110,9,31.7,30,1,2026-01-29 07:00:00
2500,110,9,51.8,50,2,2026-01-29 23:00:00
2501,110,10,98.0,49,1,2026-01-30 16:00:00
2502,110,11,92.6,87,1,2026-02-01 01:00:00
2503,110,12,46.7,52,1,2026-02-02 17:00:00
2504,111,1,52.7,97,1,2026-01-04 00:00:00
2505,111,1,50.3,92,2,2026-01-04 21:00:00
2506,111,1,91.2,47,3,2026-01-05 23:00:00
2507,111,2,30.8,105,1,2026-01-06 20:00:00
2508,111,3,98.4,94,1,2026-01-07 02:00:00
2509,111,3,50.2,100,2,2026-01-08 15:00:00
2510,111,4,77.0,168,1,2026-01-10 03:00:00
2511,111,5,91.5,48,1,2026-01-10 23:00:00
2512,111,6,89.1,124,1,2026-01-11 15:00:00
2513,111,6,74.0,84,2,2026-01-13 05:00:00
2514,111,7,39.3,95,1,2026-01-13 19:00:00
2515,111,8,92.7,89,1,2026-01-14 07:00:00
2516,111,9,40.9,81,1,2026-01-16 00:00:00
2517,111,10,84.5,78,1,2026-01-16 08:00:00
2518,111,10,35.8,96,2,2026-01-18 04:00:00
2519,111,10,52.3,59,3,2026-01-19 21:00:00
2520,111,11,81.2,105,1,2026-01-20 14:00:00
2521,111,12,38.5,81,1,2026-01-22 14:00:00
2522,111,13,85.8,67,1,2026-01-23 06:00:00
2523,111,14,56.0,80,1,2026-01-24 11:00:00
2524,111,15,94.1,115,1,2026-01-25 06:00:00
2525,111,16,30.4,79,1,2026-01-26 20:00:00
2526,111,17,98.7,97,1,2026-01-27 15:00:00
2527,111,18,92.6,75,1,2026-01-29 00:00:00
2528,111,19,92.3,105,1,2026-01-30 04:00:00
2529,111,20,94.7,103,1,2026-01-30 15:00:00
2530,112,1,94.2,96,1,2026-02-02 16:00:00
2531,112,2,99.4,56,1,2026-02-03 22:00:00
2532,112,3,72.8,73,1,2026-02-04 13:00:00
2533,112,4,92.0,61,1,2026-02-04 22:00:00
2534,112,4,94.7,85,2,2026-02-05 19:00:00
2535,112,5,88.8,45,1,2026-02-06 10:00:00
2536,112,6,88.1,74,1,2026-02-06 19:00:00
2537,112,7,73.4,56,1,2026-02-08 12:00:00
2538,112,7,73.3,58,2,2026-02-08 22:00:00
2539,112,8,58.1,61,1,2026-02-10 03:00:00
2540,112,9,35.1,65,1,2026-02-11 15:00:00
2541,112,10,77.8,57,1,2026-02-12 12:00:00
2542,112,11,34.4,64,1,2026-02-12 21:00:00
2543,113,1,71.5,141,1,2026-01-16 07:00:00
2544,113,2,69.1,129,1,2026-01-16 23:00:00
2545,113,3,34.7,127,1,2026-01-17 05:00:00
2546,113,4,99.9,100,1,2026-01-17 09:00:00
2547,113,5,43.1,92,1,2026-01-17 13:00:00
2548,113,6,78.8,129,1,2026-01-18 17:00:00
2549,113,7,60.6,127,1,2026-01-20 06:00:00
2550,113,8,63.9,139,1,2026-01-21 23:00:00
2551,113,9,53.2,97,1,2026-01-23 08:00:00
2552,113,10,59.2,105,1,2026-01-23 12:00:00
2553,113,11,70.7,77,1,2026-01-24 07:00:00
2554,113,11,83.0,102,2,2026-01-26 06:00:00
2555,113,12,88.1,129,1,2026-01-27 06:00:00
2556,113,13,42.3,100,1,2026-01-28 22:00:00
2557,113,14,77.2,122,1,2026-01-29 15:00:00
2558,113,15,40.0,106,1,2026-01-31 07:00:00
2559,113,16,86.5,116,1,2026-01-31 14:00:00
2560,113,17,66.7,87,1,2026-02-02 14:00:00
2561,113,18,96.7,111,1,2026-02-02 18:00:00
2562,113,18,32.8,50,2,2026-02-03 20:00:00
2563,113,19,46.4,106,1,2026-02-05 16:00:00
2564,113,19,78.8,77,2,2026-02-07 01:00:00
2565,114,1,57.4,164,1,2026-01-23 10:00:00
2566,114,1,43.8,155,2,2026-01-25 06:00:00
2567,114,2,36.9,149,1,2026-01-25 13:00:00
2568,114,3,50.8,170,1,2026-01-26 01:00:00
2569,114,4,69.5,121,1,2026-01-26 13:00:00
2570,114,5,67.8,174,1,2026-01-28 10:00:00
2571,114,6,94.4,158,1,2026-01-29 10:00:00
2572,114,7,65.7,135,1,2026-01-30 09:00:00
2573,114,8,72.6,162,1,2026-01-30 14:00:00
2574,114,9,42.3,117,1,2026-01-31 07:00:00
2575,114,9,46.8,123,2,2026-02-01 09:00:00
2576,114,9,79.5,127,3,2026-02-01 23:00:00
2577,114,10,50.3,129,1,2026-02-03 07:00:00
2578,114,11,72.3,118,1,2026-02-03 19:00:00
2579,114,12,84.0,164,1,2026-02-05 14:00:00
2580,114,12,44.4,134,2,2026-02-05 21:00:00
2581,115,1,68.8,97,1,2026-01-22 10:00:00
2582,115,2,82.6,78,1,2026-01-22 17:00:00
2583,115,2,36.0,53,2,2026-01-23 06:00:00
2584,115,3,93.6,95,1,2026-01-24 08:00:00
2585,115,4,34.0,51,1,2026-01-24 17:00:00
2586,115,4,72.4,88,2,2026-01-25 09:00:00
2587,115,4,47.1,62,3,2026-01-25 13:00:00
2588,115,5,58.9,129,1,2026-01-27 01:00:00
2589,115,5,51.4,108,2,2026-01-28 18:00:00
2590,115,5,73.0,92,3,2026-01-28 23:00:00
2591,115,6,72.5,115,1,2026-01-30 21:00:00
2592,115,7,88.3,73,1,2026-02-01 02:00:00
2593,115,8,91.9,100,1,2026-02-01 15:00:00
2594,115,9,38.0,93,1,2026-02-01 22:00:00
2595,115,10,94.2,95,1,2026-02-02 05:00:00
2596,115,11,49.8,115,1,2026-02-02 15:00:00
2597,115,12,60.2,104,1,2026-02-03 01:00:00
2598,115,13,87.5,95,1,2026-02-04 13:00:00
2599,115,14,98.7,56,1,2026-02-05 00:00:00
2600,115,14,73.6,70,2,2026-02-06 13:00:00
2601,115,14,63.4,87,3,2026-02-08 02:00:00
2602,116,1,67.7,141,1,2026-01-02 18:00:00
2603,116,1,34.4,117,2,2026-01-04 09:00:00
2604,116,1,57.0,188,3,2026-01-04 21:00:00
2605,116,2,63.4,170,1,2026-01-05 13:00:00
2606,116,2,65.9,152,2,2026-01-07 04:00:00
2607,116,2,91.7,141,3,2026-01-08 19:00:00
2608,116,3,89.5,135,1,2026-01-09 01:00:00
2609,116,3,81.9,120,2,2026-01-09 13:00:00
2610,116,3,61.5,141,3,2026-01-10 18:00:00
2611,116,4,45.5,145,1,2026-01-12 16:00:00
2612,116,4,34.7,115,2,2026-01-13 23:00:00
2613,116,5,59.4,146,1,2026-01-14 08:00:00
2614,116,6,80.9,136,1,2026-01-14 12:00:00
2615,116,7,57.7,101,1,2026-01-15 05:00:00
2616,116,8,70.3,122,1,2026-01-15 13:00:00
2617,116,8,42.6,131,2,2026-01-15 21:00:00
2618,116,8,32.8,177,3,2026-01-16 07:00:00
2619,116,9,58.4,151,1,2026-01-18 07:00:00
2620,116,9,39.3,113,2,2026-01-20 02:00:00
2621,116,10,60.7,149,1,2026-01-21 13:00:00
2622,116,10,64.1,109,2,2026-01-23 06:00:00
2623,116,11,93.1,161,1,2026-01-23 17:00:00
2624,116,12,52.5,130,1,2026-01-25 10:00:00
2625,116,13,90.1,138,1,2026-01-27 06:00:00
2626,116,14,47.4,166,1,2026-01-28 04:00:00
2627,116,15,73.1,114,1,2026-01-29 06:00:00
2628,116,16,60.1,112,1,2026-01-30 10:00:00
2629,116,16,38.6,128,2,2026-02-01 08:00:00
2630,116,17,32.9,160,1,2026-02-02 16:00:00
2631,116,18,36.9,109,1,2026-02-02 23:00:00
2632,116,18,35.9,83,2,2026-02-04 12:00:00
2633,116,19,47.1,130,1,2026-02-04 18:00:00
2634,117,1,64.3,151,1,2026-01-08 10:00:00
2635,117,2,74.2,164,1,2026-01-09 20:00:00
2636,117,2,50.1,130,2,2026-01-11 09:00:00
2637,117,3,50.9,131,1,2026-01-12 22:00:00
2638,117,3,61.1,163,2,2026-01-13 05:00:00
2639,117,4,53.1,102,1,2026-01-13 18:00:00
2640,117,4,47.1,132,2,2026-01-15 12:00:00
2641,117,4,59.4,143,3,2026-01-16 04:00:00
2642,117,5,43.7,148,1,2026-01-17 15:00:00
2643,117,5,31.1,129,2,2026-01-19 08:00:00
2644,117,6,38.2,140,1,2026-01-19 20:00:00
2645,117,6,73.1,90,2,2026-01-21 17:00:00
2646,117,7,34.3,126,1,2026-01-22 04:00:00
2647,117,7,96.5,149,2,2026-01-23 02:00:00
2648,117,7,46.1,120,3,2026-01-23 23:00:00
2649,117,8,87.5,141,1,2026-01-25 16:00:00
2650,117,8,69.7,148,2,2026-01-26 07:00:00
2651,117,9,49.8,133,1,2026-01-28 06:00:00
2652,117,10,60.3,143,1,2026-01-29 15:00:00
2653,117,10,61.1,120,2,2026-01-30 07:00:00
2654,117,11,37.3,135,1,2026-01-31 13:00:00
2655,117,12,61.2,152,1,2026-02-01 03:00:00
2656,117,12,68.2,143,2,2026-02-01 07:00:00
2657,117,13,54.6,128,1,2026-02-01 21:00:00
2658,117,14,91.0,144,1,2026-02-02 15:00:00
2659,117,14,52.8,154,2,2026-02-03 00:00:00
2660,117,14,99.2,99,3,2026-02-04 21:00:00
2661,117,15,62.9,163,1,2026-02-06 02:00:00
2662,117,15,69.0,133,2,2026-02-07 23:00:00
2663,117,16,30.0,148,1,2026-02-08 04:00:00
2664,117,16,49.8,163,2,2026-02-08 08:00:00
2665,118,1,95.3,32,1,2026-01-16 10:00:00
2666,118,2,78.4,45,1,2026-01-17 05:00:00
2667,118,2,74.7,54,2,2026-01-17 23:00:00
2668,118,3,94.3,44,1,2026-01-18 07:00:00
2669,118,4,39.0,94,1,2026-01-20 02:00:00
2670,118,5,53.2,42,1,2026-01-20 20:00:00
2671,118,6,74.9,48,1,2026-01-21 15:00:00
2672,118,7,86.9,64,1,2026-01-23 05:00:00
2673,118,8,87.4,35,1,2026-01-23 14:00:00
2674,118,9,74.0,52,1,2026-01-25 09:00:00
2675,118,10,79.3,66,1,2026-01-25 17:00:00
2676,119,1,52.6,133,1,2026-02-01 21:00:00
2677,119,2,83.4,138,1,2026-02-02 09:00:00
2678,119,3,82.7,129,1,2026-02-03 14:00:00
2679,119,4,65.8,109,1,2026-02-04 10:00:00
2680,119,4,94.3,146,2,2026-02-05 17:00:00
2681,119,5,42.6,175,1,2026-02-07 07:00:00
2682,119,6,80.0,140,1,2026-02-09 07:00:00
2683,119,7,77.1,144,1,2026-02-11 03:00:00
2684,119,8,88.2,153,1,2026-02-11 15:00:00
2685,119,8,36.1,114,2,2026-02-12 11:00:00
2686,119,8,40.1,174,3,2026-02-13 06:00:00
2687,119,9,68.7,144,1,2026-02-13 21:00:00
2688,119,9,55.3,172,2,2026-02-14 03:00:00
2689,119,9,53.5,125,3,2026-02-14 22:00:00
2690,119,10,51.7,176,1,2026-02-15 23:00:00
2691,119,11,44.3,155,1,2026-02-17 11:00:00
2692,119,12,61.7,151,1,2026-02-19 11:00:00
2693,119,12,85.2,144,2,2026-02-20 02:00:00
2694,119,13,64.4,135,1,2026-02-21 01:00:00
2695,119,13,87.6,164,2,2026-02-22 04:00:00
2696,119,14,44.1,142,1,2026-02-22 14:00:00
2697,119,15,37.5,100,1,2026-02-23 05:00:00
2698,119,15,98.4,117,2,2026-02-23 09:00:00
2699,119,16,54.2,136,1,2026-02-23 13:00:00
2700,119,16,47.7,146,2,2026-02-24 03:00:00
2701,119,16,63.2,138,3,2026-02-24 07:00:00
2702,120,1,55.8,114,1,2026-01-26 10:00:00
2703,120,2,76.0,50,1,2026-01-27 05:00:00
2704,120,3,95.6,92,1,2026-01-28 22:00:00
2705,120,4,71.1,53,1,2026-01-30 07:00:00
2706,120,5,64.7,105,1,2026-01-31 17:00:00
2707,120,6,87.2,88,1,2026-02-01 19:00:00
2708,120,7,64.2,98,1,2026-02-03 02:00:00
2709,120,8,98.1,72,1,2026-02-03 13:00:00
2710,120,8,42.0,115,2,2026-02-03 22:00:00
2711,120,9,48.5,110,1,2026-02-04 14:00:00
2712,120,10,38.3,101,1,2026-02-05 21:00:00
2713,120,11,62.3,87,1,2026-02-06 18:00:00
2714,120,12,49.7,101,1,2026-02-07 03:00:00
2715,120,13,76.6,75,1,2026-02-07 17:00:00
2716,121,1,80.1,157,1,2026-01-27 02:00:00
2717,121,2,96.2,172,1,2026-01-27 06:00:00
2718,121,3,84.0,161,1,2026-01-27 12:00:00
2719,121,3,70.4,125,2,2026-01-28 09:00:00
2720,121,3,55.0,147,3,2026-01-29 21:00:00
2721,121,4,39.4,114,1,2026-01-31 02:00:00
2722,121,5,47.1,151,1,2026-01-31 10:00:00
2723,121,5,33.7,149,2,2026-02-02 06:00:00
2724,121,5,38.5,102,3,2026-02-03 19:00:00
2725,121,6,44.0,116,1,2026-02-05 16:00:00
2726,121,6,96.3,134,2,2026-02-07 01:00:00
2727,121,7,65.2,133,1,2026-02-08 04:00:00
2728,121,8,36.0,115,1,2026-02-08 10:00:00
2729,121,8,85.5,147,2,2026-02-08 21:00:00
2730,121,8,63.4,145,3,2026-02-10 06:00:00
2731,121,9,31.5,136,1,2026-02-10 12:00:00
2732,121,9,53.6,124,2,2026-02-11 09:00:00
2733,121,10,82.1,160,1,2026-02-12 02:00:00
2734,121,10,75.5,173,2,2026-02-12 14:00:00
2735,121,10,72.4,130,3,2026-02-14 11:00:00
2736,121,11,43.1,127,1,2026-02-15 04:00:00
2737,121,11,52.8,149,2,2026-02-16 14:00:00
2738,121,12,50.1,132,1,2026-02-18 09:00:00
2739,121,12,55.4,137,2,2026-02-19 09:00:00
2740,121,12,73.5,154,3,2026-02-19 21:00:00
2741,122,1,51.7,101,1,2026-01-04 00:00:00
2742,122,2,46.0,166,1,2026-01-04 07:00:00
2743,122,3,99.9,141,1,2026-01-06 02:00:00
2744,122,3,46.7,131,2,2026-01-06 13:00:00
2745,122,3,48.3,138,3,2026-01-07 07:00:00
2746,122,4,31.2,139,1,2026-01-09 00:00:00
2747,122,5,55.5,105,1,2026-01-09 23:00:00
2748,122,5,52.6,169,2,2026-01-10 21:00:00
2749,122,6,86.2,140,1,2026-01-12 16:00:00
2750,122,7,50.5,148,1,2026-01-13 10:00:00
2751,122,7,96.1,159,2,2026-01-15 10:00:00
2752,122,8,67.0,119,1,2026-01-16 20:00:00
2753,122,9,64.5,149,1,2026-01-18 17:00:00
2754,122,9,65.2,134,2,2026-01-20 14:00:00
2755,122,10,60.9,156,1,2026-01-21 06:00:00
2756,122,11,83.4,97,1,2026-01-23 02:00:00
2757,122,11,31.3,138,2,2026-01-24 14:00:00
2758,122,12,56.0,127,1,2026-01-25 20:00:00
2759,122,12,31.2,148,2,2026-01-26 20:00:00
2760,122,12,53.1,149,3,2026-01-28 09:00:00
2761,122,13,30.1,125,1,2026-01-28 17:00:00
2762,122,14,46.2,125,1,2026-01-29 07:00:00
2763,122,15,71.7,137,1,2026-01-31 02:00:00
2764,122,16,62.0,122,1,2026-01-31 23:00:00
2765,122,16,50.8,156,2,2026-02-01 19:00:00
2766,122,17,56.2,132,1,2026-02-02 08:00:00
2767,122,17,72.7,81,2,2026-02-04 02:00:00
2768,122,17,37.3,132,3,2026-02-05 05:00:00
2769,122,18,55.9,119,1,2026-02-06 00:00:00
2770,123,1,92.9,57,1,2026-01-06 00:00:00
2771,123,2,92.6,65,1,2026-01-07 07:00:00
2772,123,3,64.9,92,1,2026-01-07 12:00:00
2773,123,3,80.6,116,2,2026-01-09 02:00:00
2774,123,3,78.3,96,3,2026-01-09 21:00:00
2775,123,4,82.1,77,1,2026-01-11 04:00:00
2776,123,5,94.5,99,1,2026-01-12 21:00:00
2777,123,6,75.5,80,1,2026-01-14 15:00:00
2778,123,7,52.7,76,1,2026-01-16 00:00:00
2779,123,8,67.8,66,1,2026-01-17 17:00:00
2780,123,9,79.6,54,1,2026-01-19 08:00:00
2781,123,9,58.3,82,2,2026-01-20 23:00:00
2782,123,9,73.6,93,3,2026-01-22 06:00:00
2783,123,10,88.1,88,1,2026-01-22 16:00:00
2784,123,11,70.9,81,1,2026-01-23 04:00:00
2785,123,12,67.7,71,1,2026-01-24 23:00:00
2786,123,13,73.5,102,1,2026-01-25 07:00:00
2787,123,13,97.0,63,2,2026-01-26 18:00:00
2788,123,13,86.2,105,3,2026-01-27 00:00:00
2789,123,14,35.4,69,1,2026-01-28 22:00:00
2790,124,1,80.1,44,1,2026-01-14 13:00:00
2791,124,2,34.1,30,1,2026-01-16 07:00:00
2792,124,2,63.0,49,2,2026-01-17 23:00:00
2793,124,3,70.1,79,1,2026-01-19 13:00:00
2794,124,4,73.0,70,1,2026-01-21 08:00:00
2795,124,5,55.6,79,1,2026-01-23 05:00:00
2796,124,6,79.5,70,1,2026-01-23 16:00:00
2797,124,7,71.6,37,1,2026-01-24 21:00:00
2798,124,8,82.6,53,1,2026-01-25 23:00:00
2799,124,9,72.1,44,1,2026-01-27 16:00:00
2800,124,9,71.2,86,2,2026-01-28 08:00:00
2801,124,9,83.5,36,3,2026-01-29 07:00:00
2802,124,10,73.9,77,1,2026-01-30 21:00:00
2803,124,11,82.4,77,1,2026-02-01 21:00:00
2804,124,12,93.4,96,1,2026-02-03 21:00:00
2805,124,13,72.4,51,1,2026-02-05 11:00:00
2806,124,14,80.6,74,1,2026-02-05 19:00:00
2807,124,15,95.1,105,1,2026-02-06 05:00:00
2808,124,16,90.0,47,1,2026-02-07 08:00:00
2809,124,17,87.6,30,1,2026-02-07 15:00:00
2810,124,18,69.7,30,1,2026-02-08 12:00:00
2811,124,19,81.8,74,1,2026-02-09 05:00:00
2812,124,20,98.5,30,1,2026-02-10 20:00:00
2813,124,20,70.4,52,2,2026-02-12 04:00:00
2814,124,20,33.6,68,3,2026-02-13 22:00:00
2815,125,1,80.3,63,1,2026-01-20 17:00:00
2816,125,2,95.5,68,1,2026-01-22 02:00:00
2817,125,3,98.9,64,1,2026-01-22 08:00:00
2818,125,3,99.4,85,2,2026-01-24 02:00:00
2819,125,4,99.4,40,1,2026-01-26 02:00:00
2820,125,5,86.1,46,1,2026-01-26 12:00:00
2821,125,5,94.0,44,2,2026-01-26 19:00:00
2822,125,6,83.6,76,1,2026-01-27 01:00:00
2823,125,7,84.3,78,1,2026-01-28 11:00:00
2824,125,8,57.1,69,1,2026-01-28 18:00:00
2825,125,9,92.4,83,1,2026-01-29 02:00:00
2826,125,10,69.8,36,1,2026-01-30 13:00:00
2827,125,11,99.3,93,1,2026-01-30 17:00:00
2828,125,12,94.4,90,1,2026-01-31 05:00:00
2829,125,13,94.4,74,1,2026-01-31 12:00:00
2830,125,14,73.9,95,1,2026-01-31 16:00:00
2831,125,15,87.6,30,1,2026-01-31 20:00:00
2832,125,16,74.3,49,1,2026-02-01 15:00:00
2833,125,17,90.9,45,1,2026-02-02 18:00:00
2834,125,17,75.6,74,2,2026-02-04 10:00:00
2835,125,18,99.0,38,1,2026-02-04 16:00:00
2836,125,19,53.6,75,1,2026-02-05 13:00:00
2837,126,1,39.0,117,1,2026-02-01 22:00:00
2838,126,2,43.9,103,1,2026-02-03 13:00:00
2839,126,3,36.3,95,1,2026-02-04 18:00:00
2840,126,3,84.9,70,2,2026-02-05 05:00:00
2841,126,4,42.4,73,1,2026-02-06 11:00:00
2842,126,5,46.2,114,1,2026-02-07 17:00:00
2843,126,6,72.1,105,1,2026-02-09 05:00:00
2844,126,7,94.3,89,1,2026-02-09 14:00:00
2845,126,7,87.2,81,2,2026-02-10 16:00:00
2846,126,7,76.3,49,3,2026-02-11 12:00:00
2847,126,8,59.2,68,1,2026-02-12 16:00:00
2848,126,9,42.7,128,1,2026-02-14 01:00:00
2849,126,10,55.4,64,1,2026-02-15 22:00:00
2850,126,11,82.9,93,1,2026-02-17 03:00:00
2851,126,11,79.7,110,2,2026-02-17 22:00:00
2852,126,11,83.8,64,3,2026-02-19 18:00:00
2853,126,12,69.7,93,1,2026-02-20 09:00:00
2854,126,13,70.2,108,1,2026-02-21 05:00:00
2855,126,14,75.7,90,1,2026-02-22 16:00:00
2856,126,14,87.0,147,2,2026-02-24 15:00:00
2857,126,15,62.5,56,1,2026-02-25 10:00:00
2858,126,15,40.3,111,2,2026-02-27 03:00:00
2859,126,16,56.0,86,1,2026-02-28 17:00:00
2860,126,17,99.7,105,1,2026-03-01 03:00:00
2861,126,18,78.9,98,1,2026-03-01 15:00:00
2862,126,18,65.5,75,2,2026-03-03 08:00:00
2863,126,19,35.1,94,1,2026-03-04 05:00:00
2864,126,19,90.7,52,2,2026-03-05 05:00:00
2865,127,1,45.7,152,1,2026-01-20 04:00:00
2866,127,2,58.9,145,1,2026-01-21 11:00:00
2867,127,3,59.0,152,1,2026-01-21 19:00:00
2868,127,4,47.7,161,1,2026-01-22 00:00:00
2869,127,4,31.4,147,2,2026-01-22 19:00:00
2870,127,5,59.0,142,1,2026-01-24 15:00:00
2871,127,6,90.3,122,1,2026-01-26 02:00:00
2872,127,7,44.8,125,1,2026-01-27 11:00:00
2873,127,7,39.8,163,2,2026-01-27 15:00:00
2874,127,8,59.1,168,1,2026-01-28 11:00:00
2875,127,8,55.8,135,2,2026-01-29 11:00:00
2876,127,9,59.9,140,1,2026-01-31 03:00:00
2877,127,9,66.5,121,2,2026-01-31 11:00:00
2878,127,9,65.5,163,3,2026-02-02 04:00:00
2879,127,10,60.9,153,1,2026-02-02 17:00:00
2880,127,11,73.0,178,1,2026-02-03 21:00:00
2881,127,11,78.6,122,2,2026-02-04 07:00:00
2882,127,12,57.9,132,1,2026-02-05 15:00:00
2883,127,13,42.0,144,1,2026-02-06 14:00:00
2884,127,13,59.8,152,2,2026-02-07 19:00:00
2885,127,13,51.0,135,3,2026-02-09 07:00:00
2886,128,1,68.8,122,1,2026-01-30 01:00:00
2887,128,2,38.0,157,1,2026-01-30 09:00:00
2888,128,3,68.8,154,1,2026-02-01 01:00:00
2889,128,3,47.1,121,2,2026-02-03 00:00:00
2890,128,4,30.1,167,1,2026-02-04 14:00:00
2891,128,4,34.8,163,2,2026-02-05 06:00:00
2892,128,4,45.3,142,3,2026-02-05 19:00:00
2893,128,5,46.2,141,1,2026-02-07 03:00:00
2894,128,5,67.8,151,2,2026-02-09 01:00:00
2895,128,6,36.9,122,1,2026-02-09 11:00:00
2896,128,6,81.6,140,2,2026-02-09 15:00:00
2897,128,7,71.7,96,1,2026-02-10 03:00:00
2898,128,7,73.2,157,2,2026-02-11 05:00:00
2899,128,7,85.4,108,3,2026-02-12 01:00:00
2900,128,8,69.8,170,1,2026-02-13 07:00:00
2901,128,9,68.2,133,1,2026-02-13 15:00:00
2902,128,10,76.4,135,1,2026-02-14 12:00:00
2903,128,11,38.9,127,1,2026-02-16 07:00:00
2904,128,11,90.0,134,2,2026-02-16 15:00:00
2905,128,11,49.0,168,3,2026-02-16 23:00:00
2906,128,12,76.3,90,1,2026-02-18 14:00:00
2907,128,13,60.7,165,1,2026-02-19 07:00:00
2908,128,13,30.6,146,2,2026-02-20 19:00:00
2909,128,14,80.1,115,1,2026-02-22 18:00:00
2910,128,14,30.0,118,2,2026-02-24 16:00:00
2911,128,15,54.0,173,1,2026-02-25 18:00:00
2912,128,16,72.9,121,1,2026-02-26 07:00:00
2913,128,16,51.3,116,2,2026-02-27 16:00:00
2914,128,17,97.0,162,1,2026-02-28 15:00:00
2915,128,17,38.0,146,2,2026-03-02 04:00:00
2916,128,17,42.8,121,3,2026-03-02 16:00:00
2917,128,18,36.4,144,1,2026-03-03 02:00:00
2918,128,18,89.3,119,2,2026-03-04 09:00:00
2919,129,1,78.8,82,1,2026-01-24 06:00:00
2920,129,2,82.1,81,1,2026-01-26 06:00:00
2921,129,3,94.4,70,1,2026-01-27 09:00:00
2922,129,4,62.9,67,1,2026-01-27 22:00:00
2923,129,5,67.0,95,1,2026-01-28 03:00:00
2924,129,6,88.7,59,1,2026-01-29 13:00:00
2925,129,7,32.3,36,1,2026-01-31 12:00:00
2926,129,8,83.4,68,1,2026-02-02 02:00:00
2927,129,8,91.1,101,2,2026-02-03 10:00:00
2928,129,8,76.1,39,3,2026-02-04 21:00:00
2929,129,9,72.0,52,1,2026-02-05 14:00:00
2930,129,9,86.7,68,2,2026-02-07 01:00:00
2931,129,10,82.1,58,1,2026-02-08 21:00:00
2932,129,11,95.8,40,1,2026-02-09 14:00:00
2933,129,12,73.4,82,1,2026-02-11 13:00:00
2934,129,13,51.8,106,1,2026-02-13 04:00:00
2935,129,14,62.5,63,1,2026-02-14 16:00:00
2936,130,1,73.6,71,1,2026-01-03 18:00:00
2937,130,2,86.6,59,1,2026-01-05 09:00:00
2938,130,3,54.2,95,1,2026-01-06 16:00:00
2939,130,4,85.3,112,1,2026-01-08 03:00:00
2940,130,5,90.7,99,1,2026-01-08 19:00:00
2941,130,6,79.9,89,1,2026-01-09 12:00:00
2942,130,6,97.2,78,2,2026-01-10 12:00:00
2943,130,6,88.5,68,3,2026-01-10 21:00:00
2944,130,7,85.3,106,1,2026-01-11 20:00:00
2945,130,8,34.1,108,1,2026-01-13 17:00:00
2946,130,9,47.7,59,1,2026-01-14 22:00:00
2947,130,10,83.1,121,1,2026-01-15 04:00:00
2948,130,11,55.0,101,1,2026-01-16 03:00:00
2949,130,12,92.8,117,1,2026-01-17 01:00:00
2950,130,12,62.5,63,2,2026-01-18 08:00:00
2951,130,12,49.1,62,3,2026-01-18 20:00:00
2952,130,13,91.2,87,1,2026-01-20 07:00:00
2953,130,14,60.9,100,1,2026-01-21 12:00:00
2954,130,15,91.2,125,1,2026-01-23 03:00:00
2955,130,16,80.4,104,1,2026-01-24 06:00:00
2956,131,1,42.0,85,1,2026-01-23 09:00:00
2957,131,2,86.3,69,1,2026-01-25 05:00:00
2958,131,2,98.0,114,2,2026-01-26 16:00:00
2959,131,3,33.1,70,1,2026-01-27 06:00:00
2960,131,4,33.9,122,1,2026-01-28 04:00:00
2961,131,5,86.9,84,1,2026-01-29 21:00:00
2962,131,6,78.7,121,1,2026-01-30 09:00:00
2963,131,7,95.6,103,1,2026-01-30 22:00:00
2964,131,8,96.7,87,1,2026-01-31 13:00:00
2965,131,9,98.6,79,1,2026-02-01 19:00:00
2966,131,9,41.1,83,2,2026-02-03 00:00:00
2967,131,10,38.8,98,1,2026-02-04 23:00:00
2968,131,11,52.1,91,1,2026-02-06 07:00:00
2969,131,12,54.5,78,1,2026-02-07 17:00:00
2970,131,13,74.9,86,1,2026-02-08 15:00:00
2971,131,14,35.6,91,1,2026-02-09 22:00:00
2972,131,14,84.7,47,2,2026-02-11 13:00:00
2973,131,15,88.4,99,1,2026-02-13 10:00:00
2974,131,15,49.4,70,2,2026-02-14 00:00:00
2975,131,16,97.8,66,1,2026-02-14 06:00:00
2976,132,1,93.5,30,1,2026-01-18 17:00:00
2977,132,2,97.3,30,1,2026-01-19 06:00:00
2978,132,3,97.8,32,1,2026-01-20 00:00:00
2979,132,4,87.4,45,1,2026-01-21 23:00:00
2980,132,5,84.0,99,1,2026-01-23 08:00:00
2981,132,5,30.3,49,2,2026-01-23 20:00:00
2982,132,5,89.5,63,3,2026-01-24 15:00:00
2983,132,6,73.0,68,1,2026-01-26 03:00:00
2984,132,7,71.9,62,1,2026-01-27 03:00:00
2985,132,8,30.6,58,1,2026-01-27 13:00:00
2986,132,9,85.7,36,1,2026-01-29 11:00:00
2987,132,10,95.1,89,1,2026-01-31 08:00:00
2988,132,10,97.7,96,2,2026-02-02 06:00:00
2989,132,11,71.0,30,1,2026-02-02 22:00:00
2990,132,12,57.6,39,1,2026-02-03 23:00:00
2991,132,13,93.6,54,1,2026-02-04 09:00:00
2992,132,14,92.2,40,1,2026-02-04 17:00:00
2993,132,15,92.2,70,1,2026-02-05 12:00:00
2994,133,1,99.3,45,1,2026-01-26 00:00:00
2995,133,2,98.8,103,1,2026-01-27 21:00:00
2996,133,3,87.3,83,1,2026-01-28 20:00:00
2997,133,4,36.3,64,1,2026-01-29 07:00:00
2998,133,5,76.5,80,1,2026-01-30 05:00:00
2999,133,6,75.2,82,1,2026-01-31 12:00:00
3000,133,7,87.5,48,1,2026-01-31 19:00:00
3001,133,8,96.0,43,1,2026-02-02 05:00:00
3002,133,9,84.2,61,1,2026-02-03 08:00:00
3003,133,10,81.5,77,1,2026-02-05 08:00:00
3004,133,11,81.7,62,1,2026-02-06 19:00:00
3005,133,12,73.2,30,1,2026-02-08 01:00:00
3006,133,13,83.2,43,1,2026-02-08 15:00:00
3007,133,14,91.0,58,1,2026-02-09 08:00:00
3008,133,14,53.0,58,2,2026-02-11 04:00:00
3009,134,1,84.2,129,1,2026-01-04 23:00:00
3010,134,2,86.4,62,1,2026-01-05 15:00:00
3011,134,3,82.9,100,1,2026-01-06 16:00:00
3012,134,4,87.0,119,1,2026-01-08 06:00:00
3013,134,5,72.9,135,1,2026-01-10 04:00:00
3014,134,5,93.4,81,2,2026-01-10 14:00:00
3015,134,5,77.3,99,3,2026-01-11 23:00:00
3016,134,6,60.9,101,1,2026-01-12 13:00:00
3017,134,7,74.2,93,1,2026-01-12 18:00:00
3018,134,7,99.4,88,2,2026-01-13 11:00:00
3019,134,7,41.9,98,3,2026-01-14 03:00:00
3020,134,8,55.3,39,1,2026-01-15 20:00:00
3021,134,8,94.5,103,2,2026-01-17 01:00:00
3022,134,8,53.3,92,3,2026-01-17 13:00:00
3023,134,9,90.0,85,1,2026-01-19 11:00:00
3024,134,10,82.3,130,1,2026-01-20 20:00:00
3025,134,10,38.9,76,2,2026-01-22 19:00:00
3026,134,10,98.7,81,3,2026-01-23 06:00:00
3027,134,11,91.6,129,1,2026-01-23 17:00:00
3028,134,12,78.2,73,1,2026-01-24 09:00:00
3029,134,13,38.2,78,1,2026-01-25 19:00:00
3030,134,14,57.6,87,1,2026-01-27 11:00:00
3031,134,15,99.8,106,1,2026-01-28 04:00:00
3032,134,16,56.5,94,1,2026-01-30 01:00:00
3033,134,16,66.8,64,2,2026-01-31 00:00:00
3034,134,16,46.6,79,3,2026-02-01 15:00:00
3035,134,17,54.0,77,1,2026-02-01 23:00:00
3036,134,17,60.7,88,2,2026-02-02 10:00:00
3037,134,17,77.8,98,3,2026-02-03 11:00:00
3038,135,1,90.1,118,1,2026-01-21 10:00:00
3039,135,2,84.4,74,1,2026-01-21 19:00:00
3040,135,3,33.9,131,1,2026-01-22 07:00:00
3041,135,4,36.4,115,1,2026-01-24 05:00:00
3042,135,4,95.2,137,2,2026-01-24 14:00:00
3043,135,5,83.1,118,1,2026-01-26 08:00:00
3044,135,6,86.6,132,1,2026-01-28 02:00:00
3045,135,7,34.9,119,1,2026-01-30 00:00:00
3046,135,8,33.0,136,1,2026-01-30 22:00:00
3047,135,9,37.4,120,1,2026-02-01 05:00:00
3048,135,9,43.5,108,2,2026-02-02 01:00:00
3049,135,9,42.4,155,3,2026-02-03 22:00:00
3050,135,10,48.6,127,1,2026-02-04 06:00:00
3051,135,11,50.2,121,1,2026-02-05 10:00:00
3052,135,11,87.7,84,2,2026-02-05 15:00:00
3053,135,12,93.3,84,1,2026-02-06 08:00:00
3054,135,12,33.4,115,2,2026-02-07 16:00:00
3055,135,13,30.3,112,1,2026-02-08 12:00:00
3056,135,14,94.6,97,1,2026-02-09 06:00:00
3057,135,15,30.1,112,1,2026-02-09 16:00:00
3058,135,16,62.1,141,1,2026-02-10 13:00:00
3059,136,1,91.6,103,1,2026-01-12 14:00:00
3060,136,2,75.4,67,1,2026-01-13 03:00:00
3061,136,3,80.7,87,1,2026-01-13 16:00:00
3062,136,4,88.2,73,1,2026-01-15 07:00:00
3063,136,5,43.8,82,1,2026-01-15 18:00:00
3064,136,6,73.9,81,1,2026-01-17 15:00:00
3065,136,7,83.9,80,1,2026-01-17 21:00:00
3066,136,7,72.2,64,2,2026-01-19 11:00:00
3067,136,7,58.4,87,3,2026-01-20 09:00:00
3068,136,8,33.8,78,1,2026-01-21 21:00:00
3069,136,9,55.1,31,1,2026-01-22 19:00:00
3070,136,9,56.9,131,2,2026-01-23 04:00:00
3071,136,10,68.6,111,1,2026-01-24 19:00:00
3072,136,10,73.5,82,2,2026-01-26 10:00:00
3073,137,1,97.5,90,1,2026-01-11 08:00:00
3074,137,2,98.7,66,1,2026-01-12 09:00:00
3075,137,3,37.4,123,1,2026-01-13 23:00:00
3076,137,4,78.9,127,1,2026-01-15 19:00:00
3077,137,5,71.5,93,1,2026-01-16 23:00:00
3078,137,6,33.3,110,1,2026-01-18 07:00:00
3079,137,6,76.7,93,2,2026-01-19 13:00:00
3080,137,7,89.1,63,1,2026-01-20 01:00:00
3081,137,8,88.4,81,1,2026-01-21 20:00:00
3082,137,9,62.4,92,1,2026-01-22 20:00:00
3083,137,10,70.1,80,1,2026-01-23 13:00:00
3084,137,11,80.3,85,1,2026-01-24 00:00:00
3085,137,12,53.3,88,1,2026-01-24 22:00:00
3086,137,13,74.9,88,1,2026-01-25 02:00:00
3087,137,13,74.3,91,2,2026-01-25 19:00:00
3088,137,14,62.3,68,1,2026-01-27 15:00:00
3089,137,14,97.3,75,2,2026-01-27 21:00:00
3090,137,15,84.6,64,1,2026-01-29 05:00:00
3091,137,16,37.1,109,1,2026-01-30 19:00:00
3092,137,17,95.8,47,1,2026-02-01 13:00:00
3093,137,17,60.0,113,2,2026-02-02 01:00:00
3094,137,18,62.8,117,1,2026-02-03 15:00:00
3095,137,18,56.8,83,2,2026-02-03 21:00:00
3096,137,19,88.1,37,1,2026-02-05 16:00:00
3097,138,1,81.3,132,1,2026-01-11 01:00:00
3098,138,1,84.8,138,2,2026-01-13 00:00:00
3099,138,1,91.8,119,3,2026-01-14 18:00:00
3100,138,2,33.3,129,1,2026-01-15 06:00:00
3101,138,3,41.6,170,1,2026-01-16 04:00:00
3102,138,4,60.2,153,1,2026-01-17 23:00:00
3103,138,5,43.6,121,1,2026-01-19 05:00:00
3104,138,5,60.3,108,2,2026-01-20 15:00:00
3105,138,6,55.9,133,1,2026-01-21 00:00:00
3106,138,7,77.4,135,1,2026-01-21 07:00:00
3107,138,7,57.1,149,2,2026-01-22 17:00:00
3108,138,7,55.2,129,3,2026-01-24 13:00:00
3109,138,8,36.2,150,1,2026-01-26 03:00:00
3110,138,9,66.4,178,1,2026-01-27 06:00:00
3111,138,9,37.7,156,2,2026-01-27 19:00:00
3112,138,9,43.4,139,3,2026-01-28 14:00:00
3113,138,10,80.3,136,1,2026-01-29 03:00:00
3114,138,11,51.4,132,1,2026-01-30 13:00:00
3115,138,12,43.7,163,1,2026-02-01 12:00:00
3116,139,1,56.6,77,1,2026-01-15 10:00:00
3117,139,2,96.0,90,1,2026-01-16 01:00:00
3118,139,3,80.4,91,1,2026-01-16 22:00:00
3119,139,4,99.3,79,1,2026-01-18 02:00:00
3120,139,5,53.1,62,1,2026-01-18 23:00:00
3121,139,6,82.4,96,1,2026-01-19 23:00:00
3122,139,7,32.2,88,1,2026-01-20 12:00:00
3123,139,8,98.3,100,1,2026-01-21 23:00:00
3124,139,9,40.7,79,1,2026-01-22 19:00:00
3125,139,10,70.1,114,1,2026-01-24 17:00:00
3126,139,11,57.9,72,1,2026-01-26 17:00:00
3127,139,12,96.3,124,1,2026-01-28 09:00:00
3128,139,12,32.1,55,2,2026-01-29 07:00:00
3129,139,12,35.3,98,3,2026-01-31 04:00:00
3130,140,1,65.1,119,1,2026-01-25 08:00:00
3131,140,2,45.7,94,1,2026-01-25 16:00:00
3132,140,3,95.9,118,1,2026-01-27 14:00:00
3133,140,4,63.6,135,1,2026-01-27 19:00:00
3134,140,5,60.9,65,1,2026-01-28 23:00:00
3135,140,6,45.2,120,1,2026-01-30 07:00:00
3136,140,7,76.2,60,1,2026-02-01 03:00:00
3137,140,7,97.5,90,2,2026-02-03 02:00:00
3138,140,7,66.6,142,3,2026-02-04 17:00:00
3139,140,8,96.0,98,1,2026-02-06 12:00:00
3140,140,9,73.3,86,1,2026-02-07 13:00:00
3141,140,10,53.0,106,1,2026-02-09 02:00:00
3142,140,11,71.9,151,1,2026-02-09 09:00:00
3143,140,12,34.1,73,1,2026-02-10 22:00:00
3144,141,1,89.2,88,1,2026-01-09 16:00:00
3145,141,2,95.2,139,1,2026-01-11 00:00:00
3146,141,3,56.2,147,1,2026-01-12 09:00:00
3147,141,4,72.8,107,1,2026-01-14 09:00:00
3148,141,4,50.6,85,2,2026-01-15 16:00:00
3149,141,5,59.4,151,1,2026-01-17 00:00:00
3150,141,5,72.0,141,2,2026-01-17 16:00:00
3151,141,6,89.3,123,1,2026-01-18 08:00:00
3152,141,7,69.4,93,1,2026-01-19 11:00:00
3153,141,8,97.2,109,1,2026-01-20 00:00:00
3154,141,9,40.7,106,1,2026-01-21 01:00:00
3155,141,10,93.7,116,1,2026-01-21 17:00:00
3156,141,11,47.2,139,1,2026-01-23 03:00:00
3157,141,12,73.8,127,1,2026-01-23 10:00:00
3158,141,12,77.2,88,2,2026-01-24 17:00:00
3159,141,12,52.5,137,3,2026-01-24 21:00:00
3160,141,13,63.7,116,1,2026-01-26 12:00:00
3161,141,14,50.0,123,1,2026-01-26 23:00:00
3162,141,15,93.4,139,1,2026-01-28 03:00:00
3163,141,15,71.4,87,2,2026-01-28 12:00:00
3164,141,15,78.7,109,3,2026-01-29 04:00:00
3165,142,1,84.1,79,1,2026-01-14 22:00:00
3166,142,1,88.9,58,2,2026-01-16 21:00:00
3167,142,1,93.2,96,3,2026-01-18 16:00:00
3168,142,2,95.6,140,1,2026-01-20 15:00:00
3169,142,3,98.1,53,1,2026-01-21 18:00:00
3170,142,4,98.7,89,1,2026-01-23 03:00:00
3171,142,5,48.3,102,1,2026-01-24 22:00:00
3172,142,6,93.7,92,1,2026-01-25 09:00:00
3173,142,7,72.1,87,1,2026-01-27 09:00:00
3174,142,8,87.2,64,1,2026-01-28 14:00:00
3175,142,9,78.7,94,1,2026-01-29 07:00:00
3176,142,9,53.9,74,2,2026-01-30 18:00:00
3177,142,9,72.7,46,3,2026-01-31 23:00:00
3178,142,10,78.5,113,1,2026-02-02 19:00:00
3179,142,10,99.8,109,2,2026-02-03 12:00:00
3180,142,11,81.8,91,1,2026-02-05 01:00:00
3181,142,12,70.1,94,1,2026-02-06 23:00:00
3182,142,12,71.5,111,2,2026-02-08 13:00:00
3183,142,13,41.2,94,1,2026-02-10 04:00:00
3184,142,14,57.8,108,1,2026-02-10 11:00:00
3185,142,14,66.3,84,2,2026-02-11 17:00:00
3186,142,14,32.3,116,3,2026-02-12 02:00:00
3187,142,15,85.6,96,1,2026-02-12 10:00:00
3188,142,16,69.2,93,1,2026-02-13 01:00:00
3189,142,17,53.9,64,1,2026-02-14 15:00:00
3190,143,1,82.5,95,1,2026-01-12 18:00:00
3191,143,1,86.0,73,2,2026-01-14 00:00:00
3192,143,1,74.1,77,3,2026-01-14 09:00:00
3193,143,2,69.2,73,1,2026-01-15 18:00:00
3194,143,3,80.5,68,1,2026-01-16 03:00:00
3195,143,4,97.9,132,1,2026-01-17 22:00:00
3196,143,5,35.0,116,1,2026-01-19 13:00:00
3197,143,6,80.7,128,1,2026-01-20 19:00:00
3198,143,7,50.3,65,1,2026-01-22 19:00:00
3199,143,8,77.1,91,1,2026-01-23 12:00:00
3200,143,9,93.3,64,1,2026-01-25 09:00:00
3201,143,10,83.0,76,1,2026-01-25 23:00:00
3202,144,1,81.9,71,1,2026-01-09 16:00:00
3203,144,2,30.0,114,1,2026-01-11 06:00:00
3204,144,3,84.3,82,1,2026-01-12 06:00:00
3205,144,4,95.2,111,1,2026-01-13 04:00:00
3206,144,4,70.9,102,2,2026-01-14 18:00:00
3207,144,5,86.5,136,1,2026-01-15 22:00:00
3208,144,6,72.8,60,1,2026-01-17 03:00:00
3209,144,6,99.3,115,2,2026-01-19 00:00:00
3210,144,7,78.1,112,1,2026-01-20 18:00:00
3211,144,8,83.9,70,1,2026-01-22 05:00:00
3212,144,9,96.3,110,1,2026-01-22 16:00:00
3213,144,10,78.3,96,1,2026-01-24 12:00:00
3214,144,11,36.5,85,1,2026-01-25 01:00:00
3215,144,12,71.3,73,1,2026-01-26 05:00:00
3216,144,13,46.9,75,1,2026-01-27 09:00:00
3217,144,14,93.5,130,1,2026-01-28 09:00:00
3218,144,14,68.3,90,2,2026-01-29 14:00:00
3219,144,14,91.6,105,3,2026-01-31 01:00:00
3220,144,15,79.9,74,1,2026-02-01 04:00:00
3221,144,16,44.1,74,1,2026-02-03 02:00:00
3222,144,16,61.4,111,2,2026-02-03 23:00:00
3223,144,16,67.7,63,3,2026-02-05 01:00:00
3224,144,17,50.7,81,1,2026-02-06 06:00:00
3225,144,18,30.2,90,1,2026-02-07 09:00:00
3226,144,18,56.0,92,2,2026-02-07 23:00:00
3227,144,19,59.1,86,1,2026-02-08 18:00:00
3228,145,1,91.6,97,1,2026-01-19 07:00:00
3229,145,2,75.9,103,1,2026-01-19 11:00:00
3230,145,3,63.7,104,1,2026-01-20 22:00:00
3231,145,4,30.2,70,1,2026-01-22 18:00:00
3232,145,4,86.8,84,2,2026-01-24 00:00:00
3233,145,4,57.5,113,3,2026-01-24 06:00:00
3234,145,5,33.8,107,1,2026-01-24 21:00:00
3235,145,6,93.2,62,1,2026-01-26 06:00:00
3236,145,7,93.9,97,1,2026-01-27 07:00:00
3237,145,8,36.7,50,1,2026-01-28 04:00:00
3238,145,9,45.2,90,1,2026-01-29 11:00:00
3239,145,10,75.8,127,1,2026-01-30 22:00:00
3240,145,11,61.8,71,1,2026-02-01 05:00:00
3241,145,12,42.1,73,1,2026-02-03 03:00:00
3242,145,13,46.7,105,1,2026-02-03 09:00:00
3243,145,13,76.0,59,2,2026-02-03 19:00:00
3244,145,13,35.6,77,3,2026-02-04 05:00:00
3245,145,14,40.3,101,1,2026-02-04 19:00:00
3246,146,1,93.5,47,1,2026-01-10 11:00:00
3247,146,2,88.1,55,1,2026-01-12 03:00:00
3248,146,2,53.8,74,2,2026-01-12 22:00:00
3249,146,3,79.9,68,1,2026-01-13 23:00:00
3250,146,4,90.3,65,1,2026-01-15 05:00:00
3251,146,5,71.2,53,1,2026-01-16 20:00:00
3252,146,5,74.6,67,2,2026-01-18 18:00:00
3253,146,5,81.0,57,3,2026-01-19 13:00:00
3254,146,6,80.9,69,1,2026-01-20 09:00:00
3255,146,7,79.9,50,1,2026-01-20 17:00:00
3256,146,8,91.2,56,1,2026-01-21 02:00:00
3257,146,9,33.4,40,1,2026-01-21 20:00:00
3258,146,10,73.2,59,1,2026-01-22 07:00:00
3259,146,11,54.1,43,1,2026-01-24 06:00:00
3260,146,12,95.3,37,1,2026-01-24 20:00:00
3261,146,13,72.9,65,1,2026-01-26 15:00:00
3262,146,14,90.4,64,1,2026-01-27 15:00:00
3263,146,15,83.5,75,1,2026-01-29 07:00:00
3264,146,16,75.9,51,1,2026-01-29 16:00:00
3265,146,16,99.6,68,2,2026-01-29 23:00:00
3266,146,16,94.2,71,3,2026-01-31 20:00:00
3267,146,17,96.4,68,1,2026-02-01 19:00:00
3268,146,17,81.9,43,2,2026-02-03 00:00:00
3269,146,17,91.6,62,3,2026-02-03 04:00:00
3270,146,18,72.1,67,1,2026-02-04 06:00:00
3271,147,1,77.3,90,1,2026-01-13 06:00:00
3272,147,2,78.4,48,1,2026-01-13 16:00:00
3273,147,2,70.1,93,2,2026-01-14 15:00:00
3274,147,3,57.3,134,1,2026-01-16 06:00:00
3275,147,4,87.0,82,1,2026-01-16 10:00:00
3276,147,5,53.9,75,1,2026-01-17 05:00:00
3277,147,6,71.4,97,1,2026-01-18 12:00:00
3278,147,7,83.0,96,1,2026-01-18 16:00:00
3279,147,7,56.8,113,2,2026-01-18 21:00:00
3280,147,8,73.3,64,1,2026-01-20 00:00:00
3281,147,9,84.2,104,1,2026-01-21 03:00:00
3282,147,10,72.3,101,1,2026-01-22 12:00:00
3283,147,11,82.5,87,1,2026-01-24 11:00:00
3284,147,12,60.5,96,1,2026-01-24 23:00:00
3285,147,13,73.0,110,1,2026-01-26 10:00:00
3286,147,14,38.7,107,1,2026-01-27 00:00:00
3287,147,15,65.3,67,1,2026-01-27 23:00:00
3288,147,16,94.2,106,1,2026-01-29 22:00:00
3289,147,17,34.5,88,1,2026-01-30 20:00:00
3290,147,18,77.5,91,1,2026-02-01 06:00:00
3291,148,1,38.6,91,1,2026-01-07 10:00:00
3292,148,2,55.6,86,1,2026-01-09 09:00:00
3293,148,3,35.8,113,1,2026-01-10 00:00:00
3294,148,3,98.1,88,2,2026-01-11 21:00:00
3295,148,3,71.3,67,3,2026-01-12 15:00:00
3296,148,4,83.5,82,1,2026-01-13 01:00:00
3297,148,4,85.6,93,2,2026-01-13 22:00:00
3298,148,4,87.5,114,3,2026-01-14 09:00:00
3299,148,5,63.2,102,1,2026-01-15 22:00:00
3300,148,5,88.0,72,2,2026-01-17 17:00:00
3301,148,5,73.3,139,3,2026-01-18 03:00:00
3302,148,6,86.0,95,1,2026-01-18 13:00:00
3303,148,7,77.3,115,1,2026-01-19 13:00:00
3304,148,7,99.4,86,2,2026-01-20 03:00:00
3305,148,7,60.1,100,3,2026-01-20 18:00:00
3306,148,8,72.7,106,1,2026-01-22 09:00:00
3307,148,9,99.3,114,1,2026-01-22 16:00:00
3308,148,9,30.5,111,2,2026-01-23 09:00:00
3309,148,9,90.5,107,3,2026-01-24 11:00:00
3310,148,10,39.7,83,1,2026-01-24 22:00:00
3311,148,11,63.3,78,1,2026-01-25 21:00:00
3312,148,12,50.1,96,1,2026-01-27 10:00:00
3313,148,12,87.6,108,2,2026-01-29 09:00:00
3314,148,13,35.8,85,1,2026-01-31 03:00:00
3315,148,14,37.4,111,1,2026-02-01 21:00:00
3316,148,15,65.8,119,1,2026-02-03 08:00:00
3317,148,15,71.1,71,2,2026-02-04 00:00:00
3318,148,16,76.2,73,1,2026-02-04 20:00:00
3319,149,1,70.3,57,1,2026-01-24 07:00:00
3320,149,2,87.6,66,1,2026-01-26 02:00:00
3321,149,3,78.3,49,1,2026-01-27 11:00:00
3322,149,4,83.8,87,1,2026-01-28 02:00:00
3323,149,5,71.9,68,1,2026-01-29 08:00:00
3324,149,6,74.1,60,1,2026-01-29 13:00:00
3325,149,6,58.2,31,2,2026-01-30 11:00:00
3326,149,7,88.5,33,1,2026-01-31 08:00:00
3327,149,8,79.3,65,1,2026-02-01 03:00:00
3328,149,9,99.2,30,1,2026-02-01 17:00:00
3329,149,10,94.3,80,1,2026-02-03 17:00:00
3330,149,11,98.1,56,1,2026-02-04 19:00:00
3331,149,12,94.1,124,1,2026-02-05 16:00:00
3332,149,12,88.6,106,2,2026-02-07 03:00:00
3333,149,13,95.2,56,1,2026-02-08 23:00:00
3334,149,14,62.8,57,1,2026-02-09 07:00:00
3335,149,15,87.3,79,1,2026-02-10 04:00:00
3336,149,16,47.3,94,1,2026-02-11 08:00:00
3337,150,1,72.8,57,1,2026-01-20 18:00:00
3338,150,2,70.5,54,1,2026-01-21 10:00:00
3339,150,3,35.9,77,1,2026-01-23 07:00:00
3340,150,4,76.0,101,1,2026-01-24 04:00:00
3341,150,5,73.1,99,1,2026-01-24 21:00:00
3342,150,5,40.2,111,2,2026-01-26 04:00:00
3343,150,6,77.5,66,1,2026-01-27 02:00:00
3344,150,7,83.5,43,1,2026-01-28 03:00:00
3345,150,7,36.5,107,2,2026-01-29 19:00:00
3346,150,7,96.4,73,3,2026-01-30 22:00:00
3347,150,8,76.3,49,1,2026-02-01 05:00:00
3348,150,8,77.8,92,2,2026-02-02 10:00:00
3349,150,8,87.8,105,3,2026-02-02 14:00:00
3350,150,9,59.5,87,1,2026-02-03 11:00:00
3351,150,10,88.3,80,1,2026-02-04 19:00:00
3352,150,10,48.3,86,2,2026-02-06 01:00:00
3353,150,11,97.2,82,1,2026-02-06 21:00:00
3354,150,12,81.8,63,1,2026-02-08 05:00:00
3355,150,13,91.8,75,1,2026-02-09 06:00:00
3356,150,14,57.3,100,1,2026-02-10 22:00:00
3357,150,14,44.7,96,2,2026-02-11 15:00:00
3358,150,15,97.3,93,1,2026-02-12 12:00:00
3359,150,16,79.3,70,1,2026-02-13 06:00:00
3360,150,16,84.1,86,2,2026-02-14 21:00:00
3361,150,16,98.8,46,3,2026-02-16 05:00:00
3362,150,17,91.2,93,1,2026-02-17 19:00:00
3363,150,18,32.8,118,1,2026-02-19 07:00:00
3364,150,18,77.3,60,2,2026-02-21 04:00:00
3365,150,19,76.6,78,1,2026-02-22 04:00:00
3366,151,1,80.0,116,1,2026-01-08 16:00:00
3367,151,2,96.0,135,1,2026-01-09 19:00:00
3368,151,2,92.8,101,2,2026-01-10 21:00:00
3369,151,2,71.5,96,3,2026-01-11 21:00:00
3370,151,3,85.3,70,1,2026-01-13 15:00:00
3371,151,4,56.9,112,1,2026-01-14 01:00:00
3372,151,5,59.6,150,1,2026-01-15 11:00:00
3373,151,6,48.4,115,1,2026-01-16 08:00:00
3374,151,6,45.5,109,2,2026-01-17 14:00:00
3375,151,7,49.8,116,1,2026-01-19 08:00:00
3376,151,7,55.9,109,2,2026-01-20 05:00:00
3377,151,7,80.6,93,3,2026-01-21 06:00:00
3378,151,8,61.3,126,1,2026-01-21 11:00:00
3379,151,9,30.9,114,1,2026-01-22 07:00:00
3380,151,10,78.9,110,1,2026-01-23 15:00:00
3381,151,11,87.7,90,1,2026-01-24 08:00:00
3382,151,12,91.8,136,1,2026-01-25 11:00:00
3383,151,12,43.7,123,2,2026-01-26 09:00:00
3384,152,1,64.5,48,1,2026-01-04 15:00:00
3385,152,2,95.9,80,1,2026-01-06 13:00:00
3386,152,3,77.4,50,1,2026-01-06 21:00:00
3387,152,4,87.7,44,1,2026-01-08 15:00:00
3388,152,5,98.8,44,1,2026-01-10 03:00:00
3389,152,5,79.2,30,2,2026-01-10 11:00:00
3390,152,6,90.1,69,1,2026-01-11 17:00:00
3391,152,7,63.3,30,1,2026-01-13 14:00:00
3392,152,8,80.3,35,1,2026-01-14 02:00:00
3393,152,9,58.0,30,1,2026-01-14 23:00:00
3394,152,10,97.2,58,1,2026-01-15 14:00:00
3395,152,11,75.2,56,1,2026-01-17 09:00:00
3396,152,12,81.3,53,1,2026-01-17 18:00:00
3397,152,13,72.7,39,1,2026-01-19 09:00:00
3398,152,14,30.1,36,1,2026-01-20 08:00:00
3399,152,15,76.8,69,1,2026-01-21 20:00:00
3400,153,1,97.8,48,1,2026-01-24 06:00:00
3401,153,2,75.6,66,1,2026-01-24 14:00:00
3402,153,2,97.0,42,2,2026-01-25 17:00:00
3403,153,3,61.0,63,1,2026-01-27 12:00:00
3404,153,4,62.2,86,1,2026-01-28 13:00:00
3405,153,5,52.1,71,1,2026-01-29 03:00:00
3406,153,6,80.4,51,1,2026-01-29 14:00:00
3407,153,7,86.0,65,1,2026-01-31 07:00:00
3408,153,8,68.3,55,1,2026-01-31 14:00:00
3409,153,9,34.1,60,1,2026-02-01 13:00:00
3410,153,10,73.0,53,1,2026-02-03 06:00:00
3411,153,11,82.0,56,1,2026-02-03 15:00:00
3412,153,12,42.8,64,1,2026-02-03 22:00:00
3413,153,13,72.6,40,1,2026-02-05 06:00:00
3414,153,14,79.1,39,1,2026-02-06 09:00:00
3415,153,14,58.2,32,2,2026-02-07 15:00:00
3416,153,15,75.5,30,1,2026-02-09 06:00:00
3417,153,16,71.7,35,1,2026-02-10 03:00:00
3418,153,16,99.2,63,2,2026-02-10 13:00:00
3419,153,16,33.7,42,3,2026-02-11 17:00:00
3420,153,17,74.2,70,1,2026-02-12 04:00:00
3421,153,18,46.0,60,1,2026-02-13 06:00:00
3422,153,18,68.1,30,2,2026-02-14 22:00:00
3423,153,19,70.3,73,1,2026-02-15 07:00:00
3424,153,19,55.3,76,2,2026-02-17 05:00:00
3425,153,19,86.5,40,3,2026-02-17 17:00:00
3426,153,20,66.4,68,1,2026-02-19 14:00:00
3427,154,1,98.2,72,1,2026-02-01 16:00:00
3428,154,2,85.4,91,1,2026-02-02 17:00:00
3429,154,3,81.4,64,1,2026-02-03 22:00:00
3430,154,3,82.6,54,2,2026-02-04 13:00:00
3431,154,3,94.1,82,3,2026-02-05 09:00:00
3432,154,4,68.8,87,1,2026-02-05 18:00:00
3433,154,5,97.0,82,1,2026-02-06 11:00:00
3434,154,5,86.8,66,2,2026-02-06 23:00:00
3435,154,6,97.3,82,1,2026-02-08 06:00:00
3436,154,6,98.8,95,2,2026-02-08 23:00:00
3437,154,7,61.9,89,1,2026-02-09 08:00:00
3438,154,8,92.6,93,1,2026-02-11 01:00:00
3439,154,9,59.1,76,1,2026-02-11 12:00:00
3440,154,10,87.7,113,1,2026-02-12 10:00:00
3441,154,10,68.2,66,2,2026-02-14 02:00:00
3442,154,10,87.7,99,3,2026-02-14 14:00:00
3443,154,11,91.9,113,1,2026-02-15 08:00:00
3444,154,11,60.3,99,2,2026-02-16 04:00:00
3445,154,12,89.9,85,1,2026-02-16 18:00:00
3446,154,12,58.6,79,2,2026-02-18 07:00:00
3447,154,12,81.2,110,3,2026-02-19 00:00:00
3448,155,1,63.2,81,1,2026-01-26 23:00:00
3449,155,2,94.1,90,1,2026-01-28 04:00:00
3450,155,3,72.4,102,1,2026-01-29 14:00:00
3451,155,3,80.3,134,2,2026-01-31 00:00:00
3452,155,3,85.1,117,3,2026-02-01 20:00:00
3453,155,4,90.6,90,1,2026-02-02 17:00:00
3454,155,5,60.3,103,1,2026-02-04 00:00:00
3455,155,6,78.0,97,1,2026-02-04 20:00:00
3456,155,7,54.4,95,1,2026-02-05 19:00:00
3457,155,7,32.0,129,2,2026-02-05 23:00:00
3458,155,8,75.8,82,1,2026-02-06 10:00:00
3459,155,9,97.7,142,1,2026-02-08 06:00:00
3460,155,9,61.6,126,2,2026-02-09 03:00:00
3461,155,9,49.1,131,3,2026-02-11 01:00:00
3462,155,10,68.1,100,1,2026-02-12 22:00:00
3463,155,10,76.1,107,2,2026-02-13 19:00:00
3464,155,11,77.3,81,1,2026-02-14 13:00:00
3465,155,12,82.5,99,1,2026-02-15 13:00:00
3466,155,12,81.8,119,2,2026-02-17 06:00:00
3467,155,13,49.8,135,1,2026-02-19 02:00:00
3468,155,13,90.9,87,2,2026-02-19 19:00:00
3469,155,14,43.9,102,1,2026-02-21 08:00:00
3470,155,15,67.9,106,1,2026-02-21 17:00:00
3471,155,16,51.9,82,1,2026-02-22 18:00:00
3472,155,16,38.7,121,2,2026-02-23 09:00:00
3473,156,1,86.8,45,1,2026-02-01 05:00:00
3474,156,2,71.9,56,1,2026-02-01 15:00:00
3475,156,3,93.8,50,1,2026-02-02 12:00:00
3476,156,4,75.3,44,1,2026-02-03 09:00:00
3477,156,5,83.2,59,1,2026-02-05 01:00:00
3478,156,6,80.8,55,1,2026-02-05 07:00:00
3479,156,7,93.0,52,1,2026-02-06 06:00:00
3480,156,8,37.0,45,1,2026-02-07 12:00:00
3481,156,9,98.5,66,1,2026-02-08 23:00:00
3482,156,10,71.5,93,1,2026-02-10 08:00:00
3483,156,11,76.9,62,1,2026-02-11 17:00:00
3484,156,12,84.5,79,1,2026-02-12 13:00:00
3485,156,12,43.4,32,2,2026-02-13 22:00:00
3486,156,12,99.0,63,3,2026-02-14 23:00:00
3487,156,13,76.4,38,1,2026-02-16 20:00:00
3488,156,14,70.5,30,1,2026-02-17 23:00:00
3489,156,15,85.0,45,1,2026-02-19 10:00:00
3490,156,16,93.3,83,1,2026-02-21 06:00:00
3491,156,16,56.1,79,2,2026-02-21 23:00:00
3492,156,17,87.8,64,1,2026-02-22 19:00:00
3493,156,18,94.3,30,1,2026-02-24 12:00:00
3494,157,1,49.9,136,1,2026-01-21 13:00:00
3495,157,2,88.3,146,1,2026-01-22 22:00:00
3496,157,3,60.2,143,1,2026-01-24 20:00:00
3497,157,4,86.3,103,1,2026-01-26 12:00:00
3498,157,4,33.9,122,2,2026-01-27 12:00:00
3499,157,5,61.6,138,1,2026-01-29 10:00:00
3500,157,6,49.4,150,1,2026-01-30 02:00:00
3501,157,7,71.7,96,1,2026-01-31 08:00:00
3502,157,7,93.4,136,2,2026-02-01 22:00:00
3503,157,7,54.4,142,3,2026-02-02 08:00:00
3504,157,8,42.4,156,1,2026-02-02 22:00:00
3505,157,8,66.8,153,2,2026-02-04 03:00:00
3506,157,9,40.7,151,1,2026-02-04 11:00:00
3507,157,9,71.5,124,2,2026-02-06 09:00:00
3508,157,10,45.6,101,1,2026-02-08 00:00:00
3509,157,10,99.7,132,2,2026-02-09 01:00:00
3510,157,11,85.2,160,1,2026-02-09 09:00:00
3511,157,11,94.3,167,2,2026-02-11 02:00:00
3512,157,12,36.6,154,1,2026-02-11 22:00:00
3513,157,13,69.0,148,1,2026-02-13 12:00:00
3514,157,13,40.5,147,2,2026-02-14 12:00:00
3515,157,13,37.2,128,3,2026-02-15 15:00:00
3516,157,14,57.4,137,1,2026-02-16 01:00:00
3517,157,15,35.8,173,1,2026-02-16 06:00:00
3518,158,1,61.1,121,1,2026-01-11 07:00:00
3519,158,1,90.1,172,2,2026-01-11 16:00:00
3520,158,1,39.7,133,3,2026-01-12 12:00:00
3521,158,2,51.6,166,1,2026-01-13 03:00:00
3522,158,3,49.3,111,1,2026-01-14 01:00:00
3523,158,3,47.4,151,2,2026-01-15 23:00:00
3524,158,4,49.3,125,1,2026-01-17 17:00:00
3525,158,5,31.7,111,1,2026-01-18 03:00:00
3526,158,6,81.7,144,1,2026-01-19 02:00:00
3527,158,7,82.0,160,1,2026-01-20 23:00:00
3528,158,7,88.4,123,2,2026-01-21 22:00:00
3529,158,8,45.4,110,1,2026-01-23 16:00:00
3530,158,9,35.2,138,1,2026-01-23 20:00:00
3531,158,9,32.1,138,2,2026-01-25 14:00:00
3532,158,9,34.0,150,3,2026-01-26 17:00:00
3533,158,10,98.8,158,1,2026-01-27 14:00:00
3534,158,10,45.9,138,2,2026-01-28 09:00:00
3535,158,11,87.1,177,1,2026-01-29 00:00:00
3536,158,12,95.3,144,1,2026-01-29 04:00:00
3537,158,13,37.7,133,1,2026-01-30 16:00:00
3538,158,14,43.5,107,1,2026-01-31 01:00:00
3539,158,14,58.2,134,2,2026-01-31 18:00:00
3540,158,15,86.3,133,1,2026-02-01 03:00:00
3541,158,16,30.5,159,1,2026-02-02 13:00:00
3542,158,16,49.7,149,2,2026-02-04 07:00:00
3543,158,16,71.0,116,3,2026-02-06 07:00:00
3544,158,17,97.3,143,1,2026-02-06 15:00:00
3545,158,17,81.8,153,2,2026-02-07 16:00:00
3546,159,1,81.6,90,1,2026-01-04 17:00:00
3547,159,2,96.0,77,1,2026-01-05 22:00:00
3548,159,3,56.2,75,1,2026-01-06 22:00:00
3549,159,4,60.3,61,1,2026-01-08 18:00:00
3550,159,5,92.6,67,1,2026-01-10 02:00:00
3551,159,5,42.1,84,2,2026-01-10 13:00:00
3552,159,5,69.2,33,3,2026-01-11 12:00:00
3553,159,6,95.4,53,1,2026-01-11 17:00:00
3554,159,6,95.5,44,2,2026-01-13 02:00:00
3555,159,7,98.6,67,1,2026-01-13 12:00:00
3556,159,8,82.5,84,1,2026-01-15 11:00:00
3557,159,9,87.3,48,1,2026-01-16 01:00:00
3558,159,10,85.2,30,1,2026-01-17 18:00:00
3559,159,11,81.4,51,1,2026-01-17 22:00:00
3560,159,12,97.9,78,1,2026-01-18 15:00:00
3561,159,13,81.2,70,1,2026-01-20 00:00:00
3562,159,13,46.2,68,2,2026-01-21 16:00:00
3563,159,14,93.6,54,1,2026-01-23 00:00:00
3564,159,15,75.2,34,1,2026-01-24 15:00:00
3565,159,16,77.0,70,1,2026-01-25 13:00:00
3566,159,17,40.1,43,1,2026-01-27 06:00:00
3567,159,18,99.2,103,1,2026-01-28 10:00:00
3568,160,1,83.1,151,1,2026-01-21 12:00:00
3569,160,1,33.6,128,2,2026-01-22 00:00:00
3570,160,1,31.9,127,3,2026-01-23 10:00:00
3571,160,2,61.1,138,1,2026-01-24 08:00:00
3572,160,2,55.2,135,2,2026-01-24 19:00:00
3573,160,3,42.9,162,1,2026-01-26 08:00:00
3574,160,4,49.1,143,1,2026-01-27 09:00:00
3575,160,4,75.4,125,2,2026-01-28 14:00:00
3576,160,5,58.6,177,1,2026-01-28 23:00:00
3577,160,6,94.3,140,1,2026-01-30 21:00:00
3578,160,6,96.6,155,2,2026-02-01 07:00:00
3579,160,6,74.7,127,3,2026-02-01 15:00:00
3580,160,7,42.0,147,1,2026-02-03 07:00:00
3581,160,7,51.6,146,2,2026-02-03 23:00:00
3582,160,7,72.4,102,3,2026-02-04 03:00:00
3583,160,8,35.9,180,1,2026-02-04 16:00:00
3584,160,9,32.7,165,1,2026-02-05 19:00:00
3585,160,9,57.8,132,2,2026-02-06 07:00:00
3586,160,10,61.1,117,1,2026-02-08 04:00:00
3587,160,10,47.8,146,2,2026-02-10 03:00:00
3588,160,11,43.6,141,1,2026-02-11 17:00:00
3589,160,12,57.5,147,1,2026-02-12 06:00:00
3590,160,12,71.5,143,2,2026-02-14 03:00:00
3591,160,13,33.0,150,1,2026-02-14 15:00:00
3592,160,14,71.3,168,1,2026-02-14 19:00:00
3593,160,14,68.9,151,2,2026-02-16 13:00:00
3594,160,15,95.5,119,1,2026-02-17 01:00:00
3595,160,15,36.0,167,2,2026-02-17 20:00:00
3596,160,15,64.0,172,3,2026-02-18 17:00:00
3597,160,16,62.3,203,1,2026-02-19 20:00:00
3598,160,16,33.3,117,2,2026-02-21 14:00:00
3599,160,16,67.4,144,3,2026-02-22 23:00:00
3600,161,1,53.3,48,1,2026-01-25 09:00:00
3601,161,2,72.1,101,1,2026-01-26 23:00:00
3602,161,3,48.4,79,1,2026-01-28 06:00:00
3603,161,3,37.9,128,2,2026-01-28 22:00:00
3604,161,3,74.9,74,3,2026-01-30 07:00:00
3605,161,4,64.6,56,1,2026-01-31 01:00:00
3606,161,4,31.9,80,2,2026-02-01 20:00:00
3607,161,5,64.5,50,1,2026-02-02 18:00:00
3608,161,6,80.6,105,1,2026-02-03 02:00:00
3609,161,7,57.7,48,1,2026-02-05 02:00:00
3610,161,8,39.2,90,1,2026-02-06 08:00:00
3611,161,9,57.1,48,1,2026-02-06 15:00:00
3612,161,9,34.5,83,2,2026-02-07 01:00:00
3613,161,9,72.0,122,3,2026-02-08 06:00:00
3614,161,10,78.0,97,1,2026-02-10 02:00:00
3615,161,11,79.2,72,1,2026-02-10 23:00:00
3616,161,12,82.5,89,1,2026-02-12 18:00:00
3617,161,12,33.3,90,2,2026-02-14 04:00:00
3618,162,1,83.9,99,1,2026-01-31 14:00:00
3619,162,2,71.1,62,1,2026-02-02 06:00:00
3620,162,3,74.4,101,1,2026-02-04 03:00:00
3621,162,4,32.1,35,1,2026-02-04 23:00:00
3622,162,4,88.6,77,2,2026-02-05 18:00:00
3623,162,5,80.9,80,1,2026-02-07 01:00:00
3624,162,6,78.3,102,1,2026-02-08 06:00:00
3625,162,7,90.8,90,1,2026-02-09 18:00:00
3626,162,8,98.0,61,1,2026-02-10 12:00:00
3627,162,9,73.0,70,1,2026-02-11 06:00:00
3628,162,10,81.2,93,1,2026-02-13 02:00:00
3629,162,11,46.0,88,1,2026-02-14 02:00:00
3630,162,12,80.7,78,1,2026-02-14 11:00:00
3631,163,1,74.6,80,1,2026-01-11 00:00:00
3632,163,2,81.1,103,1,2026-01-12 17:00:00
3633,163,3,33.0,79,1,2026-01-14 04:00:00
3634,163,4,92.3,88,1,2026-01-14 09:00:00
3635,163,5,48.8,133,1,2026-01-16 04:00:00
3636,163,6,36.9,61,1,2026-01-17 11:00:00
3637,163,6,95.2,52,2,2026-01-18 17:00:00
3638,163,7,51.4,105,1,2026-01-20 15:00:00
3639,163,8,72.2,76,1,2026-01-22 00:00:00
3640,163,9,56.6,83,1,2026-01-23 12:00:00
3641,163,9,90.6,74,2,2026-01-23 20:00:00
3642,163,10,71.3,84,1,2026-01-25 13:00:00
3643,163,11,85.4,121,1,2026-01-26 02:00:00
3644,163,11,78.4,106,2,2026-01-27 20:00:00
3645,163,11,73.4,107,3,2026-01-28 15:00:00
3646,163,12,44.1,61,1,2026-01-30 04:00:00
3647,163,13,60.3,66,1,2026-01-31 05:00:00
3648,163,13,71.0,33,2,2026-02-01 15:00:00
3649,163,14,34.5,73,1,2026-02-03 11:00:00
3650,163,14,48.3,109,2,2026-02-04 00:00:00
3651,163,14,38.9,100,3,2026-02-04 05:00:00
3652,164,1,53.3,85,1,2026-01-08 13:00:00
3653,164,2,76.1,89,1,2026-01-09 11:00:00
3654,164,3,45.1,76,1,2026-01-09 17:00:00
3655,164,4,33.4,94,1,2026-01-11 04:00:00
3656,164,4,88.2,105,2,2026-01-11 10:00:00
3657,164,5,66.6,57,1,2026-01-11 19:00:00
3658,164,6,85.9,95,1,2026-01-12 01:00:00
3659,164,7,49.2,108,1,2026-01-13 11:00:00
3660,164,8,87.8,81,1,2026-01-15 02:00:00
3661,164,9,73.1,104,1,2026-01-15 15:00:00
3662,164,9,41.6,146,2,2026-01-16 18:00:00
3663,164,9,41.8,87,3,2026-01-17 01:00:00
3664,164,10,52.7,97,1,2026-01-18 16:00:00
3665,164,10,85.3,75,2,2026-01-20 01:00:00
3666,164,10,70.4,93,3,2026-01-20 11:00:00
3667,164,11,76.7,99,1,2026-01-22 04:00:00
3668,164,12,41.1,93,1,2026-01-24 04:00:00
3669,164,12,81.6,69,2,2026-01-25 01:00:00
3670,164,13,80.1,94,1,2026-01-26 05:00:00
3671,164,14,73.9,119,1,2026-01-26 17:00:00
3672,164,15,72.4,98,1,2026-01-27 03:00:00
3673,164,16,36.6,109,1,2026-01-28 16:00:00
3674,164,17,63.9,85,1,2026-01-30 06:00:00
3675,164,17,60.8,104,2,2026-01-31 19:00:00
3676,164,17,37.7,95,3,2026-02-02 10:00:00
3677,164,18,74.7,70,1,2026-02-03 08:00:00
3678,164,18,40.0,96,2,2026-02-05 08:00:00
3679,164,18,83.8,70,3,2026-02-05 16:00:00
3680,164,19,64.8,77,1,2026-02-06 00:00:00
3681,165,1,61.4,63,1,2026-01-24 11:00:00
3682,165,2,83.6,65,1,2026-01-24 20:00:00
3683,165,3,62.1,36,1,2026-01-25 06:00:00
3684,165,4,79.1,81,1,2026-01-27 00:00:00
3685,165,4,76.3,71,2,2026-01-28 15:00:00
3686,165,4,72.8,45,3,2026-01-29 11:00:00
3687,165,5,99.5,30,1,2026-01-30 10:00:00
3688,165,6,79.3,57,1,2026-02-01 03:00:00
3689,165,7,62.2,51,1,2026-02-02 00:00:00
3690,165,8,75.9,62,1,2026-02-02 17:00:00
3691,165,9,92.9,52,1,2026-02-04 03:00:00
3692,165,10,78.0,30,1,2026-02-04 10:00:00
3693,165,11,51.0,52,1,2026-02-06 05:00:00
3694,165,12,100.0,53,1,2026-02-07 10:00:00
3695,165,13,95.0,72,1,2026-02-08 09:00:00
3696,165,14,58.0,46,1,2026-02-09 03:00:00
3697,165,14,45.8,93,2,2026-02-10 14:00:00
3698,165,15,82.2,30,1,2026-02-12 11:00:00
3699,165,16,78.4,86,1,2026-02-13 09:00:00
3700,165,17,89.1,55,1,2026-02-15 00:00:00
3701,165,18,89.5,77,1,2026-02-16 09:00:00
3702,165,19,72.2,61,1,2026-02-17 18:00:00
3703,165,19,97.2,82,2,2026-02-19 04:00:00
3704,165,20,97.9,52,1,2026-02-20 17:00:00
3705,165,20,46.9,38,2,2026-02-22 09:00:00
3706,166,1,98.3,168,1,2026-01-17 22:00:00
3707,166,1,76.8,137,2,2026-01-19 05:00:00
3708,166,2,74.9,144,1,2026-01-20 06:00:00
3709,166,2,76.3,164,2,2026-01-22 05:00:00
3710,166,2,60.2,119,3,2026-01-22 09:00:00
3711,166,3,68.2,151,1,2026-01-23 13:00:00
3712,166,4,87.0,128,1,2026-01-24 22:00:00
3713,166,5,37.8,137,1,2026-01-25 11:00:00
3714,166,5,68.7,141,2,2026-01-26 15:00:00
3715,166,6,40.4,109,1,2026-01-28 00:00:00
3716,166,7,67.4,124,1,2026-01-29 18:00:00
3717,166,7,34.0,167,2,2026-01-30 21:00:00
3718,166,8,43.5,157,1,2026-01-31 08:00:00
3719,166,9,51.4,138,1,2026-02-01 01:00:00
3720,166,9,56.4,144,2,2026-02-01 11:00:00
3721,166,10,40.0,134,1,2026-02-03 05:00:00
3722,166,11,45.9,167,1,2026-02-04 19:00:00
3723,166,12,54.8,135,1,2026-02-05 02:00:00
3724,166,12,72.4,144,2,2026-02-05 06:00:00
3725,166,12,46.6,162,3,2026-02-06 06:00:00
3726,167,1,72.5,74,1,2026-01-16 19:00:00
3727,167,1,86.7,121,2,2026-01-17 02:00:00
3728,167,1,81.3,59,3,2026-01-18 01:00:00
3729,167,2,49.1,122,1,2026-01-19 16:00:00
3730,167,2,77.9,82,2,2026-01-19 23:00:00
3731,167,2,39.8,85,3,2026-01-21 08:00:00
3732,167,3,72.2,52,1,2026-01-21 20:00:00
3733,167,4,34.9,80,1,2026-01-23 01:00:00
3734,167,4,91.5,69,2,2026-01-24 21:00:00
3735,167,4,73.5,77,3,2026-01-26 03:00:00
3736,167,5,32.6,87,1,2026-01-27 23:00:00
3737,167,6,91.4,109,1,2026-01-29 15:00:00
3738,167,7,96.6,94,1,2026-01-31 05:00:00
3739,167,8,95.4,96,1,2026-02-01 22:00:00
3740,167,9,77.7,68,1,2026-02-03 17:00:00
3741,167,10,91.1,72,1,2026-02-05 13:00:00
3742,167,11,82.8,125,1,2026-02-06 07:00:00
3743,167,12,80.4,75,1,2026-02-07 08:00:00
3744,167,13,51.2,123,1,2026-02-07 22:00:00
3745,167,14,91.9,85,1,2026-02-08 11:00:00
3746,167,14,75.4,90,2,2026-02-09 01:00:00
3747,167,14,75.7,111,3,2026-02-09 06:00:00
3748,168,1,88.6,85,1,2026-02-02 00:00:00
3749,168,2,94.9,57,1,2026-02-03 16:00:00
3750,168,3,78.1,52,1,2026-02-04 12:00:00
3751,168,4,48.2,58,1,2026-02-05 17:00:00
3752,168,5,82.9,66,1,2026-02-07 14:00:00
3753,168,6,70.9,77,1,2026-02-08 04:00:00
3754,168,7,87.3,60,1,2026-02-09 16:00:00
3755,168,8,63.5,72,1,2026-02-10 10:00:00
3756,168,9,75.2,92,1,2026-02-11 23:00:00
3757,168,9,60.4,67,2,2026-02-13 06:00:00
3758,168,9,74.0,66,3,2026-02-13 21:00:00
3759,168,10,90.2,30,1,2026-02-15 07:00:00
3760,169,1,79.8,30,1,2026-01-26 17:00:00
3761,169,2,71.0,67,1,2026-01-27 20:00:00
3762,169,3,96.3,58,1,2026-01-28 08:00:00
3763,169,4,71.1,49,1,2026-01-28 20:00:00
3764,169,5,65.0,64,1,2026-01-29 17:00:00
3765,169,6,99.4,58,1,2026-01-30 10:00:00
3766,169,7,76.6,82,1,2026-01-31 16:00:00
3767,169,8,77.5,61,1,2026-02-02 15:00:00
3768,169,9,83.1,45,1,2026-02-02 20:00:00
3769,169,10,73.0,79,1,2026-02-03 21:00:00
3770,169,11,75.1,55,1,2026-02-05 03:00:00
3771,169,12,98.9,70,1,2026-02-05 08:00:00
3772,169,13,74.9,50,1,2026-02-05 19:00:00
3773,169,14,52.1,47,1,2026-02-07 17:00:00
3774,169,15,89.1,61,1,2026-02-09 02:00:00
3775,169,16,82.1,60,1,2026-02-10 01:00:00
3776,169,16,73.2,69,2,2026-02-11 04:00:00
3777,169,16,42.7,54,3,2026-02-11 18:00:00
3778,170,1,76.6,53,1,2026-01-31 15:00:00
3779,170,2,44.3,81,1,2026-02-01 11:00:00
3780,170,3,94.0,105,1,2026-02-03 01:00:00
3781,170,4,90.8,84,1,2026-02-05 01:00:00
3782,170,4,92.1,85,2,2026-02-05 16:00:00
3783,170,5,61.3,109,1,2026-02-06 02:00:00
3784,170,6,47.6,75,1,2026-02-07 08:00:00
3785,170,6,99.9,59,2,2026-02-09 07:00:00
3786,170,7,56.3,86,1,2026-02-09 17:00:00
3787,170,8,81.3,80,1,2026-02-11 06:00:00
3788,170,9,55.4,70,1,2026-02-11 18:00:00
3789,170,10,59.5,86,1,2026-02-12 22:00:00
3790,170,10,89.2,99,2,2026-02-14 14:00:00
3791,170,11,90.3,89,1,2026-02-15 08:00:00
3792,170,12,68.4,96,1,2026-02-16 11:00:00
3793,170,12,51.8,126,2,2026-02-17 23:00:00
3794,170,12,77.3,83,3,2026-02-19 08:00:00
3795,170,13,99.4,95,1,2026-02-20 06:00:00
3796,170,14,94.0,79,1,2026-02-22 04:00:00
3797,170,14,97.2,73,2,2026-02-23 12:00:00
3798,170,14,67.0,78,3,2026-02-24 16:00:00
3799,170,15,31.2,80,1,2026-02-25 02:00:00
3800,170,15,97.6,97,2,2026-02-26 03:00:00
3801,170,15,64.4,136,3,2026-02-27 23:00:00
3802,170,16,95.7,75,1,2026-03-01 06:00:00
3803,170,16,49.8,81,2,2026-03-02 00:00:00
3804,170,16,69.7,88,3,2026-03-03 10:00:00
3805,170,17,33.9,97,1,2026-03-04 18:00:00
3806,170,18,37.7,95,1,2026-03-06 17:00:00
3807,171,1,35.9,165,1,2026-01-29 04:00:00
3808,171,2,43.6,91,1,2026-01-30 21:00:00
3809,171,2,38.9,92,2,2026-01-31 03:00:00
3810,171,3,62.3,130,1,2026-02-02 01:00:00
3811,171,3,32.1,161,2,2026-02-02 21:00:00
3812,171,3,33.0,108,3,2026-02-03 18:00:00
3813,171,4,48.0,79,1,2026-02-04 21:00:00
3814,171,4,48.8,151,2,2026-02-05 03:00:00
3815,171,5,48.8,144,1,2026-02-06 19:00:00
3816,171,5,86.9,118,2,2026-02-07 09:00:00
3817,171,6,82.2,120,1,2026-02-07 14:00:00
3818,171,6,56.2,120,2,2026-02-09 04:00:00
3819,171,7,56.8,142,1,2026-02-11 04:00:00
3820,171,7,43.6,127,2,2026-02-12 04:00:00
3821,171,7,80.0,149,3,2026-02-13 10:00:00
3822,171,8,38.6,82,1,2026-02-14 09:00:00
3823,171,8,37.6,122,2,2026-02-15 15:00:00
3824,171,8,31.4,117,3,2026-02-17 14:00:00
3825,171,9,69.2,134,1,2026-02-18 18:00:00
3826,171,9,57.4,129,2,2026-02-18 23:00:00
3827,171,9,43.5,155,3,2026-02-20 07:00:00
3828,171,10,48.4,102,1,2026-02-22 04:00:00
3829,171,10,71.2,140,2,2026-02-24 03:00:00
3830,171,11,66.4,151,1,2026-02-25 13:00:00
3831,171,11,37.7,177,2,2026-02-25 21:00:00
3832,171,11,32.9,130,3,2026-02-27 17:00:00
3833,171,12,95.5,146,1,2026-02-28 06:00:00
3834,171,12,97.6,103,2,2026-02-28 15:00:00
3835,171,12,50.4,92,3,2026-03-01 03:00:00
3836,171,13,54.8,156,1,2026-03-01 10:00:00
3837,171,14,32.5,139,1,2026-03-03 01:00:00
3838,171,15,69.1,163,1,2026-03-03 06:00:00
3839,171,15,78.7,112,2,2026-03-04 21:00:00
3840,171,15,35.5,150,3,2026-03-06 09:00:00
3841,171,16,65.4,177,1,2026-03-06 14:00:00
3842,171,16,66.6,148,2,2026-03-08 14:00:00
3843,171,16,51.9,145,3,2026-03-09 23:00:00
3844,171,17,62.3,140,1,2026-03-10 03:00:00
3845,171,17,48.3,108,2,2026-03-11 03:00:00
3846,172,1,36.1,87,1,2026-01-13 09:00:00
3847,172,2,35.9,47,1,2026-01-14 21:00:00
3848,172,3,70.0,70,1,2026-01-15 08:00:00
3849,172,4,91.5,30,1,2026-01-16 09:00:00
3850,172,5,79.2,36,1,2026-01-18 06:00:00
3851,172,6,96.4,88,1,2026-01-18 22:00:00
3852,172,7,78.1,53,1,2026-01-20 01:00:00
3853,172,8,77.9,89,1,2026-01-21 20:00:00
3854,172,9,91.7,58,1,2026-01-23 20:00:00
3855,172,10,91.7,30,1,2026-01-25 05:00:00
3856,172,11,92.0,77,1,2026-01-26 20:00:00
3857,172,12,90.1,48,1,2026-01-27 18:00:00
3858,172,13,94.5,73,1,2026-01-29 17:00:00
3859,172,14,90.0,60,1,2026-01-30 00:00:00
3860,172,15,71.0,30,1,2026-01-31 23:00:00
3861,172,16,48.9,63,1,2026-02-02 18:00:00
3862,172,17,88.0,103,1,2026-02-04 14:00:00
3863,172,17,92.8,69,2,2026-02-05 13:00:00
3864,172,18,36.6,58,1,2026-02-06 09:00:00
3865,172,18,93.4,81,2,2026-02-07 07:00:00
3866,172,18,61.4,64,3,2026-02-07 13:00:00
3867,173,1,93.1,94,1,2026-01-25 05:00:00
3868,173,1,90.3,68,2,2026-01-26 19:00:00
3869,173,2,71.4,94,1,2026-01-27 18:00:00
3870,173,2,85.5,110,2,2026-01-29 13:00:00
3871,173,3,94.6,73,1,2026-01-29 20:00:00
3872,173,4,70.8,118,1,2026-01-30 16:00:00
3873,173,4,92.9,88,2,2026-01-31 07:00:00
3874,173,5,98.9,72,1,2026-01-31 18:00:00
3875,173,6,82.7,109,1,2026-02-01 14:00:00
3876,173,6,33.0,84,2,2026-02-02 08:00:00
3877,173,6,71.6,105,3,2026-02-03 20:00:00
3878,173,7,92.8,84,1,2026-02-05 10:00:00
3879,173,7,80.4,88,2,2026-02-06 16:00:00
3880,173,7,41.8,99,3,2026-02-07 17:00:00
3881,173,8,35.6,95,1,2026-02-08 03:00:00
3882,173,9,79.2,50,1,2026-02-09 17:00:00
3883,173,10,66.7,67,1,2026-02-11 03:00:00
3884,173,11,75.5,108,1,2026-02-12 10:00:00
3885,173,12,95.9,87,1,2026-02-13 01:00:00
3886,173,13,98.2,79,1,2026-02-14 15:00:00
3887,174,1,70.1,32,1,2026-01-26 08:00:00
3888,174,2,66.6,38,1,2026-01-27 14:00:00
3889,174,3,71.9,30,1,2026-01-28 15:00:00
3890,174,4,74.6,57,1,2026-01-30 09:00:00
3891,174,5,93.6,48,1,2026-01-31 04:00:00
3892,174,6,94.1,40,1,2026-02-01 07:00:00
3893,174,7,82.6,58,1,2026-02-02 16:00:00
3894,174,8,91.2,67,1,2026-02-03 20:00:00
3895,174,9,66.5,101,1,2026-02-04 11:00:00
3896,174,9,89.5,30,2,2026-02-06 01:00:00
3897,174,9,95.8,83,3,2026-02-07 03:00:00
3898,174,10,75.6,79,1,2026-02-08 14:00:00
3899,174,11,95.9,44,1,2026-02-09 13:00:00
3900,174,12,78.9,64,1,2026-02-10 13:00:00
3901,174,13,74.2,50,1,2026-02-12 02:00:00
3902,174,14,42.6,63,1,2026-02-12 08:00:00
3903,174,15,75.3,90,1,2026-02-13 21:00:00
3904,174,16,71.3,72,1,2026-02-14 03:00:00
3905,174,16,51.6,70,2,2026-02-14 17:00:00
3906,174,17,38.3,51,1,2026-02-15 07:00:00
3907,175,1,59.9,60,1,2026-01-13 08:00:00
3908,175,2,37.4,85,1,2026-01-15 06:00:00
3909,175,3,85.2,114,1,2026-01-16 01:00:00
3910,175,4,30.3,59,1,2026-01-16 10:00:00
3911,175,5,43.7,68,1,2026-01-17 13:00:00
3912,175,5,94.1,92,2,2026-01-19 10:00:00
3913,175,5,79.9,70,3,2026-01-19 16:00:00
3914,175,6,38.8,74,1,2026-01-20 04:00:00
3915,175,7,74.9,81,1,2026-01-20 09:00:00
3916,175,7,80.1,62,2,2026-01-20 22:00:00
3917,175,8,65.6,70,1,2026-01-22 15:00:00
3918,175,9,68.1,104,1,2026-01-24 06:00:00
3919,175,10,85.8,63,1,2026-01-26 03:00:00
3920,175,11,47.2,58,1,2026-01-26 23:00:00
3921,175,12,86.3,77,1,2026-01-28 23:00:00
3922,175,13,46.9,104,1,2026-01-29 03:00:00
3923,175,14,41.1,86,1,2026-01-30 20:00:00
3924,175,14,70.7,80,2,2026-01-31 02:00:00
3925,175,14,98.3,90,3,2026-01-31 09:00:00
3926,176,1,85.1,30,1,2026-01-23 19:00:00
3927,176,2,71.6,69,1,2026-01-25 02:00:00
3928,176,3,76.6,67,1,2026-01-25 13:00:00
3929,176,4,84.7,51,1,2026-01-27 09:00:00
3930,176,5,88.6,80,1,2026-01-29 03:00:00
3931,176,5,80.3,37,2,2026-01-30 14:00:00
3932,176,6,88.9,82,1,2026-02-01 11:00:00
3933,176,7,52.3,63,1,2026-02-02 09:00:00
3934,176,8,35.7,53,1,2026-02-04 07:00:00
3935,176,9,33.0,59,1,2026-02-04 21:00:00
3936,176,9,58.3,57,2,2026-02-05 05:00:00
3937,176,9,78.9,84,3,2026-02-06 16:00:00
3938,176,10,96.5,38,1,2026-02-07 20:00:00
3939,177,1,91.9,124,1,2026-01-13 07:00:00
3940,177,2,41.4,160,1,2026-01-13 21:00:00
3941,177,3,63.3,128,1,2026-01-14 15:00:00
3942,177,3,33.5,158,2,2026-01-15 06:00:00
3943,177,4,53.3,173,1,2026-01-16 16:00:00
3944,177,4,40.1,131,2,2026-01-18 02:00:00
3945,177,5,33.5,153,1,2026-01-19 17:00:00
3946,177,6,58.3,116,1,2026-01-20 13:00:00
3947,177,7,46.6,155,1,2026-01-21 22:00:00
3948,177,8,93.2,143,1,2026-01-22 09:00:00
3949,177,9,87.8,149,1,2026-01-22 15:00:00
3950,177,10,51.1,127,1,2026-01-24 06:00:00
3951,177,11,87.2,106,1,2026-01-24 22:00:00
3952,177,12,59.0,150,1,2026-01-26 03:00:00
3953,177,13,55.0,98,1,2026-01-27 10:00:00
3954,177,14,33.4,133,1,2026-01-27 18:00:00
3955,177,14,33.7,158,2,2026-01-29 09:00:00
3956,177,14,42.8,143,3,2026-01-30 19:00:00
3957,177,15,94.0,178,1,2026-01-31 14:00:00
3958,177,16,45.6,160,1,2026-02-02 03:00:00
3959,177,17,33.0,126,1,2026-02-03 12:00:00
3960,177,17,75.9,140,2,2026-02-04 17:00:00
3961,177,17,99.2,139,3,2026-02-05 01:00:00
3962,177,18,60.3,108,1,2026-02-05 06:00:00
3963,177,18,82.0,121,2,2026-02-05 23:00:00
3964,178,1,68.6,78,1,2026-01-20 18:00:00
3965,178,2,84.8,49,1,2026-01-22 03:00:00
3966,178,3,32.6,90,1,2026-01-23 14:00:00
3967,178,3,75.5,85,2,2026-01-24 20:00:00
3968,178,3,86.0,56,3,2026-01-26 01:00:00
3969,178,4,88.7,98,1,2026-01-27 14:00:00
3970,178,5,74.3,104,1,2026-01-29 06:00:00
3971,178,6,100.0,94,1,2026-01-30 03:00:00
3972,178,6,68.1,83,2,2026-01-30 14:00:00
3973,178,6,61.1,101,3,2026-02-01 03:00:00
3974,178,7,96.3,103,1,2026-02-02 14:00:00
3975,178,7,71.0,96,2,2026-02-03 09:00:00
3976,178,7,85.6,73,3,2026-02-04 05:00:00
3977,178,8,76.9,95,1,2026-02-05 02:00:00
3978,178,8,83.7,113,2,2026-02-06 07:00:00
3979,178,8,71.1,78,3,2026-02-07 15:00:00
3980,178,9,72.4,131,1,2026-02-08 12:00:00
3981,178,10,32.9,79,1,2026-02-09 16:00:00
3982,178,10,97.5,90,2,2026-02-10 02:00:00
3983,178,10,75.0,76,3,2026-02-10 11:00:00
3984,178,11,80.5,94,1,2026-02-11 08:00:00
3985,178,12,66.9,55,1,2026-02-12 20:00:00
3986,178,12,62.2,79,2,2026-02-13 05:00:00
3987,178,13,44.1,68,1,2026-02-14 06:00:00
3988,178,14,55.7,92,1,2026-02-16 00:00:00
3989,179,1,78.0,129,1,2026-01-18 17:00:00
3990,179,1,62.0,122,2,2026-01-20 01:00:00
3991,179,2,90.4,62,1,2026-01-21 18:00:00
3992,179,3,46.2,150,1,2026-01-23 12:00:00
3993,179,4,60.1,115,1,2026-01-24 08:00:00
3994,179,4,52.4,94,2,2026-01-25 21:00:00
3995,179,4,82.6,113,3,2026-01-26 03:00:00
3996,179,5,75.4,113,1,2026-01-26 14:00:00
3997,179,6,74.1,96,1,2026-01-28 06:00:00
3998,179,7,80.3,113,1,2026-01-29 13:00:00
3999,179,8,83.8,97,1,2026-01-30 06:00:00
4000,179,8,39.3,101,2,2026-01-31 06:00:00
4001,179,9,59.2,96,1,2026-02-01 13:00:00
4002,179,10,86.7,81,1,2026-02-02 21:00:00
4003,179,11,82.2,112,1,2026-02-04 18:00:00
4004,179,12,33.6,121,1,2026-02-05 17:00:00
4005,179,12,61.9,120,2,2026-02-07 13:00:00
4006,179,12,65.4,126,3,2026-02-08 02:00:00
4007,179,13,56.3,116,1,2026-02-09 04:00:00
4008,179,13,74.2,99,2,2026-02-09 21:00:00
4009,180,1,86.8,76,1,2026-01-09 09:00:00
4010,180,2,93.7,32,1,2026-01-11 08:00:00
4011,180,3,99.7,41,1,2026-01-13 00:00:00
4012,180,4,72.5,40,1,2026-01-14 04:00:00
4013,180,5,93.0,81,1,2026-01-15 03:00:00
4014,180,6,93.0,78,1,2026-01-16 17:00:00
4015,180,7,52.3,69,1,2026-01-18 03:00:00
4016,180,8,80.2,81,1,2026-01-18 14:00:00
4017,180,9,46.2,42,1,2026-01-19 04:00:00
4018,180,9,46.4,66,2,2026-01-20 10:00:00
4019,180,9,91.6,57,3,2026-01-21 17:00:00
4020,180,10,82.1,76,1,2026-01-22 01:00:00
4021,180,11,99.8,57,1,2026-01-22 05:00:00
4022,180,12,77.4,52,1,2026-01-23 13:00:00
4023,180,13,58.1,70,1,2026-01-24 19:00:00
4024,180,14,85.1,77,1,2026-01-26 07:00:00
4025,180,15,96.0,46,1,2026-01-27 06:00:00
4026,180,16,56.9,58,1,2026-01-28 16:00:00
4027,180,17,78.3,38,1,2026-01-29 21:00:00
4028,181,1,80.5,40,1,2026-01-16 11:00:00
4029,181,1,60.1,94,2,2026-01-17 12:00:00
4030,181,2,73.8,102,1,2026-01-18 06:00:00
4031,181,3,44.8,95,1,2026-01-18 20:00:00
4032,181,4,31.6,51,1,2026-01-19 16:00:00
4033,181,4,80.3,82,2,2026-01-20 01:00:00
4034,181,5,91.2,45,1,2026-01-20 12:00:00
4035,181,5,69.2,117,2,2026-01-22 08:00:00
4036,181,6,37.7,68,1,2026-01-24 02:00:00
4037,181,6,35.2,115,2,2026-01-24 19:00:00
4038,181,7,65.7,108,1,2026-01-25 13:00:00
4039,181,7,92.5,71,2,2026-01-26 04:00:00
4040,181,7,58.6,67,3,2026-01-26 22:00:00
4041,181,8,40.0,97,1,2026-01-27 11:00:00
4042,181,9,92.8,73,1,2026-01-28 03:00:00
4043,181,10,81.0,92,1,2026-01-28 20:00:00
4044,181,10,65.5,80,2,2026-01-29 23:00:00
4045,181,10,73.0,54,3,2026-01-31 08:00:00
4046,181,11,52.8,45,1,2026-02-01 18:00:00
4047,181,12,91.8,94,1,2026-02-02 20:00:00
4048,181,13,90.1,78,1,2026-02-03 14:00:00
4049,181,13,74.4,78,2,2026-02-04 14:00:00
4050,181,13,85.9,103,3,2026-02-06 08:00:00
4051,181,14,94.1,113,1,2026-02-07 23:00:00
4052,181,15,64.4,84,1,2026-02-09 22:00:00
4053,181,15,77.1,83,2,2026-02-11 22:00:00
4054,181,16,61.1,100,1,2026-02-13 00:00:00
4055,181,16,83.1,62,2,2026-02-14 01:00:00
4056,181,17,99.7,94,1,2026-02-15 22:00:00
4057,181,17,63.1,101,2,2026-02-16 07:00:00
4058,182,1,70.0,73,1,2026-01-22 09:00:00
4059,182,2,80.6,30,1,2026-01-22 22:00:00
4060,182,3,39.1,44,1,2026-01-24 21:00:00
4061,182,4,80.4,42,1,2026-01-25 13:00:00
4062,182,5,84.1,61,1,2026-01-26 16:00:00
4063,182,5,92.1,69,2,2026-01-26 22:00:00
4064,182,5,67.7,89,3,2026-01-27 11:00:00
4065,182,6,81.7,50,1,2026-01-28 01:00:00
4066,182,7,85.1,50,1,2026-01-28 18:00:00
4067,182,8,72.9,82,1,2026-01-29 23:00:00
4068,182,9,59.0,65,1,2026-01-31 04:00:00
4069,182,10,97.7,85,1,2026-02-01 10:00:00
4070,182,11,78.4,65,1,2026-02-02 13:00:00
4071,182,12,72.9,36,1,2026-02-04 07:00:00
4072,182,13,34.3,33,1,2026-02-06 03:00:00
4073,182,14,98.8,30,1,2026-02-07 00:00:00
4074,182,15,93.0,73,1,2026-02-07 18:00:00
4075,183,1,80.3,133,1,2026-01-25 01:00:00
4076,183,2,87.8,146,1,2026-01-26 09:00:00
4077,183,2,94.5,126,2,2026-01-27 17:00:00
4078,183,2,88.6,133,3,2026-01-28 22:00:00
4079,183,3,95.8,98,1,2026-01-29 17:00:00
4080,183,4,76.7,86,1,2026-01-30 07:00:00
4081,183,4,79.9,127,2,2026-01-31 20:00:00
4082,183,4,71.0,118,3,2026-02-02 19:00:00
4083,183,5,46.7,112,1,2026-02-03 20:00:00
4084,183,6,82.1,117,1,2026-02-04 03:00:00
4085,183,7,33.3,116,1,2026-02-06 01:00:00
4086,183,8,62.6,135,1,2026-02-06 20:00:00
4087,183,9,86.9,135,1,2026-02-08 20:00:00
4088,183,9,85.6,120,2,2026-02-09 19:00:00
4089,183,9,86.3,126,3,2026-02-10 22:00:00
4090,183,10,31.0,120,1,2026-02-11 02:00:00
4091,183,10,85.6,100,2,2026-02-12 12:00:00
4092,183,11,33.7,125,1,2026-02-12 22:00:00
4093,183,11,53.8,82,2,2026-02-14 19:00:00
4094,183,12,80.7,131,1,2026-02-15 22:00:00
4095,183,12,97.9,86,2,2026-02-17 15:00:00
4096,183,12,89.8,115,3,2026-02-19 03:00:00
4097,183,13,38.1,93,1,2026-02-19 16:00:00
4098,183,13,58.0,121,2,2026-02-21 03:00:00
4099,183,13,38.8,109,3,2026-02-21 16:00:00
4100,183,14,67.6,78,1,2026-02-21 22:00:00
4101,183,15,48.8,118,1,2026-02-22 06:00:00
4102,183,15,91.5,98,2,2026-02-23 08:00:00
4103,183,15,90.7,127,3,2026-02-24 13:00:00
4104,183,16,66.6,110,1,2026-02-24 19:00:00
4105,183,17,86.6,117,1,2026-02-25 09:00:00
4106,183,18,61.1,90,1,2026-02-27 07:00:00
4107,183,19,53.2,98,1,2026-02-28 19:00:00
4108,184,1,43.6,130,1,2026-01-16 22:00:00
4109,184,2,58.1,157,1,2026-01-17 03:00:00
4110,184,3,43.7,173,1,2026-01-18 01:00:00
4111,184,4,46.2,123,1,2026-01-18 05:00:00
4112,184,4,40.1,161,2,2026-01-19 20:00:00
4113,184,5,34.1,96,1,2026-01-21 15:00:00
4114,184,5,40.5,116,2,2026-01-22 22:00:00
4115,184,5,90.4,120,3,2026-01-24 03:00:00
4116,184,6,83.0,112,1,2026-01-24 23:00:00
4117,184,6,66.5,108,2,2026-01-26 18:00:00
4118,184,7,88.6,148,1,2026-01-27 17:00:00
4119,184,8,37.1,135,1,2026-01-29 01:00:00
4120,184,8,54.1,147,2,2026-01-30 06:00:00
4121,184,8,98.1,153,3,2026-01-30 12:00:00
4122,184,9,56.8,145,1,2026-01-31 22:00:00
4123,184,10,54.3,153,1,2026-02-02 21:00:00
4124,184,11,70.2,138,1,2026-02-04 11:00:00
4125,184,12,53.7,116,1,2026-02-05 16:00:00
4126,184,13,63.5,161,1,2026-02-06 19:00:00
4127,185,1,91.5,78,1,2026-01-18 12:00:00
4128,185,1,76.1,71,2,2026-01-19 09:00:00
4129,185,2,95.1,86,1,2026-01-20 22:00:00
4130,185,3,98.7,71,1,2026-01-21 13:00:00
4131,185,4,72.6,81,1,2026-01-22 14:00:00
4132,185,5,54.9,96,1,2026-01-24 09:00:00
4133,185,6,66.8,96,1,2026-01-24 18:00:00
4134,185,7,41.1,72,1,2026-01-25 04:00:00
4135,185,8,78.0,80,1,2026-01-26 15:00:00
4136,185,8,36.0,111,2,2026-01-28 08:00:00
4137,185,8,73.4,99,3,2026-01-28 21:00:00
4138,185,9,50.6,131,1,2026-01-30 20:00:00
4139,185,9,62.1,113,2,2026-01-31 00:00:00
4140,185,9,82.3,112,3,2026-01-31 23:00:00
4141,185,10,85.1,62,1,2026-02-02 22:00:00
4142,185,11,93.0,105,1,2026-02-03 10:00:00
4143,186,1,35.9,138,1,2026-01-30 11:00:00
4144,186,2,84.0,128,1,2026-01-30 22:00:00
4145,186,3,52.1,143,1,2026-01-31 23:00:00
4146,186,3,99.6,158,2,2026-02-02 09:00:00
4147,186,4,51.6,150,1,2026-02-02 15:00:00
4148,186,4,47.8,122,2,2026-02-04 15:00:00
4149,186,4,38.3,154,3,2026-02-06 11:00:00
4150,186,5,93.3,127,1,2026-02-07 03:00:00
4151,186,5,89.6,144,2,2026-02-07 15:00:00
4152,186,5,68.1,133,3,2026-02-08 00:00:00
4153,186,6,97.7,135,1,2026-02-09 04:00:00
4154,186,7,42.4,155,1,2026-02-10 06:00:00
4155,186,7,63.9,119,2,2026-02-12 00:00:00
4156,186,8,61.3,178,1,2026-02-12 19:00:00
4157,186,9,71.4,103,1,2026-02-13 04:00:00
4158,186,10,62.5,128,1,2026-02-14 18:00:00
4159,186,10,50.9,147,2,2026-02-15 02:00:00
4160,186,11,87.7,151,1,2026-02-15 13:00:00
4161,186,12,97.1,137,1,2026-02-17 01:00:00
4162,187,1,86.7,138,1,2026-01-03 18:00:00
4163,187,2,81.9,148,1,2026-01-05 07:00:00
4164,187,2,49.8,135,2,2026-01-06 17:00:00
4165,187,3,90.2,167,1,2026-01-07 22:00:00
4166,187,3,99.8,156,2,2026-01-08 10:00:00
4167,187,4,67.0,157,1,2026-01-08 21:00:00
4168,187,5,58.3,120,1,2026-01-09 09:00:00
4169,187,5,58.8,138,2,2026-01-09 13:00:00
4170,187,6,31.3,133,1,2026-01-11 11:00:00
4171,187,6,77.6,119,2,2026-01-11 21:00:00
4172,187,7,99.0,147,1,2026-01-13 12:00:00
4173,187,7,99.0,129,2,2026-01-14 14:00:00
4174,187,7,48.7,153,3,2026-01-15 18:00:00
4175,187,8,67.4,118,1,2026-01-17 09:00:00
4176,187,9,43.5,174,1,2026-01-19 09:00:00
4177,187,10,40.3,122,1,2026-01-20 12:00:00
4178,187,10,66.8,144,2,2026-01-22 04:00:00
4179,187,10,53.0,155,3,2026-01-24 04:00:00
4180,187,11,38.4,128,1,2026-01-25 15:00:00
4181,187,11,42.3,157,2,2026-01-26 08:00:00
4182,187,12,56.0,115,1,2026-01-26 13:00:00
4183,187,12,37.7,169,2,2026-01-28 00:00:00
4184,187,12,34.6,140,3,2026-01-29 11:00:00
4185,188,1,70.0,78,1,2026-01-17 23:00:00
4186,188,2,40.4,84,1,2026-01-18 13:00:00
4187,188,3,66.2,106,1,2026-01-19 17:00:00
4188,188,4,56.3,78,1,2026-01-21 13:00:00
4189,188,5,45.2,75,1,2026-01-23 11:00:00
4190,188,5,83.6,85,2,2026-01-25 09:00:00
4191,188,5,60.4,66,3,2026-01-25 15:00:00
4192,188,6,52.6,126,1,2026-01-27 03:00:00
4193,188,7,60.0,78,1,2026-01-27 13:00:00
4194,188,7,36.3,106,2,2026-01-28 21:00:00
4195,188,8,99.0,94,1,2026-01-30 16:00:00
4196,188,9,99.0,70,1,2026-01-31 22:00:00
4197,188,10,57.4,89,1,2026-02-02 12:00:00
4198,188,11,38.0,105,1,2026-02-04 11:00:00
4199,188,12,76.4,86,1,2026-02-06 04:00:00
4200,188,13,84.7,113,1,2026-02-07 08:00:00
4201,188,14,56.2,110,1,2026-02-08 09:00:00
4202,188,14,55.3,108,2,2026-02-09 05:00:00
4203,188,15,83.3,80,1,2026-02-10 00:00:00
4204,188,15,35.2,68,2,2026-02-10 06:00:00
4205,188,15,54.0,77,3,2026-02-11 14:00:00
4206,188,16,55.6,93,1,2026-02-12 14:00:00
4207,188,16,94.4,100,2,2026-02-13 09:00:00
4208,188,17,37.9,46,1,2026-02-14 03:00:00
4209,188,17,91.6,89,2,2026-02-15 20:00:00
4210,188,18,97.6,93,1,2026-02-17 09:00:00
4211,188,19,70.0,84,1,2026-02-18 06:00:00
4212,189,1,92.1,115,1,2026-01-12 10:00:00
4213,189,1,86.0,98,2,2026-01-13 23:00:00
4214,189,2,78.0,116,1,2026-01-14 20:00:00
4215,189,2,95.5,85,2,2026-01-15 02:00:00
4216,189,3,80.1,108,1,2026-01-16 12:00:00
4217,189,4,72.7,122,1,2026-01-16 20:00:00
4218,189,5,81.8,116,1,2026-01-18 14:00:00
4219,189,6,85.6,68,1,2026-01-20 10:00:00
4220,189,7,89.7,84,1,2026-01-21 10:00:00
4221,189,8,60.7,83,1,2026-01-22 12:00:00
4222,189,9,48.8,99,1,2026-01-23 17:00:00
4223,189,10,34.8,103,1,2026-01-25 07:00:00
4224,189,10,64.4,73,2,2026-01-26 12:00:00
4225,189,10,77.6,91,3,2026-01-27 04:00:00
4226,189,11,39.9,49,1,2026-01-27 21:00:00
4227,189,12,60.3,118,1,2026-01-29 08:00:00
4228,189,13,71.1,79,1,2026-01-30 05:00:00
4229,189,13,42.0,91,2,2026-01-31 19:00:00
4230,189,14,60.7,83,1,2026-02-01 15:00:00
4231,190,1,96.0,82,1,2026-01-26 00:00:00
4232,190,2,83.6,30,1,2026-01-26 16:00:00
4233,190,3,98.4,59,1,2026-01-27 12:00:00
4234,190,4,67.8,57,1,2026-01-29 00:00:00
4235,190,5,53.4,50,1,2026-01-30 00:00:00
4236,190,6,83.1,94,1,2026-01-31 20:00:00
4237,190,7,80.8,42,1,2026-02-01 03:00:00
4238,190,8,75.9,75,1,2026-02-02 22:00:00
4239,190,9,69.0,67,1,2026-02-03 18:00:00
4240,190,9,94.1,85,2,2026-02-05 15:00:00
4241,190,10,74.4,46,1,2026-02-06 05:00:00
4242,190,11,72.4,45,1,2026-02-07 03:00:00
4243,190,12,96.2,81,1,2026-02-07 10:00:00
4244,190,13,91.3,68,1,2026-02-08 09:00:00
4245,190,13,84.6,30,2,2026-02-09 17:00:00
4246,190,14,43.1,49,1,2026-02-10 14:00:00
4247,190,15,84.6,67,1,2026-02-10 23:00:00
4248,191,1,87.6,76,1,2026-01-15 21:00:00
4249,191,2,93.2,46,1,2026-01-17 06:00:00
4250,191,3,85.4,30,1,2026-01-18 01:00:00
4251,191,4,85.1,70,1,2026-01-19 00:00:00
4252,191,4,91.3,35,2,2026-01-20 01:00:00
4253,191,5,74.1,30,1,2026-01-20 06:00:00
4254,191,5,97.5,30,2,2026-01-21 04:00:00
4255,191,6,94.0,76,1,2026-01-22 06:00:00
4256,191,7,91.4,62,1,2026-01-22 13:00:00
4257,191,8,83.6,55,1,2026-01-23 21:00:00
4258,191,9,34.7,87,1,2026-01-24 19:00:00
4259,191,9,59.4,72,2,2026-01-25 08:00:00
4260,191,10,78.6,92,1,2026-01-26 19:00:00
4261,191,11,92.1,32,1,2026-01-27 18:00:00
4262,191,12,90.3,59,1,2026-01-29 01:00:00
4263,192,1,43.7,107,1,2026-02-01 03:00:00
4264,192,2,34.9,135,1,2026-02-01 08:00:00
4265,192,2,45.9,135,2,2026-02-01 21:00:00
4266,192,2,57.7,152,3,2026-02-03 00:00:00
4267,192,3,68.3,140,1,2026-02-03 07:00:00
4268,192,4,62.0,152,1,2026-02-04 10:00:00
4269,192,4,81.2,154,2,2026-02-06 08:00:00
4270,192,5,94.6,183,1,2026-02-07 20:00:00
4271,192,5,62.1,133,2,2026-02-08 00:00:00
4272,192,6,84.2,121,1,2026-02-08 22:00:00
4273,192,7,91.5,144,1,2026-02-09 12:00:00
4274,192,8,39.7,123,1,2026-02-11 07:00:00
4275,192,9,55.8,169,1,2026-02-12 19:00:00
4276,192,9,60.4,134,2,2026-02-13 22:00:00
4277,192,9,38.2,128,3,2026-02-14 08:00:00
4278,192,10,39.5,130,1,2026-02-16 07:00:00
4279,192,11,65.5,154,1,2026-02-16 11:00:00
4280,193,1,78.5,106,1,2026-01-22 17:00:00
4281,193,2,77.5,97,1,2026-01-24 01:00:00
4282,193,3,78.8,143,1,2026-01-26 01:00:00
4283,193,4,95.4,92,1,2026-01-27 07:00:00
4284,193,5,47.3,110,1,2026-01-28 18:00:00
4285,193,6,51.9,123,1,2026-01-29 03:00:00
4286,193,7,56.5,77,1,2026-01-30 07:00:00
4287,193,8,43.4,119,1,2026-01-31 23:00:00
4288,193,9,78.4,88,1,2026-02-01 12:00:00
4289,193,9,63.8,126,2,2026-02-03 05:00:00
4290,193,9,46.7,90,3,2026-02-04 22:00:00
4291,193,10,35.8,123,1,2026-02-06 14:00:00
4292,193,11,39.0,132,1,2026-02-07 05:00:00
4293,193,12,32.6,127,1,2026-02-08 09:00:00
4294,193,13,39.8,115,1,2026-02-09 09:00:00
4295,193,13,61.9,105,2,2026-02-11 02:00:00
4296,193,13,56.6,98,3,2026-02-12 07:00:00
4297,193,14,63.9,139,1,2026-02-13 09:00:00
4298,193,15,88.0,96,1,2026-02-15 05:00:00
4299,193,15,44.7,89,2,2026-02-15 19:00:00
4300,193,16,78.8,123,1,2026-02-16 10:00:00
4301,193,16,58.5,94,2,2026-02-17 18:00:00
4302,193,17,43.9,90,1,2026-02-19 10:00:00
4303,193,18,64.0,81,1,2026-02-20 04:00:00
4304,194,1,97.9,80,1,2026-02-02 16:00:00
4305,194,2,90.8,88,1,2026-02-04 03:00:00
4306,194,3,99.5,94,1,2026-02-05 08:00:00
4307,194,4,88.1,109,1,2026-02-06 11:00:00
4308,194,5,46.2,100,1,2026-02-08 04:00:00
4309,194,5,91.1,86,2,2026-02-08 16:00:00
4310,194,6,50.1,86,1,2026-02-09 16:00:00
4311,194,7,96.9,100,1,2026-02-11 02:00:00
4312,194,8,65.8,115,1,2026-02-12 20:00:00
4313,194,9,38.0,92,1,2026-02-13 21:00:00
4314,194,10,77.4,80,1,2026-02-14 10:00:00
4315,194,11,81.9,70,1,2026-02-15 17:00:00
4316,194,12,82.6,61,1,2026-02-16 18:00:00
4317,194,12,74.5,103,2,2026-02-17 18:00:00
4318,194,13,35.7,101,1,2026-02-19 04:00:00
4319,195,1,87.4,101,1,2026-02-01 11:00:00
4320,195,1,33.3,87,2,2026-02-01 19:00:00
4321,195,1,53.9,118,3,2026-02-03 04:00:00
4322,195,2,66.7,80,1,2026-02-03 22:00:00
4323,195,3,64.7,109,1,2026-02-04 22:00:00
4324,195,3,53.2,89,2,2026-02-05 05:00:00
4325,195,3,74.4,77,3,2026-02-06 18:00:00
4326,195,4,73.3,101,1,2026-02-08 17:00:00
4327,195,4,95.7,98,2,2026-02-08 23:00:00
4328,195,4,71.0,97,3,2026-02-09 22:00:00
4329,195,5,58.9,91,1,2026-02-11 03:00:00
4330,195,6,81.0,89,1,2026-02-12 13:00:00
4331,195,7,65.9,137,1,2026-02-14 05:00:00
4332,195,8,89.4,113,1,2026-02-15 13:00:00
4333,195,9,75.5,104,1,2026-02-15 20:00:00
4334,195,9,38.9,92,2,2026-02-17 19:00:00
4335,195,10,73.3,110,1,2026-02-18 22:00:00
4336,195,10,72.8,100,2,2026-02-19 04:00:00
4337,195,10,92.9,90,3,2026-02-20 20:00:00
4338,195,11,54.2,83,1,2026-02-21 05:00:00
4339,195,11,87.7,88,2,2026-02-23 02:00:00
4340,195,11,88.1,30,3,2026-02-24 13:00:00
4341,195,12,64.7,94,1,2026-02-25 11:00:00
4342,195,12,44.7,80,2,2026-02-26 03:00:00
4343,195,12,77.8,121,3,2026-02-27 06:00:00
4344,195,13,58.8,90,1,2026-02-27 19:00:00
4345,195,13,46.4,66,2,2026-03-01 17:00:00
4346,195,14,95.8,89,1,2026-03-03 08:00:00
4347,195,15,53.4,69,1,2026-03-04 15:00:00
4348,195,16,96.2,99,1,2026-03-06 00:00:00
4349,195,17,95.3,95,1,2026-03-06 05:00:00
4350,195,18,33.4,109,1,2026-03-07 16:00:00
4351,195,19,80.1,74,1,2026-03-08 02:00:00
4352,195,20,68.4,90,1,2026-03-08 18:00:00
4353,195,20,69.5,62,2,2026-03-10 10:00:00
4354,196,1,97.8,104,1,2026-01-30 05:00:00
4355,196,1,54.3,100,2,2026-01-31 18:00:00
4356,196,2,65.1,99,1,2026-02-02 03:00:00
4357,196,3,73.9,90,1,2026-02-03 17:00:00
4358,196,4,88.2,98,1,2026-02-04 15:00:00
4359,196,5,88.1,122,1,2026-02-05 10:00:00
4360,196,6,54.4,84,1,2026-02-05 16:00:00
4361,196,7,34.5,92,1,2026-02-06 20:00:00
4362,196,8,38.5,68,1,2026-02-07 15:00:00
4363,196,9,51.2,72,1,2026-02-08 15:00:00
4364,196,10,32.1,91,1,2026-02-09 22:00:00
4365,196,11,73.4,112,1,2026-02-11 08:00:00
4366,197,1,76.9,134,1,2026-01-13 03:00:00
4367,197,1,83.2,135,2,2026-01-14 20:00:00
4368,197,2,91.6,131,1,2026-01-16 17:00:00
4369,197,2,42.6,129,2,2026-01-18 14:00:00
4370,197,2,52.4,145,3,2026-01-20 00:00:00
4371,197,3,38.2,110,1,2026-01-20 23:00:00
4372,197,4,99.1,165,1,2026-01-22 16:00:00
4373,197,5,64.1,126,1,2026-01-23 20:00:00
4374,197,6,46.2,154,1,2026-01-24 12:00:00
4375,197,7,60.3,114,1,2026-01-24 17:00:00
4376,197,7,91.5,153,2,2026-01-25 03:00:00
4377,197,8,75.8,153,1,2026-01-26 13:00:00
4378,197,8,85.7,147,2,2026-01-26 17:00:00
4379,197,8,54.4,120,3,2026-01-28 13:00:00
4380,197,9,47.9,144,1,2026-01-30 06:00:00
4381,197,9,65.4,116,2,2026-01-31 05:00:00
4382,197,9,31.5,134,3,2026-02-01 05:00:00
4383,197,10,63.4,160,1,2026-02-01 14:00:00
4384,197,11,30.1,155,1,2026-02-02 20:00:00
4385,197,11,61.6,140,2,2026-02-03 21:00:00
4386,197,12,33.3,120,1,2026-02-05 08:00:00
4387,197,13,63.2,152,1,2026-02-07 03:00:00
4388,197,14,69.3,140,1,2026-02-08 19:00:00
4389,197,15,33.0,93,1,2026-02-09 11:00:00
4390,197,15,75.1,155,2,2026-02-10 02:00:00
4391,197,16,40.1,139,1,2026-02-11 20:00:00
4392,197,17,62.1,164,1,2026-02-13 01:00:00
4393,197,17,32.7,118,2,2026-02-14 19:00:00
4394,197,18,51.9,76,1,2026-02-15 22:00:00
4395,197,19,64.4,145,1,2026-02-16 07:00:00
4396,197,20,41.6,145,1,2026-02-17 04:00:00
4397,197,20,50.5,106,2,2026-02-17 13:00:00
4398,197,20,34.8,120,3,2026-02-19 06:00:00
4399,198,1,65.5,195,1,2026-01-29 10:00:00
4400,198,2,69.1,133,1,2026-01-30 09:00:00
4401,198,2,78.9,154,2,2026-01-31 14:00:00
4402,198,2,53.9,126,3,2026-02-01 05:00:00
4403,198,3,42.5,98,1,2026-02-01 15:00:00
4404,198,3,58.7,136,2,2026-02-02 07:00:00
4405,198,3,85.5,134,3,2026-02-02 17:00:00
4406,198,4,39.4,132,1,2026-02-03 07:00:00
4407,198,4,35.9,137,2,2026-02-03 11:00:00
4408,198,4,49.0,145,3,2026-02-04 02:00:00
4409,198,5,46.9,136,1,2026-02-04 16:00:00
4410,198,5,93.2,114,2,2026-02-05 20:00:00
4411,198,6,49.7,149,1,2026-02-07 13:00:00
4412,198,6,42.1,101,2,2026-02-08 18:00:00
4413,198,6,83.5,98,3,2026-02-09 06:00:00
4414,198,7,65.2,154,1,2026-02-09 23:00:00
4415,198,8,35.8,150,1,2026-02-11 10:00:00
4416,198,8,80.4,138,2,2026-02-12 07:00:00
4417,198,8,53.6,112,3,2026-02-14 05:00:00
4418,198,9,42.7,125,1,2026-02-14 23:00:00
4419,198,9,86.5,134,2,2026-02-16 21:00:00
4420,198,9,56.8,108,3,2026-02-18 18:00:00
4421,198,10,89.5,125,1,2026-02-19 00:00:00
4422,198,10,85.6,153,2,2026-02-20 21:00:00
4423,198,11,56.9,168,1,2026-02-22 14:00:00
4424,198,11,84.0,131,2,2026-02-23 09:00:00
4425,198,11,69.8,155,3,2026-02-24 19:00:00
4426,198,12,56.3,101,1,2026-02-25 18:00:00
4427,198,12,50.1,153,2,2026-02-26 20:00:00
4428,198,12,98.0,123,3,2026-02-27 04:00:00
4429,199,1,75.1,146,1,2026-01-27 02:00:00
4430,199,1,95.4,135,2,2026-01-27 12:00:00
4431,199,1,44.0,166,3,2026-01-28 12:00:00
4432,199,2,82.3,122,1,2026-01-28 22:00:00
4433,199,2,95.8,152,2,2026-01-30 21:00:00
4434,199,2,30.4,134,3,2026-01-31 23:00:00
4435,199,3,35.4,136,1,2026-02-01 12:00:00
4436,199,4,63.0,136,1,2026-02-02 04:00:00
4437,199,5,71.9,123,1,2026-02-03 17:00:00
4438,199,6,64.0,139,1,2026-02-05 01:00:00
4439,199,7,60.2,138,1,2026-02-06 18:00:00
4440,199,7,63.6,144,2,2026-02-07 03:00:00
4441,199,8,77.2,141,1,2026-02-08 08:00:00
4442,199,8,56.9,155,2,2026-02-10 01:00:00
4443,199,8,94.0,158,3,2026-02-11 15:00:00
4444,199,9,71.3,118,1,2026-02-13 14:00:00
4445,199,10,35.4,157,1,2026-02-13 23:00:00
4446,199,11,55.2,116,1,2026-02-15 07:00:00
4447,199,11,49.1,151,2,2026-02-16 23:00:00
4448,199,11,41.2,152,3,2026-02-17 11:00:00
4449,199,12,35.2,101,1,2026-02-18 04:00:00
4450,199,13,70.4,141,1,2026-02-19 09:00:00
4451,199,13,44.6,130,2,2026-02-19 20:00:00
4452,199,14,57.1,124,1,2026-02-21 19:00:00
4453,200,1,61.7,167,1,2026-01-22 09:00:00
4454,200,2,52.1,126,1,2026-01-24 00:00:00
4455,200,2,66.6,123,2,2026-01-25 10:00:00
4456,200,2,33.1,141,3,2026-01-26 20:00:00
4457,200,3,36.4,153,1,2026-01-28 17:00:00
4458,200,3,80.8,137,2,2026-01-29 11:00:00
4459,200,4,61.5,163,1,2026-01-29 20:00:00
4460,200,4,65.9,150,2,2026-01-30 07:00:00
4461,200,4,42.4,96,3,2026-02-01 05:00:00
4462,200,5,50.3,129,1,2026-02-02 16:00:00
4463,200,5,51.5,128,2,2026-02-03 02:00:00
4464,200,6,63.0,149,1,2026-02-04 05:00:00
4465,200,7,31.2,87,1,2026-02-05 21:00:00
4466,200,7,65.8,190,2,2026-02-06 21:00:00
4467,200,7,33.0,150,3,2026-02-08 06:00:00
4468,200,8,43.8,142,1,2026-02-08 13:00:00
4469,200,9,63.9,163,1,2026-02-09 11:00:00
4470,200,9,48.2,186,2,2026-02-11 04:00:00
4471,200,10,59.1,157,1,2026-02-13 01:00:00
4472,200,11,92.7,158,1,2026-02-13 22:00:00
4473,200,12,57.5,142,1,2026-02-14 20:00:00
4474,200,13,30.9,137,1,2026-02-15 06:00:00
4475,200,13,33.3,130,2,2026-02-16 13:00:00
4476,200,14,67.8,123,1,2026-02-17 11:00:00
4477,200,15,69.1,126,1,2026-02-17 22:00:00
4478,200,16,31.9,112,1,2026-02-18 22:00:00
4479,200,17,95.2,138,1,2026-02-19 17:00:00
4480,201,1,94.3,56,1,2026-01-05 20:00:00
4481,201,1,98.8,93,2,2026-01-06 03:00:00
4482,201,1,96.4,89,3,2026-01-07 11:00:00
4483,201,2,78.5,92,1,2026-01-08 09:00:00
4484,201,3,93.0,79,1,2026-01-08 18:00:00
4485,201,4,33.9,151,1,2026-01-09 22:00:00
4486,201,4,96.9,117,2,2026-01-11 01:00:00
4487,201,4,97.1,65,3,2026-01-11 20:00:00
4488,201,5,48.7,94,1,2026-01-13 00:00:00
4489,201,6,76.2,77,1,2026-01-14 21:00:00
4490,201,7,31.1,69,1,2026-01-15 02:00:00
4491,201,8,44.4,63,1,2026-01-15 09:00:00
4492,201,9,46.9,98,1,2026-01-15 23:00:00
4493,201,10,42.6,76,1,2026-01-16 19:00:00
4494,201,10,90.6,109,2,2026-01-18 01:00:00
4495,201,10,91.1,109,3,2026-01-18 14:00:00
4496,201,11,46.0,117,1,2026-01-20 04:00:00
4497,201,11,95.5,72,2,2026-01-21 18:00:00
4498,201,12,87.8,99,1,2026-01-22 20:00:00
4499,201,13,89.3,102,1,2026-01-24 16:00:00
4500,201,13,94.2,80,2,2026-01-25 17:00:00
4501,201,13,87.6,74,3,2026-01-27 15:00:00
4502,201,14,78.4,122,1,2026-01-28 03:00:00
4503,201,14,41.4,94,2,2026-01-29 14:00:00
4504,201,15,94.2,102,1,2026-01-30 13:00:00
4505,201,16,86.4,73,1,2026-01-31 01:00:00
4506,201,16,49.8,65,2,2026-02-01 04:00:00
4507,201,16,89.5,78,3,2026-02-02 19:00:00
4508,201,17,40.1,87,1,2026-02-03 00:00:00
4509,201,18,92.7,68,1,2026-02-04 07:00:00
4510,201,18,48.7,89,2,2026-02-06 03:00:00
4511,201,18,98.1,56,3,2026-02-06 15:00:00
4512,201,19,89.5,67,1,2026-02-07 03:00:00
4513,202,1,78.0,73,1,2026-01-31 13:00:00
4514,202,2,93.6,72,1,2026-02-01 08:00:00
4515,202,3,92.5,52,1,2026-02-02 07:00:00
4516,202,4,91.8,39,1,2026-02-03 15:00:00
4517,202,5,51.1,39,1,2026-02-04 23:00:00
4518,202,6,45.7,52,1,2026-02-06 17:00:00
4519,202,7,60.6,72,1,2026-02-07 14:00:00
4520,202,8,72.4,78,1,2026-02-09 12:00:00
4521,202,9,74.1,50,1,2026-02-10 14:00:00
4522,202,10,87.6,36,1,2026-02-12 13:00:00
4523,202,11,93.8,65,1,2026-02-13 19:00:00
4524,202,12,69.7,43,1,2026-02-14 13:00:00
4525,202,13,54.3,49,1,2026-02-16 02:00:00
4526,202,14,81.4,86,1,2026-02-16 08:00:00
4527,202,15,98.6,76,1,2026-02-18 04:00:00
4528,202,16,67.0,63,1,2026-02-19 08:00:00
4529,202,17,44.2,34,1,2026-02-19 19:00:00
4530,202,18,69.4,64,1,2026-02-21 17:00:00
4531,202,19,73.9,81,1,2026-02-22 11:00:00
4532,203,1,93.0,52,1,2026-01-11 07:00:00
4533,203,2,90.9,87,1,2026-01-13 03:00:00
4534,203,3,74.5,85,1,2026-01-14 21:00:00
4535,203,4,92.6,93,1,2026-01-16 10:00:00
4536,203,5,76.3,66,1,2026-01-16 16:00:00
4537,203,6,93.7,71,1,2026-01-18 01:00:00
4538,203,7,64.5,88,1,2026-01-18 08:00:00
4539,203,8,76.6,68,1,2026-01-19 05:00:00
4540,203,9,85.5,49,1,2026-01-20 16:00:00
4541,203,10,87.3,51,1,2026-01-20 20:00:00
4542,203,11,77.4,64,1,2026-01-22 04:00:00
4543,203,12,80.2,34,1,2026-01-23 16:00:00
4544,203,13,66.7,57,1,2026-01-24 15:00:00
4545,203,14,82.0,81,1,2026-01-26 15:00:00
4546,203,14,67.1,30,2,2026-01-27 11:00:00
4547,203,14,93.5,90,3,2026-01-28 09:00:00
4548,204,1,57.7,162,1,2026-01-19 15:00:00
4549,204,1,67.8,130,2,2026-01-21 15:00:00
4550,204,1,68.2,150,3,2026-01-22 12:00:00
4551,204,2,82.9,140,1,2026-01-24 09:00:00
4552,204,2,87.4,164,2,2026-01-26 04:00:00
4553,204,3,76.4,159,1,2026-01-26 18:00:00
4554,204,4,69.4,111,1,2026-01-27 14:00:00
4555,204,5,45.5,151,1,2026-01-29 10:00:00
4556,204,5,53.1,135,2,2026-01-30 13:00:00
4557,204,6,38.3,141,1,2026-01-31 03:00:00
4558,204,6,96.7,125,2,2026-01-31 16:00:00
4559,204,6,86.6,174,3,2026-02-01 11:00:00
4560,204,7,35.7,160,1,2026-02-01 22:00:00
4561,204,7,30.3,125,2,2026-02-03 02:00:00
4562,204,7,38.5,113,3,2026-02-04 13:00:00
4563,204,8,97.3,132,1,2026-02-05 10:00:00
4564,204,9,59.2,148,1,2026-02-06 22:00:00
4565,204,10,31.1,144,1,2026-02-08 06:00:00
4566,204,10,78.2,165,2,2026-02-08 12:00:00
4567,204,11,71.5,155,1,2026-02-09 20:00:00
4568,204,12,86.8,159,1,2026-02-10 18:00:00
4569,204,12,48.3,146,2,2026-02-12 06:00:00
4570,204,13,40.2,112,1,2026-02-12 10:00:00
4571,204,13,74.5,136,2,2026-02-13 17:00:00
4572,204,14,40.0,161,1,2026-02-14 11:00:00
4573,204,14,38.3,138,2,2026-02-15 21:00:00
4574,204,15,53.4,150,1,2026-02-16 15:00:00
4575,204,16,38.4,133,1,2026-02-18 15:00:00
4576,204,17,66.9,119,1,2026-02-19 17:00:00
4577,204,17,59.3,137,2,2026-02-21 15:00:00
4578,205,1,96.8,96,1,2026-01-21 18:00:00
4579,205,2,60.0,76,1,2026-01-23 16:00:00
4580,205,3,81.8,85,1,2026-01-24 12:00:00
4581,205,4,79.9,71,1,2026-01-26 05:00:00
4582,205,5,50.7,112,1,2026-01-27 21:00:00
4583,205,6,79.0,84,1,2026-01-28 10:00:00
4584,205,7,46.5,119,1,2026-01-29 13:00:00
4585,205,7,90.4,120,2,2026-01-31 03:00:00
4586,205,7,71.9,88,3,2026-02-02 02:00:00
4587,205,8,74.9,69,1,2026-02-03 19:00:00
4588,205,9,39.5,48,1,2026-02-05 11:00:00
4589,205,10,46.0,60,1,2026-02-06 07:00:00
4590,205,10,84.9,62,2,2026-02-07 07:00:00
4591,205,10,87.1,117,3,2026-02-08 05:00:00
4592,205,11,91.2,92,1,2026-02-09 01:00:00
4593,205,12,48.2,97,1,2026-02-09 17:00:00
4594,205,12,68.1,45,2,2026-02-10 19:00:00
4595,205,12,62.2,66,3,2026-02-12 17:00:00
4596,205,13,83.9,107,1,2026-02-14 15:00:00
4597,205,14,53.9,95,1,2026-02-14 21:00:00
4598,205,15,67.3,87,1,2026-02-15 17:00:00
4599,205,16,96.6,101,1,2026-02-16 09:00:00
4600,206,1,48.3,92,1,2026-01-07 11:00:00
4601,206,2,96.3,55,1,2026-01-07 18:00:00
4602,206,3,91.6,61,1,2026-01-09 13:00:00
4603,206,4,95.8,63,1,2026-01-10 01:00:00
4604,206,5,79.1,107,1,2026-01-11 05:00:00
4605,206,5,71.1,30,2,2026-01-13 05:00:00
4606,206,5,93.8,73,3,2026-01-14 11:00:00
4607,206,6,73.9,57,1,2026-01-15 09:00:00
4608,206,7,71.6,71,1,2026-01-16 06:00:00
4609,206,8,32.6,46,1,2026-01-17 19:00:00
4610,206,9,78.4,59,1,2026-01-18 21:00:00
4611,206,10,55.5,74,1,2026-01-19 04:00:00
4612,206,10,70.1,122,2,2026-01-19 16:00:00
4613,206,10,84.5,76,3,2026-01-21 11:00:00
4614,206,11,35.2,43,1,2026-01-22 06:00:00
4615,206,12,83.2,51,1,2026-01-23 08:00:00
4616,206,13,79.3,50,1,2026-01-24 02:00:00
4617,206,14,73.2,30,1,2026-01-25 06:00:00
4618,206,15,83.9,53,1,2026-01-27 00:00:00
4619,207,1,87.1,74,1,2026-01-10 18:00:00
4620,207,2,79.9,34,1,2026-01-12 13:00:00
4621,207,3,73.9,80,1,2026-01-14 05:00:00
4622,207,4,99.6,69,1,2026-01-15 23:00:00
4623,207,5,33.5,45,1,2026-01-17 08:00:00
4624,207,6,75.3,57,1,2026-01-19 07:00:00
4625,207,7,91.5,91,1,2026-01-19 16:00:00
4626,207,8,94.7,74,1,2026-01-20 14:00:00
4627,207,9,83.9,60,1,2026-01-20 18:00:00
4628,207,10,85.3,55,1,2026-01-21 18:00:00
4629,207,11,88.0,61,1,2026-01-23 04:00:00
4630,207,12,71.3,49,1,2026-01-23 08:00:00
4631,207,13,82.7,30,1,2026-01-24 20:00:00
4632,208,1,89.7,180,1,2026-01-08 10:00:00
4633,208,2,62.7,143,1,2026-01-09 01:00:00
4634,208,3,43.3,147,1,2026-01-10 07:00:00
4635,208,3,69.4,138,2,2026-01-11 00:00:00
4636,208,3,63.6,125,3,2026-01-11 10:00:00
4637,208,4,46.3,136,1,2026-01-12 13:00:00
4638,208,4,66.6,108,2,2026-01-14 09:00:00
4639,208,4,87.1,185,3,2026-01-15 09:00:00
4640,208,5,99.1,115,1,2026-01-17 01:00:00
4641,208,6,55.3,119,1,2026-01-18 11:00:00
4642,208,7,40.9,131,1,2026-01-19 16:00:00
4643,208,8,72.3,165,1,2026-01-21 02:00:00
4644,208,9,38.0,140,1,2026-01-21 07:00:00
4645,208,10,89.1,115,1,2026-01-21 20:00:00
4646,208,10,67.3,165,2,2026-01-23 19:00:00
4647,208,10,83.8,154,3,2026-01-25 10:00:00
4648,208,11,56.3,150,1,2026-01-27 00:00:00
4649,208,11,57.4,154,2,2026-01-28 11:00:00
4650,208,12,45.1,187,1,2026-01-29 18:00:00
4651,208,12,57.1,183,2,2026-01-31 17:00:00
4652,208,13,30.7,126,1,2026-02-01 19:00:00
4653,208,13,55.3,172,2,2026-02-02 10:00:00
4654,208,13,52.6,147,3,2026-02-03 01:00:00
4655,208,14,67.7,149,1,2026-02-04 12:00:00
4656,208,15,59.0,106,1,2026-02-05 22:00:00
4657,208,16,34.2,136,1,2026-02-07 05:00:00
4658,208,16,45.4,123,2,2026-02-08 23:00:00
4659,208,17,59.5,156,1,2026-02-10 14:00:00
4660,208,17,40.8,161,2,2026-02-12 09:00:00
4661,208,17,61.8,98,3,2026-02-13 04:00:00
4662,208,18,33.5,139,1,2026-02-14 04:00:00
4663,208,18,68.9,162,2,2026-02-14 11:00:00
4664,208,18,31.1,136,3,2026-02-16 01:00:00
4665,209,1,93.7,74,1,2026-01-22 12:00:00
4666,209,2,52.0,67,1,2026-01-24 08:00:00
4667,209,3,76.5,66,1,2026-01-24 13:00:00
4668,209,4,76.5,54,1,2026-01-24 23:00:00
4669,209,5,70.1,35,1,2026-01-25 07:00:00
4670,209,5,75.5,37,2,2026-01-25 21:00:00
4671,209,5,73.4,74,3,2026-01-26 12:00:00
4672,209,6,79.6,60,1,2026-01-27 21:00:00
4673,209,7,99.9,57,1,2026-01-29 18:00:00
4674,209,8,36.9,51,1,2026-01-30 11:00:00
4675,209,9,97.4,53,1,2026-01-31 21:00:00
4676,209,9,88.6,80,2,2026-02-02 08:00:00
4677,209,9,57.5,53,3,2026-02-02 15:00:00
4678,209,10,63.7,33,1,2026-02-03 06:00:00
4679,209,11,38.1,74,1,2026-02-04 20:00:00
4680,209,12,70.4,55,1,2026-02-06 00:00:00
4681,209,13,92.6,60,1,2026-02-06 12:00:00
4682,209,14,73.4,92,1,2026-02-07 02:00:00
4683,209,15,81.6,59,1,2026-02-07 19:00:00
4684,209,16,73.4,65,1,2026-02-09 03:00:00
4685,209,17,30.3,36,1,2026-02-09 15:00:00
4686,209,18,93.4,55,1,2026-02-10 22:00:00
4687,209,19,67.1,72,1,2026-02-12 08:00:00
4688,210,1,72.3,30,1,2026-01-09 03:00:00
4689,210,2,70.1,64,1,2026-01-10 03:00:00
4690,210,3,77.0,62,1,2026-01-11 14:00:00
4691,210,4,86.8,60,1,2026-01-11 21:00:00
4692,210,5,71.2,80,1,2026-01-13 19:00:00
4693,210,6,83.6,66,1,2026-01-14 09:00:00
4694,210,7,73.5,89,1,2026-01-15 00:00:00
4695,210,8,75.8,40,1,2026-01-15 14:00:00
4696,210,9,53.8,62,1,2026-01-15 22:00:00
4697,210,10,89.1,61,1,2026-01-16 06:00:00
4698,210,11,86.2,38,1,2026-01-18 04:00:00
4699,210,12,96.8,79,1,2026-01-20 02:00:00
4700,210,12,79.2,106,2,2026-01-22 00:00:00
4701,210,12,50.8,59,3,2026-01-23 14:00:00
4702,210,13,93.9,70,1,2026-01-25 14:00:00
4703,210,13,53.3,61,2,2026-01-26 20:00:00
4704,210,14,74.6,45,1,2026-01-28 06:00:00
4705,211,1,74.6,53,1,2026-01-20 06:00:00
4706,211,1,42.2,75,2,2026-01-21 08:00:00
4707,211,2,32.4,62,1,2026-01-22 00:00:00
4708,211,3,49.9,124,1,2026-01-23 03:00:00
4709,211,4,58.0,87,1,2026-01-24 23:00:00
4710,211,5,85.1,83,1,2026-01-26 18:00:00
4711,211,6,78.6,107,1,2026-01-27 22:00:00
4712,211,6,79.6,67,2,2026-01-29 15:00:00
4713,211,7,46.6,74,1,2026-01-31 06:00:00
4714,211,8,99.4,91,1,2026-02-01 01:00:00
4715,211,9,73.1,110,1,2026-02-01 15:00:00
4716,211,9,34.7,100,2,2026-02-02 12:00:00
4717,211,9,75.9,94,3,2026-02-03 15:00:00
4718,211,10,96.1,91,1,2026-02-04 20:00:00
4719,211,11,78.3,98,1,2026-02-06 05:00:00
4720,211,12,33.4,94,1,2026-02-07 03:00:00
4721,211,13,89.2,69,1,2026-02-08 19:00:00
4722,211,14,45.1,90,1,2026-02-10 15:00:00
4723,211,15,84.7,68,1,2026-02-11 21:00:00
4724,211,16,50.0,91,1,2026-02-13 14:00:00
4725,211,17,54.8,80,1,2026-02-14 07:00:00
4726,212,1,32.4,190,1,2026-01-28 19:00:00
4727,212,1,56.0,139,2,2026-01-29 22:00:00
4728,212,2,98.7,111,1,2026-01-30 17:00:00
4729,212,2,69.8,137,2,2026-01-31 17:00:00
4730,212,2,99.4,150,3,2026-02-01 05:00:00
4731,212,3,92.3,173,1,2026-02-01 19:00:00
4732,212,3,47.0,128,2,2026-02-03 15:00:00
4733,212,4,59.9,108,1,2026-02-05 11:00:00
4734,212,4,49.6,156,2,2026-02-05 19:00:00
4735,212,4,72.3,112,3,2026-02-06 20:00:00
4736,212,5,35.5,131,1,2026-02-07 10:00:00
4737,212,6,97.9,134,1,2026-02-08 20:00:00
4738,212,7,97.8,138,1,2026-02-10 16:00:00
4739,212,8,83.9,153,1,2026-02-11 19:00:00
4740,212,9,36.5,126,1,2026-02-13 07:00:00
4741,212,9,40.8,134,2,2026-02-13 16:00:00
4742,212,10,91.2,139,1,2026-02-15 03:00:00
4743,212,11,91.1,142,1,2026-02-16 06:00:00
4744,212,12,92.6,141,1,2026-02-17 13:00:00
4745,212,12,80.2,148,2,2026-02-19 06:00:00
4746,212,12,54.0,156,3,2026-02-20 16:00:00
4747,212,13,34.0,147,1,2026-02-21 15:00:00
4748,212,14,62.6,149,1,2026-02-21 19:00:00
4749,212,15,52.0,108,1,2026-02-23 08:00:00
4750,212,16,57.0,141,1,2026-02-24 01:00:00
4751,212,16,61.8,149,2,2026-02-25 01:00:00
4752,212,17,45.1,154,1,2026-02-25 15:00:00
4753,212,18,41.7,126,1,2026-02-26 12:00:00
4754,212,19,43.4,126,1,2026-02-27 17:00:00
4755,213,1,46.7,128,1,2026-01-24 08:00:00
4756,213,2,40.1,150,1,2026-01-25 19:00:00
4757,213,3,98.3,160,1,2026-01-26 03:00:00
4758,213,4,84.8,131,1,2026-01-26 10:00:00
4759,213,4,55.3,158,2,2026-01-27 20:00:00
4760,213,4,69.6,142,3,2026-01-29 19:00:00
4761,213,5,67.9,137,1,2026-01-31 18:00:00
4762,213,5,56.5,135,2,2026-02-01 01:00:00
4763,213,6,43.7,154,1,2026-02-01 21:00:00
4764,213,7,38.8,146,1,2026-02-03 07:00:00
4765,213,7,54.3,185,2,2026-02-03 23:00:00
4766,213,8,91.7,122,1,2026-02-04 07:00:00
4767,213,8,80.6,150,2,2026-02-05 04:00:00
4768,213,9,49.9,129,1,2026-02-05 12:00:00
4769,213,10,37.5,122,1,2026-02-07 06:00:00
4770,213,10,98.6,139,2,2026-02-08 04:00:00
4771,213,11,94.8,142,1,2026-02-08 23:00:00
4772,213,12,42.0,198,1,2026-02-09 08:00:00
4773,213,12,70.5,136,2,2026-02-11 06:00:00
4774,213,13,32.7,117,1,2026-02-11 20:00:00
4775,213,13,58.9,145,2,2026-02-13 07:00:00
4776,213,13,64.0,98,3,2026-02-14 16:00:00
4777,213,14,65.9,138,1,2026-02-14 23:00:00
4778,213,14,57.8,140,2,2026-02-16 00:00:00
4779,213,14,71.5,155,3,2026-02-16 11:00:00
4780,213,15,59.2,159,1,2026-02-16 18:00:00
4781,213,16,56.1,129,1,2026-02-17 02:00:00
4782,213,16,35.7,136,2,2026-02-17 07:00:00
4783,213,16,46.9,124,3,2026-02-17 19:00:00
4784,213,17,50.2,117,1,2026-02-18 18:00:00
4785,213,18,39.8,146,1,2026-02-19 16:00:00
4786,213,18,65.6,114,2,2026-02-21 16:00:00
4787,213,19,84.3,131,1,2026-02-23 08:00:00
4788,214,1,76.2,40,1,2026-01-10 03:00:00
4789,214,2,93.0,70,1,2026-01-10 23:00:00
4790,214,3,44.3,96,1,2026-01-11 22:00:00
4791,214,3,72.0,33,2,2026-01-12 23:00:00
4792,214,3,78.8,30,3,2026-01-14 04:00:00
4793,214,4,77.7,57,1,2026-01-15 21:00:00
4794,214,5,86.2,60,1,2026-01-17 10:00:00
4795,214,5,50.0,64,2,2026-01-17 14:00:00
4796,214,5,71.4,51,3,2026-01-19 13:00:00
4797,214,6,76.9,55,1,2026-01-21 08:00:00
4798,214,7,97.2,67,1,2026-01-21 14:00:00
4799,214,8,97.0,80,1,2026-01-21 22:00:00
4800,214,9,72.9,30,1,2026-01-22 17:00:00
4801,214,10,59.8,52,1,2026-01-23 05:00:00
4802,214,11,89.4,64,1,2026-01-24 16:00:00
4803,214,12,84.7,41,1,2026-01-26 07:00:00
4804,215,1,50.3,174,1,2026-01-11 05:00:00
4805,215,2,33.2,127,1,2026-01-12 11:00:00
4806,215,2,69.1,139,2,2026-01-14 04:00:00
4807,215,3,30.6,151,1,2026-01-15 00:00:00
4808,215,4,53.4,128,1,2026-01-15 08:00:00
4809,215,5,54.2,103,1,2026-01-15 21:00:00
4810,215,5,47.1,131,2,2026-01-16 10:00:00
4811,215,5,60.3,160,3,2026-01-17 09:00:00
4812,215,6,46.3,133,1,2026-01-19 05:00:00
4813,215,6,32.3,123,2,2026-01-20 12:00:00
4814,215,6,76.1,158,3,2026-01-20 19:00:00
4815,215,7,35.3,133,1,2026-01-21 04:00:00
4816,215,7,87.6,129,2,2026-01-22 14:00:00
4817,215,7,68.8,142,3,2026-01-24 01:00:00
4818,215,8,56.0,155,1,2026-01-25 10:00:00
4819,215,9,30.5,187,1,2026-01-25 23:00:00
4820,215,10,45.6,156,1,2026-01-27 10:00:00
4821,215,10,61.9,163,2,2026-01-29 04:00:00
4822,215,11,30.7,129,1,2026-01-29 18:00:00
4823,215,12,38.3,119,1,2026-01-31 18:00:00
4824,215,12,63.5,141,2,2026-02-01 12:00:00
4825,215,13,51.5,142,1,2026-02-02 07:00:00
4826,215,14,68.6,118,1,2026-02-04 05:00:00
4827,215,14,55.9,136,2,2026-02-05 06:00:00
4828,215,14,97.9,147,3,2026-02-05 16:00:00
4829,215,15,45.4,147,1,2026-02-07 12:00:00
4830,215,16,55.9,150,1,2026-02-08 03:00:00
4831,215,16,43.4,145,2,2026-02-09 20:00:00
4832,215,17,54.0,129,1,2026-02-10 11:00:00
4833,215,18,34.3,129,1,2026-02-11 03:00:00
4834,215,18,35.0,116,2,2026-02-11 23:00:00
4835,215,18,63.1,175,3,2026-02-13 00:00:00
4836,215,19,82.1,140,1,2026-02-13 19:00:00
4837,215,19,95.7,135,2,2026-02-14 03:00:00
4838,215,19,54.8,121,3,2026-02-15 01:00:00
4839,215,20,50.1,198,1,2026-02-16 13:00:00
4840,215,20,41.0,118,2,2026-02-16 21:00:00
4841,215,20,33.6,131,3,2026-02-18 03:00:00
4842,216,1,97.1,68,1,2026-01-12 02:00:00
4843,216,2,89.7,72,1,2026-01-12 12:00:00
4844,216,3,68.2,79,1,2026-01-12 17:00:00
4845,216,4,95.6,96,1,2026-01-13 15:00:00
4846,216,5,96.4,70,1,2026-01-14 20:00:00
4847,216,5,93.3,38,2,2026-01-16 16:00:00
4848,216,6,85.5,54,1,2026-01-17 21:00:00
4849,216,7,81.5,66,1,2026-01-19 14:00:00
4850,216,7,89.1,101,2,2026-01-20 12:00:00
4851,216,8,85.9,32,1,2026-01-21 18:00:00
4852,216,9,58.4,84,1,2026-01-22 12:00:00
4853,216,10,47.1,63,1,2026-01-23 17:00:00
4854,216,11,93.2,76,1,2026-01-25 01:00:00
4855,216,12,87.4,57,1,2026-01-26 10:00:00
4856,216,13,63.8,43,1,2026-01-27 08:00:00
4857,216,13,77.8,75,2,2026-01-28 18:00:00
4858,216,14,98.4,73,1,2026-01-30 12:00:00
4859,216,15,77.2,79,1,2026-01-31 23:00:00
4860,216,16,95.5,59,1,2026-02-02 13:00:00
4861,216,16,62.0,48,2,2026-02-03 01:00:00
4862,216,17,79.8,30,1,2026-02-05 00:00:00
4863,217,1,84.0,106,1,2026-01-07 00:00:00
4864,217,2,85.6,98,1,2026-01-07 06:00:00
4865,217,3,84.9,70,1,2026-01-09 02:00:00
4866,217,4,78.3,79,1,2026-01-09 08:00:00
4867,217,4,87.3,80,2,2026-01-10 21:00:00
4868,217,4,76.0,60,3,2026-01-11 15:00:00
4869,217,5,72.0,73,1,2026-01-12 06:00:00
4870,217,5,64.3,67,2,2026-01-13 08:00:00
4871,217,5,32.5,81,3,2026-01-15 06:00:00
4872,217,6,90.5,75,1,2026-01-16 23:00:00
4873,217,7,45.5,57,1,2026-01-18 05:00:00
4874,217,8,79.6,130,1,2026-01-19 18:00:00
4875,217,9,88.4,115,1,2026-01-21 15:00:00
4876,217,10,30.9,74,1,2026-01-23 15:00:00
4877,217,11,89.0,95,1,2026-01-25 07:00:00
4878,217,12,70.1,98,1,2026-01-26 19:00:00
4879,217,13,94.7,113,1,2026-01-27 06:00:00
4880,217,14,46.2,73,1,2026-01-28 14:00:00
4881,218,1,64.9,161,1,2026-01-07 12:00:00
4882,218,1,83.1,129,2,2026-01-08 20:00:00
4883,218,1,37.4,113,3,2026-01-10 15:00:00
4884,218,2,53.7,154,1,2026-01-12 04:00:00
4885,218,2,67.1,165,2,2026-01-13 22:00:00
4886,218,3,95.2,191,1,2026-01-15 03:00:00
4887,218,4,80.7,116,1,2026-01-16 03:00:00
4888,218,4,41.9,153,2,2026-01-17 02:00:00
4889,218,5,58.2,131,1,2026-01-18 18:00:00
4890,218,5,42.6,155,2,2026-01-19 04:00:00
4891,218,5,43.7,110,3,2026-01-19 22:00:00
4892,218,6,89.8,114,1,2026-01-21 19:00:00
4893,218,7,38.9,124,1,2026-01-22 03:00:00
4894,218,8,97.7,141,1,2026-01-23 10:00:00
4895,218,9,79.0,127,1,2026-01-25 02:00:00
4896,218,9,43.5,153,2,2026-01-26 02:00:00
4897,218,9,67.4,160,3,2026-01-27 12:00:00
4898,218,10,75.0,151,1,2026-01-29 08:00:00
4899,218,11,36.4,172,1,2026-01-31 06:00:00
4900,218,11,48.5,148,2,2026-02-01 10:00:00
4901,218,11,37.2,115,3,2026-02-02 16:00:00
4902,218,12,47.7,167,1,2026-02-04 02:00:00
4903,218,12,99.7,127,2,2026-02-05 15:00:00
4904,218,13,33.6,158,1,2026-02-07 07:00:00
4905,218,14,77.2,171,1,2026-02-08 12:00:00
4906,218,15,63.6,149,1,2026-02-09 15:00:00
4907,218,15,65.4,110,2,2026-02-11 05:00:00
4908,218,16,39.0,121,1,2026-02-11 23:00:00
4909,218,17,30.4,166,1,2026-02-12 22:00:00
4910,218,17,94.8,136,2,2026-02-14 06:00:00
4911,218,17,74.4,141,3,2026-02-14 18:00:00
4912,218,18,42.5,155,1,2026-02-16 00:00:00
4913,218,18,57.3,153,2,2026-02-17 08:00:00
4914,218,18,64.0,145,3,2026-02-17 13:00:00
4915,218,19,67.2,135,1,2026-02-18 11:00:00
4916,218,19,76.1,133,2,2026-02-19 04:00:00
4917,218,19,74.7,157,3,2026-02-19 10:00:00
4918,218,20,42.4,151,1,2026-02-21 10:00:00
4919,219,1,72.7,84,1,2026-01-19 16:00:00
4920,219,2,72.9,111,1,2026-01-19 22:00:00
4921,219,2,81.3,87,2,2026-01-21 04:00:00
4922,219,2,79.5,72,3,2026-01-22 01:00:00
4923,219,3,96.9,74,1,2026-01-23 05:00:00
4924,219,4,72.4,70,1,2026-01-24 04:00:00
4925,219,4,61.5,84,2,2026-01-24 10:00:00
4926,219,4,70.5,114,3,2026-01-25 08:00:00
4927,219,5,54.9,73,1,2026-01-26 20:00:00
4928,219,6,88.8,93,1,2026-01-27 01:00:00
4929,219,7,47.2,76,1,2026-01-27 14:00:00
4930,219,8,92.3,84,1,2026-01-28 06:00:00
4931,219,8,30.6,59,2,2026-01-28 14:00:00
4932,219,8,75.1,85,3,2026-01-30 03:00:00
4933,219,9,77.6,86,1,2026-01-31 10:00:00
4934,219,9,73.7,100,2,2026-02-02 08:00:00
4935,219,10,32.6,94,1,2026-02-03 04:00:00
4936,219,11,93.5,66,1,2026-02-03 18:00:00
4937,219,12,100.0,111,1,2026-02-05 06:00:00
4938,219,13,94.5,94,1,2026-02-05 10:00:00
4939,219,13,64.0,93,2,2026-02-06 11:00:00
4940,219,13,35.4,89,3,2026-02-07 05:00:00
4941,219,14,98.9,79,1,2026-02-07 12:00:00
4942,219,15,94.4,94,1,2026-02-08 08:00:00
4943,219,16,49.2,99,1,2026-02-10 07:00:00
4944,219,17,59.4,55,1,2026-02-11 22:00:00
4945,219,18,41.5,79,1,2026-02-12 18:00:00
4946,219,18,50.6,84,2,2026-02-14 11:00:00
4947,219,18,50.4,95,3,2026-02-15 08:00:00
4948,219,19,76.3,113,1,2026-02-16 23:00:00
4949,219,20,57.6,74,1,2026-02-17 19:00:00
4950,219,20,49.3,80,2,2026-02-18 03:00:00
4951,220,1,57.4,129,1,2026-02-02 23:00:00
4952,220,2,78.3,123,1,2026-02-04 09:00:00
4953,220,3,32.3,133,1,2026-02-05 14:00:00
4954,220,4,50.6,155,1,2026-02-05 18:00:00
4955,220,4,64.2,118,2,2026-02-06 07:00:00
4956,220,4,39.9,148,3,2026-02-07 06:00:00
4957,220,5,47.6,105,1,2026-02-08 07:00:00
4958,220,5,52.3,128,2,2026-02-09 22:00:00
4959,220,5,46.0,133,3,2026-02-10 08:00:00
4960,220,6,77.3,173,1,2026-02-10 16:00:00
4961,220,6,67.8,134,2,2026-02-12 11:00:00
4962,220,6,60.4,95,3,2026-02-13 04:00:00
4963,220,7,51.4,100,1,2026-02-13 10:00:00
4964,220,7,63.4,140,2,2026-02-15 04:00:00
4965,220,8,54.0,152,1,2026-02-16 00:00:00
4966,220,9,56.1,147,1,2026-02-16 16:00:00
4967,220,9,31.6,143,2,2026-02-18 09:00:00
4968,220,10,67.7,163,1,2026-02-19 10:00:00
4969,220,10,60.9,129,2,2026-02-19 16:00:00
4970,220,11,59.1,157,1,2026-02-21 06:00:00
4971,220,11,73.3,107,2,2026-02-21 11:00:00
4972,220,12,58.5,121,1,2026-02-21 17:00:00
4973,220,13,32.7,103,1,2026-02-23 15:00:00
4974,220,13,79.6,134,2,2026-02-25 08:00:00
4975,220,14,86.1,139,1,2026-02-25 19:00:00
4976,220,15,62.3,142,1,2026-02-26 08:00:00
4977,221,1,84.7,141,1,2026-01-27 11:00:00
4978,221,1,87.3,121,2,2026-01-29 08:00:00
4979,221,1,85.9,136,3,2026-01-30 13:00:00
4980,221,2,39.1,110,1,2026-01-31 05:00:00
4981,221,2,38.1,167,2,2026-02-01 14:00:00
4982,221,3,47.4,133,1,2026-02-03 01:00:00
4983,221,4,30.1,130,1,2026-02-03 22:00:00
4984,221,5,64.4,171,1,2026-02-04 11:00:00
4985,221,6,54.2,115,1,2026-02-05 19:00:00
4986,221,7,65.8,117,1,2026-02-07 10:00:00
4987,221,8,87.7,118,1,2026-02-08 07:00:00
4988,221,9,62.9,138,1,2026-02-09 13:00:00
4989,221,10,67.5,148,1,2026-02-11 04:00:00
4990,221,10,66.3,154,2,2026-02-12 14:00:00
4991,221,11,53.5,191,1,2026-02-13 16:00:00
4992,221,12,89.1,95,1,2026-02-14 21:00:00
4993,221,13,68.1,152,1,2026-02-15 11:00:00
4994,221,14,35.9,128,1,2026-02-16 22:00:00
4995,221,14,53.0,128,2,2026-02-17 11:00:00
4996,221,15,96.2,127,1,2026-02-18 11:00:00
4997,221,16,38.4,121,1,2026-02-18 16:00:00
4998,221,16,35.4,173,2,2026-02-19 22:00:00
4999,221,16,42.4,156,3,2026-02-20 11:00:00
5000,221,17,69.7,140,1,2026-02-21 11:00:00
5001,221,18,50.4,167,1,2026-02-22 20:00:00
5002,221,18,30.9,109,2,2026-02-23 13:00:00
5003,222,1,71.9,63,1,2026-02-01 15:00:00
5004,222,2,36.2,46,1,2026-02-02 00:00:00
5005,222,3,41.4,76,1,2026-02-03 05:00:00
5006,222,4,56.0,93,1,2026-02-03 19:00:00
5007,222,5,50.0,92,1,2026-02-04 09:00:00
5008,222,6,39.6,92,1,2026-02-06 00:00:00
5009,222,7,94.2,61,1,2026-02-06 18:00:00
5010,222,8,73.6,106,1,2026-02-08 00:00:00
5011,222,9,36.2,94,1,2026-02-09 03:00:00
5012,222,10,73.8,104,1,2026-02-10 00:00:00
5013,222,11,89.7,52,1,2026-02-11 14:00:00
5014,222,11,39.8,96,2,2026-02-12 03:00:00
5015,222,11,80.0,66,3,2026-02-13 07:00:00
5016,222,12,33.0,82,1,2026-02-15 07:00:00
5017,222,12,80.0,100,2,2026-02-16 20:00:00
5018,222,13,43.3,91,1,2026-02-17 16:00:00
5019,222,14,98.1,72,1,2026-02-18 06:00:00
5020,222,15,62.1,90,1,2026-02-18 19:00:00
5021,223,1,60.9,30,1,2026-01-27 20:00:00
5022,223,2,73.2,83,1,2026-01-28 17:00:00
5023,223,3,86.7,55,1,2026-01-28 23:00:00
5024,223,4,97.5,82,1,2026-01-30 14:00:00
5025,223,4,84.6,49,2,2026-01-31 19:00:00
5026,223,5,86.3,49,1,2026-02-01 00:00:00
5027,223,6,78.0,44,1,2026-02-01 06:00:00
5028,223,6,71.0,77,2,2026-02-01 11:00:00
5029,223,6,99.4,45,3,2026-02-01 18:00:00
5030,223,7,94.1,72,1,2026-02-03 16:00:00
5031,223,8,91.0,52,1,2026-02-04 00:00:00
5032,223,9,65.1,30,1,2026-02-04 14:00:00
5033,223,10,90.6,48,1,2026-02-05 01:00:00
5034,223,11,94.5,36,1,2026-02-05 15:00:00
5035,223,12,88.0,60,1,2026-02-07 15:00:00
5036,224,1,95.3,66,1,2026-01-16 18:00:00
5037,224,2,96.2,108,1,2026-01-18 05:00:00
5038,224,3,70.7,88,1,2026-01-20 01:00:00
5039,224,3,85.0,86,2,2026-01-21 00:00:00
5040,224,3,78.1,103,3,2026-01-22 21:00:00
5041,224,4,96.6,109,1,2026-01-23 21:00:00
5042,224,4,69.6,89,2,2026-01-25 07:00:00
5043,224,4,75.6,74,3,2026-01-26 03:00:00
5044,224,5,79.6,54,1,2026-01-27 06:00:00
5045,224,6,77.4,76,1,2026-01-28 18:00:00
5046,224,7,48.9,77,1,2026-01-29 07:00:00
5047,224,7,35.0,92,2,2026-01-30 21:00:00
5048,224,8,81.1,83,1,2026-02-01 16:00:00
5049,224,9,82.4,103,1,2026-02-02 06:00:00
5050,224,10,76.2,77,1,2026-02-03 02:00:00
5051,224,11,61.1,88,1,2026-02-04 17:00:00
5052,224,12,95.8,113,1,2026-02-06 05:00:00
5053,225,1,97.4,96,1,2026-01-22 22:00:00
5054,225,2,80.9,88,1,2026-01-24 07:00:00
5055,225,3,72.2,77,1,2026-01-26 07:00:00
5056,225,3,34.9,77,2,2026-01-27 02:00:00
5057,225,4,82.7,72,1,2026-01-28 22:00:00
5058,225,4,55.8,79,2,2026-01-29 18:00:00
5059,225,4,96.2,105,3,2026-01-30 04:00:00
5060,225,5,36.9,85,1,2026-01-31 13:00:00
5061,225,6,60.0,63,1,2026-02-01 23:00:00
5062,225,7,76.4,125,1,2026-02-02 12:00:00
5063,225,7,96.6,96,2,2026-02-03 08:00:00
5064,225,8,90.2,61,1,2026-02-04 04:00:00
5065,225,9,98.1,81,1,2026-02-04 19:00:00
5066,225,9,39.1,92,2,2026-02-06 02:00:00
5067,225,10,85.2,124,1,2026-02-07 13:00:00
5068,225,10,61.8,67,2,2026-02-07 18:00:00
5069,225,10,96.5,109,3,2026-02-09 18:00:00
5070,225,11,32.2,117,1,2026-02-11 02:00:00
5071,225,11,80.2,77,2,2026-02-12 19:00:00
5072,225,12,82.6,84,1,2026-02-14 01:00:00
5073,225,12,99.6,69,2,2026-02-14 23:00:00
5074,225,13,83.0,85,1,2026-02-16 15:00:00
5075,225,14,41.6,89,1,2026-02-17 15:00:00
5076,225,14,99.2,103,2,2026-02-19 08:00:00
5077,225,14,98.6,111,3,2026-02-20 16:00:00
5078,225,15,82.7,75,1,2026-02-22 03:00:00
5079,225,16,52.5,50,1,2026-02-23 01:00:00
5080,225,16,58.2,89,2,2026-02-24 10:00:00
5081,226,1,70.9,65,1,2026-01-02 11:00:00
5082,226,2,81.9,64,1,2026-01-03 17:00:00
5083,226,3,87.5,53,1,2026-01-04 03:00:00
5084,226,4,78.0,62,1,2026-01-04 07:00:00
5085,226,5,49.3,90,1,2026-01-04 21:00:00
5086,226,6,73.9,67,1,2026-01-05 23:00:00
5087,226,6,43.8,52,2,2026-01-06 05:00:00
5088,226,7,64.5,49,1,2026-01-06 20:00:00
5089,226,8,90.3,56,1,2026-01-08 03:00:00
5090,226,9,95.0,92,1,2026-01-08 15:00:00
5091,226,10,88.0,56,1,2026-01-10 12:00:00
5092,226,11,96.0,59,1,2026-01-12 11:00:00
5093,226,12,77.9,50,1,2026-01-12 17:00:00
5094,226,12,84.9,81,2,2026-01-13 23:00:00
5095,226,12,65.8,99,3,2026-01-14 12:00:00
5096,226,13,82.7,69,1,2026-01-15 06:00:00
5097,226,14,75.9,61,1,2026-01-15 19:00:00
5098,226,15,96.7,60,1,2026-01-17 03:00:00
5099,226,16,59.8,30,1,2026-01-18 18:00:00
5100,226,17,83.8,74,1,2026-01-20 12:00:00
5101,226,18,33.5,62,1,2026-01-21 03:00:00
5102,227,1,95.8,118,1,2026-01-29 16:00:00
5103,227,2,31.5,95,1,2026-01-31 09:00:00
5104,227,3,32.5,102,1,2026-02-01 02:00:00
5105,227,3,34.7,101,2,2026-02-01 15:00:00
5106,227,4,59.6,130,1,2026-02-03 03:00:00
5107,227,5,44.5,102,1,2026-02-03 20:00:00
5108,227,6,97.9,151,1,2026-02-05 14:00:00
5109,227,7,83.8,118,1,2026-02-07 04:00:00
5110,227,8,99.6,84,1,2026-02-07 10:00:00
5111,227,8,43.0,107,2,2026-02-09 04:00:00
5112,227,8,73.8,96,3,2026-02-09 08:00:00
5113,227,9,52.8,66,1,2026-02-09 20:00:00
5114,227,10,41.5,141,1,2026-02-11 10:00:00
5115,227,11,91.0,124,1,2026-02-12 23:00:00
5116,227,12,48.9,120,1,2026-02-14 05:00:00
5117,227,13,44.4,113,1,2026-02-14 23:00:00
5118,228,1,90.0,62,1,2026-01-06 16:00:00
5119,228,1,44.2,80,2,2026-01-07 10:00:00
5120,228,2,97.2,106,1,2026-01-08 02:00:00
5121,228,3,63.9,68,1,2026-01-09 15:00:00
5122,228,4,65.8,39,1,2026-01-11 00:00:00
5123,228,5,86.4,85,1,2026-01-12 23:00:00
5124,228,5,62.7,87,2,2026-01-14 04:00:00
5125,228,6,85.9,92,1,2026-01-16 01:00:00
5126,228,7,49.4,104,1,2026-01-18 00:00:00
5127,228,8,94.3,102,1,2026-01-18 17:00:00
5128,228,9,39.7,95,1,2026-01-19 21:00:00
5129,228,9,92.3,113,2,2026-01-21 05:00:00
5130,228,10,96.0,59,1,2026-01-21 18:00:00
5131,229,1,84.5,150,1,2026-01-05 04:00:00
5132,229,1,32.0,152,2,2026-01-06 02:00:00
5133,229,2,60.0,115,1,2026-01-06 22:00:00
5134,229,3,98.5,109,1,2026-01-07 06:00:00
5135,229,4,59.6,125,1,2026-01-08 22:00:00
5136,229,5,39.3,126,1,2026-01-10 09:00:00
5137,229,5,51.1,155,2,2026-01-12 04:00:00
5138,229,6,66.0,127,1,2026-01-14 03:00:00
5139,229,6,89.0,122,2,2026-01-14 22:00:00
5140,229,6,58.8,127,3,2026-01-15 18:00:00
5141,229,7,84.3,162,1,2026-01-17 04:00:00
5142,229,7,74.2,140,2,2026-01-19 00:00:00
5143,229,8,86.4,136,1,2026-01-20 19:00:00
5144,229,9,38.8,137,1,2026-01-22 09:00:00
5145,229,9,31.1,165,2,2026-01-22 15:00:00
5146,229,9,44.0,125,3,2026-01-22 19:00:00
5147,229,10,87.0,166,1,2026-01-23 01:00:00
5148,229,10,41.6,144,2,2026-01-24 00:00:00
5149,229,11,96.5,136,1,2026-01-24 18:00:00
5150,229,12,48.8,190,1,2026-01-25 21:00:00
5151,229,13,34.8,118,1,2026-01-26 12:00:00
5152,229,13,60.5,132,2,2026-01-27 23:00:00
5153,229,13,35.8,115,3,2026-01-29 20:00:00
5154,229,14,48.7,159,1,2026-01-30 03:00:00
5155,229,15,56.2,173,1,2026-01-30 08:00:00
5156,229,15,61.6,173,2,2026-01-31 09:00:00
5157,229,16,36.3,164,1,2026-01-31 21:00:00
5158,229,16,83.2,136,2,2026-02-01 06:00:00
5159,229,17,43.8,132,1,2026-02-02 14:00:00
5160,229,18,34.8,106,1,2026-02-03 16:00:00
5161,229,18,63.5,180,2,2026-02-04 09:00:00
5162,229,18,42.6,149,3,2026-02-05 06:00:00
5163,229,19,58.4,130,1,2026-02-05 10:00:00
5164,229,19,43.5,166,2,2026-02-06 02:00:00
5165,230,1,59.6,70,1,2026-01-23 06:00:00
5166,230,1,46.3,98,2,2026-01-23 22:00:00
5167,230,2,77.3,86,1,2026-01-24 22:00:00
5168,230,3,96.3,102,1,2026-01-25 16:00:00
5169,230,3,58.9,88,2,2026-01-26 14:00:00
5170,230,4,47.0,60,1,2026-01-26 18:00:00
5171,230,5,57.3,91,1,2026-01-28 00:00:00
5172,230,6,76.0,110,1,2026-01-29 07:00:00
5173,230,7,81.1,89,1,2026-01-30 12:00:00
5174,230,8,70.1,105,1,2026-01-31 10:00:00
5175,230,8,99.3,69,2,2026-02-02 08:00:00
5176,230,9,31.0,89,1,2026-02-03 20:00:00
5177,230,9,76.3,77,2,2026-02-05 09:00:00
5178,230,9,55.1,104,3,2026-02-06 12:00:00
5179,230,10,71.8,90,1,2026-02-07 10:00:00
5180,230,11,82.8,103,1,2026-02-08 23:00:00
5181,230,12,78.5,111,1,2026-02-09 08:00:00
5182,230,12,31.8,103,2,2026-02-11 06:00:00
5183,230,13,35.5,95,1,2026-02-13 03:00:00
5184,231,1,88.2,120,1,2026-01-29 21:00:00
5185,231,2,55.9,139,1,2026-01-31 21:00:00
5186,231,3,49.4,129,1,2026-02-01 14:00:00
5187,231,4,91.9,133,1,2026-02-03 01:00:00
5188,231,5,78.2,132,1,2026-02-04 23:00:00
5189,231,5,54.2,120,2,2026-02-06 23:00:00
5190,231,5,66.2,100,3,2026-02-08 01:00:00
5191,231,6,51.7,126,1,2026-02-09 16:00:00
5192,231,6,79.5,143,2,2026-02-11 12:00:00
5193,231,6,92.2,113,3,2026-02-13 04:00:00
5194,231,7,65.4,140,1,2026-02-14 16:00:00
5195,231,7,88.8,178,2,2026-02-14 21:00:00
5196,231,7,51.9,160,3,2026-02-15 07:00:00
5197,231,8,36.1,172,1,2026-02-16 13:00:00
5198,231,9,53.7,147,1,2026-02-17 01:00:00
5199,231,10,49.9,163,1,2026-02-18 18:00:00
5200,231,11,54.6,125,1,2026-02-20 10:00:00
5201,231,11,33.6,127,2,2026-02-21 04:00:00
5202,231,11,78.3,85,3,2026-02-22 11:00:00
5203,231,12,43.3,163,1,2026-02-22 20:00:00
5204,231,12,47.2,170,2,2026-02-23 06:00:00
5205,231,13,46.5,128,1,2026-02-25 00:00:00
5206,231,14,61.8,134,1,2026-02-26 23:00:00
5207,231,14,40.1,124,2,2026-02-28 08:00:00
5208,231,14,75.7,147,3,2026-02-28 20:00:00
5209,231,15,75.2,162,1,2026-03-01 10:00:00
5210,231,15,90.3,105,2,2026-03-02 21:00:00
5211,231,15,75.1,148,3,2026-03-03 18:00:00
5212,231,16,33.4,134,1,2026-03-04 20:00:00
5213,231,16,38.3,142,2,2026-03-05 09:00:00
5214,231,17,44.0,149,1,2026-03-05 13:00:00
5215,231,18,50.1,136,1,2026-03-06 18:00:00
5216,231,18,66.8,137,2,2026-03-08 15:00:00
5217,231,19,71.0,135,1,2026-03-09 07:00:00
5218,232,1,77.4,109,1,2026-01-13 10:00:00
5219,232,2,83.4,98,1,2026-01-14 16:00:00
5220,232,3,64.3,94,1,2026-01-16 04:00:00
5221,232,4,53.3,64,1,2026-01-17 13:00:00
5222,232,4,61.4,82,2,2026-01-19 07:00:00
5223,232,4,49.7,107,3,2026-01-20 09:00:00
5224,232,5,43.2,90,1,2026-01-20 13:00:00
5225,232,5,60.5,103,2,2026-01-22 10:00:00
5226,232,5,91.4,125,3,2026-01-23 15:00:00
5227,232,6,97.5,110,1,2026-01-24 10:00:00
5228,232,7,73.2,91,1,2026-01-24 20:00:00
5229,232,7,82.7,79,2,2026-01-25 00:00:00
5230,232,7,85.9,38,3,2026-01-26 18:00:00
5231,232,8,52.5,86,1,2026-01-28 16:00:00
5232,232,9,53.1,83,1,2026-01-29 01:00:00
5233,232,10,75.5,97,1,2026-01-30 13:00:00
5234,232,11,99.7,86,1,2026-01-31 02:00:00
5235,232,12,74.3,83,1,2026-02-01 22:00:00
5236,232,13,34.0,54,1,2026-02-03 05:00:00
5237,232,14,31.3,71,1,2026-02-03 12:00:00
5238,232,15,74.1,99,1,2026-02-05 09:00:00
5239,232,16,46.9,124,1,2026-02-06 00:00:00
5240,232,16,38.6,88,2,2026-02-06 07:00:00
5241,232,17,71.3,96,1,2026-02-06 21:00:00
5242,232,17,68.8,109,2,2026-02-07 04:00:00
5243,232,17,37.8,73,3,2026-02-07 20:00:00
5244,233,1,81.9,97,1,2026-01-14 22:00:00
5245,233,1,89.6,75,2,2026-01-16 18:00:00
5246,233,1,65.6,107,3,2026-01-18 06:00:00
5247,233,2,75.0,93,1,2026-01-18 20:00:00
5248,233,3,87.2,95,1,2026-01-19 13:00:00
5249,233,4,57.0,74,1,2026-01-21 06:00:00
5250,233,5,50.2,104,1,2026-01-22 01:00:00
5251,233,6,94.4,131,1,2026-01-22 08:00:00
5252,233,7,88.0,69,1,2026-01-23 13:00:00
5253,233,8,55.9,83,1,2026-01-25 09:00:00
5254,233,9,49.9,94,1,2026-01-25 13:00:00
5255,233,10,33.8,105,1,2026-01-26 21:00:00
5256,233,11,75.8,78,1,2026-01-28 09:00:00
5257,233,12,73.5,33,1,2026-01-29 15:00:00
5258,233,13,95.5,117,1,2026-01-30 15:00:00
5259,233,14,33.1,105,1,2026-02-01 14:00:00
5260,233,15,81.4,55,1,2026-02-02 08:00:00
5261,234,1,90.7,77,1,2026-01-13 08:00:00
5262,234,2,73.3,121,1,2026-01-13 14:00:00
5263,234,3,94.9,118,1,2026-01-13 18:00:00
5264,234,4,82.5,108,1,2026-01-14 20:00:00
5265,234,4,94.0,86,2,2026-01-15 23:00:00
5266,234,4,89.6,91,3,2026-01-16 19:00:00
5267,234,5,32.2,87,1,2026-01-18 05:00:00
5268,234,5,78.8,112,2,2026-01-19 12:00:00
5269,234,6,79.0,72,1,2026-01-20 10:00:00
5270,234,7,64.5,73,1,2026-01-20 22:00:00
5271,234,8,42.6,110,1,2026-01-22 03:00:00
5272,234,9,34.6,89,1,2026-01-23 21:00:00
5273,234,9,42.7,117,2,2026-01-25 07:00:00
5274,234,9,77.9,76,3,2026-01-26 03:00:00
5275,234,10,68.5,88,1,2026-01-27 06:00:00
5276,234,11,48.8,71,1,2026-01-27 14:00:00
5277,234,11,30.0,90,2,2026-01-29 06:00:00
5278,234,12,94.4,60,1,2026-01-30 08:00:00
5279,234,12,61.7,80,2,2026-01-30 19:00:00
5280,234,12,73.1,61,3,2026-02-01 04:00:00
5281,234,13,72.7,103,1,2026-02-02 18:00:00
5282,235,1,95.2,74,1,2026-02-02 04:00:00
5283,235,2,66.3,30,1,2026-02-04 01:00:00
5284,235,3,98.8,86,1,2026-02-05 09:00:00
5285,235,4,75.2,109,1,2026-02-06 06:00:00
5286,235,5,67.6,60,1,2026-02-07 04:00:00
5287,235,6,96.8,47,1,2026-02-07 11:00:00
5288,235,7,71.6,116,1,2026-02-08 23:00:00
5289,235,8,97.6,33,1,2026-02-09 12:00:00
5290,235,9,92.8,60,1,2026-02-10 08:00:00
5291,235,10,71.0,63,1,2026-02-11 08:00:00
5292,235,11,76.7,86,1,2026-02-13 05:00:00
5293,235,12,90.5,67,1,2026-02-15 01:00:00
5294,235,13,83.6,50,1,2026-02-17 00:00:00
5295,235,14,90.9,40,1,2026-02-17 04:00:00
5296,235,15,76.7,53,1,2026-02-17 23:00:00
5297,236,1,93.2,119,1,2026-01-23 22:00:00
5298,236,2,70.1,140,1,2026-01-24 05:00:00
5299,236,2,92.4,128,2,2026-01-24 10:00:00
5300,236,3,59.4,110,1,2026-01-25 07:00:00
5301,236,3,93.6,165,2,2026-01-25 12:00:00
5302,236,4,78.0,130,1,2026-01-27 00:00:00
5303,236,5,54.2,114,1,2026-01-27 17:00:00
5304,236,6,31.4,136,1,2026-01-28 19:00:00
5305,236,7,51.3,141,1,2026-01-29 00:00:00
5306,236,7,33.6,105,2,2026-01-30 12:00:00
5307,236,7,53.2,146,3,2026-01-30 23:00:00
5308,236,8,81.7,119,1,2026-01-31 08:00:00
5309,236,9,75.2,174,1,2026-02-01 15:00:00
5310,236,9,93.7,150,2,2026-02-02 00:00:00
5311,236,10,40.1,132,1,2026-02-04 00:00:00
5312,236,11,77.2,125,1,2026-02-04 06:00:00
5313,236,12,41.5,137,1,2026-02-06 01:00:00
5314,236,13,64.7,152,1,2026-02-07 02:00:00
5315,236,14,49.7,139,1,2026-02-09 01:00:00
5316,236,14,37.3,135,2,2026-02-09 23:00:00
5317,236,14,38.9,141,3,2026-02-11 01:00:00
5318,236,15,33.4,127,1,2026-02-11 13:00:00
5319,236,16,34.3,133,1,2026-02-13 10:00:00
5320,236,17,46.2,98,1,2026-02-14 01:00:00
5321,236,18,35.6,159,1,2026-02-14 11:00:00
5322,236,18,66.2,145,2,2026-02-15 05:00:00
5323,236,18,42.8,124,3,2026-02-16 00:00:00
5324,236,19,53.3,177,1,2026-02-17 16:00:00
5325,236,19,68.9,141,2,2026-02-17 20:00:00
5326,236,19,36.8,119,3,2026-02-18 13:00:00
5327,237,1,85.5,107,1,2026-01-28 04:00:00
5328,237,2,63.6,97,1,2026-01-28 12:00:00
5329,237,3,75.9,97,1,2026-01-29 07:00:00
5330,237,4,76.7,81,1,2026-01-30 21:00:00
5331,237,5,81.0,99,1,2026-01-31 11:00:00
5332,237,5,30.6,84,2,2026-02-01 22:00:00
5333,237,6,52.0,101,1,2026-02-02 15:00:00
5334,237,7,39.3,51,1,2026-02-04 07:00:00
5335,237,8,99.3,81,1,2026-02-05 18:00:00
5336,237,9,81.1,124,1,2026-02-07 03:00:00
5337,237,10,47.8,74,1,2026-02-07 20:00:00
5338,237,11,57.9,77,1,2026-02-09 17:00:00
5339,237,12,69.5,81,1,2026-02-10 02:00:00
5340,237,12,77.3,65,2,2026-02-10 20:00:00
5341,237,12,39.2,45,3,2026-02-11 16:00:00
5342,237,13,82.4,85,1,2026-02-13 13:00:00
5343,237,13,97.6,92,2,2026-02-13 17:00:00
5344,237,13,72.9,88,3,2026-02-15 03:00:00
5345,237,14,40.8,87,1,2026-02-16 02:00:00
5346,237,15,67.7,90,1,2026-02-16 09:00:00
5347,237,15,97.5,110,2,2026-02-17 03:00:00
5348,237,16,49.0,86,1,2026-02-17 09:00:00
5349,237,16,58.0,78,2,2026-02-18 09:00:00
5350,237,16,61.5,84,3,2026-02-20 03:00:00
5351,237,17,61.1,101,1,2026-02-22 03:00:00
5352,237,17,31.3,118,2,2026-02-23 01:00:00
5353,237,18,56.6,77,1,2026-02-24 04:00:00
5354,238,1,94.0,61,1,2026-01-09 05:00:00
5355,238,2,95.9,66,1,2026-01-09 23:00:00
5356,238,3,87.1,40,1,2026-01-11 19:00:00
5357,238,4,30.5,60,1,2026-01-11 23:00:00
5358,238,5,83.9,30,1,2026-01-13 01:00:00
5359,238,6,80.8,30,1,2026-01-14 09:00:00
5360,238,7,74.0,67,1,2026-01-15 07:00:00
5361,238,8,79.9,52,1,2026-01-17 07:00:00
5362,238,9,89.7,64,1,2026-01-18 09:00:00
5363,238,9,70.7,59,2,2026-01-20 01:00:00
5364,238,10,77.7,40,1,2026-01-20 09:00:00
5365,239,1,63.2,89,1,2026-01-21 16:00:00
5366,239,2,73.6,65,1,2026-01-22 06:00:00
5367,239,3,85.3,117,1,2026-01-23 10:00:00
5368,239,4,97.1,62,1,2026-01-25 07:00:00
5369,239,5,32.7,86,1,2026-01-26 19:00:00
5370,239,6,93.0,69,1,2026-01-28 18:00:00
5371,239,7,95.8,101,1,2026-01-30 10:00:00
5372,239,7,79.3,83,2,2026-01-30 14:00:00
5373,239,8,95.3,79,1,2026-01-31 12:00:00
5374,239,9,56.9,107,1,2026-02-01 17:00:00
5375,239,9,76.2,90,2,2026-02-03 09:00:00
5376,239,10,86.1,100,1,2026-02-05 01:00:00
5377,239,11,94.2,70,1,2026-02-06 00:00:00
5378,239,12,73.6,61,1,2026-02-07 19:00:00
5379,239,12,35.0,92,2,2026-02-08 23:00:00
5380,239,12,87.4,83,3,2026-02-10 07:00:00
5381,239,13,88.9,102,1,2026-02-11 23:00:00
5382,239,14,62.9,88,1,2026-02-13 16:00:00
5383,239,14,78.3,94,2,2026-02-15 14:00:00
5384,239,14,80.7,57,3,2026-02-16 01:00:00
5385,239,15,44.4,127,1,2026-02-16 06:00:00
5386,239,15,94.9,86,2,2026-02-17 04:00:00
5387,239,15,81.7,103,3,2026-02-18 04:00:00
5388,239,16,92.0,73,1,2026-02-19 01:00:00
5389,239,16,77.3,96,2,2026-02-21 00:00:00
5390,239,16,69.2,63,3,2026-02-21 04:00:00
5391,239,17,48.8,99,1,2026-02-22 14:00:00
5392,239,18,49.9,82,1,2026-02-24 02:00:00
5393,239,19,82.3,90,1,2026-02-25 07:00:00
5394,239,19,83.9,103,2,2026-02-27 03:00:00
5395,239,20,80.8,65,1,2026-02-28 01:00:00
5396,239,20,47.3,76,2,2026-03-01 06:00:00
5397,239,20,40.2,99,3,2026-03-02 15:00:00
5398,240,1,81.7,101,1,2026-01-10 08:00:00
5399,240,2,80.3,57,1,2026-01-11 09:00:00
5400,240,3,88.7,71,1,2026-01-12 22:00:00
5401,240,4,76.5,57,1,2026-01-14 11:00:00
5402,240,5,75.3,98,1,2026-01-15 21:00:00
5403,240,6,72.7,30,1,2026-01-16 07:00:00
5404,240,7,95.4,61,1,2026-01-18 07:00:00
5405,240,8,88.0,30,1,2026-01-19 22:00:00
5406,240,9,56.1,30,1,2026-01-20 08:00:00
5407,240,10,81.5,65,1,2026-01-21 11:00:00
5408,240,11,41.6,62,1,2026-01-23 03:00:00
5409,240,12,51.1,54,1,2026-01-24 01:00:00
5410,240,12,39.6,57,2,2026-01-25 11:00:00
5411,240,12,99.4,121,3,2026-01-26 06:00:00
5412,240,13,53.0,54,1,2026-01-26 15:00:00
5413,240,14,82.7,70,1,2026-01-27 17:00:00
5414,240,14,90.3,47,2,2026-01-29 14:00:00
5415,241,1,60.4,115,1,2026-01-07 15:00:00
5416,241,2,33.2,105,1,2026-01-08 12:00:00
5417,241,2,84.6,101,2,2026-01-09 20:00:00
5418,241,2,88.5,146,3,2026-01-11 10:00:00
5419,241,3,88.6,133,1,2026-01-13 04:00:00
5420,241,4,33.0,112,1,2026-01-14 04:00:00
5421,241,5,34.1,63,1,2026-01-14 08:00:00
5422,241,5,57.5,102,2,2026-01-15 05:00:00
5423,241,5,51.1,164,3,2026-01-16 12:00:00
5424,241,6,76.3,105,1,2026-01-16 17:00:00
5425,241,6,73.4,132,2,2026-01-17 02:00:00
5426,241,7,33.7,138,1,2026-01-17 20:00:00
5427,241,8,57.7,114,1,2026-01-18 04:00:00
5428,241,8,98.5,93,2,2026-01-19 12:00:00
5429,241,8,58.2,61,3,2026-01-20 03:00:00
5430,241,9,55.3,123,1,2026-01-21 21:00:00
5431,241,10,94.0,93,1,2026-01-22 11:00:00
5432,241,10,30.6,113,2,2026-01-24 10:00:00
5433,241,11,67.0,85,1,2026-01-26 10:00:00
5434,241,12,91.7,104,1,2026-01-27 05:00:00
5435,241,12,58.4,110,2,2026-01-27 13:00:00
5436,242,1,79.8,115,1,2026-01-02 11:00:00
5437,242,2,37.6,87,1,2026-01-03 16:00:00
5438,242,3,32.0,133,1,2026-01-05 10:00:00
5439,242,3,42.6,98,2,2026-01-06 11:00:00
5440,242,4,65.0,76,1,2026-01-06 18:00:00
5441,242,4,60.3,107,2,2026-01-07 05:00:00
5442,242,5,73.5,110,1,2026-01-08 16:00:00
5443,242,6,90.1,113,1,2026-01-09 00:00:00
5444,242,7,98.7,137,1,2026-01-10 15:00:00
5445,242,8,41.1,105,1,2026-01-11 14:00:00
5446,242,9,32.4,107,1,2026-01-11 19:00:00
5447,242,9,39.1,87,2,2026-01-12 20:00:00
5448,242,9,65.2,126,3,2026-01-14 02:00:00
5449,242,10,77.6,113,1,2026-01-14 08:00:00
5450,242,10,97.2,101,2,2026-01-15 06:00:00
5451,242,11,82.9,71,1,2026-01-17 03:00:00
5452,242,12,53.8,138,1,2026-01-19 01:00:00
5453,242,13,73.6,85,1,2026-01-19 08:00:00
5454,242,14,48.2,98,1,2026-01-21 08:00:00
5455,242,15,78.5,117,1,2026-01-22 04:00:00
5456,242,15,88.8,86,2,2026-01-23 11:00:00
5457,242,15,73.9,80,3,2026-01-24 18:00:00
5458,243,1,70.3,67,1,2026-01-15 11:00:00
5459,243,2,54.8,124,1,2026-01-16 02:00:00
5460,243,3,85.7,99,1,2026-01-18 02:00:00
5461,243,3,43.8,168,2,2026-01-20 01:00:00
5462,243,4,51.3,90,1,2026-01-21 18:00:00
5463,243,4,36.6,91,2,2026-01-22 09:00:00
5464,243,5,51.5,98,1,2026-01-22 13:00:00
5465,243,5,72.1,114,2,2026-01-24 11:00:00
5466,243,5,45.9,100,3,2026-01-24 18:00:00
5467,243,6,54.8,122,1,2026-01-25 20:00:00
5468,243,6,60.1,90,2,2026-01-27 04:00:00
5469,243,6,94.2,82,3,2026-01-28 20:00:00
5470,243,7,95.9,74,1,2026-01-29 23:00:00
5471,243,8,96.2,65,1,2026-01-30 12:00:00
5472,243,8,78.0,99,2,2026-01-30 17:00:00
5473,243,8,62.8,103,3,2026-02-01 02:00:00
5474,243,9,65.6,97,1,2026-02-02 22:00:00
5475,243,10,69.6,134,1,2026-02-03 20:00:00
5476,243,11,94.4,134,1,2026-02-04 03:00:00
5477,243,12,45.3,103,1,2026-02-05 14:00:00
5478,243,12,30.2,74,2,2026-02-06 17:00:00
5479,243,12,67.8,98,3,2026-02-07 00:00:00
5480,243,13,30.9,98,1,2026-02-08 21:00:00
5481,244,1,88.9,76,1,2026-01-13 07:00:00
5482,244,2,76.3,76,1,2026-01-14 08:00:00
5483,244,2,75.4,76,2,2026-01-14 12:00:00
5484,244,3,80.3,82,1,2026-01-14 16:00:00
5485,244,4,79.6,77,1,2026-01-16 06:00:00
5486,244,5,83.1,94,1,2026-01-16 15:00:00
5487,244,6,99.5,97,1,2026-01-17 18:00:00
5488,244,7,72.8,71,1,2026-01-17 23:00:00
5489,244,8,69.0,115,1,2026-01-19 19:00:00
5490,244,9,36.1,70,1,2026-01-20 12:00:00
5491,244,10,76.8,57,1,2026-01-22 05:00:00
5492,244,11,76.1,97,1,2026-01-23 08:00:00
5493,244,12,74.5,73,1,2026-01-23 14:00:00
5494,244,13,51.4,96,1,2026-01-24 02:00:00
5495,245,1,99.0,30,1,2026-01-04 07:00:00
5496,245,2,68.9,87,1,2026-01-06 07:00:00
5497,245,2,81.0,73,2,2026-01-07 22:00:00
5498,245,3,67.1,30,1,2026-01-08 16:00:00
5499,245,4,39.6,30,1,2026-01-09 22:00:00
5500,245,5,76.7,93,1,2026-01-10 15:00:00
5501,245,6,93.1,45,1,2026-01-12 07:00:00
5502,245,7,70.2,43,1,2026-01-13 18:00:00
5503,245,8,84.0,30,1,2026-01-15 01:00:00
5504,245,8,83.9,52,2,2026-01-15 07:00:00
5505,245,9,80.7,55,1,2026-01-16 13:00:00
5506,245,10,96.5,74,1,2026-01-17 02:00:00
5507,245,11,71.5,32,1,2026-01-18 00:00:00
5508,245,12,89.8,30,1,2026-01-18 04:00:00
5509,245,13,89.5,69,1,2026-01-20 03:00:00
5510,245,14,96.5,80,1,2026-01-20 07:00:00
5511,246,1,79.3,78,1,2026-01-18 11:00:00
5512,246,2,70.7,131,1,2026-01-19 11:00:00
5513,246,3,90.0,110,1,2026-01-21 07:00:00
5514,246,4,51.2,131,1,2026-01-21 13:00:00
5515,246,5,51.2,108,1,2026-01-22 09:00:00
5516,246,5,77.6,59,2,2026-01-23 23:00:00
5517,246,5,55.3,106,3,2026-01-25 08:00:00
5518,246,6,91.1,131,1,2026-01-27 08:00:00
5519,246,6,89.2,92,2,2026-01-27 15:00:00
5520,246,6,89.2,102,3,2026-01-29 14:00:00
5521,246,7,66.8,106,1,2026-01-30 22:00:00
5522,246,8,92.0,52,1,2026-01-31 08:00:00
5523,246,9,67.9,143,1,2026-02-01 08:00:00
5524,246,10,75.0,91,1,2026-02-01 16:00:00
5525,246,11,68.5,120,1,2026-02-03 10:00:00
5526,247,1,94.2,88,1,2026-01-25 08:00:00
5527,247,2,66.8,115,1,2026-01-26 07:00:00
5528,247,3,43.2,98,1,2026-01-26 11:00:00
5529,247,4,49.4,85,1,2026-01-28 05:00:00
5530,247,5,42.0,72,1,2026-01-29 06:00:00
5531,247,6,87.2,105,1,2026-01-29 21:00:00
5532,247,7,90.0,52,1,2026-01-30 18:00:00
5533,247,8,67.0,102,1,2026-02-01 02:00:00
5534,247,9,62.1,68,1,2026-02-01 21:00:00
5535,247,10,59.5,115,1,2026-02-03 04:00:00
5536,247,10,80.8,93,2,2026-02-03 13:00:00
5537,247,11,89.6,102,1,2026-02-04 12:00:00
5538,247,12,81.0,91,1,2026-02-05 22:00:00
5539,247,13,78.6,54,1,2026-02-07 05:00:00
5540,247,14,52.6,72,1,2026-02-08 23:00:00
5541,247,15,53.7,103,1,2026-02-10 01:00:00
5542,247,16,84.2,93,1,2026-02-10 07:00:00
5543,247,17,94.7,113,1,2026-02-12 07:00:00
5544,247,17,90.2,98,2,2026-02-12 19:00:00
5545,247,17,37.9,70,3,2026-02-14 18:00:00
5546,248,1,31.8,94,1,2026-01-07 16:00:00
5547,248,1,46.1,112,2,2026-01-09 06:00:00
5548,248,2,98.5,63,1,2026-01-09 19:00:00
5549,248,3,87.3,143,1,2026-01-10 14:00:00
5550,248,3,56.9,118,2,2026-01-11 02:00:00
5551,248,4,40.5,134,1,2026-01-12 13:00:00
5552,248,5,69.2,78,1,2026-01-13 05:00:00
5553,248,5,65.9,134,2,2026-01-14 07:00:00
5554,248,6,56.9,154,1,2026-01-15 03:00:00
5555,248,7,95.9,83,1,2026-01-15 21:00:00
5556,248,8,48.3,125,1,2026-01-17 15:00:00
5557,248,9,42.3,110,1,2026-01-18 04:00:00
5558,248,10,41.3,79,1,2026-01-20 04:00:00
5559,248,10,35.2,119,2,2026-01-21 14:00:00
5560,248,11,93.2,126,1,2026-01-23 02:00:00
5561,248,12,87.9,97,1,2026-01-23 10:00:00
5562,248,12,36.6,133,2,2026-01-24 01:00:00
5563,248,12,35.2,76,3,2026-01-25 05:00:00
5564,248,13,32.0,80,1,2026-01-26 15:00:00
5565,248,13,80.3,112,2,2026-01-28 08:00:00
5566,248,13,44.4,110,3,2026-01-30 00:00:00
5567,248,14,69.7,95,1,2026-01-30 11:00:00
5568,248,14,91.5,126,2,2026-01-31 07:00:00
5569,248,15,98.2,120,1,2026-02-02 04:00:00
5570,249,1,93.5,127,1,2026-01-21 08:00:00
5571,249,2,34.9,107,1,2026-01-23 08:00:00
5572,249,3,36.1,122,1,2026-01-24 13:00:00
5573,249,4,60.6,101,1,2026-01-26 01:00:00
5574,249,4,95.7,151,2,2026-01-27 12:00:00
5575,249,4,58.8,93,3,2026-01-28 15:00:00
5576,249,5,67.2,152,1,2026-01-29 23:00:00
5577,249,6,49.8,110,1,2026-01-30 03:00:00
5578,249,7,61.6,82,1,2026-01-31 15:00:00
5579,249,8,91.0,137,1,2026-02-02 13:00:00
5580,249,8,63.3,112,2,2026-02-04 06:00:00
5581,249,9,73.2,127,1,2026-02-05 09:00:00
5582,249,9,58.7,134,2,2026-02-06 12:00:00
5583,249,10,97.5,116,1,2026-02-06 22:00:00
5584,249,11,47.8,98,1,2026-02-08 08:00:00
5585,249,12,76.1,129,1,2026-02-09 02:00:00
5586,249,13,79.0,110,1,2026-02-11 00:00:00
5587,250,1,45.1,153,1,2026-01-16 10:00:00
5588,250,1,62.0,96,2,2026-01-16 21:00:00
5589,250,1,89.9,148,3,2026-01-18 10:00:00
5590,250,2,44.0,127,1,2026-01-18 17:00:00
5591,250,2,56.0,173,2,2026-01-19 11:00:00
5592,250,3,45.3,152,1,2026-01-20 22:00:00
5593,250,4,96.1,144,1,2026-01-22 21:00:00
5594,250,4,37.1,149,2,2026-01-24 01:00:00
5595,250,4,92.4,120,3,2026-01-24 17:00:00
5596,250,5,79.8,172,1,2026-01-26 15:00:00
5597,250,6,93.5,179,1,2026-01-28 09:00:00
5598,250,7,77.9,147,1,2026-01-29 13:00:00
5599,250,7,58.6,171,2,2026-01-31 05:00:00
5600,250,7,80.6,128,3,2026-02-02 03:00:00
5601,250,8,86.2,124,1,2026-02-04 02:00:00
5602,250,9,47.3,140,1,2026-02-04 11:00:00
5603,250,10,44.9,148,1,2026-02-05 08:00:00
5604,250,11,61.8,132,1,2026-02-06 17:00:00
5605,250,12,30.0,150,1,2026-02-06 21:00:00
5606,250,13,46.7,146,1,2026-02-07 20:00:00
5607,250,13,58.9,120,2,2026-02-09 05:00:00
5608,250,13,71.8,150,3,2026-02-10 04:00:00
5609,250,14,32.2,157,1,2026-02-10 17:00:00
5610,250,14,42.4,143,2,2026-02-12 17:00:00
5611,250,14,67.9,163,3,2026-02-13 03:00:00
5612,250,15,30.0,115,1,2026-02-13 17:00:00
5613,250,15,46.7,149,2,2026-02-15 13:00:00
5614,250,16,32.2,116,1,2026-02-16 00:00:00
5615,250,16,88.1,117,2,2026-02-17 05:00:00
5616,250,17,89.7,127,1,2026-02-17 16:00:00
5617,250,18,41.4,121,1,2026-02-19 10:00:00
5618,250,19,54.6,129,1,2026-02-21 01:00:00
5619,251,1,84.7,85,1,2026-01-23 12:00:00
5620,251,2,36.1,106,1,2026-01-25 00:00:00
5621,251,2,85.9,83,2,2026-01-26 19:00:00
5622,251,2,66.7,58,3,2026-01-28 03:00:00
5623,251,3,79.7,112,1,2026-01-29 11:00:00
5624,251,3,94.4,73,2,2026-01-30 13:00:00
5625,251,3,59.0,88,3,2026-01-31 21:00:00
5626,251,4,86.1,98,1,2026-02-01 05:00:00
5627,251,4,88.3,93,2,2026-02-02 10:00:00
5628,251,4,79.8,111,3,2026-02-02 19:00:00
5629,251,5,97.2,99,1,2026-02-04 17:00:00
5630,251,6,89.6,72,1,2026-02-05 11:00:00
5631,251,7,31.1,133,1,2026-02-07 04:00:00
5632,251,7,41.2,93,2,2026-02-08 11:00:00
5633,251,8,76.7,87,1,2026-02-08 21:00:00
5634,251,9,54.8,109,1,2026-02-10 17:00:00
5635,251,9,30.8,94,2,2026-02-12 07:00:00
5636,251,9,63.0,97,3,2026-02-12 14:00:00
5637,251,10,91.7,139,1,2026-02-14 10:00:00
5638,251,11,70.1,84,1,2026-02-15 07:00:00
5639,251,11,85.6,83,2,2026-02-15 12:00:00
5640,251,11,88.7,92,3,2026-02-17 11:00:00
5641,251,12,78.5,111,1,2026-02-19 11:00:00
5642,251,12,81.0,59,2,2026-02-19 18:00:00
5643,251,13,93.2,50,1,2026-02-21 12:00:00
5644,251,14,54.3,78,1,2026-02-23 09:00:00
5645,251,15,87.2,57,1,2026-02-24 12:00:00
5646,251,16,88.7,81,1,2026-02-25 05:00:00
5647,251,17,79.8,100,1,2026-02-26 15:00:00
5648,251,18,59.6,72,1,2026-02-28 13:00:00
5649,252,1,73.5,61,1,2026-01-16 13:00:00
5650,252,2,81.1,91,1,2026-01-16 23:00:00
5651,252,3,98.1,107,1,2026-01-17 18:00:00
5652,252,3,54.3,56,2,2026-01-19 06:00:00
5653,252,4,38.8,106,1,2026-01-21 05:00:00
5654,252,5,61.8,106,1,2026-01-21 22:00:00
5655,252,6,96.6,109,1,2026-01-22 02:00:00
5656,252,7,79.8,114,1,2026-01-24 02:00:00
5657,252,8,95.7,134,1,2026-01-25 00:00:00
5658,252,9,59.9,82,1,2026-01-26 02:00:00
5659,252,10,36.3,92,1,2026-01-27 09:00:00
5660,252,11,71.8,81,1,2026-01-28 13:00:00
5661,252,12,82.3,90,1,2026-01-30 11:00:00
5662,252,12,75.9,120,2,2026-01-30 19:00:00
5663,252,12,38.6,63,3,2026-01-31 00:00:00
5664,253,1,51.7,122,1,2026-01-06 04:00:00
5665,253,1,99.6,167,2,2026-01-07 15:00:00
5666,253,2,75.5,160,1,2026-01-08 16:00:00
5667,253,2,61.0,132,2,2026-01-09 05:00:00
5668,253,2,44.5,157,3,2026-01-10 13:00:00
5669,253,3,88.8,146,1,2026-01-11 14:00:00
5670,253,3,98.9,170,2,2026-01-12 03:00:00
5671,253,4,35.2,141,1,2026-01-13 00:00:00
5672,253,4,47.9,160,2,2026-01-13 17:00:00
5673,253,4,61.8,192,3,2026-01-15 00:00:00
5674,253,5,36.1,151,1,2026-01-15 16:00:00
5675,253,5,50.6,140,2,2026-01-16 05:00:00
5676,253,5,49.3,154,3,2026-01-17 04:00:00
5677,253,6,55.3,132,1,2026-01-18 10:00:00
5678,253,7,87.4,187,1,2026-01-20 06:00:00
5679,253,7,75.0,143,2,2026-01-20 18:00:00
5680,253,8,60.4,134,1,2026-01-22 07:00:00
5681,253,8,41.3,123,2,2026-01-22 11:00:00
5682,253,8,93.4,161,3,2026-01-23 16:00:00
5683,253,9,40.4,157,1,2026-01-25 14:00:00
5684,253,9,63.5,130,2,2026-01-26 02:00:00
5685,253,9,64.1,151,3,2026-01-27 13:00:00
5686,253,10,32.2,109,1,2026-01-29 12:00:00
5687,253,11,52.7,143,1,2026-01-31 05:00:00
5688,253,12,73.6,149,1,2026-01-31 20:00:00
5689,253,12,36.6,174,2,2026-02-02 06:00:00
5690,253,13,30.3,124,1,2026-02-03 14:00:00
5691,253,13,72.2,114,2,2026-02-04 07:00:00
5692,253,13,58.1,122,3,2026-02-04 12:00:00
5693,253,14,62.4,113,1,2026-02-06 02:00:00
5694,253,15,83.6,166,1,2026-02-07 04:00:00
5695,253,16,33.9,170,1,2026-02-08 20:00:00
5696,253,17,81.9,146,1,2026-02-09 20:00:00
5697,254,1,37.0,114,1,2026-01-14 08:00:00
5698,254,2,33.3,92,1,2026-01-15 12:00:00
5699,254,2,49.8,88,2,2026-01-15 18:00:00
5700,254,3,52.8,83,1,2026-01-16 01:00:00
5701,254,4,44.0,83,1,2026-01-18 00:00:00
5702,254,4,82.1,59,2,2026-01-18 05:00:00
5703,254,4,31.4,95,3,2026-01-19 05:00:00
5704,254,5,62.3,89,1,2026-01-20 08:00:00
5705,254,6,71.7,104,1,2026-01-21 13:00:00
5706,254,7,38.0,91,1,2026-01-21 22:00:00
5707,254,8,39.0,86,1,2026-01-22 16:00:00
5708,254,9,30.8,72,1,2026-01-23 16:00:00
5709,254,9,81.8,91,2,2026-01-25 07:00:00
5710,254,9,91.4,104,3,2026-01-26 10:00:00
5711,254,10,94.9,67,1,2026-01-27 13:00:00
5712,254,11,59.0,91,1,2026-01-29 01:00:00
5713,254,11,32.3,94,2,2026-01-29 23:00:00
5714,255,1,72.8,45,1,2026-01-04 17:00:00
5715,255,2,95.3,48,1,2026-01-05 22:00:00
5716,255,3,45.6,64,1,2026-01-07 15:00:00
5717,255,4,81.7,37,1,2026-01-08 20:00:00
5718,255,5,59.3,66,1,2026-01-09 18:00:00
5719,255,6,92.8,42,1,2026-01-11 14:00:00
5720,255,7,33.2,81,1,2026-01-13 05:00:00
5721,255,8,92.6,106,1,2026-01-14 03:00:00
5722,255,9,97.2,42,1,2026-01-15 13:00:00
5723,255,9,78.9,70,2,2026-01-16 06:00:00
5724,255,9,68.3,45,3,2026-01-16 10:00:00
5725,255,10,80.5,80,1,2026-01-17 17:00:00
5726,255,11,87.8,34,1,2026-01-19 01:00:00
5727,255,12,40.4,69,1,2026-01-20 14:00:00
5728,255,13,75.9,42,1,2026-01-20 20:00:00
5729,255,13,93.5,55,2,2026-01-21 07:00:00
5730,255,14,33.2,39,1,2026-01-21 23:00:00
5731,255,15,43.8,76,1,2026-01-22 04:00:00
5732,255,15,72.9,43,2,2026-01-23 01:00:00
5733,255,15,86.5,71,3,2026-01-23 07:00:00
5734,255,16,54.7,53,1,2026-01-25 02:00:00
5735,255,17,46.9,57,1,2026-01-25 16:00:00
5736,255,17,71.8,62,2,2026-01-26 02:00:00
5737,255,17,63.4,44,3,2026-01-26 23:00:00
5738,255,18,71.4,64,1,2026-01-27 13:00:00
5739,255,18,96.0,90,2,2026-01-29 12:00:00
5740,255,19,84.1,44,1,2026-01-31 04:00:00
5741,255,19,74.3,83,2,2026-02-01 11:00:00
5742,255,19,85.9,89,3,2026-02-01 21:00:00
5743,256,1,51.6,73,1,2026-01-14 23:00:00
5744,256,2,80.5,60,1,2026-01-16 12:00:00
5745,256,2,43.5,96,2,2026-01-16 18:00:00
5746,256,2,59.3,79,3,2026-01-17 12:00:00
5747,256,3,55.4,127,1,2026-01-17 22:00:00
5748,256,4,43.1,90,1,2026-01-18 09:00:00
5749,256,4,80.6,73,2,2026-01-19 18:00:00
5750,256,4,91.2,67,3,2026-01-20 17:00:00
5751,256,5,61.9,111,1,2026-01-21 12:00:00
5752,256,5,73.5,78,2,2026-01-23 09:00:00
5753,256,6,88.0,90,1,2026-01-24 16:00:00
5754,256,7,38.7,109,1,2026-01-25 06:00:00
5755,256,8,87.1,80,1,2026-01-27 02:00:00
5756,256,9,40.6,89,1,2026-01-27 12:00:00
5757,256,10,36.0,89,1,2026-01-29 09:00:00
5758,256,11,82.9,103,1,2026-01-31 06:00:00
5759,256,12,77.1,101,1,2026-02-01 03:00:00
5760,256,13,76.5,85,1,2026-02-02 17:00:00
5761,257,1,73.6,111,1,2026-01-13 23:00:00
5762,257,2,96.9,102,1,2026-01-15 08:00:00
5763,257,2,84.4,80,2,2026-01-16 04:00:00
5764,257,3,98.1,115,1,2026-01-17 03:00:00
5765,257,3,50.4,147,2,2026-01-17 13:00:00
5766,257,4,96.0,92,1,2026-01-17 18:00:00
5767,257,4,73.7,94,2,2026-01-19 09:00:00
5768,257,4,65.5,92,3,2026-01-20 21:00:00
5769,257,5,50.3,124,1,2026-01-21 17:00:00
5770,257,5,78.5,118,2,2026-01-23 15:00:00
5771,257,5,47.2,106,3,2026-01-25 04:00:00
5772,257,6,92.9,91,1,2026-01-26 18:00:00
5773,257,7,97.3,111,1,2026-01-27 03:00:00
5774,257,7,70.2,78,2,2026-01-27 07:00:00
5775,257,7,59.5,112,3,2026-01-29 04:00:00
5776,257,8,84.3,127,1,2026-01-30 21:00:00
5777,257,8,77.0,84,2,2026-01-31 07:00:00
5778,257,9,72.3,79,1,2026-02-01 22:00:00
5779,257,9,90.7,141,2,2026-02-03 15:00:00
5780,257,9,81.9,97,3,2026-02-04 06:00:00
5781,257,10,91.8,132,1,2026-02-05 05:00:00
5782,257,11,48.8,106,1,2026-02-06 23:00:00
5783,257,12,87.6,106,1,2026-02-08 23:00:00
5784,257,13,38.8,118,1,2026-02-10 07:00:00
5785,258,1,55.8,122,1,2026-02-01 15:00:00
5786,258,2,94.8,142,1,2026-02-03 08:00:00
5787,258,3,62.5,132,1,2026-02-03 22:00:00
5788,258,4,71.6,113,1,2026-02-04 12:00:00
5789,258,4,90.4,146,2,2026-02-06 03:00:00
5790,258,4,41.1,134,3,2026-02-06 09:00:00
5791,258,5,69.6,136,1,2026-02-07 07:00:00
5792,258,6,85.1,115,1,2026-02-08 22:00:00
5793,258,7,49.1,171,1,2026-02-10 05:00:00
5794,258,7,31.0,157,2,2026-02-11 14:00:00
5795,258,7,55.6,159,3,2026-02-13 11:00:00
5796,258,8,48.9,133,1,2026-02-14 18:00:00
5797,258,9,39.7,105,1,2026-02-15 23:00:00
5798,258,9,33.4,179,2,2026-02-17 02:00:00
5799,258,10,44.5,138,1,2026-02-18 13:00:00
5800,258,10,72.2,125,2,2026-02-20 01:00:00
5801,258,10,42.5,148,3,2026-02-20 17:00:00
5802,259,1,79.7,113,1,2026-01-13 12:00:00
5803,259,2,62.4,89,1,2026-01-13 23:00:00
5804,259,3,60.3,115,1,2026-01-14 07:00:00
5805,259,4,30.1,111,1,2026-01-14 21:00:00
5806,259,5,65.6,68,1,2026-01-15 11:00:00
5807,259,6,82.4,76,1,2026-01-15 22:00:00
5808,259,7,93.7,109,1,2026-01-17 10:00:00
5809,259,7,71.0,35,2,2026-01-17 22:00:00
5810,259,7,75.4,87,3,2026-01-19 01:00:00
5811,259,8,85.6,61,1,2026-01-20 01:00:00
5812,259,9,60.1,80,1,2026-01-21 12:00:00
5813,259,9,49.1,84,2,2026-01-22 13:00:00
5814,259,9,30.3,82,3,2026-01-22 20:00:00
5815,259,10,56.3,78,1,2026-01-24 19:00:00
5816,259,11,78.8,68,1,2026-01-26 19:00:00
5817,259,12,76.9,135,1,2026-01-27 04:00:00
5818,259,12,80.0,127,2,2026-01-28 12:00:00
5819,259,12,75.7,66,3,2026-01-28 17:00:00
5820,259,13,94.4,121,1,2026-01-30 06:00:00
5821,259,14,84.0,82,1,2026-02-01 05:00:00
5822,259,14,78.7,92,2,2026-02-01 11:00:00
5823,259,14,51.0,88,3,2026-02-02 05:00:00
5824,259,15,64.6,76,1,2026-02-03 21:00:00
5825,259,16,57.4,109,1,2026-02-04 02:00:00
5826,260,1,58.4,62,1,2026-01-09 21:00:00
5827,260,2,80.3,50,1,2026-01-10 03:00:00
5828,260,3,82.6,33,1,2026-01-12 00:00:00
5829,260,4,98.9,42,1,2026-01-13 23:00:00
5830,260,5,54.2,30,1,2026-01-15 03:00:00
5831,260,6,76.5,60,1,2026-01-16 21:00:00
5832,260,7,31.2,36,1,2026-01-17 08:00:00
5833,260,8,41.1,54,1,2026-01-19 03:00:00
5834,260,8,95.2,87,2,2026-01-20 16:00:00
5835,260,8,39.4,83,3,2026-01-21 13:00:00
5836,260,9,45.6,59,1,2026-01-23 07:00:00
5837,260,9,39.3,58,2,2026-01-24 17:00:00
5838,260,9,42.9,97,3,2026-01-26 07:00:00
5839,260,10,83.7,70,1,2026-01-27 16:00:00
5840,260,10,91.8,53,2,2026-01-28 15:00:00
5841,260,11,84.3,31,1,2026-01-30 12:00:00
5842,261,1,45.2,97,1,2026-01-26 11:00:00
5843,261,2,85.7,106,1,2026-01-27 05:00:00
5844,261,3,84.8,77,1,2026-01-29 02:00:00
5845,261,4,90.2,95,1,2026-01-29 18:00:00
5846,261,5,42.1,82,1,2026-01-31 04:00:00
5847,261,5,49.1,86,2,2026-01-31 13:00:00
5848,261,5,82.2,40,3,2026-02-01 18:00:00
5849,261,6,86.0,85,1,2026-02-02 23:00:00
5850,261,6,82.3,109,2,2026-02-03 12:00:00
5851,261,6,77.6,77,3,2026-02-04 11:00:00
5852,261,7,78.9,91,1,2026-02-05 11:00:00
5853,261,8,84.0,74,1,2026-02-05 23:00:00
5854,261,9,54.6,97,1,2026-02-06 14:00:00
5855,261,9,70.7,85,2,2026-02-08 04:00:00
5856,261,9,81.6,71,3,2026-02-09 06:00:00
5857,261,10,71.2,116,1,2026-02-11 01:00:00
5858,261,11,78.2,108,1,2026-02-12 00:00:00
5859,261,12,35.8,77,1,2026-02-12 21:00:00
5860,261,13,62.5,99,1,2026-02-13 12:00:00
5861,261,14,74.6,100,1,2026-02-15 07:00:00
5862,261,15,96.1,102,1,2026-02-16 11:00:00
5863,261,16,41.2,56,1,2026-02-16 18:00:00
5864,261,16,89.1,110,2,2026-02-18 08:00:00
5865,261,17,89.0,78,1,2026-02-18 20:00:00
5866,261,18,35.1,82,1,2026-02-20 03:00:00
5867,261,19,75.2,142,1,2026-02-21 09:00:00
5868,262,1,34.6,116,1,2026-01-27 12:00:00
5869,262,1,94.5,102,2,2026-01-28 05:00:00
5870,262,1,62.7,65,3,2026-01-30 01:00:00
5871,262,2,92.8,137,1,2026-01-31 13:00:00
5872,262,3,92.9,83,1,2026-01-31 21:00:00
5873,262,4,91.0,89,1,2026-02-01 21:00:00
5874,262,4,80.4,103,2,2026-02-02 17:00:00
5875,262,4,71.8,138,3,2026-02-03 19:00:00
5876,262,5,58.8,125,1,2026-02-05 14:00:00
5877,262,6,39.3,106,1,2026-02-06 09:00:00
5878,262,7,57.4,116,1,2026-02-06 21:00:00
5879,262,7,61.1,97,2,2026-02-08 14:00:00
5880,262,8,39.7,112,1,2026-02-10 00:00:00
5881,262,9,55.2,111,1,2026-02-11 20:00:00
5882,262,9,79.9,129,2,2026-02-12 09:00:00
5883,262,10,44.8,129,1,2026-02-13 08:00:00
5884,262,10,99.5,119,2,2026-02-15 08:00:00
5885,262,10,38.3,102,3,2026-02-17 01:00:00
5886,262,11,51.8,124,1,2026-02-18 03:00:00
5887,262,12,43.6,108,1,2026-02-20 02:00:00
5888,262,13,52.4,88,1,2026-02-22 01:00:00
5889,262,14,60.2,101,1,2026-02-23 14:00:00
5890,262,14,46.7,111,2,2026-02-24 12:00:00
5891,262,14,30.1,128,3,2026-02-25 16:00:00
5892,262,15,83.6,106,1,2026-02-27 00:00:00
5893,262,15,31.3,85,2,2026-02-28 17:00:00
5894,262,15,56.5,111,3,2026-03-01 18:00:00
5895,262,16,38.3,112,1,2026-03-03 03:00:00
5896,262,17,31.7,113,1,2026-03-03 19:00:00
5897,262,17,84.3,128,2,2026-03-04 16:00:00
5898,262,18,30.0,130,1,2026-03-06 11:00:00
5899,262,18,49.5,98,2,2026-03-07 03:00:00
5900,262,18,55.1,97,3,2026-03-08 08:00:00
5901,263,1,72.0,39,1,2026-01-25 06:00:00
5902,263,2,81.0,73,1,2026-01-26 14:00:00
5903,263,3,81.6,88,1,2026-01-26 18:00:00
5904,263,4,32.4,53,1,2026-01-28 10:00:00
5905,263,5,40.7,55,1,2026-01-29 14:00:00
5906,263,6,81.9,89,1,2026-01-31 12:00:00
5907,263,7,48.9,70,1,2026-02-01 08:00:00
5908,263,8,39.5,68,1,2026-02-02 17:00:00
5909,263,9,94.2,36,1,2026-02-03 00:00:00
5910,263,10,89.7,73,1,2026-02-03 06:00:00
5911,263,10,78.1,41,2,2026-02-04 08:00:00
5912,263,10,81.1,37,3,2026-02-05 09:00:00
5913,263,11,83.8,53,1,2026-02-06 03:00:00
5914,263,12,97.9,48,1,2026-02-07 00:00:00
5915,263,13,38.7,55,1,2026-02-08 17:00:00
5916,263,14,71.3,31,1,2026-02-09 07:00:00
5917,263,15,88.4,79,1,2026-02-10 00:00:00
5918,263,16,98.6,82,1,2026-02-10 05:00:00
5919,264,1,61.5,51,1,2026-01-30 07:00:00
5920,264,1,72.4,109,2,2026-01-31 20:00:00
5921,264,1,95.3,73,3,2026-02-01 12:00:00
5922,264,2,70.9,107,1,2026-02-03 11:00:00
5923,264,3,96.7,88,1,2026-02-05 07:00:00
5924,264,3,93.2,90,2,2026-02-05 16:00:00
5925,264,3,39.2,86,3,2026-02-06 15:00:00
5926,264,4,73.0,114,1,2026-02-08 01:00:00
5927,264,5,33.8,65,1,2026-02-09 17:00:00
5928,264,6,74.6,102,1,2026-02-10 05:00:00
5929,264,6,72.2,112,2,2026-02-12 02:00:00
5930,264,7,99.8,104,1,2026-02-13 09:00:00
5931,264,8,47.1,136,1,2026-02-15 03:00:00
5932,264,9,79.5,79,1,2026-02-15 18:00:00
5933,264,10,84.5,109,1,2026-02-17 18:00:00
5934,264,11,99.2,87,1,2026-02-18 12:00:00
5935,264,12,30.7,114,1,2026-02-19 08:00:00
5936,264,13,62.3,89,1,2026-02-20 16:00:00
5937,265,1,71.7,132,1,2026-01-22 18:00:00
5938,265,1,87.7,166,2,2026-01-23 07:00:00
5939,265,1,54.3,130,3,2026-01-25 03:00:00
5940,265,2,33.7,111,1,2026-01-26 15:00:00
5941,265,3,45.9,129,1,2026-01-28 15:00:00
5942,265,4,55.5,152,1,2026-01-29 17:00:00
5943,265,5,32.4,167,1,2026-01-30 17:00:00
5944,265,6,41.8,142,1,2026-01-31 15:00:00
5945,265,7,49.6,166,1,2026-02-01 01:00:00
5946,265,8,89.2,112,1,2026-02-02 00:00:00
5947,265,9,55.5,131,1,2026-02-03 18:00:00
5948,265,10,79.4,134,1,2026-02-05 11:00:00
5949,265,11,97.7,137,1,2026-02-06 05:00:00
5950,265,12,70.2,141,1,2026-02-07 10:00:00
5951,265,12,99.6,153,2,2026-02-08 06:00:00
5952,265,13,61.9,131,1,2026-02-10 01:00:00
5953,265,14,57.4,142,1,2026-02-10 11:00:00
5954,265,14,31.2,139,2,2026-02-11 07:00:00
5955,265,15,58.3,121,1,2026-02-12 03:00:00
5956,265,15,83.8,137,2,2026-02-13 09:00:00
5957,265,16,49.8,137,1,2026-02-14 18:00:00
5958,266,1,44.5,136,1,2026-01-14 12:00:00
5959,266,2,84.6,140,1,2026-01-15 07:00:00
5960,266,2,77.9,141,2,2026-01-16 13:00:00
5961,266,3,52.7,131,1,2026-01-17 22:00:00
5962,266,4,42.5,165,1,2026-01-18 17:00:00
5963,266,4,35.4,116,2,2026-01-18 21:00:00
5964,266,4,57.8,125,3,2026-01-20 05:00:00
5965,266,5,33.8,195,1,2026-01-20 09:00:00
5966,266,5,67.7,119,2,2026-01-21 20:00:00
5967,266,5,61.7,112,3,2026-01-23 18:00:00
5968,266,6,72.9,154,1,2026-01-24 23:00:00
5969,266,7,39.8,98,1,2026-01-25 12:00:00
5970,266,8,50.9,135,1,2026-01-26 20:00:00
5971,266,8,75.4,182,2,2026-01-28 00:00:00
5972,266,8,87.4,109,3,2026-01-29 15:00:00
5973,266,9,30.0,100,1,2026-01-31 15:00:00
5974,266,10,61.4,110,1,2026-02-02 01:00:00
5975,266,10,72.1,157,2,2026-02-02 17:00:00
5976,266,10,36.8,162,3,2026-02-04 00:00:00
5977,266,11,73.4,129,1,2026-02-05 21:00:00
5978,266,12,70.1,153,1,2026-02-07 12:00:00
5979,266,12,36.6,167,2,2026-02-08 00:00:00
5980,266,12,38.6,175,3,2026-02-09 22:00:00
5981,266,13,60.8,135,1,2026-02-10 14:00:00
5982,266,13,42.9,93,2,2026-02-12 11:00:00
5983,266,14,44.3,123,1,2026-02-13 05:00:00
5984,266,14,35.9,131,2,2026-02-14 14:00:00
5985,266,14,55.8,134,3,2026-02-15 19:00:00
5986,266,15,52.1,136,1,2026-02-16 19:00:00
5987,266,16,91.6,162,1,2026-02-18 01:00:00
5988,266,17,84.0,165,1,2026-02-19 00:00:00
5989,266,17,87.9,136,2,2026-02-19 06:00:00
5990,266,17,66.8,161,3,2026-02-20 07:00:00
5991,266,18,78.4,147,1,2026-02-22 03:00:00
5992,266,18,40.3,141,2,2026-02-23 13:00:00
5993,267,1,69.1,158,1,2026-01-12 14:00:00
5994,267,2,94.1,141,1,2026-01-12 19:00:00
5995,267,2,56.2,181,2,2026-01-13 12:00:00
5996,267,2,97.2,111,3,2026-01-15 11:00:00
5997,267,3,31.0,129,1,2026-01-17 07:00:00
5998,267,3,30.1,137,2,2026-01-19 01:00:00
5999,267,4,41.7,148,1,2026-01-19 22:00:00
6000,267,5,43.8,165,1,2026-01-20 10:00:00
6001,267,6,78.1,139,1,2026-01-20 22:00:00
6002,267,7,36.4,111,1,2026-01-22 22:00:00
6003,267,7,39.7,156,2,2026-01-23 20:00:00
6004,267,8,33.8,155,1,2026-01-24 01:00:00
6005,267,8,40.0,101,2,2026-01-26 01:00:00
6006,267,8,33.2,139,3,2026-01-27 21:00:00
6007,267,9,52.5,108,1,2026-01-28 21:00:00
6008,267,10,63.9,126,1,2026-01-29 12:00:00
6009,267,10,43.8,121,2,2026-01-30 15:00:00
6010,267,10,81.5,156,3,2026-02-01 06:00:00
6011,267,11,99.0,142,1,2026-02-02 10:00:00
6012,267,12,38.9,114,1,2026-02-03 22:00:00
6013,267,13,39.5,157,1,2026-02-04 23:00:00
6014,267,13,55.4,111,2,2026-02-05 11:00:00
6015,267,14,44.8,146,1,2026-02-07 11:00:00
6016,267,15,55.9,123,1,2026-02-09 05:00:00
6017,267,15,34.8,132,2,2026-02-10 22:00:00
6018,267,16,52.9,150,1,2026-02-11 19:00:00
6019,267,16,33.1,150,2,2026-02-13 16:00:00
6020,267,16,70.2,166,3,2026-02-14 01:00:00
6021,268,1,94.9,138,1,2026-01-26 16:00:00
6022,268,2,38.9,146,1,2026-01-27 02:00:00
6023,268,2,38.2,131,2,2026-01-27 22:00:00
6024,268,3,58.5,143,1,2026-01-29 12:00:00
6025,268,3,58.0,148,2,2026-01-31 08:00:00
6026,268,3,59.0,138,3,2026-02-01 12:00:00
6027,268,4,59.0,103,1,2026-02-03 08:00:00
6028,268,4,31.1,146,2,2026-02-03 14:00:00
6029,268,5,49.6,147,1,2026-02-04 14:00:00
6030,268,6,51.5,126,1,2026-02-05 15:00:00
6031,268,6,96.1,114,2,2026-02-06 15:00:00
6032,268,7,48.0,169,1,2026-02-08 02:00:00
6033,268,8,34.4,149,1,2026-02-09 19:00:00
6034,268,8,91.5,135,2,2026-02-10 15:00:00
6035,268,9,42.7,117,1,2026-02-11 06:00:00
6036,268,10,76.2,123,1,2026-02-12 15:00:00
6037,268,10,46.4,166,2,2026-02-13 03:00:00
6038,268,10,73.0,142,3,2026-02-13 10:00:00
6039,268,11,88.9,128,1,2026-02-14 14:00:00
6040,268,12,82.5,150,1,2026-02-15 07:00:00
6041,268,13,53.6,123,1,2026-02-16 12:00:00
6042,268,14,64.9,170,1,2026-02-17 15:00:00
6043,268,15,56.7,167,1,2026-02-18 03:00:00
6044,268,16,96.5,130,1,2026-02-19 07:00:00
6045,268,17,65.6,127,1,2026-02-19 21:00:00
6046,269,1,78.0,37,1,2026-01-16 19:00:00
6047,269,2,85.2,60,1,2026-01-17 11:00:00
6048,269,3,81.0,63,1,2026-01-18 05:00:00
6049,269,3,86.6,92,2,2026-01-19 17:00:00
6050,269,3,54.4,83,3,2026-01-20 13:00:00
6051,269,4,58.6,63,1,2026-01-20 19:00:00
6052,269,5,68.7,84,1,2026-01-22 14:00:00
6053,269,6,96.5,100,1,2026-01-23 13:00:00
6054,269,7,95.2,100,1,2026-01-24 14:00:00
6055,269,8,42.9,52,1,2026-01-24 20:00:00
6056,269,9,75.5,87,1,2026-01-25 12:00:00
6057,269,10,63.0,62,1,2026-01-25 22:00:00
6058,269,10,77.3,108,2,2026-01-26 17:00:00
6059,269,10,33.6,105,3,2026-01-28 15:00:00
6060,269,11,94.5,72,1,2026-01-29 20:00:00
6061,270,1,97.9,74,1,2026-01-26 12:00:00
6062,270,2,74.5,80,1,2026-01-27 10:00:00
6063,270,3,83.4,44,1,2026-01-27 20:00:00
6064,270,4,71.8,96,1,2026-01-29 18:00:00
6065,270,5,68.8,84,1,2026-01-30 08:00:00
6066,270,6,92.1,109,1,2026-01-31 21:00:00
6067,270,6,65.8,68,2,2026-02-02 11:00:00
6068,270,6,38.6,77,3,2026-02-04 04:00:00
6069,270,7,71.6,59,1,2026-02-05 13:00:00
6070,270,8,95.2,69,1,2026-02-06 14:00:00
6071,270,9,74.4,66,1,2026-02-07 21:00:00
6072,270,10,37.3,109,1,2026-02-09 11:00:00
6073,270,11,75.6,76,1,2026-02-11 05:00:00
6074,271,1,74.9,142,1,2026-01-24 00:00:00
6075,271,2,62.6,132,1,2026-01-24 22:00:00
6076,271,2,79.3,114,2,2026-01-25 21:00:00
6077,271,2,81.1,136,3,2026-01-26 10:00:00
6078,271,3,66.1,151,1,2026-01-28 02:00:00
6079,271,4,89.3,115,1,2026-01-30 02:00:00
6080,271,4,64.3,156,2,2026-01-31 04:00:00
6081,271,4,55.7,123,3,2026-02-01 17:00:00
6082,271,5,60.4,130,1,2026-02-01 22:00:00
6083,271,5,52.8,150,2,2026-02-03 13:00:00
6084,271,5,66.3,126,3,2026-02-04 04:00:00
6085,271,6,52.3,140,1,2026-02-04 08:00:00
6086,271,7,41.4,133,1,2026-02-05 13:00:00
6087,271,7,86.4,142,2,2026-02-07 08:00:00
6088,271,8,52.8,92,1,2026-02-09 04:00:00
6089,271,8,75.2,103,2,2026-02-11 02:00:00
6090,271,8,65.6,152,3,2026-02-13 00:00:00
6091,271,9,37.1,160,1,2026-02-14 02:00:00
6092,271,9,47.8,121,2,2026-02-15 09:00:00
6093,271,10,52.7,135,1,2026-02-15 16:00:00
6094,271,10,94.6,145,2,2026-02-16 11:00:00
6095,271,11,78.1,153,1,2026-02-16 16:00:00
6096,272,1,71.8,99,1,2026-01-21 18:00:00
6097,272,2,73.6,122,1,2026-01-22 15:00:00
6098,272,2,46.4,133,2,2026-01-24 14:00:00
6099,272,2,99.0,154,3,2026-01-25 17:00:00
6100,272,3,83.3,189,1,2026-01-26 22:00:00
6101,272,4,74.9,135,1,2026-01-28 02:00:00
6102,272,4,59.4,111,2,2026-01-29 11:00:00
6103,272,4,59.3,148,3,2026-01-29 17:00:00
6104,272,5,54.2,166,1,2026-01-29 21:00:00
6105,272,5,49.2,142,2,2026-01-30 08:00:00
6106,272,5,32.8,121,3,2026-01-31 05:00:00
6107,272,6,36.9,159,1,2026-02-01 03:00:00
6108,272,6,91.4,153,2,2026-02-02 21:00:00
6109,272,6,72.2,119,3,2026-02-03 17:00:00
6110,272,7,80.4,147,1,2026-02-04 01:00:00
6111,272,8,81.6,159,1,2026-02-05 16:00:00
6112,272,8,40.7,163,2,2026-02-06 18:00:00
6113,272,9,40.6,138,1,2026-02-08 10:00:00
6114,272,10,34.6,132,1,2026-02-09 04:00:00
6115,272,11,40.2,164,1,2026-02-10 14:00:00
6116,272,12,30.4,115,1,2026-02-11 20:00:00
6117,272,13,76.0,148,1,2026-02-13 20:00:00
6118,272,14,42.2,112,1,2026-02-15 10:00:00
6119,272,15,47.1,161,1,2026-02-15 16:00:00
6120,272,15,46.3,134,2,2026-02-16 10:00:00
6121,272,16,53.6,165,1,2026-02-16 18:00:00
6122,272,17,58.7,149,1,2026-02-17 05:00:00
6123,272,17,53.4,115,2,2026-02-17 16:00:00
6124,272,17,65.9,168,3,2026-02-19 05:00:00
6125,272,18,44.2,171,1,2026-02-21 00:00:00
6126,272,18,35.9,157,2,2026-02-22 01:00:00
6127,272,19,64.1,124,1,2026-02-23 08:00:00
6128,272,19,31.5,133,2,2026-02-23 16:00:00
6129,272,19,57.9,142,3,2026-02-25 12:00:00
6130,272,20,56.5,125,1,2026-02-27 07:00:00
6131,272,20,70.1,173,2,2026-02-27 15:00:00
6132,273,1,91.5,142,1,2026-01-27 20:00:00
6133,273,2,86.9,85,1,2026-01-29 12:00:00
6134,273,2,94.9,146,2,2026-01-30 19:00:00
6135,273,3,45.2,133,1,2026-01-31 06:00:00
6136,273,3,46.7,138,2,2026-02-01 21:00:00
6137,273,4,56.9,132,1,2026-02-03 12:00:00
6138,273,5,49.3,156,1,2026-02-04 22:00:00
6139,273,5,65.4,162,2,2026-02-06 11:00:00
6140,273,5,43.8,145,3,2026-02-08 05:00:00
6141,273,6,43.6,133,1,2026-02-08 09:00:00
6142,273,6,43.6,139,2,2026-02-08 14:00:00
6143,273,7,91.3,140,1,2026-02-09 17:00:00
6144,273,8,72.3,123,1,2026-02-10 15:00:00
6145,273,8,40.4,151,2,2026-02-10 23:00:00
6146,273,9,53.3,149,1,2026-02-12 19:00:00
6147,273,9,60.4,170,2,2026-02-13 04:00:00
6148,273,9,51.4,165,3,2026-02-14 03:00:00
6149,273,10,41.1,126,1,2026-02-14 12:00:00
6150,273,11,99.1,156,1,2026-02-15 13:00:00
6151,273,12,47.8,120,1,2026-02-15 23:00:00
6152,273,13,52.3,153,1,2026-02-17 13:00:00
6153,273,14,44.4,129,1,2026-02-18 20:00:00
6154,273,14,43.0,119,2,2026-02-19 13:00:00
6155,273,14,69.1,145,3,2026-02-20 09:00:00
6156,273,15,36.8,86,1,2026-02-20 13:00:00
6157,273,16,64.2,104,1,2026-02-22 00:00:00
6158,273,17,77.2,136,1,2026-02-23 12:00:00
6159,273,18,58.1,141,1,2026-02-24 21:00:00
6160,273,18,52.4,132,2,2026-02-26 02:00:00
6161,273,18,53.9,108,3,2026-02-27 01:00:00
6162,274,1,89.4,93,1,2026-01-02 08:00:00
6163,274,1,47.7,117,2,2026-01-04 08:00:00
6164,274,2,95.5,121,1,2026-01-05 12:00:00
6165,274,3,58.2,109,1,2026-01-06 01:00:00
6166,274,3,46.0,133,2,2026-01-07 15:00:00
6167,274,3,69.1,117,3,2026-01-09 13:00:00
6168,274,4,52.2,95,1,2026-01-10 07:00:00
6169,274,5,60.7,104,1,2026-01-11 01:00:00
6170,274,6,83.2,81,1,2026-01-11 08:00:00
6171,274,7,56.1,107,1,2026-01-12 21:00:00
6172,274,8,61.8,132,1,2026-01-14 08:00:00
6173,274,9,99.3,123,1,2026-01-15 08:00:00
6174,274,10,67.2,138,1,2026-01-15 12:00:00
6175,274,10,96.8,103,2,2026-01-15 17:00:00
6176,274,10,36.4,136,3,2026-01-17 01:00:00
6177,274,11,87.3,106,1,2026-01-18 16:00:00
6178,274,12,78.8,139,1,2026-01-20 14:00:00
6179,274,12,52.0,109,2,2026-01-21 08:00:00
6180,274,12,98.5,124,3,2026-01-22 04:00:00
6181,274,13,71.3,139,1,2026-01-23 17:00:00
6182,274,14,38.9,106,1,2026-01-25 08:00:00
6183,274,15,88.0,114,1,2026-01-25 13:00:00
6184,274,16,33.0,135,1,2026-01-26 20:00:00
6185,274,16,66.4,107,2,2026-01-28 16:00:00
6186,274,16,85.8,83,3,2026-01-29 00:00:00
6187,274,17,34.3,152,1,2026-01-30 11:00:00
6188,274,18,94.1,100,1,2026-01-31 13:00:00
6189,274,19,63.0,113,1,2026-02-01 05:00:00
6190,274,20,93.3,133,1,2026-02-02 06:00:00
6191,274,20,62.7,97,2,2026-02-04 02:00:00
6192,275,1,75.4,69,1,2026-01-20 04:00:00
6193,275,2,74.5,95,1,2026-01-21 11:00:00
6194,275,3,91.0,54,1,2026-01-23 11:00:00
6195,275,3,72.3,84,2,2026-01-24 10:00:00
6196,275,3,59.7,94,3,2026-01-25 18:00:00
6197,275,4,84.8,84,1,2026-01-26 23:00:00
6198,275,5,91.9,59,1,2026-01-27 06:00:00
6199,275,6,56.1,121,1,2026-01-28 07:00:00
6200,275,6,94.2,92,2,2026-01-29 20:00:00
6201,275,6,77.8,118,3,2026-01-31 06:00:00
6202,275,7,73.4,84,1,2026-01-31 17:00:00
6203,275,8,93.5,72,1,2026-02-01 05:00:00
6204,275,9,90.0,95,1,2026-02-02 21:00:00
6205,275,10,30.6,85,1,2026-02-04 20:00:00
6206,275,10,83.5,66,2,2026-02-06 12:00:00
6207,275,11,71.5,119,1,2026-02-07 02:00:00
6208,275,12,96.3,77,1,2026-02-08 07:00:00
6209,275,12,58.2,53,2,2026-02-10 05:00:00
6210,275,13,36.6,116,1,2026-02-12 05:00:00
6211,276,1,50.7,79,1,2026-01-25 13:00:00
6212,276,2,61.1,77,1,2026-01-27 10:00:00
6213,276,3,39.6,54,1,2026-01-28 19:00:00
6214,276,3,32.4,124,2,2026-01-29 10:00:00
6215,276,3,82.7,64,3,2026-01-29 14:00:00
6216,276,4,31.9,91,1,2026-01-31 05:00:00
6217,276,5,83.2,108,1,2026-02-01 16:00:00
6218,276,6,98.3,98,1,2026-02-02 08:00:00
6219,276,7,98.0,88,1,2026-02-03 19:00:00
6220,276,8,91.0,55,1,2026-02-04 03:00:00
6221,276,9,93.2,73,1,2026-02-05 10:00:00
6222,276,10,87.3,93,1,2026-02-07 00:00:00
6223,276,11,75.4,74,1,2026-02-07 08:00:00
6224,276,12,99.6,94,1,2026-02-08 15:00:00
6225,276,12,78.0,103,2,2026-02-09 23:00:00
6226,276,12,83.7,109,3,2026-02-11 18:00:00
6227,276,13,99.9,65,1,2026-02-13 06:00:00
6228,276,13,83.2,133,2,2026-02-13 14:00:00
6229,276,13,49.1,105,3,2026-02-14 02:00:00
6230,276,14,52.2,89,1,2026-02-14 17:00:00
6231,276,15,47.3,111,1,2026-02-16 01:00:00
6232,276,16,95.4,137,1,2026-02-16 18:00:00
6233,276,17,79.7,61,1,2026-02-17 16:00:00
6234,276,18,80.1,85,1,2026-02-17 22:00:00
6235,277,1,44.3,92,1,2026-01-05 17:00:00
6236,277,2,51.3,143,1,2026-01-05 21:00:00
6237,277,2,71.2,147,2,2026-01-07 12:00:00
6238,277,3,54.6,139,1,2026-01-08 17:00:00
6239,277,4,42.0,126,1,2026-01-10 13:00:00
6240,277,5,67.1,99,1,2026-01-10 18:00:00
6241,277,6,55.3,147,1,2026-01-11 10:00:00
6242,277,7,60.2,169,1,2026-01-13 05:00:00
6243,277,7,38.5,128,2,2026-01-14 13:00:00
6244,277,7,49.3,148,3,2026-01-15 20:00:00
6245,277,8,73.6,108,1,2026-01-17 06:00:00
6246,277,9,92.7,149,1,2026-01-18 18:00:00
6247,277,9,61.2,132,2,2026-01-19 21:00:00
6248,277,9,49.6,124,3,2026-01-20 23:00:00
6249,277,10,50.5,124,1,2026-01-22 19:00:00
6250,277,10,99.2,132,2,2026-01-23 00:00:00
6251,277,10,94.1,147,3,2026-01-24 13:00:00
6252,277,11,75.6,113,1,2026-01-26 00:00:00
6253,277,11,80.0,132,2,2026-01-27 02:00:00
6254,278,1,95.3,89,1,2026-01-22 10:00:00
6255,278,2,89.3,68,1,2026-01-23 08:00:00
6256,278,3,76.1,125,1,2026-01-24 07:00:00
6257,278,3,69.4,72,2,2026-01-24 12:00:00
6258,278,3,43.6,76,3,2026-01-24 22:00:00
6259,278,4,44.5,70,1,2026-01-25 15:00:00
6260,278,4,71.8,125,2,2026-01-27 02:00:00
6261,278,5,88.9,101,1,2026-01-28 03:00:00
6262,278,6,57.0,71,1,2026-01-28 18:00:00
6263,278,6,77.9,112,2,2026-01-30 12:00:00
6264,278,6,33.9,94,3,2026-01-31 14:00:00
6265,278,7,55.5,95,1,2026-02-01 15:00:00
6266,278,8,88.8,83,1,2026-02-02 07:00:00
6267,278,9,46.0,75,1,2026-02-03 12:00:00
6268,278,10,66.5,96,1,2026-02-03 20:00:00
6269,278,11,75.7,79,1,2026-02-04 16:00:00
6270,278,12,43.0,126,1,2026-02-06 09:00:00
6271,278,12,54.3,64,2,2026-02-07 21:00:00
6272,278,12,83.6,120,3,2026-02-09 07:00:00
6273,278,13,42.2,87,1,2026-02-10 23:00:00
6274,278,13,85.6,95,2,2026-02-11 06:00:00
6275,278,14,66.9,106,1,2026-02-13 06:00:00
6276,278,14,39.7,77,2,2026-02-13 14:00:00
6277,278,15,50.5,107,1,2026-02-13 20:00:00
6278,278,16,56.6,35,1,2026-02-14 08:00:00
6279,278,16,79.8,75,2,2026-02-16 01:00:00
6280,278,16,35.8,71,3,2026-02-18 01:00:00
6281,278,17,69.0,64,1,2026-02-20 01:00:00
6282,278,17,32.3,85,2,2026-02-20 09:00:00
6283,278,17,77.7,97,3,2026-02-21 10:00:00
6284,278,18,91.1,104,1,2026-02-22 00:00:00
6285,278,19,81.6,94,1,2026-02-22 08:00:00
6286,278,19,63.7,76,2,2026-02-22 17:00:00
6287,279,1,87.4,147,1,2026-02-01 11:00:00
6288,279,2,37.5,142,1,2026-02-02 20:00:00
6289,279,3,45.7,158,1,2026-02-03 15:00:00
6290,279,4,99.4,155,1,2026-02-05 12:00:00
6291,279,4,54.5,140,2,2026-02-07 07:00:00
6292,279,4,47.4,122,3,2026-02-08 20:00:00
6293,279,5,49.6,126,1,2026-02-09 01:00:00
6294,279,6,98.7,129,1,2026-02-10 18:00:00
6295,279,6,59.9,133,2,2026-02-12 06:00:00
6296,279,7,82.7,145,1,2026-02-13 09:00:00
6297,279,7,75.9,154,2,2026-02-13 21:00:00
6298,279,8,86.0,138,1,2026-02-15 19:00:00
6299,279,8,55.7,140,2,2026-02-16 08:00:00
6300,279,8,56.1,142,3,2026-02-17 08:00:00
6301,279,9,39.7,129,1,2026-02-17 19:00:00
6302,279,9,81.2,121,2,2026-02-18 23:00:00
6303,279,9,32.6,104,3,2026-02-19 11:00:00
6304,279,10,37.4,126,1,2026-02-20 10:00:00
6305,279,11,44.8,149,1,2026-02-20 15:00:00
6306,279,11,68.5,125,2,2026-02-21 03:00:00
6307,279,11,52.5,135,3,2026-02-21 10:00:00
6308,279,12,82.1,149,1,2026-02-23 10:00:00
6309,279,12,76.4,150,2,2026-02-24 09:00:00
6310,279,13,36.7,118,1,2026-02-26 04:00:00
6311,280,1,97.3,159,1,2026-01-24 06:00:00
6312,280,2,74.3,162,1,2026-01-24 12:00:00
6313,280,3,39.4,117,1,2026-01-26 04:00:00
6314,280,3,79.1,123,2,2026-01-27 19:00:00
6315,280,4,54.8,163,1,2026-01-29 00:00:00
6316,280,4,96.3,137,2,2026-01-30 23:00:00
6317,280,5,53.1,95,1,2026-02-01 12:00:00
6318,280,6,71.8,112,1,2026-02-02 00:00:00
6319,280,6,67.3,135,2,2026-02-03 00:00:00
6320,280,7,58.9,116,1,2026-02-04 05:00:00
6321,280,8,63.9,131,1,2026-02-05 09:00:00
6322,280,8,49.8,140,2,2026-02-06 18:00:00
6323,280,8,57.7,169,3,2026-02-06 23:00:00
6324,280,9,42.2,134,1,2026-02-08 12:00:00
6325,280,9,60.9,161,2,2026-02-09 23:00:00
6326,280,10,68.2,168,1,2026-02-11 04:00:00
6327,280,11,86.2,168,1,2026-02-12 13:00:00
6328,280,11,84.7,145,2,2026-02-14 02:00:00
6329,280,11,53.5,100,3,2026-02-15 10:00:00
6330,280,12,55.6,149,1,2026-02-17 10:00:00
6331,280,13,49.8,160,1,2026-02-17 20:00:00
6332,280,13,60.6,138,2,2026-02-18 21:00:00
6333,280,13,48.2,174,3,2026-02-20 19:00:00
6334,280,14,63.2,157,1,2026-02-22 03:00:00
6335,280,15,75.9,151,1,2026-02-22 08:00:00
6336,280,16,75.5,161,1,2026-02-22 23:00:00
6337,280,16,40.3,146,2,2026-02-24 07:00:00
6338,280,16,36.5,90,3,2026-02-26 04:00:00
6339,280,17,46.1,130,1,2026-02-26 17:00:00
6340,280,17,50.2,163,2,2026-02-28 01:00:00
6341,280,18,52.8,123,1,2026-03-01 07:00:00
6342,281,1,50.5,135,1,2026-01-09 10:00:00
6343,281,1,39.3,119,2,2026-01-10 16:00:00
6344,281,1,69.6,175,3,2026-01-10 23:00:00
6345,281,2,92.0,173,1,2026-01-11 14:00:00
6346,281,3,60.6,122,1,2026-01-12 01:00:00
6347,281,3,35.1,142,2,2026-01-12 22:00:00
6348,281,3,97.2,126,3,2026-01-13 18:00:00
6349,281,4,49.6,152,1,2026-01-15 08:00:00
6350,281,5,80.9,150,1,2026-01-15 23:00:00
6351,281,6,80.1,156,1,2026-01-17 15:00:00
6352,281,7,37.2,146,1,2026-01-18 12:00:00
6353,281,8,86.8,198,1,2026-01-19 02:00:00
6354,281,8,82.0,119,2,2026-01-20 18:00:00
6355,281,9,69.3,105,1,2026-01-22 05:00:00
6356,281,10,50.6,132,1,2026-01-23 17:00:00
6357,281,11,98.0,108,1,2026-01-24 19:00:00
6358,281,12,31.8,110,1,2026-01-26 04:00:00
6359,282,1,90.4,69,1,2026-01-29 20:00:00
6360,282,2,81.9,71,1,2026-01-30 10:00:00
6361,282,2,84.0,70,2,2026-02-01 06:00:00
6362,282,2,71.7,100,3,2026-02-02 23:00:00
6363,282,3,90.1,79,1,2026-02-03 05:00:00
6364,282,3,56.4,86,2,2026-02-05 00:00:00
6365,282,3,92.4,107,3,2026-02-05 22:00:00
6366,282,4,48.3,74,1,2026-02-07 17:00:00
6367,282,5,62.6,84,1,2026-02-08 12:00:00
6368,282,6,92.8,97,1,2026-02-08 16:00:00
6369,282,6,97.3,51,2,2026-02-10 09:00:00
6370,282,7,73.5,42,1,2026-02-12 03:00:00
6371,282,7,88.1,96,2,2026-02-12 14:00:00
6372,282,8,98.3,99,1,2026-02-13 19:00:00
6373,282,9,83.3,131,1,2026-02-14 15:00:00
6374,282,10,90.1,93,1,2026-02-16 02:00:00
6375,282,11,87.6,106,1,2026-02-17 09:00:00
6376,282,11,76.0,86,2,2026-02-18 07:00:00
6377,282,12,95.6,95,1,2026-02-20 03:00:00
6378,282,13,49.2,123,1,2026-02-21 17:00:00
6379,283,1,80.9,47,1,2026-01-07 13:00:00
6380,283,2,54.7,98,1,2026-01-08 23:00:00
6381,283,2,72.6,132,2,2026-01-09 17:00:00
6382,283,3,87.1,95,1,2026-01-10 08:00:00
6383,283,4,96.2,123,1,2026-01-11 20:00:00
6384,283,4,59.6,77,2,2026-01-13 07:00:00
6385,283,4,59.2,89,3,2026-01-14 02:00:00
6386,283,5,97.5,90,1,2026-01-15 12:00:00
6387,283,6,72.3,45,1,2026-01-17 10:00:00
6388,283,7,91.7,66,1,2026-01-19 04:00:00
6389,283,8,61.0,68,1,2026-01-19 17:00:00
6390,283,8,77.8,106,2,2026-01-21 03:00:00
6391,283,9,96.9,107,1,2026-01-22 13:00:00
6392,283,9,71.5,96,2,2026-01-23 08:00:00
6393,283,9,96.2,106,3,2026-01-25 01:00:00
6394,283,10,94.4,86,1,2026-01-26 23:00:00
6395,284,1,93.5,84,1,2026-01-30 22:00:00
6396,284,2,67.9,60,1,2026-01-31 02:00:00
6397,284,3,49.1,61,1,2026-02-01 01:00:00
6398,284,4,92.1,54,1,2026-02-02 10:00:00
6399,284,5,60.9,73,1,2026-02-03 13:00:00
6400,284,6,61.4,51,1,2026-02-04 14:00:00
6401,284,7,88.6,79,1,2026-02-05 17:00:00
6402,284,8,92.2,37,1,2026-02-07 01:00:00
6403,284,8,52.8,38,2,2026-02-07 22:00:00
6404,284,8,39.4,73,3,2026-02-08 08:00:00
6405,284,9,82.5,58,1,2026-02-10 02:00:00
6406,284,9,92.9,50,2,2026-02-11 13:00:00
6407,284,10,89.4,77,1,2026-02-12 12:00:00
6408,284,10,92.0,47,2,2026-02-14 00:00:00
6409,284,10,73.1,55,3,2026-02-14 20:00:00
6410,284,11,91.9,87,1,2026-02-15 23:00:00
6411,284,12,79.0,90,1,2026-02-17 09:00:00
6412,285,1,58.3,121,1,2026-01-28 16:00:00
6413,285,2,68.6,84,1,2026-01-30 15:00:00
6414,285,3,80.8,114,1,2026-02-01 11:00:00
6415,285,4,84.5,71,1,2026-02-02 11:00:00
6416,285,5,98.4,71,1,2026-02-04 01:00:00
6417,285,6,67.2,42,1,2026-02-04 16:00:00
6418,285,7,60.2,123,1,2026-02-06 15:00:00
6419,285,8,75.9,72,1,2026-02-07 13:00:00
6420,285,9,85.5,87,1,2026-02-08 05:00:00
6421,285,10,82.9,71,1,2026-02-08 14:00:00
6422,285,10,90.5,103,2,2026-02-09 09:00:00
6423,285,11,70.1,82,1,2026-02-11 09:00:00
6424,285,12,62.5,63,1,2026-02-12 18:00:00
6425,285,13,87.8,98,1,2026-02-14 02:00:00
6426,285,14,88.5,61,1,2026-02-15 21:00:00
6427,285,15,67.3,73,1,2026-02-16 21:00:00
6428,285,15,93.4,47,2,2026-02-17 17:00:00
6429,286,1,43.0,31,1,2026-01-09 08:00:00
6430,286,2,86.2,63,1,2026-01-10 06:00:00
6431,286,3,78.4,30,1,2026-01-11 10:00:00
6432,286,4,80.7,30,1,2026-01-11 19:00:00
6433,286,5,38.7,59,1,2026-01-13 18:00:00
6434,286,6,76.3,49,1,2026-01-14 10:00:00
6435,286,7,51.4,99,1,2026-01-15 02:00:00
6436,286,7,88.2,96,2,2026-01-16 19:00:00
6437,286,8,89.7,42,1,2026-01-18 00:00:00
6438,286,9,82.2,71,1,2026-01-18 18:00:00
6439,286,9,72.3,74,2,2026-01-20 06:00:00
6440,286,10,80.4,48,1,2026-01-22 00:00:00
6441,286,10,87.0,30,2,2026-01-22 07:00:00
6442,286,11,77.1,59,1,2026-01-23 03:00:00
6443,286,12,83.4,56,1,2026-01-24 23:00:00
6444,286,13,72.1,51,1,2026-01-25 19:00:00
6445,287,1,35.9,98,1,2026-02-02 09:00:00
6446,287,2,90.1,74,1,2026-02-03 12:00:00
6447,287,3,98.0,66,1,2026-02-04 21:00:00
6448,287,4,49.5,92,1,2026-02-06 13:00:00
6449,287,4,89.7,97,2,2026-02-06 18:00:00
6450,287,5,46.3,66,1,2026-02-07 15:00:00
6451,287,6,74.5,108,1,2026-02-09 03:00:00
6452,287,7,90.6,54,1,2026-02-09 07:00:00
6453,287,8,63.1,78,1,2026-02-10 03:00:00
6454,287,9,84.4,84,1,2026-02-11 03:00:00
6455,287,9,49.7,77,2,2026-02-12 22:00:00
6456,287,10,81.5,78,1,2026-02-13 20:00:00
6457,288,1,64.6,127,1,2026-01-16 23:00:00
6458,288,2,93.8,72,1,2026-01-17 21:00:00
6459,288,3,93.1,138,1,2026-01-18 04:00:00
6460,288,4,41.6,98,1,2026-01-18 23:00:00
6461,288,4,54.9,91,2,2026-01-20 09:00:00
6462,288,4,67.3,99,3,2026-01-22 08:00:00
6463,288,5,62.6,140,1,2026-01-22 19:00:00
6464,288,5,65.3,70,2,2026-01-23 23:00:00
6465,288,6,89.0,67,1,2026-01-25 03:00:00
6466,288,7,96.1,74,1,2026-01-25 10:00:00
6467,288,8,95.2,90,1,2026-01-27 09:00:00
6468,288,9,78.1,55,1,2026-01-28 11:00:00
6469,288,10,48.0,90,1,2026-01-29 09:00:00
6470,288,11,70.5,123,1,2026-01-29 23:00:00
6471,288,12,84.2,93,1,2026-01-30 06:00:00
6472,288,13,75.7,84,1,2026-02-01 03:00:00
6473,288,14,80.2,77,1,2026-02-02 22:00:00
6474,288,14,49.2,107,2,2026-02-04 02:00:00
6475,288,15,41.8,73,1,2026-02-04 19:00:00
6476,288,15,81.7,126,2,2026-02-06 19:00:00
6477,288,16,59.5,128,1,2026-02-07 21:00:00
6478,288,17,66.0,95,1,2026-02-09 17:00:00
6479,288,18,30.2,89,1,2026-02-11 04:00:00
6480,288,18,62.9,110,2,2026-02-11 14:00:00
6481,288,19,48.0,111,1,2026-02-12 00:00:00
6482,288,20,51.1,73,1,2026-02-13 18:00:00
6483,288,20,90.7,79,2,2026-02-14 11:00:00
6484,288,20,50.3,63,3,2026-02-16 07:00:00
6485,289,1,95.0,98,1,2026-01-18 18:00:00
6486,289,2,92.9,103,1,2026-01-20 15:00:00
6487,289,3,81.6,63,1,2026-01-21 17:00:00
6488,289,4,95.6,80,1,2026-01-22 23:00:00
6489,289,5,67.8,63,1,2026-01-23 14:00:00
6490,289,5,98.6,72,2,2026-01-24 04:00:00
6491,289,5,59.3,101,3,2026-01-24 10:00:00
6492,289,6,47.1,75,1,2026-01-25 03:00:00
6493,289,7,67.3,83,1,2026-01-26 05:00:00
6494,289,8,87.5,57,1,2026-01-27 16:00:00
6495,289,9,64.4,93,1,2026-01-28 03:00:00
6496,289,9,53.2,89,2,2026-01-29 21:00:00
6497,289,10,99.9,75,1,2026-01-31 16:00:00
6498,289,10,96.2,86,2,2026-02-02 01:00:00
6499,289,11,91.9,93,1,2026-02-03 03:00:00
6500,289,12,85.2,73,1,2026-02-04 23:00:00
6501,289,12,34.1,60,2,2026-02-05 05:00:00
6502,289,12,55.1,126,3,2026-02-05 09:00:00
6503,289,13,93.0,77,1,2026-02-06 00:00:00
6504,289,14,45.3,88,1,2026-02-06 20:00:00
6505,289,14,91.6,110,2,2026-02-07 15:00:00
6506,289,15,90.2,160,1,2026-02-09 13:00:00
6507,289,15,91.9,65,2,2026-02-11 04:00:00
6508,289,16,56.4,98,1,2026-02-12 05:00:00
6509,289,17,55.7,75,1,2026-02-13 07:00:00
6510,289,18,70.2,79,1,2026-02-13 16:00:00
6511,289,18,90.0,75,2,2026-02-15 07:00:00
6512,289,19,46.9,67,1,2026-02-16 05:00:00
6513,290,1,70.1,89,1,2026-01-13 07:00:00
6514,290,2,83.6,60,1,2026-01-13 17:00:00
6515,290,3,38.3,108,1,2026-01-14 20:00:00
6516,290,4,79.0,91,1,2026-01-15 05:00:00
6517,290,5,67.9,98,1,2026-01-16 19:00:00
6518,290,6,71.0,80,1,2026-01-17 10:00:00
6519,290,7,81.1,82,1,2026-01-19 02:00:00
6520,290,8,31.2,95,1,2026-01-20 06:00:00
6521,290,8,78.3,66,2,2026-01-22 04:00:00
6522,290,8,40.5,82,3,2026-01-22 18:00:00
6523,290,9,44.5,72,1,2026-01-23 21:00:00
6524,290,10,65.4,72,1,2026-01-25 16:00:00
6525,290,10,90.1,47,2,2026-01-26 20:00:00
6526,290,10,55.7,116,3,2026-01-27 01:00:00
6527,290,11,56.3,76,1,2026-01-28 03:00:00
6528,290,12,98.5,113,1,2026-01-29 20:00:00
6529,290,12,65.1,111,2,2026-01-30 16:00:00
6530,290,13,96.0,64,1,2026-02-01 02:00:00
6531,290,14,65.5,68,1,2026-02-02 16:00:00
6532,290,15,58.1,141,1,2026-02-04 14:00:00
6533,290,16,72.8,125,1,2026-02-05 04:00:00
6534,290,16,47.6,89,2,2026-02-05 13:00:00
6535,290,16,85.1,95,3,2026-02-05 23:00:00
6536,290,17,63.6,77,1,2026-02-07 18:00:00
6537,290,18,67.4,98,1,2026-02-08 01:00:00
6538,290,19,34.5,75,1,2026-02-08 20:00:00
6539,290,19,96.4,49,2,2026-02-10 11:00:00
6540,290,19,31.4,63,3,2026-02-10 22:00:00
6541,291,1,96.0,60,1,2026-01-03 04:00:00
6542,291,2,73.7,37,1,2026-01-04 15:00:00
6543,291,3,76.3,58,1,2026-01-06 02:00:00
6544,291,4,80.0,38,1,2026-01-07 12:00:00
6545,291,5,85.0,44,1,2026-01-07 23:00:00
6546,291,5,64.2,77,2,2026-01-09 19:00:00
6547,291,5,100.0,64,3,2026-01-11 01:00:00
6548,291,6,71.3,59,1,2026-01-11 08:00:00
6549,291,7,91.6,77,1,2026-01-12 12:00:00
6550,291,7,94.8,69,2,2026-01-13 05:00:00
6551,291,7,91.7,88,3,2026-01-15 05:00:00
6552,291,8,69.1,50,1,2026-01-16 19:00:00
6553,291,8,86.9,51,2,2026-01-18 12:00:00
6554,291,9,97.3,33,1,2026-01-19 14:00:00
6555,291,9,80.6,51,2,2026-01-21 08:00:00
6556,291,10,95.0,79,1,2026-01-22 19:00:00
6557,291,11,70.1,85,1,2026-01-24 11:00:00
6558,291,12,94.0,79,1,2026-01-25 10:00:00
6559,291,13,91.1,30,1,2026-01-26 00:00:00
6560,291,14,70.5,81,1,2026-01-27 04:00:00
6561,291,15,72.3,30,1,2026-01-28 19:00:00
6562,291,16,85.8,77,1,2026-01-30 06:00:00
6563,291,16,100.0,52,2,2026-01-31 17:00:00
6564,291,16,40.0,74,3,2026-02-01 04:00:00
6565,291,17,57.0,33,1,2026-02-01 21:00:00
6566,291,18,31.7,83,1,2026-02-03 06:00:00
6567,291,19,90.2,30,1,2026-02-04 16:00:00
6568,292,1,67.4,46,1,2026-01-30 15:00:00
6569,292,2,89.2,40,1,2026-02-01 04:00:00
6570,292,3,36.3,30,1,2026-02-02 10:00:00
6571,292,4,80.4,61,1,2026-02-02 17:00:00
6572,292,4,73.7,96,2,2026-02-04 15:00:00
6573,292,4,94.5,113,3,2026-02-06 06:00:00
6574,292,5,97.5,61,1,2026-02-06 22:00:00
6575,292,6,83.6,82,1,2026-02-07 20:00:00
6576,292,7,76.5,64,1,2026-02-09 12:00:00
6577,292,8,72.4,69,1,2026-02-09 17:00:00
6578,292,9,70.1,53,1,2026-02-10 15:00:00
6579,292,10,95.2,63,1,2026-02-12 01:00:00
6580,292,11,88.6,70,1,2026-02-12 15:00:00
6581,292,12,52.7,48,1,2026-02-13 14:00:00
6582,292,13,75.3,58,1,2026-02-15 11:00:00
6583,292,13,94.4,58,2,2026-02-17 03:00:00
6584,292,14,87.3,76,1,2026-02-18 12:00:00
6585,292,14,32.2,38,2,2026-02-19 14:00:00
6586,292,14,99.2,58,3,2026-02-20 17:00:00
6587,292,15,81.7,98,1,2026-02-21 05:00:00
6588,292,16,59.9,83,1,2026-02-22 09:00:00
6589,292,17,93.9,86,1,2026-02-24 00:00:00
6590,292,18,96.0,60,1,2026-02-25 03:00:00
6591,293,1,95.6,146,1,2026-02-02 06:00:00
6592,293,2,58.7,160,1,2026-02-02 23:00:00
6593,293,3,48.1,171,1,2026-02-03 05:00:00
6594,293,4,78.4,100,1,2026-02-04 21:00:00
6595,293,5,47.3,113,1,2026-02-05 15:00:00
6596,293,5,68.0,166,2,2026-02-06 17:00:00
6597,293,6,38.1,134,1,2026-02-07 07:00:00
6598,293,6,45.3,126,2,2026-02-08 14:00:00
6599,293,7,47.6,114,1,2026-02-10 01:00:00
6600,293,8,92.7,128,1,2026-02-10 14:00:00
6601,293,9,48.0,111,1,2026-02-11 17:00:00
6602,293,10,89.4,181,1,2026-02-12 22:00:00
6603,293,10,38.9,139,2,2026-02-14 09:00:00
6604,293,10,63.8,138,3,2026-02-14 20:00:00
6605,293,11,57.2,151,1,2026-02-16 16:00:00
6606,294,1,89.2,109,1,2026-01-12 20:00:00
6607,294,2,39.6,108,1,2026-01-14 09:00:00
6608,294,3,77.9,111,1,2026-01-15 16:00:00
6609,294,4,58.4,77,1,2026-01-17 08:00:00
6610,294,5,32.3,84,1,2026-01-19 01:00:00
6611,294,5,84.3,105,2,2026-01-20 14:00:00
6612,294,5,65.4,79,3,2026-01-22 07:00:00
6613,294,6,64.9,89,1,2026-01-23 20:00:00
6614,294,6,92.8,97,2,2026-01-24 20:00:00
6615,294,7,65.4,105,1,2026-01-26 19:00:00
6616,294,7,65.7,54,2,2026-01-27 05:00:00
6617,294,7,89.4,104,3,2026-01-28 11:00:00
6618,294,8,70.3,85,1,2026-01-28 21:00:00
6619,294,9,52.3,104,1,2026-01-29 05:00:00
6620,294,10,45.0,105,1,2026-01-30 21:00:00
6621,295,1,84.5,92,1,2026-01-27 10:00:00
6622,295,2,98.6,87,1,2026-01-28 21:00:00
6623,295,3,40.6,86,1,2026-01-30 10:00:00
6624,295,4,83.8,88,1,2026-01-31 21:00:00
6625,295,5,94.0,65,1,2026-02-02 12:00:00
6626,295,6,93.8,60,1,2026-02-03 18:00:00
6627,295,7,70.5,77,1,2026-02-04 01:00:00
6628,295,8,85.4,74,1,2026-02-05 10:00:00
6629,295,9,81.3,53,1,2026-02-05 18:00:00
6630,295,9,31.6,68,2,2026-02-06 13:00:00
6631,295,10,75.1,59,1,2026-02-07 01:00:00
6632,295,11,99.0,42,1,2026-02-07 07:00:00
6633,295,12,73.4,85,1,2026-02-08 04:00:00
6634,295,13,34.4,61,1,2026-02-08 10:00:00
6635,295,14,92.3,100,1,2026-02-09 01:00:00
6636,296,1,81.6,57,1,2026-01-04 01:00:00
6637,296,1,96.2,78,2,2026-01-04 11:00:00
6638,296,1,61.4,90,3,2026-01-05 07:00:00
6639,296,2,33.3,112,1,2026-01-05 21:00:00
6640,296,3,90.9,97,1,2026-01-07 10:00:00
6641,296,4,56.0,96,1,2026-01-07 23:00:00
6642,296,5,55.1,67,1,2026-01-08 10:00:00
6643,296,6,36.1,66,1,2026-01-10 09:00:00
6644,296,7,73.2,96,1,2026-01-10 21:00:00
6645,296,7,61.4,62,2,2026-01-12 04:00:00
6646,296,7,37.1,79,3,2026-01-13 17:00:00
6647,296,8,65.8,100,1,2026-01-13 23:00:00
6648,296,9,60.2,70,1,2026-01-15 04:00:00
6649,296,9,74.7,122,2,2026-01-16 08:00:00
6650,296,10,93.8,114,1,2026-01-18 04:00:00
6651,296,11,68.7,58,1,2026-01-19 00:00:00
6652,296,12,98.4,71,1,2026-01-20 09:00:00
6653,296,12,75.0,44,2,2026-01-21 11:00:00
6654,297,1,93.5,124,1,2026-01-21 17:00:00
6655,297,1,79.6,155,2,2026-01-22 21:00:00
6656,297,2,41.6,131,1,2026-01-24 15:00:00
6657,297,3,36.2,149,1,2026-01-24 20:00:00
6658,297,4,66.5,109,1,2026-01-25 18:00:00
6659,297,4,42.2,155,2,2026-01-26 06:00:00
6660,297,4,50.5,128,3,2026-01-27 08:00:00
6661,297,5,60.7,140,1,2026-01-28 14:00:00
6662,297,5,35.9,138,2,2026-01-30 08:00:00
6663,297,5,34.5,114,3,2026-02-01 03:00:00
6664,297,6,49.2,116,1,2026-02-02 06:00:00
6665,297,7,60.8,159,1,2026-02-02 15:00:00
6666,297,8,72.2,147,1,2026-02-03 12:00:00
6667,297,9,65.8,161,1,2026-02-03 20:00:00
6668,297,9,62.7,146,2,2026-02-04 23:00:00
6669,297,9,89.7,142,3,2026-02-06 02:00:00
6670,297,10,74.2,105,1,2026-02-06 20:00:00
6671,297,10,43.4,134,2,2026-02-07 00:00:00
6672,297,11,89.0,139,1,2026-02-08 15:00:00
6673,297,12,57.7,179,1,2026-02-09 21:00:00
6674,297,12,71.8,153,2,2026-02-10 16:00:00
6675,297,13,78.0,170,1,2026-02-11 01:00:00
6676,297,13,76.6,151,2,2026-02-11 23:00:00
6677,297,14,38.1,125,1,2026-02-12 15:00:00
6678,297,15,59.0,142,1,2026-02-13 03:00:00
6679,297,16,61.5,144,1,2026-02-13 23:00:00
6680,297,16,67.9,121,2,2026-02-14 11:00:00
6681,297,17,51.7,132,1,2026-02-16 02:00:00
6682,297,17,31.1,135,2,2026-02-17 04:00:00
6683,297,17,73.4,172,3,2026-02-17 15:00:00
6684,297,18,52.6,98,1,2026-02-18 12:00:00
6685,297,18,54.7,164,2,2026-02-19 14:00:00
6686,298,1,80.2,41,1,2026-01-14 17:00:00
6687,298,2,92.1,32,1,2026-01-15 05:00:00
6688,298,3,94.7,83,1,2026-01-15 22:00:00
6689,298,4,95.2,74,1,2026-01-17 01:00:00
6690,298,5,73.7,85,1,2026-01-17 09:00:00
6691,298,6,89.0,76,1,2026-01-18 07:00:00
6692,298,7,96.6,101,1,2026-01-19 01:00:00
6693,298,8,38.6,71,1,2026-01-21 00:00:00
6694,298,9,60.8,56,1,2026-01-21 21:00:00
6695,298,9,49.3,66,2,2026-01-22 11:00:00
6696,298,10,70.0,84,1,2026-01-22 20:00:00
6697,298,10,89.8,44,2,2026-01-24 02:00:00
6698,298,11,81.9,46,1,2026-01-24 12:00:00
6699,298,12,81.5,53,1,2026-01-25 14:00:00
6700,298,13,95.7,30,1,2026-01-27 04:00:00
6701,298,14,94.6,62,1,2026-01-27 13:00:00
6702,298,15,89.1,30,1,2026-01-28 13:00:00
6703,298,16,71.2,61,1,2026-01-29 01:00:00
6704,299,1,73.7,107,1,2026-01-28 23:00:00
6705,299,2,76.0,80,1,2026-01-30 01:00:00
6706,299,3,90.1,123,1,2026-01-31 09:00:00
6707,299,3,42.3,60,2,2026-02-01 09:00:00
6708,299,3,61.2,113,3,2026-02-02 18:00:00
6709,299,4,65.9,103,1,2026-02-04 15:00:00
6710,299,5,75.3,55,1,2026-02-05 10:00:00
6711,299,6,80.0,144,1,2026-02-06 17:00:00
6712,299,7,71.8,88,1,2026-02-07 00:00:00
6713,299,7,71.3,72,2,2026-02-08 04:00:00
6714,299,8,98.5,61,1,2026-02-08 17:00:00
6715,299,9,92.9,85,1,2026-02-09 10:00:00
6716,299,10,78.2,87,1,2026-02-09 18:00:00
6717,299,10,78.5,92,2,2026-02-11 10:00:00
6718,299,11,72.0,84,1,2026-02-11 14:00:00
6719,299,12,51.2,102,1,2026-02-12 18:00:00
6720,299,13,72.9,82,1,2026-02-14 04:00:00
6721,300,1,73.9,30,1,2026-01-24 10:00:00
6722,300,1,98.7,57,2,2026-01-24 20:00:00
6723,300,1,73.1,30,3,2026-01-26 02:00:00
6724,300,2,73.8,67,1,2026-01-27 02:00:00
6725,300,3,76.7,40,1,2026-01-29 01:00:00
6726,300,4,92.5,63,1,2026-01-30 08:00:00
6727,300,5,73.5,86,1,2026-01-31 06:00:00
6728,300,5,47.0,41,2,2026-02-01 17:00:00
6729,300,6,72.8,81,1,2026-02-03 15:00:00
6730,300,6,82.7,51,2,2026-02-04 22:00:00
6731,300,7,79.9,95,1,2026-02-06 08:00:00
6732,300,8,93.5,52,1,2026-02-07 06:00:00
6733,300,9,89.0,43,1,2026-02-08 23:00:00
6734,300,9,92.3,73,2,2026-02-10 07:00:00
6735,300,10,96.7,51,1,2026-02-10 18:00:00
6736,300,11,96.8,43,1,2026-02-11 04:00:00
6737,301,1,80.5,50,1,2026-01-23 06:00:00
6738,301,2,86.4,59,1,2026-01-24 10:00:00
6739,301,3,76.6,86,1,2026-01-25 17:00:00
6740,301,4,75.0,30,1,2026-01-26 11:00:00
6741,301,5,94.9,60,1,2026-01-27 06:00:00
6742,301,5,35.4,72,2,2026-01-28 15:00:00
6743,301,5,92.9,63,3,2026-01-29 19:00:00
6744,301,6,77.0,86,1,2026-01-30 14:00:00
6745,301,7,92.1,58,1,2026-01-31 00:00:00
6746,301,8,99.6,56,1,2026-01-31 11:00:00
6747,301,8,41.0,71,2,2026-02-02 09:00:00
6748,301,8,92.1,61,3,2026-02-03 21:00:00
6749,301,9,70.3,52,1,2026-02-04 14:00:00
6750,301,10,50.0,70,1,2026-02-05 00:00:00
6751,301,11,85.8,46,1,2026-02-06 21:00:00
6752,301,12,96.4,47,1,2026-02-08 08:00:00
6753,301,13,46.6,49,1,2026-02-10 02:00:00
6754,301,14,87.1,87,1,2026-02-10 20:00:00
6755,301,15,60.4,30,1,2026-02-11 13:00:00
6756,301,16,52.8,67,1,2026-02-13 11:00:00
6757,301,16,98.3,60,2,2026-02-13 16:00:00
6758,301,16,65.0,30,3,2026-02-14 10:00:00
6759,301,17,44.9,66,1,2026-02-15 18:00:00
6760,302,1,77.5,99,1,2026-01-07 10:00:00
6761,302,2,74.9,101,1,2026-01-09 06:00:00
6762,302,3,82.0,36,1,2026-01-10 13:00:00
6763,302,4,37.8,117,1,2026-01-12 09:00:00
6764,302,5,34.8,75,1,2026-01-13 03:00:00
6765,302,5,57.3,103,2,2026-01-14 15:00:00
6766,302,5,99.5,104,3,2026-01-14 23:00:00
6767,302,6,99.2,72,1,2026-01-15 05:00:00
6768,302,7,37.3,103,1,2026-01-16 10:00:00
6769,302,8,71.9,82,1,2026-01-18 06:00:00
6770,302,9,72.2,48,1,2026-01-19 11:00:00
6771,302,9,59.0,113,2,2026-01-21 09:00:00
6772,302,10,84.9,74,1,2026-01-21 19:00:00
6773,302,11,59.2,72,1,2026-01-22 20:00:00
6774,302,11,78.2,81,2,2026-01-23 05:00:00
6775,302,12,68.9,95,1,2026-01-24 11:00:00
6776,302,13,84.5,88,1,2026-01-24 20:00:00
6777,302,14,93.1,100,1,2026-01-26 03:00:00
6778,302,14,47.9,63,2,2026-01-27 06:00:00
6779,302,14,87.7,75,3,2026-01-27 21:00:00
6780,303,1,70.0,87,1,2026-01-15 11:00:00
6781,303,2,75.5,127,1,2026-01-16 08:00:00
6782,303,2,70.3,87,2,2026-01-16 12:00:00
6783,303,2,46.8,111,3,2026-01-18 08:00:00
6784,303,3,92.9,90,1,2026-01-20 02:00:00
6785,303,4,49.4,80,1,2026-01-21 20:00:00
6786,303,4,91.7,85,2,2026-01-22 11:00:00
6787,303,5,90.6,86,1,2026-01-23 21:00:00
6788,303,5,61.4,102,2,2026-01-25 08:00:00
6789,303,5,65.4,117,3,2026-01-27 08:00:00
6790,303,6,34.5,97,1,2026-01-27 13:00:00
6791,303,7,74.9,113,1,2026-01-28 09:00:00
6792,303,8,97.2,70,1,2026-01-30 01:00:00
6793,303,9,74.4,81,1,2026-01-31 08:00:00
6794,303,10,90.4,75,1,2026-02-01 23:00:00
6795,303,11,85.8,96,1,2026-02-02 12:00:00
6796,303,12,87.6,82,1,2026-02-04 08:00:00
6797,303,13,93.9,104,1,2026-02-06 04:00:00
6798,303,14,52.0,71,1,2026-02-07 19:00:00
6799,303,14,85.4,90,2,2026-02-09 08:00:00
6800,303,15,99.9,103,1,2026-02-10 22:00:00
6801,303,16,58.4,48,1,2026-02-12 18:00:00
6802,303,17,73.4,132,1,2026-02-14 14:00:00
6803,303,17,40.2,84,2,2026-02-15 18:00:00
6804,303,17,76.3,49,3,2026-02-17 16:00:00
6805,304,1,83.9,93,1,2026-01-22 07:00:00
6806,304,2,71.7,90,1,2026-01-23 21:00:00
6807,304,3,68.4,88,1,2026-01-25 11:00:00
6808,304,4,31.8,109,1,2026-01-25 19:00:00
6809,304,5,71.0,104,1,2026-01-27 11:00:00
6810,304,5,36.3,95,2,2026-01-27 17:00:00
6811,304,5,77.1,99,3,2026-01-28 04:00:00
6812,304,6,85.8,87,1,2026-01-29 08:00:00
6813,304,7,74.2,125,1,2026-01-30 13:00:00
6814,304,8,95.5,60,1,2026-01-31 09:00:00
6815,304,9,31.4,92,1,2026-02-02 09:00:00
6816,304,9,63.7,91,2,2026-02-04 08:00:00
6817,304,9,88.7,106,3,2026-02-04 12:00:00
6818,304,10,90.9,73,1,2026-02-06 04:00:00
6819,304,10,32.6,55,2,2026-02-06 09:00:00
6820,304,10,59.8,93,3,2026-02-07 21:00:00
6821,304,11,63.6,95,1,2026-02-08 16:00:00
6822,304,11,91.6,119,2,2026-02-08 23:00:00
6823,304,12,97.2,64,1,2026-02-10 06:00:00
6824,304,13,84.9,113,1,2026-02-10 12:00:00
6825,304,14,62.1,137,1,2026-02-11 22:00:00
6826,304,15,86.1,82,1,2026-02-13 14:00:00
6827,304,16,30.4,64,1,2026-02-15 11:00:00
6828,304,16,65.3,81,2,2026-02-16 00:00:00
6829,304,17,80.4,90,1,2026-02-17 23:00:00
6830,304,17,65.7,101,2,2026-02-18 17:00:00
6831,304,17,98.3,78,3,2026-02-19 13:00:00
6832,304,18,42.3,121,1,2026-02-21 03:00:00
6833,304,19,66.3,67,1,2026-02-22 06:00:00
6834,305,1,53.4,105,1,2026-02-02 07:00:00
6835,305,1,56.9,162,2,2026-02-03 09:00:00
6836,305,2,56.0,94,1,2026-02-04 15:00:00
6837,305,3,32.5,135,1,2026-02-06 03:00:00
6838,305,3,54.0,202,2,2026-02-07 07:00:00
6839,305,3,51.8,139,3,2026-02-08 04:00:00
6840,305,4,37.5,117,1,2026-02-08 08:00:00
6841,305,5,52.3,138,1,2026-02-09 12:00:00
6842,305,5,82.3,138,2,2026-02-09 22:00:00
6843,305,6,52.0,143,1,2026-02-10 18:00:00
6844,305,6,39.6,153,2,2026-02-10 22:00:00
6845,305,7,67.6,119,1,2026-02-12 09:00:00
6846,305,8,82.0,173,1,2026-02-13 19:00:00
6847,305,9,30.3,144,1,2026-02-14 22:00:00
6848,305,10,35.5,154,1,2026-02-15 02:00:00
6849,305,10,55.1,127,2,2026-02-15 09:00:00
6850,305,11,63.3,165,1,2026-02-16 11:00:00
6851,305,12,94.1,134,1,2026-02-18 03:00:00
6852,305,12,42.3,145,2,2026-02-18 13:00:00
6853,305,12,63.6,121,3,2026-02-19 02:00:00
6854,305,13,67.2,120,1,2026-02-20 18:00:00
6855,306,1,90.3,123,1,2026-01-13 23:00:00
6856,306,2,60.4,101,1,2026-01-15 06:00:00
6857,306,3,67.8,92,1,2026-01-15 16:00:00
6858,306,3,99.9,97,2,2026-01-17 06:00:00
6859,306,3,60.7,123,3,2026-01-18 17:00:00
6860,306,4,40.5,97,1,2026-01-19 08:00:00
6861,306,4,97.0,107,2,2026-01-20 08:00:00
6862,306,4,89.8,110,3,2026-01-21 22:00:00
6863,306,5,96.4,71,1,2026-01-23 20:00:00
6864,306,5,64.5,80,2,2026-01-25 06:00:00
6865,306,5,86.3,116,3,2026-01-26 03:00:00
6866,306,6,48.1,95,1,2026-01-26 10:00:00
6867,306,7,64.8,131,1,2026-01-27 23:00:00
6868,306,7,63.5,129,2,2026-01-29 19:00:00
6869,306,8,73.3,124,1,2026-01-31 13:00:00
6870,306,8,46.6,146,2,2026-02-01 19:00:00
6871,306,8,44.4,108,3,2026-02-03 02:00:00
6872,306,9,62.0,122,1,2026-02-03 20:00:00
6873,306,9,44.1,98,2,2026-02-05 14:00:00
6874,306,10,94.1,159,1,2026-02-06 02:00:00
6875,306,11,34.3,149,1,2026-02-07 01:00:00
6876,306,11,74.8,110,2,2026-02-08 00:00:00
6877,306,11,51.4,117,3,2026-02-08 17:00:00
6878,306,12,90.3,137,1,2026-02-10 13:00:00
6879,306,13,41.6,107,1,2026-02-11 03:00:00
6880,306,14,75.3,96,1,2026-02-12 11:00:00
6881,307,1,96.4,107,1,2026-01-18 06:00:00
6882,307,2,76.5,91,1,2026-01-20 04:00:00
6883,307,2,79.1,93,2,2026-01-22 03:00:00
6884,307,3,84.3,73,1,2026-01-23 11:00:00
6885,307,4,87.7,55,1,2026-01-24 12:00:00
6886,307,5,79.9,94,1,2026-01-25 10:00:00
6887,307,6,96.9,108,1,2026-01-26 10:00:00
6888,307,7,86.4,85,1,2026-01-27 17:00:00
6889,307,8,95.0,118,1,2026-01-29 01:00:00
6890,307,9,100.0,75,1,2026-01-30 00:00:00
6891,307,10,98.2,68,1,2026-01-30 10:00:00
6892,307,11,84.3,88,1,2026-01-31 20:00:00
6893,307,11,78.0,88,2,2026-02-02 15:00:00
6894,308,1,89.3,105,1,2026-01-12 16:00:00
6895,308,2,90.7,74,1,2026-01-13 13:00:00
6896,308,3,71.1,117,1,2026-01-14 06:00:00
6897,308,4,77.2,129,1,2026-01-14 13:00:00
6898,308,4,42.4,89,2,2026-01-15 17:00:00
6899,308,4,56.0,114,3,2026-01-16 07:00:00
6900,308,5,80.2,68,1,2026-01-17 11:00:00
6901,308,5,70.1,111,2,2026-01-17 15:00:00
6902,308,5,50.4,110,3,2026-01-19 10:00:00
6903,308,6,39.5,107,1,2026-01-21 06:00:00
6904,308,7,42.9,89,1,2026-01-22 13:00:00
6905,308,8,71.4,30,1,2026-01-22 19:00:00
6906,308,9,40.4,77,1,2026-01-24 17:00:00
6907,308,10,52.5,77,1,2026-01-25 10:00:00
6908,309,1,89.0,120,1,2026-01-26 13:00:00
6909,309,1,48.3,142,2,2026-01-28 04:00:00
6910,309,2,34.6,131,1,2026-01-30 01:00:00
6911,309,3,44.7,123,1,2026-02-01 01:00:00
6912,309,4,65.3,118,1,2026-02-02 04:00:00
6913,309,5,36.7,125,1,2026-02-03 20:00:00
6914,309,5,54.3,162,2,2026-02-04 23:00:00
6915,309,5,66.9,126,3,2026-02-06 20:00:00
6916,309,6,41.1,129,1,2026-02-07 04:00:00
6917,309,7,42.6,130,1,2026-02-08 06:00:00
6918,309,7,54.7,146,2,2026-02-09 18:00:00
6919,309,8,48.1,149,1,2026-02-11 01:00:00
6920,309,8,73.8,79,2,2026-02-11 05:00:00
6921,309,9,38.4,160,1,2026-02-12 16:00:00
6922,309,9,59.4,168,2,2026-02-13 00:00:00
6923,309,9,43.2,118,3,2026-02-14 23:00:00
6924,309,10,50.8,120,1,2026-02-16 18:00:00
6925,309,11,67.4,130,1,2026-02-18 13:00:00
6926,309,12,41.4,124,1,2026-02-19 05:00:00
6927,309,12,58.9,144,2,2026-02-20 12:00:00
6928,309,13,34.2,101,1,2026-02-21 12:00:00
6929,309,13,76.4,117,2,2026-02-21 20:00:00
6930,309,14,44.5,170,1,2026-02-23 13:00:00
6931,309,15,80.7,121,1,2026-02-24 05:00:00
6932,309,16,46.5,164,1,2026-02-24 23:00:00
6933,309,16,38.1,147,2,2026-02-25 21:00:00
6934,309,17,51.7,103,1,2026-02-27 16:00:00
6935,309,18,55.5,152,1,2026-02-28 01:00:00
6936,309,19,45.7,137,1,2026-02-28 16:00:00
6937,310,1,94.7,80,1,2026-01-28 16:00:00
6938,310,2,75.3,94,1,2026-01-30 08:00:00
6939,310,3,47.4,99,1,2026-01-31 23:00:00
6940,310,4,99.6,104,1,2026-02-02 06:00:00
6941,310,4,54.6,113,2,2026-02-04 01:00:00
6942,310,5,52.4,98,1,2026-02-04 05:00:00
6943,310,5,38.7,62,2,2026-02-05 21:00:00
6944,310,6,86.9,80,1,2026-02-07 17:00:00
6945,310,7,90.9,148,1,2026-02-09 15:00:00
6946,310,8,43.0,104,1,2026-02-11 02:00:00
6947,310,9,85.1,137,1,2026-02-12 12:00:00
6948,310,10,86.2,117,1,2026-02-14 02:00:00
6949,310,11,90.1,94,1,2026-02-14 10:00:00
6950,310,12,88.4,96,1,2026-02-15 19:00:00
6951,310,13,83.2,89,1,2026-02-16 00:00:00
6952,310,14,82.4,55,1,2026-02-17 09:00:00
6953,310,15,64.6,90,1,2026-02-18 01:00:00
6954,310,16,60.7,114,1,2026-02-18 21:00:00
6955,310,17,99.1,78,1,2026-02-20 04:00:00
6956,310,18,64.7,98,1,2026-02-22 01:00:00
6957,310,19,71.8,107,1,2026-02-22 05:00:00
6958,310,19,56.9,71,2,2026-02-22 14:00:00
6959,310,20,96.7,80,1,2026-02-23 20:00:00
6960,311,1,87.2,69,1,2026-01-25 00:00:00
6961,311,2,70.8,73,1,2026-01-25 22:00:00
6962,311,3,67.1,64,1,2026-01-27 01:00:00
6963,311,4,67.8,71,1,2026-01-28 09:00:00
6964,311,5,79.2,118,1,2026-01-28 19:00:00
6965,311,5,61.1,71,2,2026-01-29 15:00:00
6966,311,5,70.2,92,3,2026-01-31 02:00:00
6967,311,6,57.4,79,1,2026-01-31 12:00:00
6968,311,7,74.1,113,1,2026-01-31 23:00:00
6969,311,8,79.3,116,1,2026-02-02 13:00:00
6970,311,9,81.0,107,1,2026-02-03 22:00:00
6971,311,9,73.4,96,2,2026-02-04 10:00:00
6972,311,9,97.7,85,3,2026-02-04 15:00:00
6973,311,10,66.6,66,1,2026-02-05 23:00:00
6974,311,10,44.2,128,2,2026-02-06 07:00:00
6975,311,11,82.4,74,1,2026-02-07 06:00:00
6976,311,11,76.4,103,2,2026-02-08 09:00:00
6977,311,11,67.7,111,3,2026-02-10 06:00:00
6978,311,12,72.6,78,1,2026-02-11 10:00:00
6979,311,13,42.0,110,1,2026-02-11 19:00:00
6980,311,13,74.2,105,2,2026-02-13 15:00:00
6981,311,14,53.8,124,1,2026-02-14 06:00:00
6982,311,15,86.5,80,1,2026-02-15 14:00:00
6983,312,1,70.2,34,1,2026-01-26 23:00:00
6984,312,2,77.8,49,1,2026-01-27 05:00:00
6985,312,3,74.3,64,1,2026-01-27 15:00:00
6986,312,4,70.5,61,1,2026-01-28 11:00:00
6987,312,5,46.5,52,1,2026-01-29 03:00:00
6988,312,6,46.2,30,1,2026-01-29 18:00:00
6989,312,7,49.2,69,1,2026-01-31 15:00:00
6990,312,8,85.4,99,1,2026-02-01 06:00:00
6991,312,9,74.0,69,1,2026-02-02 00:00:00
6992,312,10,56.6,72,1,2026-02-03 21:00:00
6993,312,11,72.8,71,1,2026-02-05 15:00:00
6994,312,12,59.5,67,1,2026-02-06 02:00:00
6995,312,13,82.6,78,1,2026-02-07 07:00:00
6996,312,14,93.4,67,1,2026-02-08 12:00:00
6997,312,15,36.3,53,1,2026-02-10 07:00:00
6998,312,16,31.7,44,1,2026-02-11 08:00:00
6999,312,16,65.1,55,2,2026-02-11 15:00:00
7000,312,16,62.6,66,3,2026-02-13 01:00:00
7001,312,17,55.9,53,1,2026-02-13 06:00:00
7002,313,1,94.6,66,1,2026-02-02 01:00:00
7003,313,2,75.9,68,1,2026-02-03 10:00:00
7004,313,3,88.5,76,1,2026-02-04 04:00:00
7005,313,4,92.9,85,1,2026-02-05 23:00:00
7006,313,4,74.7,61,2,2026-02-07 21:00:00
7007,313,4,62.8,33,3,2026-02-09 05:00:00
7008,313,5,81.5,53,1,2026-02-09 17:00:00
7009,313,6,78.1,60,1,2026-02-10 21:00:00
7010,313,7,90.3,30,1,2026-02-11 05:00:00
7011,313,8,74.2,87,1,2026-02-12 17:00:00
7012,313,9,89.4,62,1,2026-02-13 14:00:00
7013,313,9,86.5,67,2,2026-02-13 23:00:00
7014,313,9,75.9,87,3,2026-02-15 05:00:00
7015,313,10,80.2,47,1,2026-02-16 02:00:00
7016,313,11,87.7,71,1,2026-02-16 12:00:00
7017,313,12,97.8,57,1,2026-02-18 09:00:00
7018,313,13,62.3,56,1,2026-02-20 08:00:00
7019,313,14,39.3,44,1,2026-02-22 05:00:00
7020,313,15,89.9,93,1,2026-02-23 05:00:00
7021,313,15,74.8,52,2,2026-02-24 15:00:00
7022,313,15,79.8,73,3,2026-02-25 12:00:00
7023,314,1,94.0,72,1,2026-01-17 13:00:00
7024,314,2,84.4,133,1,2026-01-19 01:00:00
7025,314,2,97.1,131,2,2026-01-20 20:00:00
7026,314,3,57.3,111,1,2026-01-22 19:00:00
7027,314,3,63.0,105,2,2026-01-23 04:00:00
7028,314,3,75.7,118,3,2026-01-24 08:00:00
7029,314,4,50.4,155,1,2026-01-25 13:00:00
7030,314,4,51.5,74,2,2026-01-26 10:00:00
7031,314,4,72.4,125,3,2026-01-27 17:00:00
7032,314,5,48.5,91,1,2026-01-29 08:00:00
7033,314,6,95.6,109,1,2026-01-29 17:00:00
7034,314,6,47.7,105,2,2026-01-31 04:00:00
7035,314,7,37.4,101,1,2026-02-02 00:00:00
7036,314,8,96.6,109,1,2026-02-02 15:00:00
7037,314,8,92.8,87,2,2026-02-03 09:00:00
7038,314,8,53.5,130,3,2026-02-04 18:00:00
7039,314,9,53.6,74,1,2026-02-04 23:00:00
7040,314,10,71.8,120,1,2026-02-05 20:00:00
7041,314,11,83.3,103,1,2026-02-06 02:00:00
7042,314,12,91.7,86,1,2026-02-06 12:00:00
7043,314,13,67.2,114,1,2026-02-08 09:00:00
7044,315,1,81.7,108,1,2026-01-16 12:00:00
7045,315,2,81.1,140,1,2026-01-17 08:00:00
7046,315,3,46.4,111,1,2026-01-18 02:00:00
7047,315,4,68.6,149,1,2026-01-18 06:00:00
7048,315,5,31.1,121,1,2026-01-18 14:00:00
7049,315,6,39.7,130,1,2026-01-20 03:00:00
7050,315,7,43.8,145,1,2026-01-21 19:00:00
7051,315,7,95.9,124,2,2026-01-23 05:00:00
7052,315,7,42.7,138,3,2026-01-23 19:00:00
7053,315,8,33.8,109,1,2026-01-24 23:00:00
7054,315,9,85.7,152,1,2026-01-26 10:00:00
7055,315,10,49.6,175,1,2026-01-27 13:00:00
7056,315,11,43.9,195,1,2026-01-28 22:00:00
7057,315,12,71.4,141,1,2026-01-30 19:00:00
7058,315,12,60.3,155,2,2026-02-01 07:00:00
7059,315,12,62.7,104,3,2026-02-01 23:00:00
7060,315,13,35.2,170,1,2026-02-03 13:00:00
7061,315,13,87.5,155,2,2026-02-04 08:00:00
7062,315,14,62.4,130,1,2026-02-05 03:00:00
7063,315,15,31.7,164,1,2026-02-05 13:00:00
7064,315,16,49.5,134,1,2026-02-06 15:00:00
7065,315,17,52.5,130,1,2026-02-08 00:00:00
7066,315,18,50.6,149,1,2026-02-09 16:00:00
7067,315,18,51.6,118,2,2026-02-10 13:00:00
7068,315,18,46.5,160,3,2026-02-12 06:00:00
7069,316,1,48.3,118,1,2026-01-11 09:00:00
7070,316,2,57.5,118,1,2026-01-13 08:00:00
7071,316,2,55.2,121,2,2026-01-14 05:00:00
7072,316,3,63.2,155,1,2026-01-14 17:00:00
7073,316,4,31.6,127,1,2026-01-15 18:00:00
7074,316,4,51.3,113,2,2026-01-16 16:00:00
7075,316,5,96.6,127,1,2026-01-16 21:00:00
7076,316,5,97.6,139,2,2026-01-18 06:00:00
7077,316,6,88.7,116,1,2026-01-19 01:00:00
7078,316,7,67.1,116,1,2026-01-20 15:00:00
7079,316,8,59.0,182,1,2026-01-22 05:00:00
7080,316,9,50.0,122,1,2026-01-22 23:00:00
7081,316,9,41.8,133,2,2026-01-23 22:00:00
7082,316,10,69.0,132,1,2026-01-24 13:00:00
7083,316,11,83.8,131,1,2026-01-25 19:00:00
7084,316,12,57.7,152,1,2026-01-27 11:00:00
7085,316,13,44.9,158,1,2026-01-27 16:00:00
7086,316,13,68.7,133,2,2026-01-28 18:00:00
7087,316,14,35.7,115,1,2026-01-30 14:00:00
7088,316,15,31.0,165,1,2026-01-31 15:00:00
7089,316,15,82.8,138,2,2026-02-01 12:00:00
7090,316,15,65.7,174,3,2026-02-02 15:00:00
7091,316,16,51.6,95,1,2026-02-03 02:00:00
7092,316,17,76.8,143,1,2026-02-03 07:00:00
7093,316,17,56.5,178,2,2026-02-03 12:00:00
7094,316,18,54.3,132,1,2026-02-04 09:00:00
7095,316,18,49.2,135,2,2026-02-05 18:00:00
7096,316,18,40.8,145,3,2026-02-07 04:00:00
7097,316,19,36.2,128,1,2026-02-08 02:00:00
7098,316,20,55.3,133,1,2026-02-09 04:00:00
7099,316,20,57.0,133,2,2026-02-10 06:00:00
7100,317,1,78.3,77,1,2026-01-07 00:00:00
7101,317,2,86.8,114,1,2026-01-08 21:00:00
7102,317,3,72.6,99,1,2026-01-09 14:00:00
7103,317,3,99.8,95,2,2026-01-10 19:00:00
7104,317,4,83.3,106,1,2026-01-12 06:00:00
7105,317,5,86.1,84,1,2026-01-12 22:00:00
7106,317,6,85.2,74,1,2026-01-14 04:00:00
7107,317,7,43.2,77,1,2026-01-14 19:00:00
7108,317,7,99.0,90,2,2026-01-15 19:00:00
7109,317,7,77.9,68,3,2026-01-16 03:00:00
7110,317,8,43.8,79,1,2026-01-17 03:00:00
7111,317,9,88.5,79,1,2026-01-18 16:00:00
7112,317,10,66.7,132,1,2026-01-19 16:00:00
7113,317,10,34.1,34,2,2026-01-19 23:00:00
7114,317,11,62.5,86,1,2026-01-20 09:00:00
7115,317,12,74.0,124,1,2026-01-21 08:00:00
7116,317,13,99.0,92,1,2026-01-22 19:00:00
7117,317,14,37.2,105,1,2026-01-22 23:00:00
7118,317,15,92.4,91,1,2026-01-23 06:00:00
7119,318,1,95.6,46,1,2026-01-11 23:00:00
7120,318,2,86.8,30,1,2026-01-13 20:00:00
7121,318,3,81.7,64,1,2026-01-15 16:00:00
7122,318,4,85.7,44,1,2026-01-17 04:00:00
7123,318,5,50.4,43,1,2026-01-18 13:00:00
7124,318,6,74.3,50,1,2026-01-19 22:00:00
7125,318,7,59.0,94,1,2026-01-21 12:00:00
7126,318,8,76.0,108,1,2026-01-22 11:00:00
7127,318,8,91.6,64,2,2026-01-23 18:00:00
7128,318,8,85.0,50,3,2026-01-25 10:00:00
7129,318,9,61.8,36,1,2026-01-26 23:00:00
7130,318,10,87.0,69,1,2026-01-28 16:00:00
7131,318,11,92.6,95,1,2026-01-28 22:00:00
7132,318,12,85.3,55,1,2026-01-29 07:00:00
7133,318,13,99.9,30,1,2026-01-31 05:00:00
7134,318,14,72.3,73,1,2026-02-01 16:00:00
7135,318,14,91.8,79,2,2026-02-02 07:00:00
7136,319,1,84.0,30,1,2026-01-09 19:00:00
7137,319,2,99.7,63,1,2026-01-10 02:00:00
7138,319,3,39.7,69,1,2026-01-11 04:00:00
7139,319,4,88.6,58,1,2026-01-12 18:00:00
7140,319,5,76.2,44,1,2026-01-13 07:00:00
7141,319,6,75.9,80,1,2026-01-14 19:00:00
7142,319,6,86.3,51,2,2026-01-15 12:00:00
7143,319,6,89.9,30,3,2026-01-16 13:00:00
7144,319,7,91.6,30,1,2026-01-18 12:00:00
7145,319,8,88.1,85,1,2026-01-19 22:00:00
7146,319,9,61.9,72,1,2026-01-21 22:00:00
7147,319,10,78.9,61,1,2026-01-22 12:00:00
7148,319,11,81.1,51,1,2026-01-23 19:00:00
7149,319,12,80.3,49,1,2026-01-24 21:00:00
7150,319,13,44.0,38,1,2026-01-26 21:00:00
7151,319,14,70.2,51,1,2026-01-27 12:00:00
7152,319,15,77.5,30,1,2026-01-29 03:00:00
7153,319,16,79.4,45,1,2026-01-31 00:00:00
7154,319,17,56.5,53,1,2026-02-01 16:00:00
7155,319,18,87.4,72,1,2026-02-02 22:00:00
7156,319,18,65.2,59,2,2026-02-03 06:00:00
7157,320,1,99.6,105,1,2026-01-14 12:00:00
7158,320,2,91.6,116,1,2026-01-16 05:00:00
7159,320,3,95.5,111,1,2026-01-17 12:00:00
7160,320,4,65.8,99,1,2026-01-18 21:00:00
7161,320,5,46.7,90,1,2026-01-19 03:00:00
7162,320,6,82.9,70,1,2026-01-20 06:00:00
7163,320,7,94.9,104,1,2026-01-21 13:00:00
7164,320,8,99.0,123,1,2026-01-21 17:00:00
7165,320,8,68.0,96,2,2026-01-23 02:00:00
7166,320,9,67.7,128,1,2026-01-23 11:00:00
7167,320,10,82.5,59,1,2026-01-24 10:00:00
7168,320,10,59.2,66,2,2026-01-26 06:00:00
7169,321,1,70.5,107,1,2026-01-10 12:00:00
7170,321,2,78.1,95,1,2026-01-11 04:00:00
7171,321,2,94.4,116,2,2026-01-12 14:00:00
7172,321,3,93.1,89,1,2026-01-14 00:00:00
7173,321,4,78.3,72,1,2026-01-14 06:00:00
7174,321,5,90.9,85,1,2026-01-15 13:00:00
7175,321,5,64.0,59,2,2026-01-16 15:00:00
7176,321,6,54.9,67,1,2026-01-18 09:00:00
7177,321,7,99.1,109,1,2026-01-18 16:00:00
7178,321,7,68.7,107,2,2026-01-19 01:00:00
7179,321,8,93.2,97,1,2026-01-20 11:00:00
7180,321,8,85.3,55,2,2026-01-22 11:00:00
7181,321,8,92.3,82,3,2026-01-23 22:00:00
7182,321,9,75.9,65,1,2026-01-24 03:00:00
7183,321,9,99.6,113,2,2026-01-25 15:00:00
7184,321,10,98.5,78,1,2026-01-27 10:00:00
7185,321,11,95.2,68,1,2026-01-28 18:00:00
7186,322,1,91.7,140,1,2026-01-23 02:00:00
7187,322,2,74.7,127,1,2026-01-24 22:00:00
7188,322,3,54.5,169,1,2026-01-26 16:00:00
7189,322,3,85.2,125,2,2026-01-26 21:00:00
7190,322,4,92.1,112,1,2026-01-27 07:00:00
7191,322,4,72.6,96,2,2026-01-28 23:00:00
7192,322,5,30.9,139,1,2026-01-30 14:00:00
7193,322,5,37.9,128,2,2026-01-31 06:00:00
7194,322,6,90.6,111,1,2026-02-01 23:00:00
7195,322,7,56.3,163,1,2026-02-02 19:00:00
7196,322,8,63.0,153,1,2026-02-03 00:00:00
7197,322,9,94.0,139,1,2026-02-03 07:00:00
7198,322,10,69.3,167,1,2026-02-04 10:00:00
7199,322,10,58.7,153,2,2026-02-05 08:00:00
7200,322,11,39.6,123,1,2026-02-06 23:00:00
7201,322,12,62.3,119,1,2026-02-08 07:00:00
7202,322,13,35.5,156,1,2026-02-10 03:00:00
7203,322,13,48.9,147,2,2026-02-10 12:00:00
7204,322,13,76.8,143,3,2026-02-10 22:00:00
7205,323,1,42.7,123,1,2026-01-31 08:00:00
7206,323,1,50.0,152,2,2026-02-02 04:00:00
7207,323,2,33.6,124,1,2026-02-02 08:00:00
7208,323,3,40.2,137,1,2026-02-03 23:00:00
7209,323,3,60.8,168,2,2026-02-04 18:00:00
7210,323,4,48.6,126,1,2026-02-05 02:00:00
7211,323,4,83.4,108,2,2026-02-06 00:00:00
7212,323,4,91.9,118,3,2026-02-07 04:00:00
7213,323,5,59.7,159,1,2026-02-09 04:00:00
7214,323,5,47.7,145,2,2026-02-10 05:00:00
7215,323,6,69.7,137,1,2026-02-11 17:00:00
7216,323,7,85.7,129,1,2026-02-12 11:00:00
7217,323,7,84.1,149,2,2026-02-13 18:00:00
7218,323,7,82.1,123,3,2026-02-14 02:00:00
7219,323,8,69.0,146,1,2026-02-14 16:00:00
7220,323,8,46.9,125,2,2026-02-16 04:00:00
7221,323,8,59.3,122,3,2026-02-17 02:00:00
7222,323,9,38.5,127,1,2026-02-18 13:00:00
7223,323,9,42.7,132,2,2026-02-18 19:00:00
7224,323,10,41.1,139,1,2026-02-19 13:00:00
7225,323,11,43.5,144,1,2026-02-21 01:00:00
7226,323,11,66.1,66,2,2026-02-22 22:00:00
7227,323,11,60.1,123,3,2026-02-23 02:00:00
7228,323,12,30.1,132,1,2026-02-23 10:00:00
7229,323,13,30.6,170,1,2026-02-24 22:00:00
7230,323,13,43.3,118,2,2026-02-26 20:00:00
7231,323,13,85.7,143,3,2026-02-27 13:00:00
7232,323,14,56.8,169,1,2026-02-27 21:00:00
7233,323,14,56.4,113,2,2026-02-28 09:00:00
7234,323,14,42.2,147,3,2026-03-01 07:00:00
7235,323,15,68.8,123,1,2026-03-01 11:00:00
7236,323,15,83.2,129,2,2026-03-01 22:00:00
7237,323,16,38.1,123,1,2026-03-03 02:00:00
7238,323,16,98.0,125,2,2026-03-03 22:00:00
7239,323,16,50.2,194,3,2026-03-04 13:00:00
7240,323,17,73.0,156,1,2026-03-05 08:00:00
7241,324,1,70.2,112,1,2026-01-21 11:00:00
7242,324,2,64.6,99,1,2026-01-21 20:00:00
7243,324,3,81.9,57,1,2026-01-23 11:00:00
7244,324,4,77.1,97,1,2026-01-25 07:00:00
7245,324,5,79.8,111,1,2026-01-26 09:00:00
7246,324,6,93.8,72,1,2026-01-28 02:00:00
7247,324,7,45.2,109,1,2026-01-28 07:00:00
7248,324,8,83.4,104,1,2026-01-29 08:00:00
7249,324,9,33.5,127,1,2026-01-29 16:00:00
7250,324,10,95.3,81,1,2026-01-30 23:00:00
7251,324,10,94.7,68,2,2026-02-01 11:00:00
7252,324,10,36.0,82,3,2026-02-02 10:00:00
7253,324,11,97.5,118,1,2026-02-03 10:00:00
7254,325,1,45.1,73,1,2026-01-28 06:00:00
7255,325,1,46.1,68,2,2026-01-29 02:00:00
7256,325,2,89.7,111,1,2026-01-29 08:00:00
7257,325,3,40.6,101,1,2026-01-30 03:00:00
7258,325,3,53.0,110,2,2026-01-31 22:00:00
7259,325,4,39.5,128,1,2026-02-02 02:00:00
7260,325,5,35.4,98,1,2026-02-03 19:00:00
7261,325,6,54.2,72,1,2026-02-05 19:00:00
7262,325,7,70.8,150,1,2026-02-06 12:00:00
7263,325,8,80.9,90,1,2026-02-08 07:00:00
7264,325,8,46.0,88,2,2026-02-08 16:00:00
7265,325,8,33.4,132,3,2026-02-10 03:00:00
7266,325,9,58.1,102,1,2026-02-10 21:00:00
7267,325,10,39.9,108,1,2026-02-11 06:00:00
7268,325,11,69.2,119,1,2026-02-11 18:00:00
7269,325,11,69.8,131,2,2026-02-12 15:00:00
7270,325,11,93.8,103,3,2026-02-13 11:00:00
7271,326,1,36.9,170,1,2026-01-10 22:00:00
7272,326,1,74.8,97,2,2026-01-11 20:00:00
7273,326,1,84.6,155,3,2026-01-13 00:00:00
7274,326,2,65.6,123,1,2026-01-15 00:00:00
7275,326,3,40.1,167,1,2026-01-15 12:00:00
7276,326,4,33.1,142,1,2026-01-16 17:00:00
7277,326,5,43.9,126,1,2026-01-18 07:00:00
7278,326,5,33.6,153,2,2026-01-19 16:00:00
7279,326,6,56.6,157,1,2026-01-21 01:00:00
7280,326,7,73.8,152,1,2026-01-22 18:00:00
7281,326,8,98.5,119,1,2026-01-23 21:00:00
7282,326,9,66.8,130,1,2026-01-25 05:00:00
7283,326,9,59.7,139,2,2026-01-26 19:00:00
7284,326,9,43.8,139,3,2026-01-28 02:00:00
7285,326,10,89.8,154,1,2026-01-28 07:00:00
7286,326,11,77.5,99,1,2026-01-28 21:00:00
7287,326,11,85.6,146,2,2026-01-29 23:00:00
7288,326,12,52.3,134,1,2026-01-30 06:00:00
7289,326,12,55.6,123,2,2026-01-30 11:00:00
7290,326,12,71.1,125,3,2026-01-31 02:00:00
7291,326,13,74.3,135,1,2026-02-01 19:00:00
7292,326,14,49.5,67,1,2026-02-02 02:00:00
7293,326,15,70.5,125,1,2026-02-03 02:00:00
7294,326,16,52.8,122,1,2026-02-04 05:00:00
7295,327,1,93.7,100,1,2026-01-22 17:00:00
7296,327,2,89.3,73,1,2026-01-24 14:00:00
7297,327,3,32.0,85,1,2026-01-25 00:00:00
7298,327,4,87.3,120,1,2026-01-26 17:00:00
7299,327,4,80.7,109,2,2026-01-27 17:00:00
7300,327,4,81.5,108,3,2026-01-29 05:00:00
7301,327,5,66.6,80,1,2026-01-30 03:00:00
7302,327,5,65.8,100,2,2026-01-31 06:00:00
7303,327,5,39.9,85,3,2026-02-01 18:00:00
7304,327,6,35.8,86,1,2026-02-01 23:00:00
7305,327,7,69.3,98,1,2026-02-02 17:00:00
7306,327,8,79.4,78,1,2026-02-04 04:00:00
7307,327,9,65.4,119,1,2026-02-06 03:00:00
7308,327,9,90.1,86,2,2026-02-07 20:00:00
7309,327,10,58.1,102,1,2026-02-08 05:00:00
7310,327,11,88.8,119,1,2026-02-10 00:00:00
7311,327,11,80.2,110,2,2026-02-10 21:00:00
7312,327,12,97.9,61,1,2026-02-12 03:00:00
7313,327,12,71.7,98,2,2026-02-12 21:00:00
7314,327,13,85.0,107,1,2026-02-14 21:00:00
7315,327,14,45.4,107,1,2026-02-15 10:00:00
7316,327,15,79.2,67,1,2026-02-17 07:00:00
7317,327,16,52.6,76,1,2026-02-17 11:00:00
7318,327,17,95.1,109,1,2026-02-18 01:00:00
7319,327,18,85.4,74,1,2026-02-19 01:00:00
7320,327,18,50.0,84,2,2026-02-20 22:00:00
7321,327,18,53.9,121,3,2026-02-21 06:00:00
7322,327,19,65.8,89,1,2026-02-21 12:00:00
7323,327,20,99.9,75,1,2026-02-22 05:00:00
7324,327,20,96.4,72,2,2026-02-23 18:00:00
7325,327,20,88.4,96,3,2026-02-25 11:00:00
7326,328,1,92.7,63,1,2026-01-18 10:00:00
7327,328,2,80.1,85,1,2026-01-19 18:00:00
7328,328,3,81.3,96,1,2026-01-21 07:00:00
7329,328,4,94.1,115,1,2026-01-21 17:00:00
7330,328,5,78.1,103,1,2026-01-23 04:00:00
7331,328,6,96.0,75,1,2026-01-23 13:00:00
7332,328,7,40.2,113,1,2026-01-25 05:00:00
7333,328,8,92.0,84,1,2026-01-26 18:00:00
7334,328,8,64.8,65,2,2026-01-28 14:00:00
7335,328,9,30.9,86,1,2026-01-30 10:00:00
7336,328,10,36.9,118,1,2026-01-31 05:00:00
7337,328,11,92.1,93,1,2026-02-02 02:00:00
7338,328,11,51.8,90,2,2026-02-03 05:00:00
7339,328,11,81.7,122,3,2026-02-04 04:00:00
7340,328,12,82.3,61,1,2026-02-05 22:00:00
7341,328,12,96.2,64,2,2026-02-06 23:00:00
7342,328,13,71.9,57,1,2026-02-07 08:00:00
7343,328,13,31.1,97,2,2026-02-09 06:00:00
7344,329,1,97.7,93,1,2026-01-15 14:00:00
7345,329,1,97.1,120,2,2026-01-16 16:00:00
7346,329,2,61.7,94,1,2026-01-18 09:00:00
7347,329,3,91.0,81,1,2026-01-19 14:00:00
7348,329,4,87.8,90,1,2026-01-20 14:00:00
7349,329,5,92.7,92,1,2026-01-21 02:00:00
7350,329,6,46.8,56,1,2026-01-23 01:00:00
7351,329,7,46.7,144,1,2026-01-23 12:00:00
7352,329,7,75.4,100,2,2026-01-25 09:00:00
7353,329,8,82.5,94,1,2026-01-26 17:00:00
7354,329,9,80.1,102,1,2026-01-28 00:00:00
7355,329,10,68.7,104,1,2026-01-29 22:00:00
7356,329,11,79.7,87,1,2026-01-30 05:00:00
7357,329,12,83.6,77,1,2026-01-31 04:00:00
7358,329,13,38.8,101,1,2026-02-01 02:00:00
7359,329,14,61.0,97,1,2026-02-01 18:00:00
7360,330,1,91.1,43,1,2026-01-08 02:00:00
7361,330,2,75.8,88,1,2026-01-08 10:00:00
7362,330,3,86.6,65,1,2026-01-09 17:00:00
7363,330,4,62.9,74,1,2026-01-10 02:00:00
7364,330,5,86.3,87,1,2026-01-10 12:00:00
7365,330,5,33.1,60,2,2026-01-10 16:00:00
7366,330,6,88.9,66,1,2026-01-12 16:00:00
7367,330,7,76.0,76,1,2026-01-13 20:00:00
7368,330,8,99.3,45,1,2026-01-14 02:00:00
7369,330,9,62.3,61,1,2026-01-15 04:00:00
7370,330,10,99.3,62,1,2026-01-15 16:00:00
7371,330,11,75.8,40,1,2026-01-16 09:00:00
7372,330,12,74.8,106,1,2026-01-17 17:00:00
7373,330,13,68.8,31,1,2026-01-17 21:00:00
7374,330,14,89.0,34,1,2026-01-18 17:00:00
7375,330,15,39.8,86,1,2026-01-20 17:00:00
7376,330,16,45.7,74,1,2026-01-22 16:00:00
7377,330,17,81.6,39,1,2026-01-24 09:00:00
7378,330,18,84.2,72,1,2026-01-26 03:00:00
7379,330,19,87.2,89,1,2026-01-27 16:00:00
7380,331,1,96.0,89,1,2026-01-19 13:00:00
7381,331,2,84.2,141,1,2026-01-20 20:00:00
7382,331,3,77.7,55,1,2026-01-22 11:00:00
7383,331,4,83.6,103,1,2026-01-24 10:00:00
7384,331,4,85.3,113,2,2026-01-25 15:00:00
7385,331,5,76.4,107,1,2026-01-26 05:00:00
7386,331,6,56.6,85,1,2026-01-27 14:00:00
7387,331,6,45.8,84,2,2026-01-28 16:00:00
7388,331,7,88.9,98,1,2026-01-29 12:00:00
7389,331,8,71.7,106,1,2026-01-30 00:00:00
7390,331,9,35.2,102,1,2026-01-30 18:00:00
7391,331,10,44.0,110,1,2026-01-31 11:00:00
7392,331,11,58.9,69,1,2026-02-01 00:00:00
7393,331,12,56.6,85,1,2026-02-02 08:00:00
7394,331,12,88.3,71,2,2026-02-02 13:00:00
7395,332,1,98.4,132,1,2026-01-15 10:00:00
7396,332,2,57.3,160,1,2026-01-16 00:00:00
7397,332,2,58.9,142,2,2026-01-16 17:00:00
7398,332,2,51.2,192,3,2026-01-18 12:00:00
7399,332,3,72.6,143,1,2026-01-19 14:00:00
7400,332,4,84.1,141,1,2026-01-20 20:00:00
7401,332,4,58.5,142,2,2026-01-22 19:00:00
7402,332,4,42.2,127,3,2026-01-23 06:00:00
7403,332,5,31.4,138,1,2026-01-24 07:00:00
7404,332,5,40.4,162,2,2026-01-25 00:00:00
7405,332,6,72.2,142,1,2026-01-26 21:00:00
7406,332,7,73.8,124,1,2026-01-27 07:00:00
7407,332,8,87.0,121,1,2026-01-28 01:00:00
7408,332,8,98.6,130,2,2026-01-28 07:00:00
7409,332,8,61.2,141,3,2026-01-29 14:00:00
7410,332,9,36.6,163,1,2026-01-31 05:00:00
7411,332,9,97.9,113,2,2026-02-01 03:00:00
7412,332,9,38.8,133,3,2026-02-03 01:00:00
7413,332,10,44.0,142,1,2026-02-04 23:00:00
7414,332,11,74.9,103,1,2026-02-05 15:00:00
7415,332,12,38.9,123,1,2026-02-06 19:00:00
7416,332,12,47.3,126,2,2026-02-08 15:00:00
7417,332,13,88.6,124,1,2026-02-09 06:00:00
7418,332,14,39.1,143,1,2026-02-10 09:00:00
7419,332,14,61.1,136,2,2026-02-12 06:00:00
7420,332,15,30.5,128,1,2026-02-13 04:00:00
7421,332,15,74.8,148,2,2026-02-14 09:00:00
7422,332,15,68.3,174,3,2026-02-16 02:00:00
7423,332,16,50.2,172,1,2026-02-17 08:00:00
7424,332,16,57.1,101,2,2026-02-17 13:00:00
7425,332,16,42.4,151,3,2026-02-18 15:00:00
7426,333,1,93.0,56,1,2026-01-27 20:00:00
7427,333,2,77.8,63,1,2026-01-28 10:00:00
7428,333,3,32.1,52,1,2026-01-30 06:00:00
7429,333,4,47.7,62,1,2026-01-31 00:00:00
7430,333,5,80.4,63,1,2026-02-01 17:00:00
7431,333,6,83.4,48,1,2026-02-02 15:00:00
7432,333,7,90.4,42,1,2026-02-03 01:00:00
7433,333,8,98.2,51,1,2026-02-03 09:00:00
7434,333,9,87.5,64,1,2026-02-04 18:00:00
7435,333,10,84.3,71,1,2026-02-04 22:00:00
7436,333,11,93.2,77,1,2026-02-06 15:00:00
7437,333,12,98.6,50,1,2026-02-08 07:00:00
7438,333,13,48.2,65,1,2026-02-09 18:00:00
7439,333,13,78.4,79,2,2026-02-10 13:00:00
7440,333,14,83.3,83,1,2026-02-11 19:00:00
7441,333,15,82.1,58,1,2026-02-12 06:00:00
7442,333,16,84.8,55,1,2026-02-13 05:00:00
7443,334,1,92.0,63,1,2026-01-23 20:00:00
7444,334,2,97.7,37,1,2026-01-24 01:00:00
7445,334,3,78.1,56,1,2026-01-25 23:00:00
7446,334,3,72.4,74,2,2026-01-26 11:00:00
7447,334,3,72.8,72,3,2026-01-27 07:00:00
7448,334,4,85.0,54,1,2026-01-27 19:00:00
7449,334,4,90.8,64,2,2026-01-28 15:00:00
7450,334,5,31.7,43,1,2026-01-28 20:00:00
7451,334,6,82.3,74,1,2026-01-29 17:00:00
7452,334,7,45.4,58,1,2026-01-30 00:00:00
7453,334,8,73.9,54,1,2026-01-31 07:00:00
7454,334,9,92.6,52,1,2026-01-31 20:00:00
7455,334,10,82.3,58,1,2026-02-01 01:00:00
7456,334,11,87.5,51,1,2026-02-01 22:00:00
7457,334,12,79.7,73,1,2026-02-03 10:00:00
7458,335,1,36.1,52,1,2026-01-19 04:00:00
7459,335,2,58.6,91,1,2026-01-20 19:00:00
7460,335,3,48.3,89,1,2026-01-21 17:00:00
7461,335,4,55.3,42,1,2026-01-22 12:00:00
7462,335,5,64.5,61,1,2026-01-24 02:00:00
7463,335,6,84.2,46,1,2026-01-25 22:00:00
7464,335,7,79.4,53,1,2026-01-27 18:00:00
7465,335,8,85.4,100,1,2026-01-28 08:00:00
7466,335,9,36.0,53,1,2026-01-28 23:00:00
7467,335,10,65.1,67,1,2026-01-29 07:00:00
7468,335,11,86.3,70,1,2026-01-29 16:00:00
7469,335,11,90.1,39,2,2026-01-31 14:00:00
7470,335,11,91.8,42,3,2026-02-01 05:00:00
7471,335,12,91.2,35,1,2026-02-01 14:00:00
7472,335,13,92.6,42,1,2026-02-02 08:00:00
7473,335,14,40.3,30,1,2026-02-03 10:00:00
7474,335,15,55.4,70,1,2026-02-05 05:00:00
7475,335,15,75.3,101,2,2026-02-06 01:00:00
7476,335,15,77.6,62,3,2026-02-06 07:00:00
7477,335,16,60.0,31,1,2026-02-06 20:00:00
7478,335,17,49.5,47,1,2026-02-08 16:00:00
7479,335,18,97.1,50,1,2026-02-10 09:00:00
7480,335,18,80.0,39,2,2026-02-11 03:00:00
7481,336,1,97.9,77,1,2026-01-17 19:00:00
7482,336,2,90.4,76,1,2026-01-19 13:00:00
7483,336,3,92.3,36,1,2026-01-21 02:00:00
7484,336,4,87.2,74,1,2026-01-22 16:00:00
7485,336,5,83.5,90,1,2026-01-23 23:00:00
7486,336,5,95.5,98,2,2026-01-24 06:00:00
7487,336,6,83.6,117,1,2026-01-25 07:00:00
7488,336,7,79.1,41,1,2026-01-26 13:00:00
7489,336,8,71.3,116,1,2026-01-28 01:00:00
7490,336,9,95.3,52,1,2026-01-29 12:00:00
7491,336,10,90.3,48,1,2026-01-30 00:00:00
7492,336,10,73.6,66,2,2026-01-30 17:00:00
7493,336,10,93.7,48,3,2026-01-31 17:00:00
7494,336,11,95.7,67,1,2026-02-01 11:00:00
7495,336,12,76.6,33,1,2026-02-02 06:00:00
7496,336,13,55.0,55,1,2026-02-03 21:00:00
7497,336,13,91.1,85,2,2026-02-05 16:00:00
7498,336,14,49.2,58,1,2026-02-06 04:00:00
7499,336,15,33.8,62,1,2026-02-06 21:00:00
7500,336,15,82.9,69,2,2026-02-07 02:00:00
7501,336,16,53.1,83,1,2026-02-07 10:00:00
7502,336,16,84.0,30,2,2026-02-08 15:00:00
7503,336,16,53.4,71,3,2026-02-09 12:00:00
7504,336,17,99.2,54,1,2026-02-10 02:00:00
7505,336,18,74.1,63,1,2026-02-10 08:00:00
7506,336,18,74.8,81,2,2026-02-11 02:00:00
7507,336,18,63.2,36,3,2026-02-12 13:00:00
7508,336,19,72.1,39,1,2026-02-14 11:00:00
7509,337,1,83.9,101,1,2026-02-02 14:00:00
7510,337,2,41.0,129,1,2026-02-04 06:00:00
7511,337,2,68.0,166,2,2026-02-06 06:00:00
7512,337,2,92.8,137,3,2026-02-07 14:00:00
7513,337,3,47.4,113,1,2026-02-09 11:00:00
7514,337,4,52.5,130,1,2026-02-10 01:00:00
7515,337,4,30.8,110,2,2026-02-10 17:00:00
7516,337,5,84.5,117,1,2026-02-10 21:00:00
7517,337,6,38.1,147,1,2026-02-11 11:00:00
7518,337,6,57.1,116,2,2026-02-13 04:00:00
7519,337,6,92.0,162,3,2026-02-13 19:00:00
7520,337,7,40.3,138,1,2026-02-15 05:00:00
7521,337,8,67.8,141,1,2026-02-16 03:00:00
7522,337,8,41.6,134,2,2026-02-17 21:00:00
7523,337,9,47.9,155,1,2026-02-19 02:00:00
7524,337,10,82.9,155,1,2026-02-19 13:00:00
7525,337,10,62.8,146,2,2026-02-20 21:00:00
7526,337,11,50.7,151,1,2026-02-21 02:00:00
7527,337,12,65.8,135,1,2026-02-21 11:00:00
7528,337,13,31.3,150,1,2026-02-22 18:00:00
7529,337,14,37.7,133,1,2026-02-23 04:00:00
7530,337,14,41.6,140,2,2026-02-24 16:00:00
7531,337,14,50.0,134,3,2026-02-25 07:00:00
7532,337,15,37.4,130,1,2026-02-25 13:00:00
7533,337,16,46.7,126,1,2026-02-27 08:00:00
7534,337,16,99.1,149,2,2026-02-28 01:00:00
7535,338,1,76.4,166,1,2026-01-28 10:00:00
7536,338,2,54.5,163,1,2026-01-29 14:00:00
7537,338,2,30.1,114,2,2026-01-29 22:00:00
7538,338,2,93.7,165,3,2026-01-31 05:00:00
7539,338,3,43.8,133,1,2026-02-01 03:00:00
7540,338,3,96.4,152,2,2026-02-01 23:00:00
7541,338,3,58.2,121,3,2026-02-02 14:00:00
7542,338,4,31.9,142,1,2026-02-04 12:00:00
7543,338,4,62.4,146,2,2026-02-05 07:00:00
7544,338,4,36.7,110,3,2026-02-05 22:00:00
7545,338,5,90.4,152,1,2026-02-07 18:00:00
7546,338,5,61.2,166,2,2026-02-08 06:00:00
7547,338,6,52.5,136,1,2026-02-09 17:00:00
7548,338,7,92.6,167,1,2026-02-11 00:00:00
7549,338,7,63.4,136,2,2026-02-12 18:00:00
7550,338,8,34.4,156,1,2026-02-14 13:00:00
7551,338,9,44.2,95,1,2026-02-16 09:00:00
7552,338,10,30.8,188,1,2026-02-17 12:00:00
7553,338,10,99.4,169,2,2026-02-19 03:00:00
7554,338,10,79.8,134,3,2026-02-20 17:00:00
7555,339,1,93.2,50,1,2026-01-18 09:00:00
7556,339,2,80.5,95,1,2026-01-19 23:00:00
7557,339,3,90.9,61,1,2026-01-20 17:00:00
7558,339,3,74.8,98,2,2026-01-21 09:00:00
7559,339,4,89.4,98,1,2026-01-22 14:00:00
7560,339,5,71.5,71,1,2026-01-23 05:00:00
7561,339,6,84.2,112,1,2026-01-24 05:00:00
7562,339,7,71.3,106,1,2026-01-25 11:00:00
7563,339,7,98.7,109,2,2026-01-25 21:00:00
7564,339,8,89.2,90,1,2026-01-26 12:00:00
7565,339,9,71.2,61,1,2026-01-27 21:00:00
7566,339,9,50.2,109,2,2026-01-28 22:00:00
7567,339,9,41.3,84,3,2026-01-30 01:00:00
7568,339,10,32.8,62,1,2026-01-30 10:00:00
7569,339,10,71.5,117,2,2026-01-30 23:00:00
7570,339,11,86.2,131,1,2026-02-01 15:00:00
7571,339,11,71.4,89,2,2026-02-03 08:00:00
7572,339,11,46.9,133,3,2026-02-04 03:00:00
7573,339,12,38.0,91,1,2026-02-05 02:00:00
7574,339,12,94.6,82,2,2026-02-06 03:00:00
7575,339,12,39.0,77,3,2026-02-06 19:00:00
7576,339,13,67.1,122,1,2026-02-07 17:00:00
7577,339,13,70.2,74,2,2026-02-09 13:00:00
7578,340,1,71.0,74,1,2026-01-24 00:00:00
7579,340,2,96.9,48,1,2026-01-24 06:00:00
7580,340,3,91.5,50,1,2026-01-25 21:00:00
7581,340,4,99.2,80,1,2026-01-26 05:00:00
7582,340,4,74.4,52,2,2026-01-27 11:00:00
7583,340,4,92.7,51,3,2026-01-28 01:00:00
7584,340,5,87.6,82,1,2026-01-29 10:00:00
7585,340,6,97.2,91,1,2026-01-30 15:00:00
7586,340,7,90.1,72,1,2026-01-30 20:00:00
7587,340,8,70.6,46,1,2026-01-31 18:00:00
7588,340,9,79.7,49,1,2026-02-01 05:00:00
7589,340,10,64.1,61,1,2026-02-01 16:00:00
7590,340,11,89.2,66,1,2026-02-03 03:00:00
7591,340,12,92.1,40,1,2026-02-04 00:00:00
7592,340,13,83.6,74,1,2026-02-04 16:00:00
7593,340,14,88.7,61,1,2026-02-06 05:00:00
7594,340,15,32.7,30,1,2026-02-08 03:00:00
7595,340,16,79.6,41,1,2026-02-09 20:00:00
7596,340,17,78.1,49,1,2026-02-11 12:00:00
7597,341,1,87.0,88,1,2026-01-04 23:00:00
7598,341,1,71.1,127,2,2026-01-05 07:00:00
7599,341,2,95.1,94,1,2026-01-06 15:00:00
7600,341,3,34.0,73,1,2026-01-07 04:00:00
7601,341,4,71.2,94,1,2026-01-08 06:00:00
7602,341,4,79.0,82,2,2026-01-09 21:00:00
7603,341,5,88.5,96,1,2026-01-10 10:00:00
7604,341,5,48.4,101,2,2026-01-11 08:00:00
7605,341,6,90.9,114,1,2026-01-11 21:00:00
7606,341,7,40.0,89,1,2026-01-12 01:00:00
7607,341,8,69.5,122,1,2026-01-13 14:00:00
7608,341,9,96.3,108,1,2026-01-14 15:00:00
7609,341,9,70.7,75,2,2026-01-15 14:00:00
7610,341,9,98.5,134,3,2026-01-17 14:00:00
7611,341,10,74.7,96,1,2026-01-18 15:00:00
7612,341,10,90.9,73,2,2026-01-20 06:00:00
7613,341,11,83.7,123,1,2026-01-21 05:00:00
7614,341,12,84.5,131,1,2026-01-22 11:00:00
7615,341,13,33.4,89,1,2026-01-23 09:00:00
7616,341,13,73.2,79,2,2026-01-24 02:00:00
7617,341,13,78.1,86,3,2026-01-24 07:00:00
7618,341,14,62.0,104,1,2026-01-26 00:00:00
7619,342,1,97.7,115,1,2026-01-15 07:00:00
7620,342,2,79.1,101,1,2026-01-16 07:00:00
7621,342,3,80.1,92,1,2026-01-17 20:00:00
7622,342,4,84.8,119,1,2026-01-18 09:00:00
7623,342,5,82.2,83,1,2026-01-19 12:00:00
7624,342,6,71.7,110,1,2026-01-19 21:00:00
7625,342,7,83.5,84,1,2026-01-20 18:00:00
7626,342,8,48.2,98,1,2026-01-21 12:00:00
7627,342,8,77.6,87,2,2026-01-22 06:00:00
7628,342,8,38.5,88,3,2026-01-23 10:00:00
7629,342,9,91.9,82,1,2026-01-24 12:00:00
7630,342,10,58.6,116,1,2026-01-24 19:00:00
7631,342,11,42.0,75,1,2026-01-26 02:00:00
7632,342,12,52.1,75,1,2026-01-28 01:00:00
7633,342,13,67.1,132,1,2026-01-29 01:00:00
7634,342,13,50.9,109,2,2026-01-29 13:00:00
7635,342,13,73.4,42,3,2026-01-31 03:00:00
7636,342,14,44.1,78,1,2026-02-01 05:00:00
7637,342,15,85.6,53,1,2026-02-02 19:00:00
7638,342,15,85.8,70,2,2026-02-03 04:00:00
7639,342,15,47.5,30,3,2026-02-03 12:00:00
7640,342,16,73.5,87,1,2026-02-05 00:00:00
7641,342,16,81.7,67,2,2026-02-05 20:00:00
7642,343,1,77.4,61,1,2026-01-17 04:00:00
7643,343,2,96.6,30,1,2026-01-17 12:00:00
7644,343,3,75.2,61,1,2026-01-18 00:00:00
7645,343,4,98.5,51,1,2026-01-18 19:00:00
7646,343,5,38.1,90,1,2026-01-19 01:00:00
7647,343,6,91.4,88,1,2026-01-19 08:00:00
7648,343,7,95.2,75,1,2026-01-21 05:00:00
7649,343,8,96.6,53,1,2026-01-23 05:00:00
7650,343,8,84.8,99,2,2026-01-23 13:00:00
7651,343,8,97.7,30,3,2026-01-25 12:00:00
7652,343,9,78.8,31,1,2026-01-25 22:00:00
7653,343,10,89.5,58,1,2026-01-26 08:00:00
7654,343,11,96.6,105,1,2026-01-27 14:00:00
7655,343,12,73.3,55,1,2026-01-28 20:00:00
7656,343,13,70.2,56,1,2026-01-29 18:00:00
7657,343,13,47.6,31,2,2026-01-29 23:00:00
7658,343,13,85.5,78,3,2026-01-31 01:00:00
7659,343,14,57.4,79,1,2026-02-01 11:00:00
7660,343,15,35.0,75,1,2026-02-02 18:00:00
7661,343,16,98.2,47,1,2026-02-03 15:00:00
7662,343,17,95.0,45,1,2026-02-04 04:00:00
7663,344,1,90.5,64,1,2026-01-05 11:00:00
7664,344,2,77.1,91,1,2026-01-06 05:00:00
7665,344,3,46.7,68,1,2026-01-07 04:00:00
7666,344,4,80.0,66,1,2026-01-07 18:00:00
7667,344,5,81.9,81,1,2026-01-09 02:00:00
7668,344,6,84.3,80,1,2026-01-09 13:00:00
7669,344,7,35.6,79,1,2026-01-11 00:00:00
7670,344,7,69.1,99,2,2026-01-12 20:00:00
7671,344,7,74.5,91,3,2026-01-13 19:00:00
7672,344,8,51.7,84,1,2026-01-14 13:00:00
7673,344,9,35.0,93,1,2026-01-14 19:00:00
7674,344,10,89.2,70,1,2026-01-16 01:00:00
7675,344,11,88.2,92,1,2026-01-17 00:00:00
7676,344,12,59.0,93,1,2026-01-17 22:00:00
7677,344,12,75.7,59,2,2026-01-19 02:00:00
7678,344,13,89.7,109,1,2026-01-20 23:00:00
7679,344,14,85.4,72,1,2026-01-21 22:00:00
7680,345,1,83.9,91,1,2026-01-07 22:00:00
7681,345,2,90.2,113,1,2026-01-08 09:00:00
7682,345,3,84.8,108,1,2026-01-10 06:00:00
7683,345,4,55.9,90,1,2026-01-12 05:00:00
7684,345,5,77.4,82,1,2026-01-12 15:00:00
7685,345,6,79.8,108,1,2026-01-13 14:00:00
7686,345,7,53.7,103,1,2026-01-14 07:00:00
7687,345,8,62.7,77,1,2026-01-15 13:00:00
7688,345,9,97.6,74,1,2026-01-16 06:00:00
7689,345,9,53.1,48,2,2026-01-17 10:00:00
7690,345,9,90.2,93,3,2026-01-19 03:00:00
7691,345,10,60.1,88,1,2026-01-20 13:00:00
7692,345,11,90.7,112,1,2026-01-20 22:00:00
7693,345,12,83.1,97,1,2026-01-22 06:00:00
7694,345,12,71.9,116,2,2026-01-22 18:00:00
7695,345,13,69.3,76,1,2026-01-23 05:00:00
7696,345,14,91.6,112,1,2026-01-23 16:00:00
7697,345,14,78.2,79,2,2026-01-23 21:00:00
7698,345,14,58.6,105,3,2026-01-25 14:00:00
7699,345,15,72.4,60,1,2026-01-26 12:00:00
7700,345,15,80.7,94,2,2026-01-27 11:00:00
7701,345,16,66.3,50,1,2026-01-29 03:00:00
7702,345,16,92.3,84,2,2026-01-30 18:00:00
7703,345,16,72.6,98,3,2026-01-31 15:00:00
7704,346,1,34.8,79,1,2026-01-23 06:00:00
7705,346,2,75.4,68,1,2026-01-25 02:00:00
7706,346,3,83.3,106,1,2026-01-26 17:00:00
7707,346,4,70.6,87,1,2026-01-28 16:00:00
7708,346,4,95.0,80,2,2026-01-30 14:00:00
7709,346,5,50.0,90,1,2026-01-31 17:00:00
7710,346,6,94.0,142,1,2026-02-01 02:00:00
7711,346,7,77.1,113,1,2026-02-01 17:00:00
7712,346,8,81.8,113,1,2026-02-03 04:00:00
7713,346,9,73.3,98,1,2026-02-03 21:00:00
7714,346,10,88.6,93,1,2026-02-05 04:00:00
7715,346,11,59.5,42,1,2026-02-06 15:00:00
7716,346,12,85.4,76,1,2026-02-08 07:00:00
7717,347,1,86.6,80,1,2026-01-16 07:00:00
7718,347,2,79.2,52,1,2026-01-17 01:00:00
7719,347,3,72.3,66,1,2026-01-18 22:00:00
7720,347,4,57.4,50,1,2026-01-20 12:00:00
7721,347,5,64.6,89,1,2026-01-21 10:00:00
7722,347,5,92.1,106,2,2026-01-23 00:00:00
7723,347,5,51.9,112,3,2026-01-23 09:00:00
7724,347,6,95.1,98,1,2026-01-23 22:00:00
7725,347,6,81.7,70,2,2026-01-25 02:00:00
7726,347,6,99.3,51,3,2026-01-25 19:00:00
7727,347,7,65.3,54,1,2026-01-27 17:00:00
7728,347,8,87.8,64,1,2026-01-28 00:00:00
7729,347,9,71.4,72,1,2026-01-28 17:00:00
7730,347,10,55.1,86,1,2026-01-29 10:00:00
7731,347,10,88.0,69,2,2026-01-29 14:00:00
7732,347,10,32.7,96,3,2026-01-30 03:00:00
7733,347,11,58.5,85,1,2026-01-31 13:00:00
7734,348,1,97.8,60,1,2026-01-26 18:00:00
7735,348,2,92.5,82,1,2026-01-28 00:00:00
7736,348,3,77.2,36,1,2026-01-29 15:00:00
7737,348,4,66.6,68,1,2026-01-30 07:00:00
7738,348,4,46.1,59,2,2026-01-30 23:00:00
7739,348,4,72.3,53,3,2026-02-01 10:00:00
7740,348,5,72.2,77,1,2026-02-02 22:00:00
7741,348,6,97.9,77,1,2026-02-04 15:00:00
7742,348,7,85.7,41,1,2026-02-05 16:00:00
7743,348,8,52.3,56,1,2026-02-05 22:00:00
7744,348,9,65.2,65,1,2026-02-06 11:00:00
7745,348,10,33.6,54,1,2026-02-07 06:00:00
7746,348,11,80.2,71,1,2026-02-08 03:00:00
7747,348,12,86.5,65,1,2026-02-09 14:00:00
7748,348,13,72.4,96,1,2026-02-11 12:00:00
7749,348,14,89.2,30,1,2026-02-11 21:00:00
7750,348,15,31.1,57,1,2026-02-12 20:00:00
7751,348,16,73.2,41,1,2026-02-14 19:00:00
7752,348,17,48.7,72,1,2026-02-15 03:00:00
7753,349,1,82.8,57,1,2026-02-03 00:00:00
7754,349,2,93.1,96,1,2026-02-03 05:00:00
7755,349,3,57.5,77,1,2026-02-03 12:00:00
7756,349,4,87.8,75,1,2026-02-04 01:00:00
7757,349,5,74.8,61,1,2026-02-05 11:00:00
7758,349,6,71.3,80,1,2026-02-06 23:00:00
7759,349,6,86.9,111,2,2026-02-08 02:00:00
7760,349,6,87.6,89,3,2026-02-09 01:00:00
7761,349,7,71.5,102,1,2026-02-09 21:00:00
7762,349,8,83.2,123,1,2026-02-11 12:00:00
7763,349,8,92.5,95,2,2026-02-12 02:00:00
7764,349,9,75.3,78,1,2026-02-13 23:00:00
7765,349,10,94.8,99,1,2026-02-14 04:00:00
7766,349,11,72.5,79,1,2026-02-15 13:00:00
7767,349,12,99.9,79,1,2026-02-16 05:00:00
7768,349,12,76.7,59,2,2026-02-17 09:00:00
7769,349,12,73.4,108,3,2026-02-18 08:00:00
7770,349,13,78.6,82,1,2026-02-19 08:00:00
7771,349,13,76.9,93,2,2026-02-20 02:00:00
7772,349,13,63.6,69,3,2026-02-20 08:00:00
7773,349,14,44.0,98,1,2026-02-22 06:00:00
7774,349,14,44.4,74,2,2026-02-22 18:00:00
7775,349,15,87.1,87,1,2026-02-24 13:00:00
7776,349,15,72.0,107,2,2026-02-25 05:00:00
7777,349,16,86.5,105,1,2026-02-26 06:00:00
7778,349,16,85.9,89,2,2026-02-26 18:00:00
7779,349,17,57.8,54,1,2026-02-28 17:00:00
7780,349,17,68.1,149,2,2026-03-01 10:00:00
7781,349,17,75.7,124,3,2026-03-02 10:00:00
7782,349,18,31.6,104,1,2026-03-02 21:00:00
7783,349,19,62.0,74,1,2026-03-04 05:00:00
7784,350,1,64.1,87,1,2026-01-13 18:00:00
7785,350,2,81.0,79,1,2026-01-14 10:00:00
7786,350,2,42.8,115,2,2026-01-15 19:00:00
7787,350,3,36.3,95,1,2026-01-16 10:00:00
7788,350,4,33.3,74,1,2026-01-17 11:00:00
7789,350,5,59.8,80,1,2026-01-19 02:00:00
7790,350,6,96.1,112,1,2026-01-20 15:00:00
7791,350,7,42.4,122,1,2026-01-21 05:00:00
7792,350,8,77.0,120,1,2026-01-21 13:00:00
7793,350,8,87.7,105,2,2026-01-23 00:00:00
7794,350,9,64.3,84,1,2026-01-23 16:00:00
7795,350,9,63.3,30,2,2026-01-24 19:00:00
7796,350,9,64.6,95,3,2026-01-25 15:00:00
7797,350,10,97.1,89,1,2026-01-27 06:00:00
7798,350,11,77.2,92,1,2026-01-28 04:00:00
7799,350,12,76.8,91,1,2026-01-28 17:00:00
7800,350,13,89.3,63,1,2026-01-29 02:00:00
7801,350,14,95.6,101,1,2026-01-30 09:00:00
7802,350,14,67.7,102,2,2026-01-31 08:00:00
7803,350,14,77.8,103,3,2026-02-01 01:00:00
7804,350,15,76.9,108,1,2026-02-02 13:00:00
7805,350,16,98.4,102,1,2026-02-03 18:00:00
7806,350,17,93.7,81,1,2026-02-03 23:00:00
7807,350,17,80.5,88,2,2026-02-04 22:00:00
7808,350,17,85.6,91,3,2026-02-05 21:00:00
7809,350,18,76.3,92,1,2026-02-07 05:00:00
7810,350,18,60.0,109,2,2026-02-07 23:00:00
7811,350,18,96.3,102,3,2026-02-09 18:00:00
7812,351,1,75.4,131,1,2026-01-24 15:00:00
7813,351,2,80.6,134,1,2026-01-26 03:00:00
7814,351,3,50.8,91,1,2026-01-26 22:00:00
7815,351,3,63.4,30,2,2026-01-28 09:00:00
7816,351,4,98.3,114,1,2026-01-28 18:00:00
7817,351,4,35.8,79,2,2026-01-29 10:00:00
7818,351,5,80.5,73,1,2026-01-29 20:00:00
7819,351,5,36.7,82,2,2026-01-30 15:00:00
7820,351,6,86.5,81,1,2026-01-31 07:00:00
7821,351,6,83.6,102,2,2026-02-01 09:00:00
7822,351,7,89.9,58,1,2026-02-01 21:00:00
7823,351,8,55.5,68,1,2026-02-03 00:00:00
7824,351,9,83.6,96,1,2026-02-03 21:00:00
7825,351,9,54.1,102,2,2026-02-05 14:00:00
7826,351,10,90.7,102,1,2026-02-06 08:00:00
7827,351,11,75.4,74,1,2026-02-07 02:00:00
7828,351,12,51.2,70,1,2026-02-08 20:00:00
7829,351,13,72.0,79,1,2026-02-09 13:00:00
7830,351,13,99.9,94,2,2026-02-11 13:00:00
7831,351,14,79.8,119,1,2026-02-12 18:00:00
7832,351,14,41.9,49,2,2026-02-12 23:00:00
7833,351,15,92.9,85,1,2026-02-13 03:00:00
7834,351,16,94.2,63,1,2026-02-14 08:00:00
7835,351,16,62.3,56,2,2026-02-15 02:00:00
7836,351,16,41.6,109,3,2026-02-15 12:00:00
7837,352,1,55.6,150,1,2026-01-27 14:00:00
7838,352,1,76.3,148,2,2026-01-29 00:00:00
7839,352,1,75.6,158,3,2026-01-30 04:00:00
7840,352,2,62.4,130,1,2026-01-31 06:00:00
7841,352,2,31.0,131,2,2026-02-01 16:00:00
7842,352,3,67.8,183,1,2026-02-02 20:00:00
7843,352,3,82.0,135,2,2026-02-04 03:00:00
7844,352,4,99.6,154,1,2026-02-04 21:00:00
7845,352,4,62.9,140,2,2026-02-05 14:00:00
7846,352,5,46.7,103,1,2026-02-07 10:00:00
7847,352,5,48.1,99,2,2026-02-07 20:00:00
7848,352,5,64.3,128,3,2026-02-09 00:00:00
7849,352,6,55.4,161,1,2026-02-10 23:00:00
7850,352,6,46.4,155,2,2026-02-11 22:00:00
7851,352,7,56.6,158,1,2026-02-12 18:00:00
7852,352,7,45.9,120,2,2026-02-13 12:00:00
7853,352,7,66.2,172,3,2026-02-14 18:00:00
7854,352,8,69.5,120,1,2026-02-16 10:00:00
7855,352,9,47.1,144,1,2026-02-17 21:00:00
7856,352,9,35.1,139,2,2026-02-18 15:00:00
7857,352,9,48.1,136,3,2026-02-18 20:00:00
7858,352,10,39.2,166,1,2026-02-19 12:00:00
7859,352,11,94.3,125,1,2026-02-21 09:00:00
7860,352,11,49.3,113,2,2026-02-21 13:00:00
7861,352,11,34.9,140,3,2026-02-23 03:00:00
7862,352,12,65.4,132,1,2026-02-24 10:00:00
7863,352,13,37.2,207,1,2026-02-25 00:00:00
7864,352,14,91.0,153,1,2026-02-26 00:00:00
7865,352,14,63.9,131,2,2026-02-27 06:00:00
7866,352,15,52.8,118,1,2026-02-27 22:00:00
7867,352,15,58.4,102,2,2026-02-28 03:00:00
7868,352,15,60.6,119,3,2026-02-28 11:00:00
7869,352,16,42.6,142,1,2026-03-01 19:00:00
7870,352,17,67.0,168,1,2026-03-02 00:00:00
7871,352,17,35.3,162,2,2026-03-02 07:00:00
7872,353,1,66.0,144,1,2026-01-22 18:00:00
7873,353,1,46.4,133,2,2026-01-23 02:00:00
7874,353,2,72.4,145,1,2026-01-23 08:00:00
7875,353,3,70.4,129,1,2026-01-23 15:00:00
7876,353,4,75.0,174,1,2026-01-24 03:00:00
7877,353,5,68.8,136,1,2026-01-24 17:00:00
7878,353,6,77.7,138,1,2026-01-24 22:00:00
7879,353,7,43.9,95,1,2026-01-26 03:00:00
7880,353,7,42.7,136,2,2026-01-27 11:00:00
7881,353,7,67.5,156,3,2026-01-28 10:00:00
7882,353,8,36.1,118,1,2026-01-30 09:00:00
7883,353,8,75.9,124,2,2026-01-30 19:00:00
7884,353,9,41.6,155,1,2026-02-01 08:00:00
7885,353,9,59.6,110,2,2026-02-03 02:00:00
7886,353,10,71.8,161,1,2026-02-03 22:00:00
7887,353,11,32.2,129,1,2026-02-05 12:00:00
7888,353,12,35.7,132,1,2026-02-06 04:00:00
7889,353,13,43.3,117,1,2026-02-07 18:00:00
7890,353,13,59.1,147,2,2026-02-09 13:00:00
7891,353,13,32.1,189,3,2026-02-10 21:00:00
7892,353,14,70.9,155,1,2026-02-12 09:00:00
7893,353,15,57.4,122,1,2026-02-14 09:00:00
7894,353,15,70.2,162,2,2026-02-15 08:00:00
7895,353,15,31.3,133,3,2026-02-15 21:00:00
7896,353,16,40.4,167,1,2026-02-16 13:00:00
7897,353,16,64.3,156,2,2026-02-18 08:00:00
7898,353,16,45.8,81,3,2026-02-19 16:00:00
7899,353,17,43.3,119,1,2026-02-21 12:00:00
7900,353,18,34.6,158,1,2026-02-22 09:00:00
7901,353,19,69.5,143,1,2026-02-24 09:00:00
7902,353,19,58.4,119,2,2026-02-25 03:00:00
7903,354,1,83.5,47,1,2026-01-26 21:00:00
7904,354,2,77.9,30,1,2026-01-28 08:00:00
7905,354,3,63.3,58,1,2026-01-28 18:00:00
7906,354,3,71.3,104,2,2026-01-30 13:00:00
7907,354,3,83.9,76,3,2026-01-31 07:00:00
7908,354,4,70.5,103,1,2026-02-01 19:00:00
7909,354,5,43.4,77,1,2026-02-02 11:00:00
7910,354,6,80.1,80,1,2026-02-03 00:00:00
7911,354,7,31.6,99,1,2026-02-04 04:00:00
7912,354,8,83.2,67,1,2026-02-05 02:00:00
7913,354,8,59.8,56,2,2026-02-06 07:00:00
7914,354,8,43.9,80,3,2026-02-08 01:00:00
7915,354,9,73.3,89,1,2026-02-08 10:00:00
7916,354,10,73.1,50,1,2026-02-10 05:00:00
7917,354,11,90.5,45,1,2026-02-10 18:00:00
7918,354,11,76.4,62,2,2026-02-11 15:00:00
7919,354,11,88.6,76,3,2026-02-12 06:00:00
7920,354,12,77.8,75,1,2026-02-13 18:00:00
7921,354,13,45.4,31,1,2026-02-15 18:00:00
7922,354,13,49.0,98,2,2026-02-17 11:00:00
7923,354,13,64.6,47,3,2026-02-19 07:00:00
7924,354,14,67.1,54,1,2026-02-20 11:00:00
7925,354,15,87.0,41,1,2026-02-20 23:00:00
7926,354,16,71.5,113,1,2026-02-22 08:00:00
7927,354,16,99.1,64,2,2026-02-23 02:00:00
7928,355,1,84.8,42,1,2026-01-13 02:00:00
7929,355,2,57.8,77,1,2026-01-13 15:00:00
7930,355,3,80.7,75,1,2026-01-14 10:00:00
7931,355,4,84.6,56,1,2026-01-14 19:00:00
7932,355,5,78.1,76,1,2026-01-15 19:00:00
7933,355,6,90.9,43,1,2026-01-16 18:00:00
7934,355,7,77.4,50,1,2026-01-16 22:00:00
7935,355,8,88.6,30,1,2026-01-17 16:00:00
7936,355,9,75.7,33,1,2026-01-18 21:00:00
7937,355,10,30.4,96,1,2026-01-20 20:00:00
7938,355,11,69.6,92,1,2026-01-22 03:00:00
7939,355,12,33.4,61,1,2026-01-23 06:00:00
7940,355,13,82.7,93,1,2026-01-24 13:00:00
7941,355,14,62.6,56,1,2026-01-26 08:00:00
7942,355,15,72.8,55,1,2026-01-27 06:00:00
7943,355,16,85.8,61,1,2026-01-29 00:00:00
7944,355,16,97.8,57,2,2026-01-29 23:00:00
7945,355,16,49.0,55,3,2026-01-31 19:00:00
7946,355,17,99.1,82,1,2026-02-01 13:00:00
7947,356,1,93.2,93,1,2026-01-07 15:00:00
7948,356,1,47.2,104,2,2026-01-08 21:00:00
7949,356,1,94.6,110,3,2026-01-10 19:00:00
7950,356,2,74.9,97,1,2026-01-12 12:00:00
7951,356,3,90.6,70,1,2026-01-12 20:00:00
7952,356,3,87.7,62,2,2026-01-13 01:00:00
7953,356,4,46.2,92,1,2026-01-14 04:00:00
7954,356,5,78.3,86,1,2026-01-15 21:00:00
7955,356,5,80.2,91,2,2026-01-16 05:00:00
7956,356,6,84.3,89,1,2026-01-17 23:00:00
7957,356,7,90.8,141,1,2026-01-18 09:00:00
7958,356,8,77.4,63,1,2026-01-19 05:00:00
7959,356,9,97.5,50,1,2026-01-21 05:00:00
7960,356,9,49.2,96,2,2026-01-21 22:00:00
7961,356,10,49.7,82,1,2026-01-23 16:00:00
7962,356,11,93.5,96,1,2026-01-25 02:00:00
7963,356,12,50.1,101,1,2026-01-25 14:00:00
7964,356,13,87.0,115,1,2026-01-26 23:00:00
7965,356,13,95.6,59,2,2026-01-28 16:00:00
7966,356,13,98.9,78,3,2026-01-30 01:00:00
7967,356,14,93.7,98,1,2026-01-30 17:00:00
7968,356,14,81.4,105,2,2026-02-01 06:00:00
7969,356,15,88.9,133,1,2026-02-02 11:00:00
7970,356,16,93.7,109,1,2026-02-03 07:00:00
7971,356,17,84.5,88,1,2026-02-04 06:00:00
7972,356,18,36.0,72,1,2026-02-04 11:00:00
7973,357,1,72.2,48,1,2026-01-26 19:00:00
7974,357,2,81.0,48,1,2026-01-27 17:00:00
7975,357,2,86.3,73,2,2026-01-27 22:00:00
7976,357,3,35.5,65,1,2026-01-29 16:00:00
7977,357,4,55.6,33,1,2026-01-29 21:00:00
7978,357,4,87.4,51,2,2026-01-31 12:00:00
7979,357,4,89.2,77,3,2026-02-01 08:00:00
7980,357,5,98.4,67,1,2026-02-02 03:00:00
7981,357,6,89.9,71,1,2026-02-03 07:00:00
7982,357,7,33.7,67,1,2026-02-04 20:00:00
7983,357,8,53.5,92,1,2026-02-06 03:00:00
7984,357,9,68.6,64,1,2026-02-07 18:00:00
7985,357,9,76.7,52,2,2026-02-08 13:00:00
7986,357,9,42.2,41,3,2026-02-10 09:00:00
7987,357,10,89.3,64,1,2026-02-10 16:00:00
7988,357,11,83.0,30,1,2026-02-11 17:00:00
7989,357,12,82.3,56,1,2026-02-13 14:00:00
7990,357,13,82.8,55,1,2026-02-15 02:00:00
7991,357,14,72.9,32,1,2026-02-16 21:00:00
7992,357,15,88.0,41,1,2026-02-17 02:00:00
7993,357,15,94.7,76,2,2026-02-17 18:00:00
7994,357,15,95.2,64,3,2026-02-19 11:00:00
7995,357,16,90.8,62,1,2026-02-21 02:00:00
7996,357,16,78.9,66,2,2026-02-22 17:00:00
7997,358,1,94.8,91,1,2026-01-25 13:00:00
7998,358,2,95.9,114,1,2026-01-26 22:00:00
7999,358,3,72.4,92,1,2026-01-28 19:00:00
8000,358,3,99.7,60,2,2026-01-30 16:00:00
8001,358,4,72.7,122,1,2026-01-31 09:00:00
8002,358,4,99.2,97,2,2026-02-02 03:00:00
8003,358,5,46.3,78,1,2026-02-03 06:00:00
8004,358,5,49.2,64,2,2026-02-03 15:00:00
8005,358,6,89.2,97,1,2026-02-05 11:00:00
8006,358,7,41.3,87,1,2026-02-06 04:00:00
8007,358,8,62.5,121,1,2026-02-06 14:00:00
8008,358,9,48.2,83,1,2026-02-07 04:00:00
8009,358,9,37.1,73,2,2026-02-07 19:00:00
8010,358,10,87.4,107,1,2026-02-08 18:00:00
8011,358,11,82.7,108,1,2026-02-10 13:00:00
8012,358,12,30.6,93,1,2026-02-11 22:00:00
8013,358,12,40.2,103,2,2026-02-13 15:00:00
8014,358,12,70.8,89,3,2026-02-14 19:00:00
8015,358,13,75.0,94,1,2026-02-16 00:00:00
8016,358,13,81.2,113,2,2026-02-16 06:00:00
8017,358,13,43.4,102,3,2026-02-17 20:00:00
8018,358,14,67.0,86,1,2026-02-18 01:00:00
8019,358,15,71.7,117,1,2026-02-18 22:00:00
8020,358,15,30.1,42,2,2026-02-19 20:00:00
8021,358,16,99.8,131,1,2026-02-21 03:00:00
8022,358,17,54.4,55,1,2026-02-21 14:00:00
8023,358,17,74.4,77,2,2026-02-22 21:00:00
8024,358,17,76.8,89,3,2026-02-24 21:00:00
8025,358,18,33.8,87,1,2026-02-26 20:00:00
8026,358,19,58.0,110,1,2026-02-28 03:00:00
8027,358,20,77.1,68,1,2026-02-28 08:00:00
8028,358,20,63.1,95,2,2026-03-02 00:00:00
8029,358,20,78.8,78,3,2026-03-03 15:00:00
8030,359,1,83.3,115,1,2026-01-04 13:00:00
8031,359,1,66.9,108,2,2026-01-06 13:00:00
8032,359,1,48.6,111,3,2026-01-07 00:00:00
8033,359,2,72.6,99,1,2026-01-08 18:00:00
8034,359,3,68.0,99,1,2026-01-09 05:00:00
8035,359,4,95.5,115,1,2026-01-09 15:00:00
8036,359,5,90.8,128,1,2026-01-11 14:00:00
8037,359,5,63.7,98,2,2026-01-12 01:00:00
8038,359,6,81.8,92,1,2026-01-13 21:00:00
8039,359,7,93.4,122,1,2026-01-14 01:00:00
8040,359,8,76.8,109,1,2026-01-15 03:00:00
8041,359,9,74.7,126,1,2026-01-15 18:00:00
8042,359,10,72.9,91,1,2026-01-16 17:00:00
8043,359,10,37.5,74,2,2026-01-18 11:00:00
8044,359,10,40.8,99,3,2026-01-19 02:00:00
8045,359,11,52.9,94,1,2026-01-19 11:00:00
8046,359,12,62.7,108,1,2026-01-21 11:00:00
8047,359,12,52.4,97,2,2026-01-22 03:00:00
8048,359,13,61.7,124,1,2026-01-22 18:00:00
8049,359,14,32.2,104,1,2026-01-23 02:00:00
8050,359,14,98.7,113,2,2026-01-24 08:00:00
8051,359,15,85.5,113,1,2026-01-25 09:00:00
8052,359,16,57.6,113,1,2026-01-25 16:00:00
8053,359,17,42.6,109,1,2026-01-26 19:00:00
8054,359,17,49.1,120,2,2026-01-27 10:00:00
8055,359,17,58.3,94,3,2026-01-27 14:00:00
8056,359,18,39.1,137,1,2026-01-27 23:00:00
8057,359,19,97.3,105,1,2026-01-29 10:00:00
8058,359,20,46.7,83,1,2026-01-29 16:00:00
8059,360,1,91.3,93,1,2026-01-28 17:00:00
8060,360,2,57.0,72,1,2026-01-29 12:00:00
8061,360,2,84.5,103,2,2026-01-30 02:00:00
8062,360,3,94.5,134,1,2026-01-31 16:00:00
8063,360,4,90.1,74,1,2026-02-01 10:00:00
8064,360,5,59.5,96,1,2026-02-02 20:00:00
8065,360,6,83.9,54,1,2026-02-03 02:00:00
8066,360,6,60.7,99,2,2026-02-03 21:00:00
8067,360,6,79.3,72,3,2026-02-05 10:00:00
8068,360,7,86.1,77,1,2026-02-07 07:00:00
8069,360,8,56.8,67,1,2026-02-08 04:00:00
8070,360,9,61.6,104,1,2026-02-09 16:00:00
8071,360,9,55.3,110,2,2026-02-11 05:00:00
8072,360,9,56.5,90,3,2026-02-11 09:00:00
8073,360,10,90.2,72,1,2026-02-13 03:00:00
8074,360,10,62.9,121,2,2026-02-14 11:00:00
8075,360,10,43.2,74,3,2026-02-15 22:00:00
8076,360,11,73.9,46,1,2026-02-16 16:00:00
8077,360,12,61.6,99,1,2026-02-18 14:00:00
8078,360,13,41.4,67,1,2026-02-19 10:00:00
8079,360,13,72.7,109,2,2026-02-20 16:00:00
8080,361,1,70.6,82,1,2026-01-19 11:00:00
8081,361,2,64.8,102,1,2026-01-20 09:00:00
8082,361,3,84.4,118,1,2026-01-22 04:00:00
8083,361,4,66.8,65,1,2026-01-23 10:00:00
8084,361,5,49.5,78,1,2026-01-24 08:00:00
8085,361,5,75.8,88,2,2026-01-25 21:00:00
8086,361,5,43.1,120,3,2026-01-26 18:00:00
8087,361,6,81.2,76,1,2026-01-28 00:00:00
8088,361,7,73.7,78,1,2026-01-28 18:00:00
8089,361,8,48.9,99,1,2026-01-30 05:00:00
8090,361,9,57.1,78,1,2026-01-31 17:00:00
8091,361,10,97.9,93,1,2026-02-01 17:00:00
8092,361,10,36.5,58,2,2026-02-03 11:00:00
8093,361,11,92.2,134,1,2026-02-05 05:00:00
8094,361,12,79.0,63,1,2026-02-06 23:00:00
8095,361,13,88.8,83,1,2026-02-07 17:00:00
8096,361,14,52.7,89,1,2026-02-08 04:00:00
8097,361,15,68.6,128,1,2026-02-08 09:00:00
8098,361,16,56.6,63,1,2026-02-09 01:00:00
8099,362,1,39.7,129,1,2026-01-31 10:00:00
8100,362,2,31.3,105,1,2026-02-01 11:00:00
8101,362,2,89.3,98,2,2026-02-02 10:00:00
8102,362,2,73.6,70,3,2026-02-02 16:00:00
8103,362,3,75.0,101,1,2026-02-03 20:00:00
8104,362,4,94.8,75,1,2026-02-04 14:00:00
8105,362,5,87.2,115,1,2026-02-04 23:00:00
8106,362,5,86.0,70,2,2026-02-06 14:00:00
8107,362,5,70.6,87,3,2026-02-08 14:00:00
8108,362,6,54.9,78,1,2026-02-09 23:00:00
8109,362,7,77.7,70,1,2026-02-10 16:00:00
8110,362,8,93.7,104,1,2026-02-11 13:00:00
8111,362,9,68.5,100,1,2026-02-12 18:00:00
8112,362,9,31.7,114,2,2026-02-13 12:00:00
8113,362,10,36.0,54,1,2026-02-14 17:00:00
8114,362,11,88.9,111,1,2026-02-16 13:00:00
8115,362,12,35.4,140,1,2026-02-17 01:00:00
8116,362,13,80.4,80,1,2026-02-17 11:00:00
8117,362,13,55.2,127,2,2026-02-17 17:00:00
8118,362,14,33.2,84,1,2026-02-19 02:00:00
8119,362,15,75.0,62,1,2026-02-19 22:00:00
8120,362,16,42.2,83,1,2026-02-20 05:00:00
8121,363,1,76.8,110,1,2026-01-09 04:00:00
8122,363,2,97.6,73,1,2026-01-10 07:00:00
8123,363,3,86.6,77,1,2026-01-11 08:00:00
8124,363,3,95.8,101,2,2026-01-13 06:00:00
8125,363,4,78.8,90,1,2026-01-13 14:00:00
8126,363,5,78.8,101,1,2026-01-15 09:00:00
8127,363,6,72.9,94,1,2026-01-16 06:00:00
8128,363,7,75.2,99,1,2026-01-17 05:00:00
8129,363,8,83.7,81,1,2026-01-19 02:00:00
8130,363,8,91.5,94,2,2026-01-20 00:00:00
8131,363,8,48.2,71,3,2026-01-20 06:00:00
8132,363,9,48.6,115,1,2026-01-20 14:00:00
8133,363,10,64.7,77,1,2026-01-21 07:00:00
8134,363,11,88.6,112,1,2026-01-22 07:00:00
8135,363,11,78.7,85,2,2026-01-23 04:00:00
8136,364,1,50.5,94,1,2026-01-19 04:00:00
8137,364,2,74.6,80,1,2026-01-20 03:00:00
8138,364,3,84.9,69,1,2026-01-20 19:00:00
8139,364,4,51.1,55,1,2026-01-21 21:00:00
8140,364,5,88.8,68,1,2026-01-22 18:00:00
8141,364,5,84.5,83,2,2026-01-23 22:00:00
8142,364,6,95.8,94,1,2026-01-25 13:00:00
8143,364,6,94.7,110,2,2026-01-25 20:00:00
8144,364,6,80.9,81,3,2026-01-26 01:00:00
8145,364,7,77.2,72,1,2026-01-27 18:00:00
8146,364,8,73.1,61,1,2026-01-28 00:00:00
8147,364,9,61.1,99,1,2026-01-29 20:00:00
8148,364,9,97.2,117,2,2026-01-31 01:00:00
8149,364,9,96.0,115,3,2026-02-01 20:00:00
8150,364,10,98.9,104,1,2026-02-02 20:00:00
8151,364,10,78.9,102,2,2026-02-03 22:00:00
8152,364,11,90.6,123,1,2026-02-04 06:00:00
8153,364,12,97.9,96,1,2026-02-05 17:00:00
8154,365,1,50.6,122,1,2026-01-31 18:00:00
8155,365,1,57.7,103,2,2026-02-02 02:00:00
8156,365,1,41.9,82,3,2026-02-03 14:00:00
8157,365,2,97.0,96,1,2026-02-05 04:00:00
8158,365,3,40.8,109,1,2026-02-05 14:00:00
8159,365,4,50.6,111,1,2026-02-06 18:00:00
8160,365,5,62.6,148,1,2026-02-07 13:00:00
8161,365,5,94.6,111,2,2026-02-09 02:00:00
8162,365,6,96.0,133,1,2026-02-10 18:00:00
8163,365,7,91.6,101,1,2026-02-10 22:00:00
8164,365,8,49.6,103,1,2026-02-11 05:00:00
8165,365,8,80.6,83,2,2026-02-13 05:00:00
8166,365,9,67.3,95,1,2026-02-15 04:00:00
8167,365,9,35.5,120,2,2026-02-16 08:00:00
8168,365,10,57.9,110,1,2026-02-17 04:00:00
8169,365,11,38.1,128,1,2026-02-18 01:00:00
8170,365,11,98.3,113,2,2026-02-19 14:00:00
8171,365,12,53.3,102,1,2026-02-20 22:00:00
8172,365,13,76.7,152,1,2026-02-22 04:00:00
8173,365,13,79.2,108,2,2026-02-23 00:00:00
8174,365,14,97.4,133,1,2026-02-23 20:00:00
8175,365,15,35.3,101,1,2026-02-25 01:00:00
8176,365,15,41.8,124,2,2026-02-26 11:00:00
8177,365,16,99.2,128,1,2026-02-27 02:00:00
8178,365,16,99.4,114,2,2026-02-28 22:00:00
8179,365,17,63.9,62,1,2026-03-02 13:00:00
8180,365,17,47.4,110,2,2026-03-03 20:00:00
8181,366,1,97.0,114,1,2026-01-26 12:00:00
8182,366,2,48.0,100,1,2026-01-28 12:00:00
8183,366,3,93.0,98,1,2026-01-29 21:00:00
8184,366,4,50.5,55,1,2026-01-30 15:00:00
8185,366,5,41.7,75,1,2026-01-31 04:00:00
8186,366,5,67.7,98,2,2026-02-01 03:00:00
8187,366,5,84.4,98,3,2026-02-02 01:00:00
8188,366,6,98.5,114,1,2026-02-02 10:00:00
8189,366,7,96.5,87,1,2026-02-03 23:00:00
8190,366,7,75.9,98,2,2026-02-05 13:00:00
8191,366,7,89.7,90,3,2026-02-06 17:00:00
8192,366,8,43.1,70,1,2026-02-07 12:00:00
8193,366,9,38.3,44,1,2026-02-08 15:00:00
8194,366,9,94.6,98,2,2026-02-10 13:00:00
8195,366,10,78.8,93,1,2026-02-10 20:00:00
8196,366,11,90.4,77,1,2026-02-11 17:00:00
8197,366,12,72.0,57,1,2026-02-13 14:00:00
8198,366,13,95.0,102,1,2026-02-15 03:00:00
8199,366,14,67.0,84,1,2026-02-16 04:00:00
8200,366,14,74.6,101,2,2026-02-17 19:00:00
8201,366,15,84.5,127,1,2026-02-18 04:00:00
8202,366,16,58.2,47,1,2026-02-18 14:00:00
8203,366,17,61.2,76,1,2026-02-20 05:00:00
8204,366,18,54.2,85,1,2026-02-20 09:00:00
8205,366,18,45.9,119,2,2026-02-21 18:00:00
8206,366,18,51.6,57,3,2026-02-23 13:00:00
8207,366,19,96.5,128,1,2026-02-23 23:00:00
8208,367,1,67.1,112,1,2026-01-04 20:00:00
8209,367,2,51.0,108,1,2026-01-05 03:00:00
8210,367,3,52.0,106,1,2026-01-05 14:00:00
8211,367,3,85.5,101,2,2026-01-06 17:00:00
8212,367,4,81.0,130,1,2026-01-08 17:00:00
8213,367,4,33.6,88,2,2026-01-10 10:00:00
8214,367,5,40.8,116,1,2026-01-12 00:00:00
8215,367,5,65.7,102,2,2026-01-14 00:00:00
8216,367,6,78.7,94,1,2026-01-15 04:00:00
8217,367,7,57.4,161,1,2026-01-16 02:00:00
8218,367,7,45.3,118,2,2026-01-17 23:00:00
8219,367,7,62.4,122,3,2026-01-18 09:00:00
8220,367,8,88.8,132,1,2026-01-19 07:00:00
8221,367,9,62.3,81,1,2026-01-20 20:00:00
8222,367,10,94.7,145,1,2026-01-22 05:00:00
8223,367,10,65.0,59,2,2026-01-23 10:00:00
8224,367,10,36.0,94,3,2026-01-25 02:00:00
8225,367,11,51.9,100,1,2026-01-25 06:00:00
8226,368,1,31.6,121,1,2026-01-16 12:00:00
8227,368,2,87.3,114,1,2026-01-16 16:00:00
8228,368,2,77.3,106,2,2026-01-18 01:00:00
8229,368,2,67.8,109,3,2026-01-20 01:00:00
8230,368,3,73.7,90,1,2026-01-21 17:00:00
8231,368,4,35.4,80,1,2026-01-22 06:00:00
8232,368,4,98.4,124,2,2026-01-22 14:00:00
8233,368,5,97.3,123,1,2026-01-22 20:00:00
8234,368,6,75.1,141,1,2026-01-24 10:00:00
8235,368,7,47.6,94,1,2026-01-26 01:00:00
8236,368,8,78.0,123,1,2026-01-28 00:00:00
8237,368,8,38.7,104,2,2026-01-28 12:00:00
8238,368,9,62.6,133,1,2026-01-30 09:00:00
8239,368,9,56.6,130,2,2026-01-31 10:00:00
8240,368,10,64.1,114,1,2026-02-02 10:00:00
8241,368,11,94.7,103,1,2026-02-03 19:00:00
8242,368,12,95.9,129,1,2026-02-04 21:00:00
8243,368,12,96.6,122,2,2026-02-06 17:00:00
8244,369,1,86.5,46,1,2026-01-08 11:00:00
8245,369,2,75.1,33,1,2026-01-09 00:00:00
8246,369,3,83.9,54,1,2026-01-10 06:00:00
8247,369,4,41.9,90,1,2026-01-11 20:00:00
8248,369,4,40.8,82,2,2026-01-12 05:00:00
8249,369,4,94.3,37,3,2026-01-13 12:00:00
8250,369,5,90.7,36,1,2026-01-15 03:00:00
8251,369,6,97.4,85,1,2026-01-16 08:00:00
8252,369,7,70.6,37,1,2026-01-17 18:00:00
8253,369,8,35.2,70,1,2026-01-18 00:00:00
8254,369,9,61.8,47,1,2026-01-18 04:00:00
8255,369,9,62.3,92,2,2026-01-18 17:00:00
8256,369,10,60.3,44,1,2026-01-19 14:00:00
8257,369,11,83.0,82,1,2026-01-21 06:00:00
8258,369,12,78.6,63,1,2026-01-22 14:00:00
8259,369,13,76.0,65,1,2026-01-23 21:00:00
8260,369,14,89.7,30,1,2026-01-24 18:00:00
8261,369,15,30.4,30,1,2026-01-25 06:00:00
8262,369,15,41.6,55,2,2026-01-26 00:00:00
8263,369,15,74.3,64,3,2026-01-26 18:00:00
8264,369,16,73.8,37,1,2026-01-28 16:00:00
8265,369,17,41.6,38,1,2026-01-29 22:00:00
8266,369,18,78.0,71,1,2026-01-30 12:00:00
8267,369,18,79.2,71,2,2026-02-01 12:00:00
8268,370,1,97.6,57,1,2026-01-03 09:00:00
8269,370,2,91.4,75,1,2026-01-05 05:00:00
8270,370,2,82.1,36,2,2026-01-06 14:00:00
8271,370,3,83.2,52,1,2026-01-07 18:00:00
8272,370,4,93.5,92,1,2026-01-09 11:00:00
8273,370,5,40.2,61,1,2026-01-10 18:00:00
8274,370,6,74.0,62,1,2026-01-11 16:00:00
8275,370,7,88.6,106,1,2026-01-12 08:00:00
8276,370,8,92.9,32,1,2026-01-13 15:00:00
8277,370,9,80.6,75,1,2026-01-14 09:00:00
8278,370,10,38.6,93,1,2026-01-15 18:00:00
8279,370,11,53.6,53,1,2026-01-16 00:00:00
8280,370,12,31.5,77,1,2026-01-17 07:00:00
8281,370,13,52.4,40,1,2026-01-17 13:00:00
8282,370,14,57.9,46,1,2026-01-18 02:00:00
8283,370,15,59.5,67,1,2026-01-19 21:00:00
8284,370,16,97.3,75,1,2026-01-21 02:00:00
8285,370,17,38.2,82,1,2026-01-22 12:00:00
8286,370,18,96.3,91,1,2026-01-23 04:00:00
8287,371,1,95.0,58,1,2026-01-13 01:00:00
8288,371,2,98.5,83,1,2026-01-14 07:00:00
8289,371,3,76.3,53,1,2026-01-14 22:00:00
8290,371,4,81.9,78,1,2026-01-16 18:00:00
8291,371,5,62.3,64,1,2026-01-17 10:00:00
8292,371,6,88.1,68,1,2026-01-18 14:00:00
8293,371,7,81.5,68,1,2026-01-19 10:00:00
8294,371,8,99.6,30,1,2026-01-19 14:00:00
8295,371,9,97.2,37,1,2026-01-21 09:00:00
8296,371,10,76.3,62,1,2026-01-22 01:00:00
8297,371,10,96.1,30,2,2026-01-23 20:00:00
8298,371,10,83.5,76,3,2026-01-24 01:00:00
8299,371,11,92.1,77,1,2026-01-25 01:00:00
8300,372,1,90.4,66,1,2026-01-29 16:00:00
8301,372,2,92.1,37,1,2026-01-30 09:00:00
8302,372,3,99.3,87,1,2026-01-31 22:00:00
8303,372,3,72.9,100,2,2026-02-02 03:00:00
8304,372,3,81.9,62,3,2026-02-02 18:00:00
8305,372,4,78.6,70,1,2026-02-03 03:00:00
8306,372,5,74.8,64,1,2026-02-03 21:00:00
8307,372,5,51.3,70,2,2026-02-04 10:00:00
8308,372,5,44.7,57,3,2026-02-05 12:00:00
8309,372,6,83.8,59,1,2026-02-06 21:00:00
8310,372,7,99.3,78,1,2026-02-07 22:00:00
8311,372,8,79.8,106,1,2026-02-08 10:00:00
8312,372,9,94.0,31,1,2026-02-10 03:00:00
8313,372,10,91.1,57,1,2026-02-11 10:00:00
8314,372,11,90.6,36,1,2026-02-13 10:00:00
8315,372,12,70.4,91,1,2026-02-15 09:00:00
8316,372,12,51.6,48,2,2026-02-17 05:00:00
8317,372,13,67.0,31,1,2026-02-18 23:00:00
8318,372,14,99.6,72,1,2026-02-19 21:00:00
8319,372,15,92.5,94,1,2026-02-21 17:00:00
8320,372,16,87.4,73,1,2026-02-23 01:00:00
8321,373,1,83.4,64,1,2026-01-10 11:00:00
8322,373,2,73.3,68,1,2026-01-12 04:00:00
8323,373,3,77.8,88,1,2026-01-14 03:00:00
8324,373,4,40.6,42,1,2026-01-15 15:00:00
8325,373,5,74.8,57,1,2026-01-17 07:00:00
8326,373,5,62.4,50,2,2026-01-19 03:00:00
8327,373,5,73.7,36,3,2026-01-19 21:00:00
8328,373,6,74.9,53,1,2026-01-21 06:00:00
8329,373,7,37.4,82,1,2026-01-22 10:00:00
8330,373,8,93.4,71,1,2026-01-23 13:00:00
8331,373,9,55.3,72,1,2026-01-25 12:00:00
8332,373,10,75.2,62,1,2026-01-27 00:00:00
8333,374,1,44.3,150,1,2026-01-19 00:00:00
8334,374,1,31.3,123,2,2026-01-20 08:00:00
8335,374,1,66.4,133,3,2026-01-21 23:00:00
8336,374,2,48.0,143,1,2026-01-23 11:00:00
8337,374,3,39.5,145,1,2026-01-25 03:00:00
8338,374,3,31.1,146,2,2026-01-27 02:00:00
8339,374,3,71.5,137,3,2026-01-27 19:00:00
8340,374,4,37.5,132,1,2026-01-29 05:00:00
8341,374,4,46.5,203,2,2026-01-29 16:00:00
8342,374,5,59.5,158,1,2026-01-30 13:00:00
8343,374,5,89.3,148,2,2026-02-01 00:00:00
8344,374,6,88.8,135,1,2026-02-01 07:00:00
8345,374,7,68.6,130,1,2026-02-01 12:00:00
8346,374,7,75.6,137,2,2026-02-03 02:00:00
8347,374,8,32.3,145,1,2026-02-03 23:00:00
8348,374,8,64.5,102,2,2026-02-04 03:00:00
8349,374,9,53.5,108,1,2026-02-04 12:00:00
8350,374,9,98.9,127,2,2026-02-05 13:00:00
8351,374,10,57.6,144,1,2026-02-05 20:00:00
8352,374,10,39.1,135,2,2026-02-06 11:00:00
8353,374,11,61.6,169,1,2026-02-07 07:00:00
8354,374,12,65.7,110,1,2026-02-08 01:00:00
8355,374,13,42.9,124,1,2026-02-09 08:00:00
8356,374,14,61.6,170,1,2026-02-10 01:00:00
8357,374,15,68.0,142,1,2026-02-10 18:00:00
8358,374,16,67.1,157,1,2026-02-10 22:00:00
8359,374,16,44.2,181,2,2026-02-12 04:00:00
8360,374,17,58.9,126,1,2026-02-12 14:00:00
8361,374,17,66.4,138,2,2026-02-12 19:00:00
8362,374,17,75.7,134,3,2026-02-13 13:00:00
8363,374,18,32.7,100,1,2026-02-15 10:00:00
8364,374,18,34.1,133,2,2026-02-17 01:00:00
8365,374,19,77.2,157,1,2026-02-18 21:00:00
8366,374,19,46.3,150,2,2026-02-20 09:00:00
8367,374,20,88.2,152,1,2026-02-21 17:00:00
8368,374,20,56.6,132,2,2026-02-22 20:00:00
8369,375,1,99.4,46,1,2026-01-25 20:00:00
8370,375,2,83.6,85,1,2026-01-27 11:00:00
8371,375,3,39.3,50,1,2026-01-28 01:00:00
8372,375,4,66.7,65,1,2026-01-29 05:00:00
8373,375,4,72.3,63,2,2026-01-30 12:00:00
8374,375,4,88.5,89,3,2026-01-31 20:00:00
8375,375,5,60.2,79,1,2026-02-01 06:00:00
8376,375,5,78.5,34,2,2026-02-01 17:00:00
8377,375,5,90.9,36,3,2026-02-03 14:00:00
8378,375,6,82.2,71,1,2026-02-05 13:00:00
8379,375,7,78.2,58,1,2026-02-05 22:00:00
8380,375,8,32.8,50,1,2026-02-07 18:00:00
8381,375,9,30.3,80,1,2026-02-07 22:00:00
8382,375,10,93.6,63,1,2026-02-09 04:00:00
8383,375,11,79.8,61,1,2026-02-09 19:00:00
8384,375,12,86.1,75,1,2026-02-10 13:00:00
8385,375,13,97.7,52,1,2026-02-11 22:00:00
8386,375,14,98.7,91,1,2026-02-12 04:00:00
8387,375,15,61.2,44,1,2026-02-14 04:00:00
8388,375,15,98.2,73,2,2026-02-14 22:00:00
8389,375,16,71.2,88,1,2026-02-15 20:00:00
8390,375,16,48.9,32,2,2026-02-17 03:00:00
8391,375,16,67.4,53,3,2026-02-18 22:00:00
8392,375,17,59.9,82,1,2026-02-19 08:00:00
8393,375,18,60.6,83,1,2026-02-20 08:00:00
8394,375,19,31.8,56,1,2026-02-21 17:00:00
8395,376,1,77.5,75,1,2026-02-02 06:00:00
8396,376,2,37.0,109,1,2026-02-03 17:00:00
8397,376,3,44.4,113,1,2026-02-04 10:00:00
8398,376,4,56.8,66,1,2026-02-05 01:00:00
8399,376,4,76.9,65,2,2026-02-07 01:00:00
8400,376,5,79.7,94,1,2026-02-07 15:00:00
8401,376,5,55.2,102,2,2026-02-08 20:00:00
8402,376,6,54.3,84,1,2026-02-10 08:00:00
8403,376,7,70.9,103,1,2026-02-11 02:00:00
8404,376,7,79.8,75,2,2026-02-11 12:00:00
8405,376,7,46.6,47,3,2026-02-13 02:00:00
8406,376,8,60.2,81,1,2026-02-14 01:00:00
8407,376,9,58.6,91,1,2026-02-15 08:00:00
8408,376,10,87.6,84,1,2026-02-16 02:00:00
8409,376,11,96.2,66,1,2026-02-16 08:00:00
8410,376,12,60.6,53,1,2026-02-18 08:00:00
8411,376,13,85.0,79,1,2026-02-20 04:00:00
8412,376,14,49.0,107,1,2026-02-20 17:00:00
8413,376,15,95.0,115,1,2026-02-21 06:00:00
8414,376,15,79.5,113,2,2026-02-22 00:00:00
8415,376,16,86.7,73,1,2026-02-23 13:00:00
8416,376,17,61.4,66,1,2026-02-24 20:00:00
8417,377,1,84.5,149,1,2026-01-22 13:00:00
8418,377,1,47.2,152,2,2026-01-22 20:00:00
8419,377,2,65.0,148,1,2026-01-23 16:00:00
8420,377,2,90.0,99,2,2026-01-24 11:00:00
8421,377,3,39.1,122,1,2026-01-26 02:00:00
8422,377,3,65.1,139,2,2026-01-26 21:00:00
8423,377,4,64.4,149,1,2026-01-28 18:00:00
8424,377,5,36.6,155,1,2026-01-30 05:00:00
8425,377,5,31.1,142,2,2026-01-31 12:00:00
8426,377,5,58.1,146,3,2026-02-02 11:00:00
8427,377,6,88.4,141,1,2026-02-03 15:00:00
8428,377,7,60.9,153,1,2026-02-04 22:00:00
8429,377,8,64.9,146,1,2026-02-06 08:00:00
8430,377,8,33.0,141,2,2026-02-07 00:00:00
8431,377,8,56.3,134,3,2026-02-07 14:00:00
8432,377,9,79.3,141,1,2026-02-09 13:00:00
8433,377,9,89.6,149,2,2026-02-10 02:00:00
8434,377,9,38.3,145,3,2026-02-10 19:00:00
8435,377,10,61.2,147,1,2026-02-12 12:00:00
8436,377,10,68.7,166,2,2026-02-13 06:00:00
8437,377,10,66.6,145,3,2026-02-15 06:00:00
8438,377,11,73.8,127,1,2026-02-15 18:00:00
8439,377,11,81.6,157,2,2026-02-15 22:00:00
8440,377,12,68.9,112,1,2026-02-17 10:00:00
8441,377,12,35.4,118,2,2026-02-17 23:00:00
8442,377,12,62.3,146,3,2026-02-19 18:00:00
8443,377,13,60.0,150,1,2026-02-20 03:00:00
8444,377,13,51.1,115,2,2026-02-21 05:00:00
8445,377,14,34.0,132,1,2026-02-21 09:00:00
8446,377,15,63.2,127,1,2026-02-23 09:00:00
8447,377,16,37.0,130,1,2026-02-24 12:00:00
8448,377,16,87.6,158,2,2026-02-24 20:00:00
8449,377,16,53.3,154,3,2026-02-25 03:00:00
8450,377,17,89.3,139,1,2026-02-26 21:00:00
8451,377,17,92.7,129,2,2026-02-27 11:00:00
8452,377,17,66.7,113,3,2026-03-01 03:00:00
8453,377,18,55.7,168,1,2026-03-02 03:00:00
8454,377,19,52.4,151,1,2026-03-03 06:00:00
8455,378,1,83.7,45,1,2026-01-23 07:00:00
8456,378,1,78.5,74,2,2026-01-23 14:00:00
8457,378,1,98.1,58,3,2026-01-24 06:00:00
8458,378,2,93.2,54,1,2026-01-25 23:00:00
8459,378,3,67.0,68,1,2026-01-26 12:00:00
8460,378,3,72.7,45,2,2026-01-28 05:00:00
8461,378,4,37.6,53,1,2026-01-28 22:00:00
8462,378,5,90.3,62,1,2026-01-30 10:00:00
8463,378,6,96.6,50,1,2026-02-01 00:00:00
8464,378,7,75.2,73,1,2026-02-01 16:00:00
8465,378,8,97.6,97,1,2026-02-03 14:00:00
8466,378,9,45.5,44,1,2026-02-04 13:00:00
8467,378,9,88.2,30,2,2026-02-04 20:00:00
8468,378,10,96.1,30,1,2026-02-05 07:00:00
8469,378,11,81.3,56,1,2026-02-07 00:00:00
8470,378,12,69.1,46,1,2026-02-08 17:00:00
8471,378,13,99.5,64,1,2026-02-10 07:00:00
8472,378,13,84.9,62,2,2026-02-10 15:00:00
8473,378,14,76.4,30,1,2026-02-11 03:00:00
8474,378,15,68.0,30,1,2026-02-12 13:00:00
8475,378,16,78.2,65,1,2026-02-12 19:00:00
8476,378,16,70.2,62,2,2026-02-13 11:00:00
8477,378,16,93.7,51,3,2026-02-14 11:00:00
8478,378,17,48.8,30,1,2026-02-14 20:00:00
8479,378,18,44.2,69,1,2026-02-16 08:00:00
8480,378,19,31.9,85,1,2026-02-16 19:00:00
8481,378,20,38.3,65,1,2026-02-17 12:00:00
8482,379,1,50.5,123,1,2026-01-24 01:00:00
8483,379,1,44.8,140,2,2026-01-24 14:00:00
8484,379,1,85.6,112,3,2026-01-26 14:00:00
8485,379,2,93.4,161,1,2026-01-27 13:00:00
8486,379,3,97.3,141,1,2026-01-28 09:00:00
8487,379,3,68.1,104,2,2026-01-28 18:00:00
8488,379,4,52.4,133,1,2026-01-29 08:00:00
8489,379,4,76.3,149,2,2026-01-31 08:00:00
8490,379,4,59.3,133,3,2026-02-01 02:00:00
8491,379,5,63.4,134,1,2026-02-02 12:00:00
8492,379,5,57.6,115,2,2026-02-02 23:00:00
8493,379,6,56.0,151,1,2026-02-03 10:00:00
8494,379,7,57.3,127,1,2026-02-04 18:00:00
8495,379,8,53.5,96,1,2026-02-05 12:00:00
8496,379,9,95.0,132,1,2026-02-07 11:00:00
8497,379,9,37.8,159,2,2026-02-08 04:00:00
8498,379,10,96.7,132,1,2026-02-09 09:00:00
8499,379,11,95.3,174,1,2026-02-10 21:00:00
8500,379,11,61.2,148,2,2026-02-11 01:00:00
8501,379,11,43.3,146,3,2026-02-13 01:00:00
8502,379,12,57.4,137,1,2026-02-14 23:00:00
8503,379,12,49.7,138,2,2026-02-16 15:00:00
8504,379,13,53.8,134,1,2026-02-18 02:00:00
8505,379,14,30.7,133,1,2026-02-19 22:00:00
8506,379,14,32.8,150,2,2026-02-21 22:00:00
8507,379,14,35.2,121,3,2026-02-22 14:00:00
8508,379,15,58.2,118,1,2026-02-23 03:00:00
8509,379,15,67.0,117,2,2026-02-24 01:00:00
8510,379,15,89.3,180,3,2026-02-24 16:00:00
8511,379,16,63.1,150,1,2026-02-26 05:00:00
8512,379,16,65.7,146,2,2026-02-26 09:00:00
8513,379,17,52.8,118,1,2026-02-26 21:00:00
8514,379,18,64.5,152,1,2026-02-27 07:00:00
8515,379,18,50.5,137,2,2026-03-01 06:00:00
8516,380,1,86.6,94,1,2026-01-04 18:00:00
8517,380,2,42.6,70,1,2026-01-06 12:00:00
8518,380,3,74.5,93,1,2026-01-06 22:00:00
8519,380,4,55.3,81,1,2026-01-08 14:00:00
8520,380,5,39.2,74,1,2026-01-10 01:00:00
8521,380,6,96.3,104,1,2026-01-10 17:00:00
8522,380,7,99.6,59,1,2026-01-12 16:00:00
8523,380,8,88.8,101,1,2026-01-13 19:00:00
8524,380,9,51.2,103,1,2026-01-15 19:00:00
8525,380,10,95.3,72,1,2026-01-16 01:00:00
8526,380,11,82.2,73,1,2026-01-16 12:00:00
8527,380,12,34.9,85,1,2026-01-16 22:00:00
8528,381,1,87.3,65,1,2026-01-08 14:00:00
8529,381,2,92.6,56,1,2026-01-09 04:00:00
8530,381,3,96.6,68,1,2026-01-10 18:00:00
8531,381,4,74.1,95,1,2026-01-11 18:00:00
8532,381,5,32.1,49,1,2026-01-12 23:00:00
8533,381,6,85.1,30,1,2026-01-14 00:00:00
8534,381,7,95.2,76,1,2026-01-14 19:00:00
8535,381,7,87.1,93,2,2026-01-15 06:00:00
8536,381,7,89.9,67,3,2026-01-16 12:00:00
8537,381,8,100.0,38,1,2026-01-17 19:00:00
8538,381,9,66.0,57,1,2026-01-18 18:00:00
8539,381,10,98.6,37,1,2026-01-20 16:00:00
8540,381,11,75.7,72,1,2026-01-21 07:00:00
8541,381,12,73.9,32,1,2026-01-22 00:00:00
8542,381,13,90.6,53,1,2026-01-23 04:00:00
8543,381,14,94.2,39,1,2026-01-23 17:00:00
8544,381,15,87.3,62,1,2026-01-23 22:00:00
8545,381,16,94.2,52,1,2026-01-25 18:00:00
8546,381,17,98.9,63,1,2026-01-27 09:00:00
8547,381,18,91.0,60,1,2026-01-29 09:00:00
8548,381,19,61.3,40,1,2026-01-30 16:00:00
8549,381,20,35.2,72,1,2026-01-31 23:00:00
8550,382,1,59.9,139,1,2026-01-13 01:00:00
8551,382,2,43.6,120,1,2026-01-14 11:00:00
8552,382,3,73.7,184,1,2026-01-15 21:00:00
8553,382,4,86.3,149,1,2026-01-16 23:00:00
8554,382,5,37.9,136,1,2026-01-18 11:00:00
8555,382,5,67.6,168,2,2026-01-19 02:00:00
8556,382,6,30.4,176,1,2026-01-20 03:00:00
8557,382,7,62.5,137,1,2026-01-21 05:00:00
8558,382,7,61.0,146,2,2026-01-22 01:00:00
8559,382,8,42.0,120,1,2026-01-23 23:00:00
8560,382,9,67.5,137,1,2026-01-24 23:00:00
8561,382,9,63.3,136,2,2026-01-26 12:00:00
8562,382,10,88.7,143,1,2026-01-28 00:00:00
8563,382,11,68.4,146,1,2026-01-28 13:00:00
8564,382,11,78.3,151,2,2026-01-29 07:00:00
8565,382,12,56.9,144,1,2026-01-30 15:00:00
8566,382,12,86.6,115,2,2026-01-31 22:00:00
8567,382,13,52.5,121,1,2026-02-01 23:00:00
8568,382,14,41.3,129,1,2026-02-03 16:00:00
8569,382,14,65.6,134,2,2026-02-04 01:00:00
8570,382,14,47.0,161,3,2026-02-04 19:00:00
8571,382,15,38.1,116,1,2026-02-06 18:00:00
8572,382,16,44.6,132,1,2026-02-08 16:00:00
8573,383,1,43.6,109,1,2026-01-19 08:00:00
8574,383,1,45.3,84,2,2026-01-21 07:00:00
8575,383,1,40.5,99,3,2026-01-22 17:00:00
8576,383,2,60.0,87,1,2026-01-23 23:00:00
8577,383,2,77.3,95,2,2026-01-24 03:00:00
8578,383,3,87.1,85,1,2026-01-24 12:00:00
8579,383,4,87.5,103,1,2026-01-25 03:00:00
8580,383,5,42.6,59,1,2026-01-25 18:00:00
8581,383,6,78.5,82,1,2026-01-27 05:00:00
8582,383,7,92.2,95,1,2026-01-29 05:00:00
8583,383,8,90.5,100,1,2026-01-30 15:00:00
8584,383,8,79.8,119,2,2026-01-31 16:00:00
8585,383,9,54.4,82,1,2026-02-01 19:00:00
8586,383,9,85.3,119,2,2026-02-03 18:00:00
8587,383,9,49.7,76,3,2026-02-05 09:00:00
8588,383,10,95.1,116,1,2026-02-06 08:00:00
8589,383,10,78.5,106,2,2026-02-08 06:00:00
8590,383,11,35.7,71,1,2026-02-10 01:00:00
8591,383,12,100.0,96,1,2026-02-11 07:00:00
8592,383,12,66.0,88,2,2026-02-11 13:00:00
8593,383,13,98.3,102,1,2026-02-12 21:00:00
8594,383,14,77.7,85,1,2026-02-14 17:00:00
8595,383,14,56.3,83,2,2026-02-15 04:00:00
8596,384,1,90.7,167,1,2026-01-11 08:00:00
8597,384,1,91.5,138,2,2026-01-12 15:00:00
8598,384,2,66.7,156,1,2026-01-14 08:00:00
8599,384,3,60.4,135,1,2026-01-15 01:00:00
8600,384,4,68.7,173,1,2026-01-16 06:00:00
8601,384,4,63.3,126,2,2026-01-17 01:00:00
8602,384,5,87.1,127,1,2026-01-18 05:00:00
8603,384,5,54.1,170,2,2026-01-20 00:00:00
8604,384,5,30.5,131,3,2026-01-20 06:00:00
8605,384,6,31.1,172,1,2026-01-22 06:00:00
8606,384,7,82.2,157,1,2026-01-23 10:00:00
8607,384,8,37.7,136,1,2026-01-24 08:00:00
8608,384,8,85.4,103,2,2026-01-24 12:00:00
8609,384,9,69.7,139,1,2026-01-25 22:00:00
8610,384,9,58.3,142,2,2026-01-27 09:00:00
8611,384,9,39.7,163,3,2026-01-28 08:00:00
8612,384,10,39.2,171,1,2026-01-29 17:00:00
8613,384,11,97.5,126,1,2026-01-30 14:00:00
8614,384,12,73.7,156,1,2026-02-01 11:00:00
8615,384,13,47.8,155,1,2026-02-02 13:00:00
8616,384,13,46.0,161,2,2026-02-03 16:00:00
8617,384,13,35.5,149,3,2026-02-03 23:00:00
8618,384,14,68.8,101,1,2026-02-04 17:00:00
8619,384,14,52.3,136,2,2026-02-05 09:00:00
8620,384,15,59.2,116,1,2026-02-06 10:00:00
8621,384,15,71.0,135,2,2026-02-06 21:00:00
8622,384,15,95.5,159,3,2026-02-07 14:00:00
8623,384,16,37.8,146,1,2026-02-08 09:00:00
8624,384,17,35.1,162,1,2026-02-09 20:00:00
8625,384,17,45.2,146,2,2026-02-11 10:00:00
8626,384,18,42.4,114,1,2026-02-12 06:00:00
8627,384,19,53.3,89,1,2026-02-13 16:00:00
8628,385,1,79.2,142,1,2026-01-12 16:00:00
8629,385,2,66.7,135,1,2026-01-14 13:00:00
8630,385,3,70.6,120,1,2026-01-15 06:00:00
8631,385,3,63.7,105,2,2026-01-17 06:00:00
8632,385,4,47.0,125,1,2026-01-18 11:00:00
8633,385,5,69.0,136,1,2026-01-18 20:00:00
8634,385,6,91.6,153,1,2026-01-20 01:00:00
8635,385,7,68.8,143,1,2026-01-21 16:00:00
8636,385,8,32.9,172,1,2026-01-22 10:00:00
8637,385,8,49.8,119,2,2026-01-23 05:00:00
8638,385,8,94.1,157,3,2026-01-23 23:00:00
8639,385,9,45.9,140,1,2026-01-25 06:00:00
8640,385,9,38.3,153,2,2026-01-25 11:00:00
8641,385,10,40.7,131,1,2026-01-26 18:00:00
8642,385,10,36.7,161,2,2026-01-28 07:00:00
8643,385,11,44.7,145,1,2026-01-28 21:00:00
8644,385,11,71.4,126,2,2026-01-29 17:00:00
8645,385,12,40.5,139,1,2026-01-31 10:00:00
8646,385,12,50.8,135,2,2026-01-31 14:00:00
8647,385,13,39.2,149,1,2026-02-01 08:00:00
8648,385,13,60.4,116,2,2026-02-02 12:00:00
8649,385,13,71.2,139,3,2026-02-03 08:00:00
8650,385,14,64.1,147,1,2026-02-04 06:00:00
8651,385,14,38.6,140,2,2026-02-04 22:00:00
8652,385,15,93.7,166,1,2026-02-05 16:00:00
8653,385,15,31.6,155,2,2026-02-06 20:00:00
8654,385,16,35.2,139,1,2026-02-07 16:00:00
8655,385,16,53.2,144,2,2026-02-08 07:00:00
8656,386,1,38.1,145,1,2026-01-08 21:00:00
8657,386,2,59.1,148,1,2026-01-10 02:00:00
8658,386,2,45.3,103,2,2026-01-10 23:00:00
8659,386,2,85.0,133,3,2026-01-11 19:00:00
8660,386,3,65.1,110,1,2026-01-13 00:00:00
8661,386,4,43.6,165,1,2026-01-13 15:00:00
8662,386,5,45.3,138,1,2026-01-14 16:00:00
8663,386,6,34.4,136,1,2026-01-15 05:00:00
8664,386,7,53.1,157,1,2026-01-16 02:00:00
8665,386,8,53.9,148,1,2026-01-18 01:00:00
8666,386,9,66.6,117,1,2026-01-18 14:00:00
8667,386,9,49.4,138,2,2026-01-19 03:00:00
8668,386,10,50.3,133,1,2026-01-19 21:00:00
8669,386,11,37.3,105,1,2026-01-21 08:00:00
8670,386,12,58.7,126,1,2026-01-22 22:00:00
8671,386,12,66.7,136,2,2026-01-24 00:00:00
8672,386,13,69.6,137,1,2026-01-24 21:00:00
8673,386,14,37.9,110,1,2026-01-25 21:00:00
8674,386,15,34.4,163,1,2026-01-27 02:00:00
8675,386,15,57.4,137,2,2026-01-27 16:00:00
8676,386,15,58.5,140,3,2026-01-28 04:00:00
8677,387,1,89.2,98,1,2026-01-18 09:00:00
8678,387,2,51.9,74,1,2026-01-19 09:00:00
8679,387,2,55.1,99,2,2026-01-21 04:00:00
8680,387,2,84.0,82,3,2026-01-22 15:00:00
8681,387,3,79.4,72,1,2026-01-24 06:00:00
8682,387,4,69.3,101,1,2026-01-25 05:00:00
8683,387,5,50.8,119,1,2026-01-26 04:00:00
8684,387,5,68.4,104,2,2026-01-27 02:00:00
8685,387,5,84.0,108,3,2026-01-28 00:00:00
8686,387,6,50.2,79,1,2026-01-29 10:00:00
8687,387,7,75.0,58,1,2026-01-30 17:00:00
8688,387,7,71.1,119,2,2026-02-01 05:00:00
8689,387,7,47.0,131,3,2026-02-01 19:00:00
8690,387,8,77.6,120,1,2026-02-02 21:00:00
8691,387,9,97.7,83,1,2026-02-03 03:00:00
8692,387,10,75.7,66,1,2026-02-04 14:00:00
8693,387,10,52.6,68,2,2026-02-04 22:00:00
8694,387,11,68.0,56,1,2026-02-06 10:00:00
8695,387,12,72.8,87,1,2026-02-08 10:00:00
8696,387,13,98.0,122,1,2026-02-10 01:00:00
8697,387,13,58.6,87,2,2026-02-10 11:00:00
8698,387,13,79.9,96,3,2026-02-12 02:00:00
8699,387,14,35.5,117,1,2026-02-13 22:00:00
8700,387,14,85.1,81,2,2026-02-15 11:00:00
8701,387,14,43.8,130,3,2026-02-16 14:00:00
8702,387,15,32.8,129,1,2026-02-18 01:00:00
8703,387,15,65.7,87,2,2026-02-19 08:00:00
8704,387,16,65.5,78,1,2026-02-20 16:00:00
8705,387,17,93.7,103,1,2026-02-21 01:00:00
8706,387,18,97.0,83,1,2026-02-22 22:00:00
8707,388,1,96.5,36,1,2026-01-04 05:00:00
8708,388,2,71.6,85,1,2026-01-04 23:00:00
8709,388,3,47.4,84,1,2026-01-06 11:00:00
8710,388,4,34.4,63,1,2026-01-06 23:00:00
8711,388,5,87.7,34,1,2026-01-08 00:00:00
8712,388,5,40.0,35,2,2026-01-08 15:00:00
8713,388,5,64.4,62,3,2026-01-10 04:00:00
8714,388,6,86.0,50,1,2026-01-11 22:00:00
8715,388,7,86.6,53,1,2026-01-12 14:00:00
8716,388,8,96.5,80,1,2026-01-12 23:00:00
8717,388,9,97.8,74,1,2026-01-13 21:00:00
8718,388,10,46.8,87,1,2026-01-14 08:00:00
8719,388,11,98.5,40,1,2026-01-15 07:00:00
8720,388,12,86.9,53,1,2026-01-16 22:00:00
8721,388,12,97.5,75,2,2026-01-17 15:00:00
8722,389,1,84.9,148,1,2026-01-14 18:00:00
8723,389,2,57.5,170,1,2026-01-15 23:00:00
8724,389,3,74.8,148,1,2026-01-16 10:00:00
8725,389,3,55.4,176,2,2026-01-17 08:00:00
8726,389,4,69.6,150,1,2026-01-17 18:00:00
8727,389,5,66.4,161,1,2026-01-18 06:00:00
8728,389,6,83.1,133,1,2026-01-19 16:00:00
8729,389,6,49.7,140,2,2026-01-20 09:00:00
8730,389,6,47.1,158,3,2026-01-22 00:00:00
8731,389,7,66.6,172,1,2026-01-22 04:00:00
8732,389,8,84.5,154,1,2026-01-24 02:00:00
8733,389,9,30.5,138,1,2026-01-25 19:00:00
8734,389,9,69.8,167,2,2026-01-27 01:00:00
8735,389,10,94.2,96,1,2026-01-28 19:00:00
8736,389,11,59.8,111,1,2026-01-30 04:00:00
8737,389,12,90.4,153,1,2026-01-30 21:00:00
8738,389,12,69.4,140,2,2026-01-31 19:00:00
8739,389,12,57.5,152,3,2026-02-01 12:00:00
8740,389,13,83.7,141,1,2026-02-01 16:00:00
8741,389,13,57.4,151,2,2026-02-02 04:00:00
8742,389,14,51.8,123,1,2026-02-04 03:00:00
8743,389,14,57.7,151,2,2026-02-06 02:00:00
8744,389,14,33.8,159,3,2026-02-07 08:00:00
8745,390,1,74.8,164,1,2026-01-31 19:00:00
8746,390,2,75.2,180,1,2026-02-02 16:00:00
8747,390,3,31.2,144,1,2026-02-03 01:00:00
8748,390,3,92.5,145,2,2026-02-04 06:00:00
8749,390,4,60.6,109,1,2026-02-04 19:00:00
8750,390,4,96.7,129,2,2026-02-05 21:00:00
8751,390,4,33.4,136,3,2026-02-07 18:00:00
8752,390,5,37.9,161,1,2026-02-08 20:00:00
8753,390,6,95.3,127,1,2026-02-10 20:00:00
8754,390,7,39.8,155,1,2026-02-11 11:00:00
8755,390,8,94.7,139,1,2026-02-13 09:00:00
8756,390,8,88.8,136,2,2026-02-13 18:00:00
8757,390,8,33.8,144,3,2026-02-14 06:00:00
8758,390,9,58.1,132,1,2026-02-14 13:00:00
8759,390,10,50.4,131,1,2026-02-15 13:00:00
8760,390,11,91.0,105,1,2026-02-16 13:00:00
8761,390,12,66.1,135,1,2026-02-17 00:00:00
8762,390,13,37.8,130,1,2026-02-18 09:00:00
8763,391,1,39.6,99,1,2026-01-05 22:00:00
8764,391,2,86.1,118,1,2026-01-06 18:00:00
8765,391,3,76.8,123,1,2026-01-08 10:00:00
8766,391,4,96.3,114,1,2026-01-09 00:00:00
8767,391,5,60.5,129,1,2026-01-09 07:00:00
8768,391,5,49.0,121,2,2026-01-11 05:00:00
8769,391,5,91.9,104,3,2026-01-12 20:00:00
8770,391,6,98.2,100,1,2026-01-14 18:00:00
8771,391,6,83.5,116,2,2026-01-16 08:00:00
8772,391,6,44.4,121,3,2026-01-17 16:00:00
8773,391,7,71.0,137,1,2026-01-18 20:00:00
8774,391,8,81.7,133,1,2026-01-19 22:00:00
8775,391,8,68.2,99,2,2026-01-20 22:00:00
8776,391,8,56.0,107,3,2026-01-22 07:00:00
8777,391,9,42.7,123,1,2026-01-22 14:00:00
8778,391,10,79.0,131,1,2026-01-24 03:00:00
8779,391,11,82.0,128,1,2026-01-25 21:00:00
8780,391,12,58.5,108,1,2026-01-27 21:00:00
8781,391,13,66.0,84,1,2026-01-28 21:00:00
8782,391,14,86.0,90,1,2026-01-29 06:00:00
8783,391,14,72.4,115,2,2026-01-30 11:00:00
8784,391,15,47.8,116,1,2026-02-01 07:00:00
8785,391,15,56.6,88,2,2026-02-03 01:00:00
8786,391,15,71.7,110,3,2026-02-03 20:00:00
8787,391,16,30.2,122,1,2026-02-04 03:00:00
8788,391,17,56.6,86,1,2026-02-05 09:00:00
8789,391,17,31.0,132,2,2026-02-06 15:00:00
8790,392,1,83.8,82,1,2026-01-27 18:00:00
8791,392,1,77.9,115,2,2026-01-29 02:00:00
8792,392,1,46.4,79,3,2026-01-29 23:00:00
8793,392,2,83.2,69,1,2026-01-31 10:00:00
8794,392,3,37.8,80,1,2026-02-01 04:00:00
8795,392,4,41.3,88,1,2026-02-02 17:00:00
8796,392,5,77.5,82,1,2026-02-03 07:00:00
8797,392,6,44.3,85,1,2026-02-04 09:00:00
8798,392,7,38.8,96,1,2026-02-05 05:00:00
8799,392,8,91.5,86,1,2026-02-05 18:00:00
8800,392,9,57.1,88,1,2026-02-07 04:00:00
8801,392,10,91.9,55,1,2026-02-09 03:00:00
8802,392,10,70.5,97,2,2026-02-10 11:00:00
8803,392,11,91.5,88,1,2026-02-11 23:00:00
8804,392,12,80.4,122,1,2026-02-12 16:00:00
8805,392,12,84.8,71,2,2026-02-14 07:00:00
8806,392,12,32.8,53,3,2026-02-15 08:00:00
8807,393,1,82.3,102,1,2026-01-20 11:00:00
8808,393,2,63.3,96,1,2026-01-21 06:00:00
8809,393,3,43.6,69,1,2026-01-21 18:00:00
8810,393,4,49.1,59,1,2026-01-22 05:00:00
8811,393,4,61.3,120,2,2026-01-23 02:00:00
8812,393,4,78.2,118,3,2026-01-23 23:00:00
8813,393,5,48.1,40,1,2026-01-24 06:00:00
8814,393,6,70.0,80,1,2026-01-25 06:00:00
8815,393,7,84.0,123,1,2026-01-25 20:00:00
8816,393,8,70.1,80,1,2026-01-26 18:00:00
8817,393,9,74.1,80,1,2026-01-28 12:00:00
8818,393,9,61.1,84,2,2026-01-28 21:00:00
8819,393,9,90.4,67,3,2026-01-30 08:00:00
8820,393,10,80.9,55,1,2026-01-31 15:00:00
8821,393,11,43.4,111,1,2026-02-01 03:00:00
8822,393,12,95.3,53,1,2026-02-01 23:00:00
8823,393,13,91.4,94,1,2026-02-02 21:00:00
8824,393,14,79.0,107,1,2026-02-04 05:00:00
8825,393,15,63.9,60,1,2026-02-05 23:00:00
8826,393,15,94.9,71,2,2026-02-06 23:00:00
8827,393,16,33.3,114,1,2026-02-08 23:00:00
8828,394,1,50.0,150,1,2026-01-14 14:00:00
8829,394,2,68.0,127,1,2026-01-14 19:00:00
8830,394,3,37.5,164,1,2026-01-16 16:00:00
8831,394,4,49.7,164,1,2026-01-17 14:00:00
8832,394,4,49.6,145,2,2026-01-19 00:00:00
8833,394,4,97.8,121,3,2026-01-20 08:00:00
8834,394,5,69.6,131,1,2026-01-21 04:00:00
8835,394,5,91.9,145,2,2026-01-22 00:00:00
8836,394,5,72.7,136,3,2026-01-23 11:00:00
8837,394,6,94.9,158,1,2026-01-24 15:00:00
8838,394,7,68.0,109,1,2026-01-26 08:00:00
8839,394,8,69.1,110,1,2026-01-26 14:00:00
8840,394,9,39.8,143,1,2026-01-27 05:00:00
8841,394,9,49.2,130,2,2026-01-28 13:00:00
8842,394,9,51.4,127,3,2026-01-30 08:00:00
8843,394,10,85.1,104,1,2026-02-01 00:00:00
8844,394,10,42.4,140,2,2026-02-02 21:00:00
8845,394,10,65.4,138,3,2026-02-03 19:00:00
8846,394,11,71.4,153,1,2026-02-04 16:00:00
8847,394,11,51.5,141,2,2026-02-05 23:00:00
8848,394,11,92.8,137,3,2026-02-07 11:00:00
8849,394,12,81.2,163,1,2026-02-08 01:00:00
8850,394,12,77.4,113,2,2026-02-09 06:00:00
8851,394,13,73.4,150,1,2026-02-11 01:00:00
8852,394,13,30.3,106,2,2026-02-11 08:00:00
8853,394,14,41.5,123,1,2026-02-12 16:00:00
8854,394,14,93.8,115,2,2026-02-12 21:00:00
8855,394,15,39.5,155,1,2026-02-13 09:00:00
8856,394,15,62.9,138,2,2026-02-13 20:00:00
8857,394,15,68.2,139,3,2026-02-14 05:00:00
8858,394,16,97.1,117,1,2026-02-15 09:00:00
8859,394,17,55.2,134,1,2026-02-15 15:00:00
8860,394,17,53.7,124,2,2026-02-17 01:00:00
8861,394,18,82.7,147,1,2026-02-17 13:00:00
8862,394,19,36.3,120,1,2026-02-18 12:00:00
8863,395,1,89.8,116,1,2026-01-05 15:00:00
8864,395,2,90.5,56,1,2026-01-07 04:00:00
8865,395,2,94.4,73,2,2026-01-07 22:00:00
8866,395,3,67.4,123,1,2026-01-09 14:00:00
8867,395,3,36.8,81,2,2026-01-10 01:00:00
8868,395,3,74.8,63,3,2026-01-11 19:00:00
8869,395,4,54.7,94,1,2026-01-13 06:00:00
8870,395,5,44.7,80,1,2026-01-14 14:00:00
8871,395,5,92.1,73,2,2026-01-15 15:00:00
8872,395,6,48.5,68,1,2026-01-17 09:00:00
8873,395,7,94.0,145,1,2026-01-18 03:00:00
8874,395,8,89.0,84,1,2026-01-20 03:00:00
8875,395,9,97.3,51,1,2026-01-20 11:00:00
8876,395,10,54.6,119,1,2026-01-21 15:00:00
8877,395,11,88.7,102,1,2026-01-23 01:00:00
8878,395,12,93.2,74,1,2026-01-24 04:00:00
8879,395,13,92.8,71,1,2026-01-25 19:00:00
8880,395,14,35.5,103,1,2026-01-26 11:00:00
8881,395,14,98.3,85,2,2026-01-26 17:00:00
8882,395,15,88.9,51,1,2026-01-27 22:00:00
8883,395,16,62.2,125,1,2026-01-29 17:00:00
8884,395,17,82.9,81,1,2026-01-31 01:00:00
8885,395,17,52.9,119,2,2026-02-01 17:00:00
8886,395,17,51.0,115,3,2026-02-02 05:00:00
8887,395,18,98.0,69,1,2026-02-03 21:00:00
8888,395,19,59.7,110,1,2026-02-04 19:00:00
8889,395,20,60.2,76,1,2026-02-05 14:00:00
8890,396,1,72.9,72,1,2026-01-13 18:00:00
8891,396,1,60.5,101,2,2026-01-14 17:00:00
8892,396,2,62.8,117,1,2026-01-16 17:00:00
8893,396,3,67.0,100,1,2026-01-17 23:00:00
8894,396,4,78.5,103,1,2026-01-19 12:00:00
8895,396,5,51.2,132,1,2026-01-21 00:00:00
8896,396,5,99.6,112,2,2026-01-21 09:00:00
8897,396,5,63.0,93,3,2026-01-21 20:00:00
8898,396,6,74.8,124,1,2026-01-22 14:00:00
8899,396,6,96.3,113,2,2026-01-23 11:00:00
8900,396,6,71.0,59,3,2026-01-24 17:00:00
8901,396,7,67.8,118,1,2026-01-26 08:00:00
8902,396,8,30.2,117,1,2026-01-27 11:00:00
8903,396,9,31.0,110,1,2026-01-29 03:00:00
8904,396,9,56.9,127,2,2026-01-29 09:00:00
8905,396,10,98.6,96,1,2026-01-29 15:00:00
8906,396,11,74.0,116,1,2026-01-31 11:00:00
8907,396,11,72.4,78,2,2026-02-01 06:00:00
8908,396,11,84.5,118,3,2026-02-03 05:00:00
8909,396,12,89.9,149,1,2026-02-04 08:00:00
8910,396,12,98.0,90,2,2026-02-05 02:00:00
8911,396,13,32.9,94,1,2026-02-05 06:00:00
8912,396,13,92.4,95,2,2026-02-06 18:00:00
8913,397,1,96.6,142,1,2026-01-14 14:00:00
8914,397,2,47.7,118,1,2026-01-15 07:00:00
8915,397,2,51.8,148,2,2026-01-16 19:00:00
8916,397,3,38.3,156,1,2026-01-17 10:00:00
8917,397,4,94.7,150,1,2026-01-19 08:00:00
8918,397,5,61.9,104,1,2026-01-21 04:00:00
8919,397,6,48.0,159,1,2026-01-22 05:00:00
8920,397,7,39.5,158,1,2026-01-22 16:00:00
8921,397,8,50.4,156,1,2026-01-24 11:00:00
8922,397,9,46.4,147,1,2026-01-24 21:00:00
8923,397,10,52.1,144,1,2026-01-26 19:00:00
8924,397,10,47.8,160,2,2026-01-28 15:00:00
8925,397,11,69.3,178,1,2026-01-29 19:00:00
8926,397,11,82.8,120,2,2026-01-31 02:00:00
8927,397,11,55.5,161,3,2026-02-01 20:00:00
8928,397,12,54.5,138,1,2026-02-03 20:00:00
8929,397,12,48.7,137,2,2026-02-04 18:00:00
8930,397,13,75.7,109,1,2026-02-05 00:00:00
8931,397,14,39.4,134,1,2026-02-06 23:00:00
8932,397,14,46.7,120,2,2026-02-07 05:00:00
8933,397,14,84.8,130,3,2026-02-07 19:00:00
8934,397,15,62.2,118,1,2026-02-08 11:00:00
8935,397,15,78.1,131,2,2026-02-08 18:00:00
8936,397,15,63.5,131,3,2026-02-10 05:00:00
8937,397,16,51.7,141,1,2026-02-10 20:00:00
8938,397,17,32.0,107,1,2026-02-11 07:00:00
8939,397,17,41.0,111,2,2026-02-12 21:00:00
8940,398,1,88.4,97,1,2026-01-13 07:00:00
8941,398,2,80.4,74,1,2026-01-14 07:00:00
8942,398,2,63.6,111,2,2026-01-15 03:00:00
8943,398,3,86.6,94,1,2026-01-16 06:00:00
8944,398,4,97.4,102,1,2026-01-17 19:00:00
8945,398,5,90.0,118,1,2026-01-19 05:00:00
8946,398,5,63.2,83,2,2026-01-19 21:00:00
8947,398,5,98.9,78,3,2026-01-20 14:00:00
8948,398,6,71.2,107,1,2026-01-21 02:00:00
8949,398,7,72.7,100,1,2026-01-22 16:00:00
8950,398,7,88.2,86,2,2026-01-22 21:00:00
8951,398,8,77.1,117,1,2026-01-23 22:00:00
8952,398,9,32.7,85,1,2026-01-25 17:00:00
8953,398,9,37.5,90,2,2026-01-26 20:00:00
8954,398,10,98.3,90,1,2026-01-28 17:00:00
8955,398,10,34.3,71,2,2026-01-29 16:00:00
8956,398,11,31.5,91,1,2026-01-31 12:00:00
8957,398,12,58.3,117,1,2026-02-02 05:00:00
8958,398,13,76.0,98,1,2026-02-02 21:00:00
8959,398,14,78.0,90,1,2026-02-04 01:00:00
8960,398,15,61.5,86,1,2026-02-05 07:00:00
8961,398,15,99.3,96,2,2026-02-06 22:00:00
8962,398,16,57.6,104,1,2026-02-07 03:00:00
8963,399,1,51.7,152,1,2026-01-19 22:00:00
8964,399,2,88.5,133,1,2026-01-20 03:00:00
8965,399,3,84.3,146,1,2026-01-21 11:00:00
8966,399,3,43.1,149,2,2026-01-23 05:00:00
8967,399,3,59.7,119,3,2026-01-23 16:00:00
8968,399,4,79.3,143,1,2026-01-25 00:00:00
8969,399,4,80.2,96,2,2026-01-25 05:00:00
8970,399,4,43.3,149,3,2026-01-26 12:00:00
8971,399,5,55.1,153,1,2026-01-27 00:00:00
8972,399,6,62.4,154,1,2026-01-27 15:00:00
8973,399,6,84.6,132,2,2026-01-28 13:00:00
8974,399,7,51.5,146,1,2026-01-29 10:00:00
8975,399,7,80.1,168,2,2026-01-30 14:00:00
8976,399,7,67.2,168,3,2026-02-01 10:00:00
8977,399,8,99.1,139,1,2026-02-01 20:00:00
8978,399,9,99.9,142,1,2026-02-02 18:00:00
8979,399,9,57.8,162,2,2026-02-04 14:00:00
8980,399,9,46.9,109,3,2026-02-05 13:00:00
8981,399,10,67.1,133,1,2026-02-06 14:00:00
8982,400,1,98.5,166,1,2026-01-15 19:00:00
8983,400,2,53.2,159,1,2026-01-17 05:00:00
8984,400,2,57.4,147,2,2026-01-19 00:00:00
8985,400,3,89.8,109,1,2026-01-19 15:00:00
8986,400,4,41.0,139,1,2026-01-20 05:00:00
8987,400,5,57.8,128,1,2026-01-20 22:00:00
8988,400,5,78.8,146,2,2026-01-21 06:00:00
8989,400,5,41.2,123,3,2026-01-22 14:00:00
8990,400,6,65.0,119,1,2026-01-23 00:00:00
8991,400,7,87.1,98,1,2026-01-23 16:00:00
8992,400,7,63.6,164,2,2026-01-24 03:00:00
8993,400,7,31.4,132,3,2026-01-25 09:00:00
8994,400,8,44.6,143,1,2026-01-27 01:00:00
8995,400,9,30.7,139,1,2026-01-28 16:00:00
8996,400,10,96.9,118,1,2026-01-29 10:00:00
8997,400,10,49.7,114,2,2026-01-30 17:00:00
8998,400,11,52.6,119,1,2026-02-01 16:00:00
8999,400,12,63.4,125,1,2026-02-03 13:00:00
9000,400,12,78.4,147,2,2026-02-05 02:00:00
9001,400,12,53.0,124,3,2026-02-05 13:00:00
9002,401,1,74.7,94,1,2026-01-19 21:00:00
9003,401,2,73.1,80,1,2026-01-21 06:00:00
9004,401,3,70.6,76,1,2026-01-21 13:00:00
9005,401,4,91.0,57,1,2026-01-22 21:00:00
9006,401,5,98.6,90,1,2026-01-24 15:00:00
9007,401,6,94.4,55,1,2026-01-25 09:00:00
9008,401,7,56.1,59,1,2026-01-27 06:00:00
9009,401,7,95.1,63,2,2026-01-28 17:00:00
9010,401,7,90.8,74,3,2026-01-29 09:00:00
9011,401,8,88.0,72,1,2026-01-29 15:00:00
9012,401,9,62.5,50,1,2026-01-30 06:00:00
9013,401,10,66.2,49,1,2026-01-30 22:00:00
9014,401,11,71.7,72,1,2026-02-01 15:00:00
9015,401,12,88.3,74,1,2026-02-03 01:00:00
9016,401,13,95.9,52,1,2026-02-04 01:00:00
9017,401,14,58.8,30,1,2026-02-04 17:00:00
9018,402,1,57.2,105,1,2026-01-14 09:00:00
9019,402,2,86.1,122,1,2026-01-15 10:00:00
9020,402,3,82.8,146,1,2026-01-16 04:00:00
9021,402,3,58.5,86,2,2026-01-17 02:00:00
9022,402,3,47.9,101,3,2026-01-18 04:00:00
9023,402,4,54.3,102,1,2026-01-19 11:00:00
9024,402,4,98.0,137,2,2026-01-20 21:00:00
9025,402,5,88.6,109,1,2026-01-22 00:00:00
9026,402,6,77.5,91,1,2026-01-22 20:00:00
9027,402,6,98.1,121,2,2026-01-24 17:00:00
9028,402,6,74.8,101,3,2026-01-25 07:00:00
9029,402,7,94.4,85,1,2026-01-25 20:00:00
9030,402,8,96.4,92,1,2026-01-26 04:00:00
9031,402,8,99.1,144,2,2026-01-27 23:00:00
9032,402,8,96.6,117,3,2026-01-28 06:00:00
9033,402,9,87.1,112,1,2026-01-28 13:00:00
9034,402,9,40.4,105,2,2026-01-29 23:00:00
9035,402,9,38.1,115,3,2026-01-30 14:00:00
9036,402,10,94.1,115,1,2026-01-31 22:00:00
9037,402,10,54.3,115,2,2026-02-02 04:00:00
9038,402,10,48.5,112,3,2026-02-03 19:00:00
9039,402,11,70.1,127,1,2026-02-05 13:00:00
9040,402,12,89.4,110,1,2026-02-07 04:00:00
9041,402,12,58.5,90,2,2026-02-08 22:00:00
9042,402,13,86.0,97,1,2026-02-10 03:00:00
9043,403,1,91.9,50,1,2026-01-28 03:00:00
9044,403,2,86.8,130,1,2026-01-29 22:00:00
9045,403,3,34.8,107,1,2026-01-30 21:00:00
9046,403,3,33.1,73,2,2026-02-01 00:00:00
9047,403,4,31.4,84,1,2026-02-01 13:00:00
9048,403,4,45.4,77,2,2026-02-03 02:00:00
9049,403,4,41.5,120,3,2026-02-03 08:00:00
9050,403,5,34.1,61,1,2026-02-05 03:00:00
9051,403,5,42.7,92,2,2026-02-05 23:00:00
9052,403,5,32.9,87,3,2026-02-07 07:00:00
9053,403,6,47.0,106,1,2026-02-08 00:00:00
9054,403,7,75.2,87,1,2026-02-08 14:00:00
9055,403,8,98.1,54,1,2026-02-09 23:00:00
9056,403,8,84.2,84,2,2026-02-10 08:00:00
9057,403,8,48.3,70,3,2026-02-12 02:00:00
9058,403,9,45.2,91,1,2026-02-13 10:00:00
9059,403,9,32.6,118,2,2026-02-13 20:00:00
9060,403,9,53.2,55,3,2026-02-15 18:00:00
9061,403,10,90.0,73,1,2026-02-16 06:00:00
9062,403,11,82.1,78,1,2026-02-16 11:00:00
9063,403,11,48.9,82,2,2026-02-16 21:00:00
9064,403,11,84.6,104,3,2026-02-17 17:00:00
9065,403,12,80.5,86,1,2026-02-18 17:00:00
9066,403,13,84.3,98,1,2026-02-19 21:00:00
9067,403,14,97.2,77,1,2026-02-21 06:00:00
9068,403,14,54.3,94,2,2026-02-23 03:00:00
9069,403,14,35.8,105,3,2026-02-23 13:00:00
9070,403,15,91.7,75,1,2026-02-25 06:00:00
9071,403,16,72.0,105,1,2026-02-25 20:00:00
9072,403,16,70.2,91,2,2026-02-27 01:00:00
9073,404,1,37.6,160,1,2026-01-27 22:00:00
9074,404,1,55.1,135,2,2026-01-29 05:00:00
9075,404,2,60.8,147,1,2026-01-30 12:00:00
9076,404,3,90.3,139,1,2026-02-01 10:00:00
9077,404,3,97.8,138,2,2026-02-02 08:00:00
9078,404,4,58.5,145,1,2026-02-03 04:00:00
9079,404,4,79.5,150,2,2026-02-04 11:00:00
9080,404,5,54.5,115,1,2026-02-04 17:00:00
9081,404,5,38.1,168,2,2026-02-05 16:00:00
9082,404,6,85.6,102,1,2026-02-07 14:00:00
9083,404,7,68.4,126,1,2026-02-08 17:00:00
9084,404,7,47.2,138,2,2026-02-10 16:00:00
9085,404,7,59.5,148,3,2026-02-10 21:00:00
9086,404,8,40.9,171,1,2026-02-11 11:00:00
9087,404,9,48.0,102,1,2026-02-13 00:00:00
9088,404,9,63.8,129,2,2026-02-14 02:00:00
9089,404,9,61.6,97,3,2026-02-14 07:00:00
9090,404,10,45.4,140,1,2026-02-14 17:00:00
9091,404,10,70.7,145,2,2026-02-15 05:00:00
9092,404,11,55.7,171,1,2026-02-17 02:00:00
9093,404,12,39.9,142,1,2026-02-18 18:00:00
9094,404,12,34.8,160,2,2026-02-19 17:00:00
9095,404,13,46.0,151,1,2026-02-20 15:00:00
9096,404,14,89.2,131,1,2026-02-21 22:00:00
9097,404,15,53.8,111,1,2026-02-23 05:00:00
9098,404,15,64.2,145,2,2026-02-23 17:00:00
9099,404,16,59.4,110,1,2026-02-24 16:00:00
9100,404,17,82.2,165,1,2026-02-25 20:00:00
9101,404,17,38.9,136,2,2026-02-26 04:00:00
9102,404,17,49.1,163,3,2026-02-27 13:00:00
9103,405,1,78.0,80,1,2026-01-18 04:00:00
9104,405,2,88.1,95,1,2026-01-18 12:00:00
9105,405,3,58.5,94,1,2026-01-20 01:00:00
9106,405,4,76.5,89,1,2026-01-21 10:00:00
9107,405,5,43.4,81,1,2026-01-23 07:00:00
9108,405,6,90.9,97,1,2026-01-24 14:00:00
9109,405,7,66.6,71,1,2026-01-25 20:00:00
9110,405,8,95.0,65,1,2026-01-26 19:00:00
9111,405,9,65.0,114,1,2026-01-27 08:00:00
9112,405,10,96.6,104,1,2026-01-29 08:00:00
9113,405,11,85.6,91,1,2026-01-30 10:00:00
9114,405,12,98.5,123,1,2026-01-31 22:00:00
9115,405,13,70.8,84,1,2026-02-01 22:00:00
9116,405,13,63.2,116,2,2026-02-03 10:00:00
9117,405,13,49.4,93,3,2026-02-03 20:00:00
9118,405,14,46.2,69,1,2026-02-04 16:00:00
9119,405,15,97.6,126,1,2026-02-05 16:00:00
9120,405,16,60.4,109,1,2026-02-06 18:00:00
9121,405,16,91.0,87,2,2026-02-08 00:00:00
9122,405,17,72.8,104,1,2026-02-09 14:00:00
9123,406,1,75.8,131,1,2026-01-21 20:00:00
9124,406,1,93.1,156,2,2026-01-22 06:00:00
9125,406,2,74.5,92,1,2026-01-22 19:00:00
9126,406,2,31.5,119,2,2026-01-24 07:00:00
9127,406,2,97.8,159,3,2026-01-26 06:00:00
9128,406,3,41.3,135,1,2026-01-26 22:00:00
9129,406,3,78.5,144,2,2026-01-28 17:00:00
9130,406,3,57.9,113,3,2026-01-29 20:00:00
9131,406,4,54.7,176,1,2026-01-31 13:00:00
9132,406,5,35.3,163,1,2026-02-01 18:00:00
9133,406,5,72.9,135,2,2026-02-02 04:00:00
9134,406,6,98.5,131,1,2026-02-02 22:00:00
9135,406,7,52.1,160,1,2026-02-04 04:00:00
9136,406,7,85.2,179,2,2026-02-05 02:00:00
9137,406,7,65.8,159,3,2026-02-06 12:00:00
9138,406,8,43.6,183,1,2026-02-07 13:00:00
9139,406,8,99.6,121,2,2026-02-08 05:00:00
9140,406,8,32.1,123,3,2026-02-08 13:00:00
9141,406,9,38.7,116,1,2026-02-10 03:00:00
9142,406,10,81.2,148,1,2026-02-11 14:00:00
9143,406,11,66.0,143,1,2026-02-13 06:00:00
9144,406,12,66.9,136,1,2026-02-15 03:00:00
9145,406,12,82.6,156,2,2026-02-16 06:00:00
9146,406,12,63.6,164,3,2026-02-16 13:00:00
9147,406,13,34.0,109,1,2026-02-18 05:00:00
9148,406,13,74.2,128,2,2026-02-19 20:00:00
9149,407,1,95.8,106,1,2026-01-16 23:00:00
9150,407,2,84.7,80,1,2026-01-17 15:00:00
9151,407,3,93.0,74,1,2026-01-18 16:00:00
9152,407,4,84.9,110,1,2026-01-18 20:00:00
9153,407,4,73.0,64,2,2026-01-20 15:00:00
9154,407,5,60.7,83,1,2026-01-22 05:00:00
9155,407,5,76.8,96,2,2026-01-23 03:00:00
9156,407,6,98.5,78,1,2026-01-24 03:00:00
9157,407,7,85.2,105,1,2026-01-25 06:00:00
9158,407,8,69.8,78,1,2026-01-25 14:00:00
9159,407,9,78.3,118,1,2026-01-26 13:00:00
9160,407,10,75.5,87,1,2026-01-27 09:00:00
9161,407,11,88.9,103,1,2026-01-29 04:00:00
9162,407,12,88.2,104,1,2026-01-30 17:00:00
9163,407,13,42.9,77,1,2026-02-01 05:00:00
9164,407,13,59.5,48,2,2026-02-01 19:00:00
9165,407,13,57.8,97,3,2026-02-02 02:00:00
9166,407,14,47.9,91,1,2026-02-03 09:00:00
9167,407,15,65.4,101,1,2026-02-04 05:00:00
9168,407,15,79.5,85,2,2026-02-04 11:00:00
9169,407,15,56.8,81,3,2026-02-04 20:00:00
9170,407,16,83.3,130,1,2026-02-05 11:00:00
9171,407,17,65.8,60,1,2026-02-06 05:00:00
9172,407,18,97.0,104,1,2026-02-07 05:00:00
9173,407,18,78.9,78,2,2026-02-08 15:00:00
9174,407,18,32.5,83,3,2026-02-09 21:00:00
9175,407,19,59.0,83,1,2026-02-10 23:00:00
9176,408,1,80.5,43,1,2026-01-19 03:00:00
9177,408,2,92.8,71,1,2026-01-20 23:00:00
9178,408,3,88.5,87,1,2026-01-21 19:00:00
9179,408,4,95.9,69,1,2026-01-22 05:00:00
9180,408,5,34.2,62,1,2026-01-22 14:00:00
9181,408,6,80.7,40,1,2026-01-23 22:00:00
9182,408,7,89.1,70,1,2026-01-24 03:00:00
9183,408,8,79.8,103,1,2026-01-24 13:00:00
9184,408,9,89.8,52,1,2026-01-26 08:00:00
9185,408,9,85.7,52,2,2026-01-26 12:00:00
9186,408,10,46.3,48,1,2026-01-28 02:00:00
9187,408,11,96.3,50,1,2026-01-29 06:00:00
9188,408,12,78.0,30,1,2026-01-30 13:00:00
9189,408,13,35.7,68,1,2026-02-01 05:00:00
9190,409,1,83.9,93,1,2026-01-08 17:00:00
9191,409,2,36.6,77,1,2026-01-10 03:00:00
9192,409,3,46.7,125,1,2026-01-11 22:00:00
9193,409,4,30.5,88,1,2026-01-12 10:00:00
9194,409,5,35.8,103,1,2026-01-13 22:00:00
9195,409,5,38.9,139,2,2026-01-14 22:00:00
9196,409,5,50.2,81,3,2026-01-15 23:00:00
9197,409,6,69.5,79,1,2026-01-17 04:00:00
9198,409,7,47.6,115,1,2026-01-19 00:00:00
9199,409,7,38.1,132,2,2026-01-20 15:00:00
9200,409,8,59.6,78,1,2026-01-21 11:00:00
9201,409,8,49.3,118,2,2026-01-22 03:00:00
9202,409,8,68.9,121,3,2026-01-23 23:00:00
9203,409,9,45.0,68,1,2026-01-24 06:00:00
9204,409,10,48.9,125,1,2026-01-25 03:00:00
9205,409,11,39.1,127,1,2026-01-25 14:00:00
9206,409,11,66.8,103,2,2026-01-27 07:00:00
9207,409,12,41.4,135,1,2026-01-28 15:00:00
9208,409,13,62.5,132,1,2026-01-29 17:00:00
9209,409,13,60.5,112,2,2026-01-30 01:00:00
9210,409,14,37.7,100,1,2026-01-30 06:00:00
9211,409,15,48.8,90,1,2026-01-30 13:00:00
9212,409,15,40.0,109,2,2026-01-31 05:00:00
9213,410,1,96.0,71,1,2026-02-01 06:00:00
9214,410,2,38.9,53,1,2026-02-02 15:00:00
9215,410,3,74.1,30,1,2026-02-03 10:00:00
9216,410,4,31.6,85,1,2026-02-04 17:00:00
9217,410,5,50.6,63,1,2026-02-06 07:00:00
9218,410,6,77.0,52,1,2026-02-06 15:00:00
9219,410,7,83.4,77,1,2026-02-07 07:00:00
9220,410,8,99.1,90,1,2026-02-07 15:00:00
9221,410,9,82.7,30,1,2026-02-09 10:00:00
9222,410,9,76.6,68,2,2026-02-11 01:00:00
9223,410,10,78.5,31,1,2026-02-11 23:00:00
9224,410,11,77.1,69,1,2026-02-13 05:00:00
9225,410,12,83.6,62,1,2026-02-13 12:00:00
9226,410,13,77.6,72,1,2026-02-15 10:00:00
9227,410,14,88.0,50,1,2026-02-16 13:00:00
9228,410,15,66.3,30,1,2026-02-16 18:00:00
9229,410,15,73.9,50,2,2026-02-17 10:00:00
9230,410,15,30.1,68,3,2026-02-18 05:00:00
9231,410,16,89.3,80,1,2026-02-19 16:00:00
9232,410,16,91.9,36,2,2026-02-21 10:00:00
9233,410,16,84.7,80,3,2026-02-22 12:00:00
9234,410,17,70.9,47,1,2026-02-24 11:00:00
9235,410,18,44.8,67,1,2026-02-26 10:00:00
9236,410,19,99.8,49,1,2026-02-26 20:00:00
9237,410,19,95.3,63,2,2026-02-27 03:00:00
9238,410,19,36.7,77,3,2026-02-28 17:00:00
9239,410,20,89.8,35,1,2026-03-01 20:00:00
9240,411,1,81.6,76,1,2026-01-14 13:00:00
9241,411,2,94.9,93,1,2026-01-15 20:00:00
9242,411,3,32.2,138,1,2026-01-16 13:00:00
9243,411,3,70.7,72,2,2026-01-17 04:00:00
9244,411,4,42.8,130,1,2026-01-18 08:00:00
9245,411,5,61.4,130,1,2026-01-18 16:00:00
9246,411,6,93.5,88,1,2026-01-19 22:00:00
9247,411,6,88.2,84,2,2026-01-21 10:00:00
9248,411,7,68.9,76,1,2026-01-22 05:00:00
9249,411,8,44.1,88,1,2026-01-23 04:00:00
9250,411,9,81.2,61,1,2026-01-25 03:00:00
9251,411,10,50.2,88,1,2026-01-25 07:00:00
9252,411,11,70.8,119,1,2026-01-26 22:00:00
9253,411,12,73.7,77,1,2026-01-28 20:00:00
9254,411,13,61.0,85,1,2026-01-29 08:00:00
9255,411,14,70.8,55,1,2026-01-30 18:00:00
9256,411,14,58.8,97,2,2026-02-01 01:00:00
9257,411,14,83.3,95,3,2026-02-01 20:00:00
9258,411,15,73.2,91,1,2026-02-02 05:00:00
9259,411,15,81.3,85,2,2026-02-03 18:00:00
9260,411,16,94.3,84,1,2026-02-04 22:00:00
9261,411,16,46.8,100,2,2026-02-06 12:00:00
9262,411,16,45.5,89,3,2026-02-08 09:00:00
9263,411,17,40.0,96,1,2026-02-09 07:00:00
9264,412,1,62.7,114,1,2026-01-19 08:00:00
9265,412,2,89.8,132,1,2026-01-20 18:00:00
9266,412,3,92.7,123,1,2026-01-21 01:00:00
9267,412,3,34.1,113,2,2026-01-21 16:00:00
9268,412,3,40.0,140,3,2026-01-23 13:00:00
9269,412,4,97.9,118,1,2026-01-25 05:00:00
9270,412,5,68.1,136,1,2026-01-26 10:00:00
9271,412,6,99.5,122,1,2026-01-27 20:00:00
9272,412,6,89.8,73,2,2026-01-29 18:00:00
9273,412,6,83.7,136,3,2026-01-30 21:00:00
9274,412,7,46.6,112,1,2026-01-31 21:00:00
9275,412,7,87.3,108,2,2026-02-02 15:00:00
9276,412,7,37.0,115,3,2026-02-03 10:00:00
9277,412,8,89.6,103,1,2026-02-05 02:00:00
9278,412,9,84.8,114,1,2026-02-05 12:00:00
9279,412,9,32.1,98,2,2026-02-06 16:00:00
9280,412,9,96.7,135,3,2026-02-07 04:00:00
9281,412,10,70.4,107,1,2026-02-08 14:00:00
9282,412,10,65.7,102,2,2026-02-09 08:00:00
9283,412,11,47.7,91,1,2026-02-10 09:00:00
9284,412,11,73.3,115,2,2026-02-12 07:00:00
9285,412,12,77.3,113,1,2026-02-13 07:00:00
9286,412,13,38.1,117,1,2026-02-15 03:00:00
9287,412,14,54.2,89,1,2026-02-17 00:00:00
9288,412,15,79.0,77,1,2026-02-17 14:00:00
9289,412,15,87.7,122,2,2026-02-19 14:00:00
9290,412,16,34.9,139,1,2026-02-21 14:00:00
9291,412,17,67.1,89,1,2026-02-23 13:00:00
9292,412,17,67.6,141,2,2026-02-24 10:00:00
9293,412,17,62.3,115,3,2026-02-26 01:00:00
9294,412,18,40.0,109,1,2026-02-27 10:00:00
9295,412,18,51.8,102,2,2026-02-28 02:00:00
9296,412,18,43.0,82,3,2026-02-28 20:00:00
9297,413,1,70.8,129,1,2026-01-24 19:00:00
9298,413,2,38.4,94,1,2026-01-25 14:00:00
9299,413,3,66.0,94,1,2026-01-25 21:00:00
9300,413,3,98.6,129,2,2026-01-27 09:00:00
9301,413,3,44.0,72,3,2026-01-29 04:00:00
9302,413,4,32.1,79,1,2026-01-29 19:00:00
9303,413,5,95.0,109,1,2026-01-31 05:00:00
9304,413,5,68.8,115,2,2026-02-02 03:00:00
9305,413,5,40.8,119,3,2026-02-03 01:00:00
9306,413,6,77.2,103,1,2026-02-04 19:00:00
9307,413,7,37.9,160,1,2026-02-05 14:00:00
9308,413,8,53.7,105,1,2026-02-06 00:00:00
9309,413,8,96.9,105,2,2026-02-07 01:00:00
9310,413,8,71.6,94,3,2026-02-07 11:00:00
9311,413,9,44.7,112,1,2026-02-08 02:00:00
9312,413,10,72.2,122,1,2026-02-08 15:00:00
9313,413,11,47.3,134,1,2026-02-08 23:00:00
9314,413,11,33.2,80,2,2026-02-10 18:00:00
9315,413,11,33.5,105,3,2026-02-11 08:00:00
9316,413,12,38.3,118,1,2026-02-12 10:00:00
9317,413,12,68.8,121,2,2026-02-12 18:00:00
9318,414,1,78.6,90,1,2026-01-19 22:00:00
9319,414,2,88.7,100,1,2026-01-20 05:00:00
9320,414,3,70.8,73,1,2026-01-20 23:00:00
9321,414,4,63.7,121,1,2026-01-22 21:00:00
9322,414,5,33.1,109,1,2026-01-24 13:00:00
9323,414,6,96.2,63,1,2026-01-24 23:00:00
9324,414,7,38.0,68,1,2026-01-25 11:00:00
9325,414,7,86.9,69,2,2026-01-26 20:00:00
9326,414,7,84.8,103,3,2026-01-28 09:00:00
9327,414,8,79.4,64,1,2026-01-29 09:00:00
9328,414,9,56.0,83,1,2026-01-30 01:00:00
9329,414,9,33.7,99,2,2026-01-31 20:00:00
9330,414,9,87.5,88,3,2026-02-01 03:00:00
9331,414,10,54.8,95,1,2026-02-02 14:00:00
9332,415,1,92.9,68,1,2026-01-19 06:00:00
9333,415,2,82.2,101,1,2026-01-20 13:00:00
9334,415,3,36.4,77,1,2026-01-20 18:00:00
9335,415,4,31.9,83,1,2026-01-22 06:00:00
9336,415,4,80.1,94,2,2026-01-23 16:00:00
9337,415,5,57.5,92,1,2026-01-24 16:00:00
9338,415,5,87.1,90,2,2026-01-25 05:00:00
9339,415,5,81.3,74,3,2026-01-26 04:00:00
9340,415,6,84.7,84,1,2026-01-26 16:00:00
9341,415,7,68.5,90,1,2026-01-28 13:00:00
9342,415,8,87.4,62,1,2026-01-30 07:00:00
9343,415,9,49.6,80,1,2026-01-31 03:00:00
9344,415,10,84.0,97,1,2026-02-01 05:00:00
9345,415,11,82.5,64,1,2026-02-03 02:00:00
9346,415,12,70.4,113,1,2026-02-04 09:00:00
9347,415,13,98.9,115,1,2026-02-05 02:00:00
9348,415,14,80.2,65,1,2026-02-06 01:00:00
9349,415,14,52.3,117,2,2026-02-06 23:00:00
9350,415,14,84.7,87,3,2026-02-07 03:00:00
9351,415,15,79.0,98,1,2026-02-07 08:00:00
9352,415,16,93.4,80,1,2026-02-07 22:00:00
9353,416,1,99.3,108,1,2026-01-07 05:00:00
9354,416,2,77.3,98,1,2026-01-08 07:00:00
9355,416,3,54.2,73,1,2026-01-08 21:00:00
9356,416,3,93.7,66,2,2026-01-09 23:00:00
9357,416,3,80.3,60,3,2026-01-10 04:00:00
9358,416,4,64.8,93,1,2026-01-12 00:00:00
9359,416,4,90.7,101,2,2026-01-13 11:00:00
9360,416,5,92.3,103,1,2026-01-14 00:00:00
9361,416,6,84.2,87,1,2026-01-15 14:00:00
9362,416,7,71.8,66,1,2026-01-17 10:00:00
9363,416,8,45.4,76,1,2026-01-17 15:00:00
9364,416,9,81.8,113,1,2026-01-18 03:00:00
9365,416,10,80.0,80,1,2026-01-18 14:00:00
9366,416,11,62.5,92,1,2026-01-20 12:00:00
9367,416,12,37.5,68,1,2026-01-21 10:00:00
9368,417,1,72.5,96,1,2026-01-13 09:00:00
9369,417,2,55.5,80,1,2026-01-14 17:00:00
9370,417,3,81.6,110,1,2026-01-15 09:00:00
9371,417,4,84.1,105,1,2026-01-17 03:00:00
9372,417,5,90.9,80,1,2026-01-19 01:00:00
9373,417,6,82.7,87,1,2026-01-20 01:00:00
9374,417,7,71.2,78,1,2026-01-21 19:00:00
9375,417,8,96.1,61,1,2026-01-22 17:00:00
9376,417,8,94.5,72,2,2026-01-24 04:00:00
9377,417,9,39.7,93,1,2026-01-25 14:00:00
9378,417,10,90.8,96,1,2026-01-26 03:00:00
9379,417,11,36.6,92,1,2026-01-28 03:00:00
9380,417,12,91.1,83,1,2026-01-29 04:00:00
9381,417,12,88.0,108,2,2026-01-29 17:00:00
9382,417,12,51.4,91,3,2026-01-30 13:00:00
9383,417,13,35.7,104,1,2026-01-31 05:00:00
9384,417,13,42.3,54,2,2026-01-31 23:00:00
9385,417,13,70.5,30,3,2026-02-01 19:00:00
9386,417,14,72.1,95,1,2026-02-03 14:00:00
9387,417,14,69.4,61,2,2026-02-04 04:00:00
9388,417,14,61.5,85,3,2026-02-05 18:00:00
9389,417,15,73.1,83,1,2026-02-06 05:00:00
9390,417,15,71.1,121,2,2026-02-07 07:00:00
9391,417,16,61.5,97,1,2026-02-08 13:00:00
9392,417,17,68.2,93,1,2026-02-10 00:00:00
9393,417,18,48.5,106,1,2026-02-10 22:00:00
9394,418,1,86.5,97,1,2026-01-09 23:00:00
9395,418,2,69.3,80,1,2026-01-10 19:00:00
9396,418,3,88.6,111,1,2026-01-11 15:00:00
9397,418,3,80.5,67,2,2026-01-13 12:00:00
9398,418,3,47.1,96,3,2026-01-14 14:00:00
9399,418,4,77.8,59,1,2026-01-15 06:00:00
9400,418,5,38.7,94,1,2026-01-16 16:00:00
9401,418,6,98.8,93,1,2026-01-18 01:00:00
9402,418,7,92.3,123,1,2026-01-18 10:00:00
9403,418,7,99.2,58,2,2026-01-20 04:00:00
9404,418,8,87.5,77,1,2026-01-20 12:00:00
9405,418,9,98.0,106,1,2026-01-22 11:00:00
9406,418,10,78.5,96,1,2026-01-23 12:00:00
9407,418,11,94.8,93,1,2026-01-25 01:00:00
9408,418,12,49.2,70,1,2026-01-26 08:00:00
9409,418,12,99.9,78,2,2026-01-27 22:00:00
9410,418,13,94.2,114,1,2026-01-28 15:00:00
9411,418,14,83.7,88,1,2026-01-28 21:00:00
9412,418,15,33.6,97,1,2026-01-29 18:00:00
9413,418,16,92.6,87,1,2026-01-29 22:00:00
9414,418,16,32.9,66,2,2026-01-30 12:00:00
9415,418,16,92.4,108,3,2026-01-31 13:00:00
9416,418,17,34.0,100,1,2026-01-31 19:00:00
9417,418,17,75.7,136,2,2026-02-02 10:00:00
9418,418,18,76.0,69,1,2026-02-02 19:00:00
9419,418,19,94.2,106,1,2026-02-04 10:00:00
9420,418,19,75.8,63,2,2026-02-05 22:00:00
9421,419,1,73.2,143,1,2026-01-26 14:00:00
9422,419,2,49.8,159,1,2026-01-26 19:00:00
9423,419,3,79.7,98,1,2026-01-28 09:00:00
9424,419,4,57.9,135,1,2026-01-29 09:00:00
9425,419,5,89.5,128,1,2026-01-30 04:00:00
9426,419,5,52.3,125,2,2026-01-31 08:00:00
9427,419,6,38.1,147,1,2026-02-02 08:00:00
9428,419,6,31.3,162,2,2026-02-03 22:00:00
9429,419,7,34.7,137,1,2026-02-05 05:00:00
9430,419,7,51.0,144,2,2026-02-07 01:00:00
9431,419,8,73.5,142,1,2026-02-07 08:00:00
9432,419,9,34.9,140,1,2026-02-08 12:00:00
9433,419,10,87.3,118,1,2026-02-10 02:00:00
9434,419,11,74.0,162,1,2026-02-11 16:00:00
9435,419,12,68.8,145,1,2026-02-12 07:00:00
9436,419,12,45.9,147,2,2026-02-14 07:00:00
9437,419,12,48.8,123,3,2026-02-14 16:00:00
9438,419,13,32.4,130,1,2026-02-16 06:00:00
9439,419,14,39.8,136,1,2026-02-17 01:00:00
9440,419,14,39.6,109,2,2026-02-18 12:00:00
9441,419,14,68.4,106,3,2026-02-19 08:00:00
9442,419,15,36.7,127,1,2026-02-19 21:00:00
9443,419,16,54.7,150,1,2026-02-21 20:00:00
9444,419,16,69.4,126,2,2026-02-23 04:00:00
9445,419,16,41.6,119,3,2026-02-24 09:00:00
9446,420,1,87.4,123,1,2026-01-18 12:00:00
9447,420,1,64.7,130,2,2026-01-19 06:00:00
9448,420,2,55.1,132,1,2026-01-19 23:00:00
9449,420,3,55.6,183,1,2026-01-20 14:00:00
9450,420,4,72.0,161,1,2026-01-21 06:00:00
9451,420,4,36.4,160,2,2026-01-22 01:00:00
9452,420,4,87.7,163,3,2026-01-23 16:00:00
9453,420,5,57.5,120,1,2026-01-24 18:00:00
9454,420,5,57.2,115,2,2026-01-25 13:00:00
9455,420,6,96.0,117,1,2026-01-26 07:00:00
9456,420,7,34.2,166,1,2026-01-26 12:00:00
9457,420,8,95.5,129,1,2026-01-26 21:00:00
9458,420,8,67.3,114,2,2026-01-27 15:00:00
9459,420,8,62.9,131,3,2026-01-28 22:00:00
9460,420,9,51.3,135,1,2026-01-29 21:00:00
9461,420,10,71.7,145,1,2026-01-31 20:00:00
9462,420,11,31.6,145,1,2026-02-02 02:00:00
9463,420,12,63.6,123,1,2026-02-04 01:00:00
9464,420,13,51.5,153,1,2026-02-04 07:00:00
9465,420,14,45.5,127,1,2026-02-04 23:00:00
9466,420,14,38.3,136,2,2026-02-05 06:00:00
9467,420,14,97.1,153,3,2026-02-05 18:00:00
9468,420,15,65.3,127,1,2026-02-07 12:00:00
9469,420,15,39.8,128,2,2026-02-09 05:00:00
9470,420,16,30.9,151,1,2026-02-10 11:00:00
9471,420,16,42.7,122,2,2026-02-11 01:00:00
9472,421,1,99.3,132,1,2026-01-13 03:00:00
9473,421,2,67.2,151,1,2026-01-14 10:00:00
9474,421,2,33.9,181,2,2026-01-14 14:00:00
9475,421,2,61.8,152,3,2026-01-14 20:00:00
9476,421,3,97.1,149,1,2026-01-16 04:00:00
9477,421,4,33.1,150,1,2026-01-17 05:00:00
9478,421,5,36.0,118,1,2026-01-18 14:00:00
9479,421,5,54.5,142,2,2026-01-20 07:00:00
9480,421,6,90.4,139,1,2026-01-21 21:00:00
9481,421,7,76.1,146,1,2026-01-23 02:00:00
9482,421,8,68.2,142,1,2026-01-24 12:00:00
9483,421,8,93.0,147,2,2026-01-25 23:00:00
9484,421,8,65.0,133,3,2026-01-27 12:00:00
9485,421,9,75.8,141,1,2026-01-28 05:00:00
9486,421,10,60.9,115,1,2026-01-28 09:00:00
9487,421,11,51.6,133,1,2026-01-30 09:00:00
9488,421,11,84.9,167,2,2026-01-31 04:00:00
9489,421,11,55.9,146,3,2026-02-01 16:00:00
9490,421,12,51.3,139,1,2026-02-03 01:00:00
9491,421,13,82.7,177,1,2026-02-04 22:00:00
9492,421,14,64.1,112,1,2026-02-05 17:00:00
9493,421,15,60.3,117,1,2026-02-07 02:00:00
9494,421,16,62.8,174,1,2026-02-07 10:00:00
9495,421,16,55.7,140,2,2026-02-09 05:00:00
9496,421,17,32.9,135,1,2026-02-10 01:00:00
9497,421,18,57.9,116,1,2026-02-12 00:00:00
9498,421,19,34.3,148,1,2026-02-13 03:00:00
9499,421,20,44.0,150,1,2026-02-14 15:00:00
9500,421,20,47.0,118,2,2026-02-14 22:00:00
9501,422,1,35.4,137,1,2026-01-02 10:00:00
9502,422,1,61.7,133,2,2026-01-02 22:00:00
9503,422,2,53.8,145,1,2026-01-03 20:00:00
9504,422,2,42.6,117,2,2026-01-04 15:00:00
9505,422,3,49.9,165,1,2026-01-05 09:00:00
9506,422,4,33.5,158,1,2026-01-06 02:00:00
9507,422,5,65.4,132,1,2026-01-07 04:00:00
9508,422,5,37.2,135,2,2026-01-08 22:00:00
9509,422,6,47.7,137,1,2026-01-10 08:00:00
9510,422,6,78.4,124,2,2026-01-10 17:00:00
9511,422,7,62.6,131,1,2026-01-11 10:00:00
9512,422,8,67.9,134,1,2026-01-12 07:00:00
9513,422,9,51.3,172,1,2026-01-14 01:00:00
9514,422,9,51.1,158,2,2026-01-14 11:00:00
9515,422,10,42.4,158,1,2026-01-14 16:00:00
9516,422,10,59.5,147,2,2026-01-15 19:00:00
9517,422,11,40.9,117,1,2026-01-16 15:00:00
9518,422,12,65.6,139,1,2026-01-16 21:00:00
9519,422,13,40.1,159,1,2026-01-17 10:00:00
9520,422,14,37.0,114,1,2026-01-19 04:00:00
9521,423,1,83.6,72,1,2026-01-30 07:00:00
9522,423,2,82.1,106,1,2026-01-31 14:00:00
9523,423,3,89.3,81,1,2026-02-02 09:00:00
9524,423,4,93.6,88,1,2026-02-02 13:00:00
9525,423,4,63.6,64,2,2026-02-03 19:00:00
9526,423,4,94.3,79,3,2026-02-03 23:00:00
9527,423,5,81.7,45,1,2026-02-04 18:00:00
9528,423,5,74.4,75,2,2026-02-06 11:00:00
9529,423,5,36.4,73,3,2026-02-06 20:00:00
9530,423,6,87.0,65,1,2026-02-07 07:00:00
9531,423,7,92.0,86,1,2026-02-08 15:00:00
9532,423,8,74.9,49,1,2026-02-08 19:00:00
9533,423,9,60.2,56,1,2026-02-09 06:00:00
9534,423,10,75.7,61,1,2026-02-11 03:00:00
9535,423,11,90.8,39,1,2026-02-11 12:00:00
9536,423,12,73.2,64,1,2026-02-13 08:00:00
9537,423,12,89.0,30,2,2026-02-14 11:00:00
9538,423,12,71.1,80,3,2026-02-15 03:00:00
9539,423,13,50.4,60,1,2026-02-16 07:00:00
9540,424,1,99.7,79,1,2026-02-02 10:00:00
9541,424,2,76.4,73,1,2026-02-04 02:00:00
9542,424,3,83.3,85,1,2026-02-04 21:00:00
9543,424,3,78.5,103,2,2026-02-06 09:00:00
9544,424,3,89.0,100,3,2026-02-07 23:00:00
9545,424,4,34.2,75,1,2026-02-08 17:00:00
9546,424,5,48.0,73,1,2026-02-09 22:00:00
9547,424,5,44.2,103,2,2026-02-10 17:00:00
9548,424,5,65.1,75,3,2026-02-12 06:00:00
9549,424,6,84.2,91,1,2026-02-14 02:00:00
9550,424,6,79.4,92,2,2026-02-14 08:00:00
9551,424,6,83.1,96,3,2026-02-14 15:00:00
9552,424,7,40.3,107,1,2026-02-14 22:00:00
9553,424,8,98.1,64,1,2026-02-15 03:00:00
9554,424,9,51.4,51,1,2026-02-15 18:00:00
9555,424,10,73.6,78,1,2026-02-17 11:00:00
9556,424,11,73.1,126,1,2026-02-19 10:00:00
9557,425,1,89.5,100,1,2026-01-31 15:00:00
9558,425,2,89.3,96,1,2026-02-02 13:00:00
9559,425,3,94.4,56,1,2026-02-03 00:00:00
9560,425,4,88.6,30,1,2026-02-03 18:00:00
9561,425,5,73.1,30,1,2026-02-04 10:00:00
9562,425,6,95.0,47,1,2026-02-05 01:00:00
9563,425,7,85.2,56,1,2026-02-06 06:00:00
9564,425,8,72.9,86,1,2026-02-07 09:00:00
9565,425,9,53.1,77,1,2026-02-07 21:00:00
9566,425,10,82.5,64,1,2026-02-09 11:00:00
9567,425,11,91.8,42,1,2026-02-11 09:00:00
9568,425,12,34.0,40,1,2026-02-11 13:00:00
9569,425,13,94.7,65,1,2026-02-12 17:00:00
9570,425,13,83.3,73,2,2026-02-14 09:00:00
9571,425,14,56.8,67,1,2026-02-16 00:00:00
9572,425,15,75.5,39,1,2026-02-17 02:00:00
9573,425,16,50.6,73,1,2026-02-18 22:00:00
9574,425,17,58.6,68,1,2026-02-19 05:00:00
9575,425,18,31.0,38,1,2026-02-19 11:00:00
9576,425,18,53.1,44,2,2026-02-20 20:00:00
9577,425,18,70.3,73,3,2026-02-21 04:00:00
9578,426,1,30.5,85,1,2026-01-30 17:00:00
9579,426,2,95.3,121,1,2026-01-31 14:00:00
9580,426,3,77.1,100,1,2026-02-02 07:00:00
9581,426,4,86.6,80,1,2026-02-03 22:00:00
9582,426,5,45.2,89,1,2026-02-04 21:00:00
9583,426,5,94.4,91,2,2026-02-05 03:00:00
9584,426,5,72.1,75,3,2026-02-06 21:00:00
9585,426,6,73.7,71,1,2026-02-07 18:00:00
9586,426,6,87.4,104,2,2026-02-09 16:00:00
9587,426,7,92.1,106,1,2026-02-11 05:00:00
9588,426,8,78.9,102,1,2026-02-11 13:00:00
9589,426,9,80.3,120,1,2026-02-12 20:00:00
9590,426,9,81.6,79,2,2026-02-13 13:00:00
9591,426,9,66.8,123,3,2026-02-15 08:00:00
9592,426,10,39.4,71,1,2026-02-16 02:00:00
9593,426,11,94.8,69,1,2026-02-17 22:00:00
9594,426,12,72.5,54,1,2026-02-18 09:00:00
9595,426,12,32.1,81,2,2026-02-19 00:00:00
9596,426,13,96.6,79,1,2026-02-20 04:00:00
9597,426,14,42.1,100,1,2026-02-20 23:00:00
9598,426,14,69.4,94,2,2026-02-21 11:00:00
9599,426,15,48.0,66,1,2026-02-22 10:00:00
9600,426,16,89.6,82,1,2026-02-24 03:00:00
9601,426,17,99.3,82,1,2026-02-24 22:00:00
9602,426,18,73.3,54,1,2026-02-26 13:00:00
9603,427,1,69.8,70,1,2026-01-07 17:00:00
9604,427,2,96.5,74,1,2026-01-08 03:00:00
9605,427,3,89.1,118,1,2026-01-09 04:00:00
9606,427,4,63.4,93,1,2026-01-09 20:00:00
9607,427,5,78.5,103,1,2026-01-11 18:00:00
9608,427,6,87.2,60,1,2026-01-12 09:00:00
9609,427,7,73.6,113,1,2026-01-13 13:00:00
9610,427,8,97.4,116,1,2026-01-13 22:00:00
9611,427,9,56.9,50,1,2026-01-15 12:00:00
9612,427,10,69.8,75,1,2026-01-16 19:00:00
9613,427,11,30.7,99,1,2026-01-17 11:00:00
9614,428,1,58.8,152,1,2026-01-26 07:00:00
9615,428,2,67.9,126,1,2026-01-27 14:00:00
9616,428,3,62.4,133,1,2026-01-27 22:00:00
9617,428,4,46.7,128,1,2026-01-29 05:00:00
9618,428,5,65.5,142,1,2026-01-29 21:00:00
9619,428,5,48.0,163,2,2026-01-30 14:00:00
9620,428,6,67.4,124,1,2026-02-01 12:00:00
9621,428,7,51.1,160,1,2026-02-03 02:00:00
9622,428,8,80.7,124,1,2026-02-03 15:00:00
9623,428,8,88.3,123,2,2026-02-05 12:00:00
9624,428,9,37.9,156,1,2026-02-06 03:00:00
9625,428,10,38.7,158,1,2026-02-06 22:00:00
9626,428,11,77.7,157,1,2026-02-08 15:00:00
9627,428,11,97.0,113,2,2026-02-09 11:00:00
9628,428,11,34.1,130,3,2026-02-11 07:00:00
9629,428,12,62.9,156,1,2026-02-12 22:00:00
9630,428,13,77.3,140,1,2026-02-14 19:00:00
9631,429,1,98.5,68,1,2026-01-21 08:00:00
9632,429,1,38.2,99,2,2026-01-22 13:00:00
9633,429,1,70.7,75,3,2026-01-23 13:00:00
9634,429,2,94.0,125,1,2026-01-24 00:00:00
9635,429,3,54.9,120,1,2026-01-25 23:00:00
9636,429,3,39.6,102,2,2026-01-27 01:00:00
9637,429,4,77.1,117,1,2026-01-27 15:00:00
9638,429,5,48.5,91,1,2026-01-28 03:00:00
9639,429,5,30.6,105,2,2026-01-29 02:00:00
9640,429,6,88.2,119,1,2026-01-29 17:00:00
9641,429,7,95.6,94,1,2026-01-30 19:00:00
9642,429,7,92.2,84,2,2026-01-31 23:00:00
9643,429,8,96.8,55,1,2026-02-01 05:00:00
9644,429,9,76.1,88,1,2026-02-02 19:00:00
9645,429,10,92.0,106,1,2026-02-04 16:00:00
9646,430,1,80.1,78,1,2026-01-20 23:00:00
9647,430,2,71.5,70,1,2026-01-22 07:00:00
9648,430,3,83.0,49,1,2026-01-22 16:00:00
9649,430,4,78.4,30,1,2026-01-23 11:00:00
9650,430,4,99.3,50,2,2026-01-23 15:00:00
9651,430,5,87.6,53,1,2026-01-23 19:00:00
9652,430,6,88.2,53,1,2026-01-25 04:00:00
9653,430,7,74.4,72,1,2026-01-26 21:00:00
9654,430,8,79.3,99,1,2026-01-27 20:00:00
9655,430,9,42.3,62,1,2026-01-29 06:00:00
9656,430,10,97.8,55,1,2026-01-30 15:00:00
9657,430,11,86.0,54,1,2026-02-01 05:00:00
9658,430,12,93.3,62,1,2026-02-01 20:00:00
9659,431,1,78.0,43,1,2026-01-09 21:00:00
9660,431,2,97.5,62,1,2026-01-11 02:00:00
9661,431,3,81.0,69,1,2026-01-11 06:00:00
9662,431,4,70.3,64,1,2026-01-12 09:00:00
9663,431,5,80.3,69,1,2026-01-14 00:00:00
9664,431,5,35.7,68,2,2026-01-15 04:00:00
9665,431,6,80.9,30,1,2026-01-16 07:00:00
9666,431,6,80.3,72,2,2026-01-17 01:00:00
9667,431,7,87.9,46,1,2026-01-17 23:00:00
9668,431,7,78.0,38,2,2026-01-19 01:00:00
9669,431,7,76.8,37,3,2026-01-20 09:00:00
9670,431,8,91.7,68,1,2026-01-22 08:00:00
9671,431,8,90.5,55,2,2026-01-24 02:00:00
9672,431,9,91.8,30,1,2026-01-25 22:00:00
9673,431,10,74.3,69,1,2026-01-26 11:00:00
9674,432,1,51.4,111,1,2026-01-22 07:00:00
9675,432,2,43.1,142,1,2026-01-24 06:00:00
9676,432,3,32.4,144,1,2026-01-25 12:00:00
9677,432,3,91.9,157,2,2026-01-27 03:00:00
9678,432,3,35.8,175,3,2026-01-28 22:00:00
9679,432,4,49.3,112,1,2026-01-30 20:00:00
9680,432,5,48.0,138,1,2026-02-01 11:00:00
9681,432,5,66.9,134,2,2026-02-03 04:00:00
9682,432,5,41.3,148,3,2026-02-04 14:00:00
9683,432,6,84.3,144,1,2026-02-05 21:00:00
9684,432,7,47.7,132,1,2026-02-07 03:00:00
9685,432,8,98.7,131,1,2026-02-08 09:00:00
9686,432,9,55.1,117,1,2026-02-08 15:00:00
9687,432,10,46.3,159,1,2026-02-09 15:00:00
9688,432,10,93.4,149,2,2026-02-11 12:00:00
9689,432,10,39.6,158,3,2026-02-11 22:00:00
9690,432,11,50.8,133,1,2026-02-12 07:00:00
9691,432,12,35.9,126,1,2026-02-13 00:00:00
9692,432,12,54.1,118,2,2026-02-14 04:00:00
9693,432,13,44.4,147,1,2026-02-16 04:00:00
9694,432,14,39.9,119,1,2026-02-17 02:00:00
9695,432,14,84.5,176,2,2026-02-18 08:00:00
9696,432,14,45.8,113,3,2026-02-20 02:00:00
9697,432,15,93.4,145,1,2026-02-21 23:00:00
9698,432,16,48.2,171,1,2026-02-23 08:00:00
9699,432,17,71.8,151,1,2026-02-25 07:00:00
9700,432,18,92.6,143,1,2026-02-25 12:00:00
9701,432,18,51.5,120,2,2026-02-25 18:00:00
9702,432,18,52.9,112,3,2026-02-26 00:00:00
9703,432,19,34.9,155,1,2026-02-27 19:00:00
9704,432,19,56.0,170,2,2026-02-28 10:00:00
9705,432,19,52.2,131,3,2026-03-01 16:00:00
9706,432,20,42.9,117,1,2026-03-01 21:00:00
9707,432,20,36.4,90,2,2026-03-03 03:00:00
9708,432,20,49.5,120,3,2026-03-04 23:00:00
9709,433,1,62.3,87,1,2026-01-28 10:00:00
9710,433,2,73.5,121,1,2026-01-29 08:00:00
9711,433,3,93.7,103,1,2026-01-29 15:00:00
9712,433,3,38.2,96,2,2026-01-31 04:00:00
9713,433,4,71.2,81,1,2026-01-31 13:00:00
9714,433,4,46.1,78,2,2026-02-02 06:00:00
9715,433,4,83.9,118,3,2026-02-02 10:00:00
9716,433,5,60.3,94,1,2026-02-02 14:00:00
9717,433,6,70.4,47,1,2026-02-02 23:00:00
9718,433,6,78.5,76,2,2026-02-03 04:00:00
9719,433,6,41.2,72,3,2026-02-04 06:00:00
9720,433,7,72.2,79,1,2026-02-05 05:00:00
9721,433,8,44.0,101,1,2026-02-06 00:00:00
9722,433,9,45.3,87,1,2026-02-06 07:00:00
9723,433,10,92.8,88,1,2026-02-06 13:00:00
9724,433,11,55.2,116,1,2026-02-07 13:00:00
9725,434,1,82.9,46,1,2026-01-23 22:00:00
9726,434,2,39.0,97,1,2026-01-24 17:00:00
9727,434,3,78.4,46,1,2026-01-26 12:00:00
9728,434,4,97.1,61,1,2026-01-26 17:00:00
9729,434,5,81.5,54,1,2026-01-28 14:00:00
9730,434,6,71.1,62,1,2026-01-28 18:00:00
9731,434,7,91.2,68,1,2026-01-29 11:00:00
9732,434,8,48.6,68,1,2026-01-30 22:00:00
9733,434,9,64.1,44,1,2026-01-31 06:00:00
9734,434,10,84.6,37,1,2026-02-01 14:00:00
9735,434,11,70.3,110,1,2026-02-02 01:00:00
9736,435,1,82.8,50,1,2026-01-14 06:00:00
9737,435,2,79.3,73,1,2026-01-15 10:00:00
9738,435,3,87.0,30,1,2026-01-16 17:00:00
9739,435,4,77.7,54,1,2026-01-17 16:00:00
9740,435,5,30.3,57,1,2026-01-18 18:00:00
9741,435,6,96.8,69,1,2026-01-20 08:00:00
9742,435,7,47.6,30,1,2026-01-20 16:00:00
9743,435,8,93.2,63,1,2026-01-21 20:00:00
9744,435,8,87.1,37,2,2026-01-22 22:00:00
9745,435,9,36.0,66,1,2026-01-24 19:00:00
9746,435,10,77.8,39,1,2026-01-26 18:00:00
9747,435,11,90.4,42,1,2026-01-27 14:00:00
9748,435,12,59.0,54,1,2026-01-29 06:00:00
9749,436,1,99.5,118,1,2026-01-31 15:00:00
9750,436,2,80.6,130,1,2026-02-01 06:00:00
9751,436,3,58.4,116,1,2026-02-01 19:00:00
9752,436,3,47.4,103,2,2026-02-02 05:00:00
9753,436,4,91.1,160,1,2026-02-04 04:00:00
9754,436,5,65.8,114,1,2026-02-06 00:00:00
9755,436,6,35.9,136,1,2026-02-06 20:00:00
9756,436,7,65.1,155,1,2026-02-08 09:00:00
9757,436,7,54.2,127,2,2026-02-10 03:00:00
9758,436,7,80.8,123,3,2026-02-11 08:00:00
9759,436,8,40.6,144,1,2026-02-13 01:00:00
9760,436,8,87.1,162,2,2026-02-14 01:00:00
9761,436,9,48.8,116,1,2026-02-14 15:00:00
9762,436,10,48.9,136,1,2026-02-16 09:00:00
9763,436,10,56.0,105,2,2026-02-16 19:00:00
9764,436,10,86.3,132,3,2026-02-18 04:00:00
9765,436,11,87.2,140,1,2026-02-18 09:00:00
9766,436,11,32.4,122,2,2026-02-18 16:00:00
9767,436,11,36.1,130,3,2026-02-20 05:00:00
9768,436,12,31.2,111,1,2026-02-20 19:00:00
9769,436,13,93.5,141,1,2026-02-21 18:00:00
9770,436,13,61.0,161,2,2026-02-23 17:00:00
9771,436,14,91.3,118,1,2026-02-25 15:00:00
9772,436,14,86.1,127,2,2026-02-27 02:00:00
9773,436,15,41.5,150,1,2026-02-27 10:00:00
9774,436,15,60.6,164,2,2026-02-27 20:00:00
9775,436,15,45.6,110,3,2026-02-28 01:00:00
9776,436,16,47.5,136,1,2026-03-01 19:00:00
9777,436,17,31.3,145,1,2026-03-03 04:00:00
9778,436,17,66.6,137,2,2026-03-04 04:00:00
9779,436,18,31.5,90,1,2026-03-05 18:00:00
9780,436,18,38.8,150,2,2026-03-07 10:00:00
9781,437,1,71.5,90,1,2026-01-16 05:00:00
9782,437,1,73.8,62,2,2026-01-17 09:00:00
9783,437,1,95.4,39,3,2026-01-17 19:00:00
9784,437,2,93.7,49,1,2026-01-19 13:00:00
9785,437,3,81.9,95,1,2026-01-20 10:00:00
9786,437,4,56.7,78,1,2026-01-20 15:00:00
9787,437,5,35.5,72,1,2026-01-20 21:00:00
9788,437,6,73.5,67,1,2026-01-22 15:00:00
9789,437,7,97.5,46,1,2026-01-23 15:00:00
9790,437,8,85.0,55,1,2026-01-25 02:00:00
9791,437,8,71.8,58,2,2026-01-26 10:00:00
9792,437,8,58.4,70,3,2026-01-28 06:00:00
9793,437,9,76.4,90,1,2026-01-28 19:00:00
9794,437,10,84.1,82,1,2026-01-29 12:00:00
9795,437,11,81.3,31,1,2026-01-30 06:00:00
9796,437,12,79.6,64,1,2026-01-30 21:00:00
9797,437,13,86.9,74,1,2026-01-31 16:00:00
9798,437,14,41.6,72,1,2026-02-02 14:00:00
9799,437,15,81.3,47,1,2026-02-03 07:00:00
9800,437,16,97.7,118,1,2026-02-03 18:00:00
9801,437,17,59.1,34,1,2026-02-04 05:00:00
9802,437,17,79.7,38,2,2026-02-05 21:00:00
9803,438,1,50.0,144,1,2026-01-20 07:00:00
9804,438,1,56.3,182,2,2026-01-20 15:00:00
9805,438,2,30.5,123,1,2026-01-22 06:00:00
9806,438,2,71.0,134,2,2026-01-22 12:00:00
9807,438,2,48.5,161,3,2026-01-23 15:00:00
9808,438,3,36.3,139,1,2026-01-25 10:00:00
9809,438,3,31.1,133,2,2026-01-26 12:00:00
9810,438,4,79.5,151,1,2026-01-28 04:00:00
9811,438,4,49.6,145,2,2026-01-29 18:00:00
9812,438,4,58.6,160,3,2026-01-30 06:00:00
9813,438,5,69.5,165,1,2026-01-30 10:00:00
9814,438,6,37.1,146,1,2026-01-31 01:00:00
9815,438,7,58.7,145,1,2026-02-01 12:00:00
9816,438,8,46.4,144,1,2026-02-03 12:00:00
9817,438,9,56.1,149,1,2026-02-04 09:00:00
9818,438,10,44.2,141,1,2026-02-04 15:00:00
9819,438,10,38.0,139,2,2026-02-04 22:00:00
9820,438,10,68.6,163,3,2026-02-06 04:00:00
9821,438,11,67.8,170,1,2026-02-06 16:00:00
9822,438,11,71.0,109,2,2026-02-08 04:00:00
9823,438,11,60.4,140,3,2026-02-09 12:00:00
9824,438,12,49.7,126,1,2026-02-10 14:00:00
9825,439,1,98.1,133,1,2026-01-10 13:00:00
9826,439,2,30.3,148,1,2026-01-12 01:00:00
9827,439,3,51.0,153,1,2026-01-13 17:00:00
9828,439,4,49.8,137,1,2026-01-15 10:00:00
9829,439,5,59.4,101,1,2026-01-16 18:00:00
9830,439,5,45.1,120,2,2026-01-17 04:00:00
9831,439,5,43.4,157,3,2026-01-18 14:00:00
9832,439,6,61.5,85,1,2026-01-19 03:00:00
9833,439,7,50.0,163,1,2026-01-21 02:00:00
9834,439,7,43.0,150,2,2026-01-22 10:00:00
9835,439,7,91.6,166,3,2026-01-23 18:00:00
9836,439,8,79.3,136,1,2026-01-24 21:00:00
9837,439,8,78.4,98,2,2026-01-26 04:00:00
9838,439,8,39.5,148,3,2026-01-26 19:00:00
9839,439,9,46.2,165,1,2026-01-28 11:00:00
9840,439,10,90.5,158,1,2026-01-28 19:00:00
9841,439,11,74.5,126,1,2026-01-30 10:00:00
9842,439,12,37.2,141,1,2026-02-01 10:00:00
9843,439,12,69.0,129,2,2026-02-02 11:00:00
9844,439,13,96.6,123,1,2026-02-03 03:00:00
9845,439,14,44.7,159,1,2026-02-04 00:00:00
9846,439,15,68.1,116,1,2026-02-04 21:00:00
9847,439,15,52.1,122,2,2026-02-05 08:00:00
9848,439,15,36.5,117,3,2026-02-06 18:00:00
9849,439,16,46.1,110,1,2026-02-07 05:00:00
9850,439,16,45.9,142,2,2026-02-08 19:00:00
9851,439,17,89.3,163,1,2026-02-10 14:00:00
9852,439,17,85.4,136,2,2026-02-11 01:00:00
9853,439,17,70.6,109,3,2026-02-12 12:00:00
9854,439,18,50.4,156,1,2026-02-13 06:00:00
9855,439,18,30.1,173,2,2026-02-15 05:00:00
9856,439,19,90.4,127,1,2026-02-17 01:00:00
9857,439,20,48.0,130,1,2026-02-17 08:00:00
9858,440,1,82.1,70,1,2026-01-14 20:00:00
9859,440,2,92.9,92,1,2026-01-16 19:00:00
9860,440,3,80.2,49,1,2026-01-18 17:00:00
9861,440,4,99.7,33,1,2026-01-20 05:00:00
9862,440,5,82.5,72,1,2026-01-20 20:00:00
9863,440,6,84.0,75,1,2026-01-21 17:00:00
9864,440,7,52.1,60,1,2026-01-23 07:00:00
9865,440,8,98.8,48,1,2026-01-24 06:00:00
9866,440,9,78.7,79,1,2026-01-25 17:00:00
9867,440,10,97.5,70,1,2026-01-27 08:00:00
9868,440,11,85.9,44,1,2026-01-28 11:00:00
9869,440,12,76.3,60,1,2026-01-29 13:00:00
9870,440,13,88.8,32,1,2026-01-30 04:00:00
9871,440,14,89.0,73,1,2026-01-31 10:00:00
9872,440,15,48.8,54,1,2026-02-01 14:00:00
9873,440,16,72.9,51,1,2026-02-01 20:00:00
9874,441,1,84.1,59,1,2026-01-15 00:00:00
9875,441,1,95.2,60,2,2026-01-15 16:00:00
9876,441,1,90.4,77,3,2026-01-17 05:00:00
9877,441,2,79.2,71,1,2026-01-19 03:00:00
9878,441,3,73.7,56,1,2026-01-20 22:00:00
9879,441,4,90.1,75,1,2026-01-22 22:00:00
9880,441,5,42.8,68,1,2026-01-23 19:00:00
9881,441,6,93.8,51,1,2026-01-24 12:00:00
9882,441,6,51.8,57,2,2026-01-25 20:00:00
9883,441,6,96.2,57,3,2026-01-27 08:00:00
9884,441,7,74.4,70,1,2026-01-28 16:00:00
9885,441,7,96.2,52,2,2026-01-30 04:00:00
9886,441,7,99.7,52,3,2026-01-30 12:00:00
9887,441,8,86.3,99,1,2026-02-01 01:00:00
9888,441,9,96.6,78,1,2026-02-02 02:00:00
9889,441,10,33.7,44,1,2026-02-04 02:00:00
9890,441,11,77.6,71,1,2026-02-05 23:00:00
9891,441,12,57.7,62,1,2026-02-06 10:00:00
9892,441,13,97.6,67,1,2026-02-08 01:00:00
9893,441,14,34.0,62,1,2026-02-09 18:00:00
9894,441,15,66.2,83,1,2026-02-10 19:00:00
9895,442,1,93.7,116,1,2026-01-17 19:00:00
9896,442,2,75.5,108,1,2026-01-19 01:00:00
9897,442,3,87.5,130,1,2026-01-20 18:00:00
9898,442,4,84.8,114,1,2026-01-20 22:00:00
9899,442,4,31.1,112,2,2026-01-21 17:00:00
9900,442,5,58.1,116,1,2026-01-23 04:00:00
9901,442,6,95.1,108,1,2026-01-24 08:00:00
9902,442,7,96.7,110,1,2026-01-25 03:00:00
9903,442,8,70.4,98,1,2026-01-25 15:00:00
9904,442,9,44.9,94,1,2026-01-27 02:00:00
9905,442,10,94.7,90,1,2026-01-28 12:00:00
9906,442,10,36.1,82,2,2026-01-28 23:00:00
9907,442,10,48.8,92,3,2026-01-29 18:00:00
9908,442,11,76.8,106,1,2026-01-30 21:00:00
9909,442,11,37.5,112,2,2026-02-01 18:00:00
9910,442,11,73.8,104,3,2026-02-03 12:00:00
9911,442,12,73.1,62,1,2026-02-05 00:00:00
9912,442,13,79.7,141,1,2026-02-05 11:00:00
9913,442,14,32.1,131,1,2026-02-06 10:00:00
9914,442,15,78.2,118,1,2026-02-07 23:00:00
9915,442,16,64.4,148,1,2026-02-09 18:00:00
9916,443,1,38.6,70,1,2026-01-18 16:00:00
9917,443,2,35.3,127,1,2026-01-19 09:00:00
9918,443,3,53.6,70,1,2026-01-20 10:00:00
9919,443,3,74.1,94,2,2026-01-21 05:00:00
9920,443,4,90.6,64,1,2026-01-21 14:00:00
9921,443,4,98.2,90,2,2026-01-23 14:00:00
9922,443,4,70.3,97,3,2026-01-24 20:00:00
9923,443,5,78.5,86,1,2026-01-26 11:00:00
9924,443,6,65.0,104,1,2026-01-27 17:00:00
9925,443,7,75.6,91,1,2026-01-27 23:00:00
9926,443,8,94.6,79,1,2026-01-28 13:00:00
9927,443,9,98.4,78,1,2026-01-30 06:00:00
9928,443,10,41.5,106,1,2026-01-31 21:00:00
9929,443,11,74.2,76,1,2026-02-01 21:00:00
9930,443,12,67.9,108,1,2026-02-02 20:00:00
9931,443,12,33.4,114,2,2026-02-03 08:00:00
9932,443,13,94.2,56,1,2026-02-05 08:00:00
9933,443,14,50.2,112,1,2026-02-05 13:00:00
9934,443,14,69.7,131,2,2026-02-07 01:00:00
9935,443,14,38.8,95,3,2026-02-07 18:00:00
9936,443,15,71.9,101,1,2026-02-08 18:00:00
9937,443,16,33.6,110,1,2026-02-10 00:00:00
9938,443,17,52.9,84,1,2026-02-11 22:00:00
9939,443,17,35.4,93,2,2026-02-13 21:00:00
9940,443,17,78.4,63,3,2026-02-14 08:00:00
9941,443,18,69.2,92,1,2026-02-16 08:00:00
9942,443,18,65.1,99,2,2026-02-16 12:00:00
9943,443,19,57.9,100,1,2026-02-17 06:00:00
9944,444,1,77.3,111,1,2026-01-30 19:00:00
9945,444,2,62.3,74,1,2026-02-01 13:00:00
9946,444,3,70.6,79,1,2026-02-03 02:00:00
9947,444,4,94.7,127,1,2026-02-05 00:00:00
9948,444,5,33.0,86,1,2026-02-06 13:00:00
9949,444,5,95.0,94,2,2026-02-06 21:00:00
9950,444,6,93.4,88,1,2026-02-08 10:00:00
9951,444,7,49.1,73,1,2026-02-09 07:00:00
9952,444,8,39.3,122,1,2026-02-11 01:00:00
9953,444,9,69.0,79,1,2026-02-13 00:00:00
9954,444,10,39.3,67,1,2026-02-13 20:00:00
9955,444,10,90.6,80,2,2026-02-14 02:00:00
9956,444,10,91.3,49,3,2026-02-15 00:00:00
9957,444,11,84.5,76,1,2026-02-15 08:00:00
9958,444,12,81.5,70,1,2026-02-15 20:00:00
9959,444,13,72.2,102,1,2026-02-16 12:00:00
9960,444,14,87.5,76,1,2026-02-16 16:00:00
9961,444,15,44.7,107,1,2026-02-17 13:00:00
9962,444,16,87.1,117,1,2026-02-17 19:00:00
9963,444,16,40.8,105,2,2026-02-18 17:00:00
9964,444,16,81.1,85,3,2026-02-19 16:00:00
9965,444,17,30.5,92,1,2026-02-20 10:00:00
9966,444,17,41.1,59,2,2026-02-21 02:00:00
9967,444,17,43.2,87,3,2026-02-21 23:00:00
9968,444,18,64.8,72,1,2026-02-23 22:00:00
9969,444,18,57.3,103,2,2026-02-25 09:00:00
9970,444,18,96.5,141,3,2026-02-25 13:00:00
9971,445,1,98.2,149,1,2026-01-05 18:00:00
9972,445,1,79.0,100,2,2026-01-07 12:00:00
9973,445,2,36.8,132,1,2026-01-09 01:00:00
9974,445,2,48.1,142,2,2026-01-10 12:00:00
9975,445,2,42.8,141,3,2026-01-12 00:00:00
9976,445,3,33.4,125,1,2026-01-13 22:00:00
9977,445,4,42.5,144,1,2026-01-14 20:00:00
9978,445,4,81.1,115,2,2026-01-15 02:00:00
9979,445,4,69.3,121,3,2026-01-15 10:00:00
9980,445,5,58.1,152,1,2026-01-16 22:00:00
9981,445,5,99.3,119,2,2026-01-17 16:00:00
9982,445,6,58.9,150,1,2026-01-18 00:00:00
9983,445,6,71.7,112,2,2026-01-18 12:00:00
9984,445,7,98.2,175,1,2026-01-19 06:00:00
9985,445,7,31.5,124,2,2026-01-19 18:00:00
9986,445,8,68.1,135,1,2026-01-21 07:00:00
9987,445,8,33.2,146,2,2026-01-22 23:00:00
9988,445,8,56.1,128,3,2026-01-23 22:00:00
9989,445,9,58.1,142,1,2026-01-24 23:00:00
9990,445,9,30.9,151,2,2026-01-26 01:00:00
9991,445,10,47.6,159,1,2026-01-26 23:00:00
9992,445,10,87.7,155,2,2026-01-27 17:00:00
9993,445,10,92.4,136,3,2026-01-28 06:00:00
9994,445,11,47.4,137,1,2026-01-28 22:00:00
9995,445,12,47.8,186,1,2026-01-30 01:00:00
9996,445,13,67.7,158,1,2026-01-30 11:00:00
9997,445,14,60.3,121,1,2026-01-30 20:00:00
9998,445,15,30.3,141,1,2026-01-31 22:00:00
9999,445,16,58.9,133,1,2026-02-01 23:00:00
10000,445,16,69.2,137,2,2026-02-02 03:00:00
10001,445,17,75.2,115,1,2026-02-02 15:00:00
10002,445,17,54.7,131,2,2026-02-04 02:00:00
10003,445,18,62.2,176,1,2026-02-04 08:00:00
10004,445,19,90.0,151,1,2026-02-04 22:00:00
10005,446,1,82.9,60,1,2026-01-09 00:00:00
10006,446,1,91.1,134,2,2026-01-09 12:00:00
10007,446,2,79.4,131,1,2026-01-11 00:00:00
10008,446,3,35.7,102,1,2026-01-12 19:00:00
10009,446,4,53.5,124,1,2026-01-13 02:00:00
10010,446,4,53.2,92,2,2026-01-14 11:00:00
10011,446,4,31.2,100,3,2026-01-14 21:00:00
10012,446,5,63.0,139,1,2026-01-15 05:00:00
10013,446,5,56.4,104,2,2026-01-16 06:00:00
10014,446,5,38.0,72,3,2026-01-17 09:00:00
10015,446,6,78.2,108,1,2026-01-19 06:00:00
10016,446,7,99.0,108,1,2026-01-19 15:00:00
10017,446,8,34.9,133,1,2026-01-21 04:00:00
10018,446,9,57.0,110,1,2026-01-21 21:00:00
10019,446,9,57.5,101,2,2026-01-23 16:00:00
10020,446,9,60.6,130,3,2026-01-25 09:00:00
10021,446,10,37.7,112,1,2026-01-27 01:00:00
10022,446,10,78.4,94,2,2026-01-28 00:00:00
10023,446,11,85.4,133,1,2026-01-29 14:00:00
10024,446,12,59.2,113,1,2026-01-30 19:00:00
10025,446,12,63.6,110,2,2026-02-01 16:00:00
10026,446,13,70.6,113,1,2026-02-03 07:00:00
10027,446,14,71.8,88,1,2026-02-03 22:00:00
10028,446,15,46.7,99,1,2026-02-04 08:00:00
10029,446,16,41.9,110,1,2026-02-05 01:00:00
10030,446,16,36.0,106,2,2026-02-05 22:00:00
10031,446,16,51.2,135,3,2026-02-06 21:00:00
10032,446,17,61.7,114,1,2026-02-08 21:00:00
10033,447,1,84.1,127,1,2026-01-16 16:00:00
10034,447,1,62.7,110,2,2026-01-16 22:00:00
10035,447,2,64.6,131,1,2026-01-18 01:00:00
10036,447,3,89.5,117,1,2026-01-19 21:00:00
10037,447,3,72.4,110,2,2026-01-20 16:00:00
10038,447,4,31.0,109,1,2026-01-21 15:00:00
10039,447,4,84.4,90,2,2026-01-22 08:00:00
10040,447,5,66.9,120,1,2026-01-22 18:00:00
10041,447,5,67.5,109,2,2026-01-23 00:00:00
10042,447,5,35.5,99,3,2026-01-24 01:00:00
10043,447,6,70.9,132,1,2026-01-24 12:00:00
10044,447,7,41.8,84,1,2026-01-24 17:00:00
10045,447,8,51.4,101,1,2026-01-25 03:00:00
10046,447,9,57.7,130,1,2026-01-26 05:00:00
10047,447,10,97.3,116,1,2026-01-28 02:00:00
10048,447,10,59.5,109,2,2026-01-28 23:00:00
10049,447,10,51.0,115,3,2026-01-30 04:00:00
10050,447,11,49.9,113,1,2026-01-31 04:00:00
10051,447,12,92.6,79,1,2026-02-01 09:00:00
10052,447,13,50.6,103,1,2026-02-03 09:00:00
10053,447,13,79.5,142,2,2026-02-04 21:00:00
10054,447,13,34.1,96,3,2026-02-05 04:00:00
10055,448,1,59.0,133,1,2026-01-06 00:00:00
10056,448,2,72.7,129,1,2026-01-07 01:00:00
10057,448,3,88.2,138,1,2026-01-08 00:00:00
10058,448,4,32.6,128,1,2026-01-09 02:00:00
10059,448,5,43.7,149,1,2026-01-09 13:00:00
10060,448,5,56.7,143,2,2026-01-10 12:00:00
10061,448,5,58.7,155,3,2026-01-11 12:00:00
10062,448,6,84.7,118,1,2026-01-12 14:00:00
10063,448,6,44.3,133,2,2026-01-13 12:00:00
10064,448,7,42.6,135,1,2026-01-15 12:00:00
10065,448,8,34.8,149,1,2026-01-15 19:00:00
10066,448,9,49.0,124,1,2026-01-17 18:00:00
10067,448,9,31.9,158,2,2026-01-18 05:00:00
10068,448,10,54.9,163,1,2026-01-20 03:00:00
10069,448,10,37.6,120,2,2026-01-22 02:00:00
10070,448,11,38.1,130,1,2026-01-22 16:00:00
10071,448,12,65.3,129,1,2026-01-23 21:00:00
10072,448,12,38.0,192,2,2026-01-25 07:00:00
10073,448,12,69.3,131,3,2026-01-27 01:00:00
10074,448,13,61.2,173,1,2026-01-27 09:00:00
10075,448,14,40.1,114,1,2026-01-28 22:00:00
10076,448,15,40.4,120,1,2026-01-29 05:00:00
10077,448,15,34.1,126,2,2026-01-29 22:00:00
10078,448,15,55.8,123,3,2026-01-31 04:00:00
10079,448,16,30.2,134,1,2026-01-31 17:00:00
10080,448,16,44.8,125,2,2026-01-31 21:00:00
10081,448,16,96.9,123,3,2026-02-01 21:00:00
10082,448,17,47.8,163,1,2026-02-03 07:00:00
10083,448,17,37.0,164,2,2026-02-04 17:00:00
10084,449,1,82.4,108,1,2026-01-15 20:00:00
10085,449,2,77.6,100,1,2026-01-17 20:00:00
10086,449,3,87.0,91,1,2026-01-19 20:00:00
10087,449,4,47.2,80,1,2026-01-20 06:00:00
10088,449,5,80.3,70,1,2026-01-21 20:00:00
10089,449,6,70.7,97,1,2026-01-23 04:00:00
10090,449,7,57.9,66,1,2026-01-23 10:00:00
10091,449,8,72.5,70,1,2026-01-25 08:00:00
10092,449,9,51.0,113,1,2026-01-26 03:00:00
10093,449,9,44.0,128,2,2026-01-27 14:00:00
10094,449,10,68.7,97,1,2026-01-27 19:00:00
10095,449,11,89.8,112,1,2026-01-29 08:00:00
10096,449,12,85.1,85,1,2026-01-30 22:00:00
10097,449,12,99.3,63,2,2026-02-01 13:00:00
10098,449,13,41.5,102,1,2026-02-02 05:00:00
10099,449,14,45.6,101,1,2026-02-03 14:00:00
10100,449,15,89.7,91,1,2026-02-05 08:00:00
10101,449,16,33.1,85,1,2026-02-05 16:00:00
10102,449,16,77.8,109,2,2026-02-07 14:00:00
10103,449,17,90.8,70,1,2026-02-09 04:00:00
10104,449,18,99.1,74,1,2026-02-09 19:00:00
10105,449,18,67.3,69,2,2026-02-11 07:00:00
10106,450,1,93.9,61,1,2026-01-28 18:00:00
10107,450,2,94.0,38,1,2026-01-29 03:00:00
10108,450,3,73.7,46,1,2026-01-30 15:00:00
10109,450,4,98.8,45,1,2026-01-31 19:00:00
10110,450,5,91.6,54,1,2026-02-02 12:00:00
10111,450,5,70.0,30,2,2026-02-04 03:00:00
10112,450,5,89.7,61,3,2026-02-06 02:00:00
10113,450,6,79.4,84,1,2026-02-06 09:00:00
10114,450,7,90.0,62,1,2026-02-07 21:00:00
10115,450,8,94.9,90,1,2026-02-09 14:00:00
10116,450,9,50.4,86,1,2026-02-11 07:00:00
10117,450,10,94.1,75,1,2026-02-12 19:00:00
10118,450,11,93.3,61,1,2026-02-14 12:00:00
10119,450,12,82.6,60,1,2026-02-15 03:00:00
10120,451,1,83.4,155,1,2026-01-03 04:00:00
10121,451,1,99.1,132,2,2026-01-04 06:00:00
10122,451,2,85.4,102,1,2026-01-06 00:00:00
10123,451,2,49.5,149,2,2026-01-06 16:00:00
10124,451,3,69.5,117,1,2026-01-08 06:00:00
10125,451,4,82.1,120,1,2026-01-08 19:00:00
10126,451,5,33.2,140,1,2026-01-09 15:00:00
10127,451,6,58.3,138,1,2026-01-10 01:00:00
10128,451,7,32.3,111,1,2026-01-10 14:00:00
10129,451,8,69.9,143,1,2026-01-12 02:00:00
10130,451,8,87.7,159,2,2026-01-13 21:00:00
10131,451,8,63.3,117,3,2026-01-15 06:00:00
10132,451,9,68.6,165,1,2026-01-16 01:00:00
10133,451,9,61.4,108,2,2026-01-17 07:00:00
10134,451,9,32.1,182,3,2026-01-18 08:00:00
10135,451,10,64.9,131,1,2026-01-18 14:00:00
10136,451,11,64.1,142,1,2026-01-19 00:00:00
10137,451,12,85.2,102,1,2026-01-20 09:00:00
10138,451,12,61.5,138,2,2026-01-21 08:00:00
10139,451,12,31.7,144,3,2026-01-23 06:00:00
10140,451,13,59.4,138,1,2026-01-24 21:00:00
10141,451,14,61.3,128,1,2026-01-25 05:00:00
10142,452,1,73.6,71,1,2026-01-25 03:00:00
10143,452,2,83.7,112,1,2026-01-25 18:00:00
10144,452,2,34.5,90,2,2026-01-26 10:00:00
10145,452,3,72.8,120,1,2026-01-27 01:00:00
10146,452,4,88.1,79,1,2026-01-28 23:00:00
10147,452,4,41.9,81,2,2026-01-30 16:00:00
10148,452,4,89.2,106,3,2026-01-31 11:00:00
10149,452,5,83.0,57,1,2026-01-31 23:00:00
10150,452,6,45.4,65,1,2026-02-01 08:00:00
10151,452,6,80.2,111,2,2026-02-02 21:00:00
10152,452,6,77.2,66,3,2026-02-03 04:00:00
10153,452,7,37.4,53,1,2026-02-05 00:00:00
10154,452,8,78.7,127,1,2026-02-06 00:00:00
10155,452,9,68.7,62,1,2026-02-08 00:00:00
10156,452,10,96.4,93,1,2026-02-08 20:00:00
10157,452,11,72.8,91,1,2026-02-09 15:00:00
10158,452,11,97.4,33,2,2026-02-10 13:00:00
10159,452,12,50.5,84,1,2026-02-10 20:00:00
10160,452,13,53.8,98,1,2026-02-12 11:00:00
10161,452,13,33.3,97,2,2026-02-14 01:00:00
10162,452,13,69.1,108,3,2026-02-14 20:00:00
10163,452,14,94.3,82,1,2026-02-15 23:00:00
10164,452,14,84.3,104,2,2026-02-16 16:00:00
10165,452,14,90.1,76,3,2026-02-17 18:00:00
10166,452,15,84.7,61,1,2026-02-19 00:00:00
10167,452,16,94.3,64,1,2026-02-20 00:00:00
10168,452,17,66.9,60,1,2026-02-20 15:00:00
10169,452,18,93.1,110,1,2026-02-21 19:00:00
10170,452,19,38.0,59,1,2026-02-22 17:00:00
10171,453,1,80.4,95,1,2026-01-03 23:00:00
10172,453,2,70.6,84,1,2026-01-04 23:00:00
10173,453,3,62.2,87,1,2026-01-05 10:00:00
10174,453,4,75.0,117,1,2026-01-05 22:00:00
10175,453,5,52.6,81,1,2026-01-07 22:00:00
10176,453,6,95.0,102,1,2026-01-08 16:00:00
10177,453,7,89.3,90,1,2026-01-09 18:00:00
10178,453,8,79.2,86,1,2026-01-10 03:00:00
10179,453,9,54.7,135,1,2026-01-11 01:00:00
10180,453,10,83.5,61,1,2026-01-12 05:00:00
10181,454,1,32.9,135,1,2026-01-26 05:00:00
10182,454,1,95.9,123,2,2026-01-27 11:00:00
10183,454,2,99.6,100,1,2026-01-28 18:00:00
10184,454,2,81.6,142,2,2026-01-29 15:00:00
10185,454,2,88.8,73,3,2026-01-29 23:00:00
10186,454,3,98.8,99,1,2026-01-30 15:00:00
10187,454,4,85.4,85,1,2026-02-01 00:00:00
10188,454,5,90.0,118,1,2026-02-01 05:00:00
10189,454,6,100.0,87,1,2026-02-01 21:00:00
10190,454,7,44.8,118,1,2026-02-03 17:00:00
10191,454,8,91.0,106,1,2026-02-04 22:00:00
10192,454,9,64.8,100,1,2026-02-06 14:00:00
10193,454,10,98.5,117,1,2026-02-07 13:00:00
10194,454,10,30.7,104,2,2026-02-08 14:00:00
10195,454,10,79.5,88,3,2026-02-10 09:00:00
10196,454,11,89.2,166,1,2026-02-10 14:00:00
10197,454,12,31.9,100,1,2026-02-12 03:00:00
10198,454,13,56.4,65,1,2026-02-12 12:00:00
10199,454,14,56.2,93,1,2026-02-13 20:00:00
10200,454,15,97.9,84,1,2026-02-15 06:00:00
10201,455,1,51.1,76,1,2026-01-31 09:00:00
10202,455,2,85.3,66,1,2026-02-01 10:00:00
10203,455,2,94.6,67,2,2026-02-01 23:00:00
10204,455,3,82.1,52,1,2026-02-03 11:00:00
10205,455,3,85.3,54,2,2026-02-05 00:00:00
10206,455,4,90.8,52,1,2026-02-06 08:00:00
10207,455,5,83.1,58,1,2026-02-07 18:00:00
10208,455,6,84.6,76,1,2026-02-09 10:00:00
10209,455,7,85.2,66,1,2026-02-10 13:00:00
10210,455,8,39.1,70,1,2026-02-12 07:00:00
10211,455,9,89.9,69,1,2026-02-13 02:00:00
10212,455,9,76.3,77,2,2026-02-14 05:00:00
10213,455,9,73.3,65,3,2026-02-14 11:00:00
10214,455,10,84.0,67,1,2026-02-16 09:00:00
10215,455,11,93.3,83,1,2026-02-16 19:00:00
10216,455,12,81.3,46,1,2026-02-18 19:00:00
10217,456,1,96.7,72,1,2026-01-30 17:00:00
10218,456,2,70.3,66,1,2026-01-31 19:00:00
10219,456,3,77.2,93,1,2026-02-02 13:00:00
10220,456,3,79.7,52,2,2026-02-04 02:00:00
10221,456,3,54.0,99,3,2026-02-05 14:00:00
10222,456,4,59.4,87,1,2026-02-06 19:00:00
10223,456,5,39.1,112,1,2026-02-08 08:00:00
10224,456,6,74.5,76,1,2026-02-08 16:00:00
10225,456,7,59.0,85,1,2026-02-09 06:00:00
10226,456,7,55.7,112,2,2026-02-10 03:00:00
10227,456,7,61.8,117,3,2026-02-11 04:00:00
10228,456,8,32.5,76,1,2026-02-11 08:00:00
10229,456,9,34.9,93,1,2026-02-11 15:00:00
10230,456,10,59.9,95,1,2026-02-13 01:00:00
10231,456,11,59.4,97,1,2026-02-13 14:00:00
10232,456,12,40.6,84,1,2026-02-13 20:00:00
10233,456,13,35.6,115,1,2026-02-14 22:00:00
10234,456,13,63.4,52,2,2026-02-15 16:00:00
10235,456,13,68.0,81,3,2026-02-16 22:00:00
10236,456,14,64.3,98,1,2026-02-18 19:00:00
10237,457,1,72.6,69,1,2026-01-15 10:00:00
10238,457,2,89.7,87,1,2026-01-16 22:00:00
10239,457,3,76.7,83,1,2026-01-18 19:00:00
10240,457,4,89.1,54,1,2026-01-19 09:00:00
10241,457,5,72.6,85,1,2026-01-21 07:00:00
10242,457,5,90.2,45,2,2026-01-21 11:00:00
10243,457,6,34.1,78,1,2026-01-23 04:00:00
10244,457,7,50.8,96,1,2026-01-23 15:00:00
10245,457,8,72.6,84,1,2026-01-23 20:00:00
10246,457,9,74.1,62,1,2026-01-24 15:00:00
10247,457,10,94.9,53,1,2026-01-25 19:00:00
10248,457,11,59.2,30,1,2026-01-27 10:00:00
10249,457,12,73.5,66,1,2026-01-28 23:00:00
10250,457,13,70.3,37,1,2026-01-30 06:00:00
10251,457,14,39.1,44,1,2026-01-31 20:00:00
10252,457,15,39.0,36,1,2026-02-01 11:00:00
10253,457,16,89.4,50,1,2026-02-02 07:00:00
10254,457,17,95.9,59,1,2026-02-02 23:00:00
10255,458,1,85.1,95,1,2026-01-12 08:00:00
10256,458,2,35.8,77,1,2026-01-13 01:00:00
10257,458,3,96.4,111,1,2026-01-14 09:00:00
10258,458,3,76.9,85,2,2026-01-15 11:00:00
10259,458,3,54.9,74,3,2026-01-16 01:00:00
10260,458,4,75.1,94,1,2026-01-17 03:00:00
10261,458,5,89.4,129,1,2026-01-18 15:00:00
10262,458,5,81.2,96,2,2026-01-20 11:00:00
10263,458,5,86.0,82,3,2026-01-21 20:00:00
10264,458,6,73.7,59,1,2026-01-22 19:00:00
10265,458,7,62.3,85,1,2026-01-24 03:00:00
10266,458,7,71.6,94,2,2026-01-24 19:00:00
10267,458,7,72.9,82,3,2026-01-26 05:00:00
10268,458,8,95.2,56,1,2026-01-28 00:00:00
10269,458,9,74.4,72,1,2026-01-29 23:00:00
10270,458,10,37.3,119,1,2026-01-31 01:00:00
10271,459,1,84.1,88,1,2026-01-09 14:00:00
10272,459,2,90.2,42,1,2026-01-10 02:00:00
10273,459,3,60.0,73,1,2026-01-11 16:00:00
10274,459,4,75.8,36,1,2026-01-12 11:00:00
10275,459,5,99.3,88,1,2026-01-14 02:00:00
10276,459,6,95.7,64,1,2026-01-15 06:00:00
10277,459,7,60.6,78,1,2026-01-16 01:00:00
10278,459,7,71.7,30,2,2026-01-16 06:00:00
10279,459,7,76.3,73,3,2026-01-16 12:00:00
10280,459,8,96.5,59,1,2026-01-16 16:00:00
10281,459,8,90.9,77,2,2026-01-18 08:00:00
10282,459,9,97.8,78,1,2026-01-19 04:00:00
10283,459,10,95.9,61,1,2026-01-19 11:00:00
10284,459,11,97.9,47,1,2026-01-20 01:00:00
10285,459,12,79.8,75,1,2026-01-22 00:00:00
10286,459,13,63.4,58,1,2026-01-22 04:00:00
10287,459,14,90.1,42,1,2026-01-23 02:00:00
10288,459,14,76.9,41,2,2026-01-24 13:00:00
10289,459,15,33.5,30,1,2026-01-25 08:00:00
10290,459,16,30.1,49,1,2026-01-27 07:00:00
10291,459,16,56.1,82,2,2026-01-27 15:00:00
10292,459,16,85.4,63,3,2026-01-28 23:00:00
10293,459,17,43.6,49,1,2026-01-30 03:00:00
10294,459,18,80.1,76,1,2026-01-30 21:00:00
10295,459,19,79.2,43,1,2026-01-31 05:00:00
10296,459,19,44.9,61,2,2026-02-02 05:00:00
10297,459,20,89.6,56,1,2026-02-02 19:00:00
10298,460,1,89.4,75,1,2026-01-08 14:00:00
10299,460,2,90.7,30,1,2026-01-09 23:00:00
10300,460,3,85.6,42,1,2026-01-10 13:00:00
10301,460,3,90.5,30,2,2026-01-10 22:00:00
10302,460,4,46.9,54,1,2026-01-12 11:00:00
10303,460,5,63.8,84,1,2026-01-12 19:00:00
10304,460,5,56.2,49,2,2026-01-14 14:00:00
10305,460,5,86.1,49,3,2026-01-16 03:00:00
10306,460,6,73.1,77,1,2026-01-16 14:00:00
10307,460,7,86.2,81,1,2026-01-16 21:00:00
10308,460,8,93.1,58,1,2026-01-17 12:00:00
10309,460,9,83.1,73,1,2026-01-17 23:00:00
10310,460,10,81.1,38,1,2026-01-19 11:00:00
10311,460,11,85.5,87,1,2026-01-20 05:00:00
10312,460,12,81.9,102,1,2026-01-21 09:00:00
10313,461,1,75.1,70,1,2026-01-26 11:00:00
10314,461,2,78.2,30,1,2026-01-27 03:00:00
10315,461,3,30.3,48,1,2026-01-28 11:00:00
10316,461,4,39.0,72,1,2026-01-28 21:00:00
10317,461,4,34.9,51,2,2026-01-30 16:00:00
10318,461,4,47.1,85,3,2026-01-31 06:00:00
10319,461,5,98.8,71,1,2026-02-01 22:00:00
10320,461,5,35.6,45,2,2026-02-03 17:00:00
10321,461,6,79.6,60,1,2026-02-04 09:00:00
10322,461,7,84.9,42,1,2026-02-06 00:00:00
10323,461,8,36.7,56,1,2026-02-06 06:00:00
10324,461,9,72.0,48,1,2026-02-08 06:00:00
10325,461,9,36.9,83,2,2026-02-08 18:00:00
10326,461,10,98.7,102,1,2026-02-10 04:00:00
10327,461,10,89.7,31,2,2026-02-10 19:00:00
10328,461,11,97.3,30,1,2026-02-11 12:00:00
10329,461,12,98.2,55,1,2026-02-13 06:00:00
10330,461,13,77.8,30,1,2026-02-13 15:00:00
10331,461,14,100.0,60,1,2026-02-14 11:00:00
10332,461,15,43.1,74,1,2026-02-14 23:00:00
10333,461,16,90.4,89,1,2026-02-15 22:00:00
10334,461,17,85.2,64,1,2026-02-16 18:00:00
10335,461,18,79.6,56,1,2026-02-17 05:00:00
10336,461,19,84.8,30,1,2026-02-18 09:00:00
10337,462,1,98.3,90,1,2026-01-21 12:00:00
10338,462,2,79.7,91,1,2026-01-22 05:00:00
10339,462,3,36.3,102,1,2026-01-23 10:00:00
10340,462,3,33.0,75,2,2026-01-24 21:00:00
10341,462,3,68.0,81,3,2026-01-25 15:00:00
10342,462,4,56.2,60,1,2026-01-27 05:00:00
10343,462,5,51.4,44,1,2026-01-29 00:00:00
10344,462,6,83.2,67,1,2026-01-29 08:00:00
10345,462,7,77.5,58,1,2026-01-30 11:00:00
10346,462,8,94.6,96,1,2026-02-01 00:00:00
10347,462,8,66.5,79,2,2026-02-02 14:00:00
10348,462,9,30.7,79,1,2026-02-03 09:00:00
10349,462,9,39.6,70,2,2026-02-04 09:00:00
10350,462,9,58.0,30,3,2026-02-05 23:00:00
10351,462,10,99.3,120,1,2026-02-06 21:00:00
10352,462,11,73.4,69,1,2026-02-07 19:00:00
10353,462,12,63.0,81,1,2026-02-09 18:00:00
10354,462,13,87.1,60,1,2026-02-11 00:00:00
10355,462,13,64.0,109,2,2026-02-12 07:00:00
10356,462,13,46.8,92,3,2026-02-13 13:00:00
10357,462,14,67.0,73,1,2026-02-15 05:00:00
10358,463,1,32.7,132,1,2026-01-30 09:00:00
10359,463,2,62.0,173,1,2026-01-31 17:00:00
10360,463,2,86.0,138,2,2026-02-01 18:00:00
10361,463,2,56.9,136,3,2026-02-02 15:00:00
10362,463,3,83.4,121,1,2026-02-04 14:00:00
10363,463,4,48.6,102,1,2026-02-05 07:00:00
10364,463,4,89.4,136,2,2026-02-07 06:00:00
10365,463,4,78.3,146,3,2026-02-08 16:00:00
10366,463,5,44.7,161,1,2026-02-10 05:00:00
10367,463,6,41.3,95,1,2026-02-10 13:00:00
10368,463,7,46.4,117,1,2026-02-11 19:00:00
10369,463,7,32.5,128,2,2026-02-13 09:00:00
10370,463,7,60.6,139,3,2026-02-14 11:00:00
10371,463,8,58.5,137,1,2026-02-14 19:00:00
10372,463,9,60.2,137,1,2026-02-16 03:00:00
10373,463,9,57.3,148,2,2026-02-17 01:00:00
10374,463,10,66.3,121,1,2026-02-17 23:00:00
10375,463,10,40.6,158,2,2026-02-18 18:00:00
10376,463,10,74.0,148,3,2026-02-19 04:00:00
10377,463,11,94.8,133,1,2026-02-19 23:00:00
10378,463,12,46.5,172,1,2026-02-21 23:00:00
10379,463,13,55.3,171,1,2026-02-22 19:00:00
10380,463,13,40.2,158,2,2026-02-23 14:00:00
10381,463,13,38.8,79,3,2026-02-24 05:00:00
10382,463,14,55.8,171,1,2026-02-26 03:00:00
10383,463,14,49.0,155,2,2026-02-27 22:00:00
10384,463,15,56.1,180,1,2026-03-01 04:00:00
10385,463,16,60.5,164,1,2026-03-02 05:00:00
10386,463,17,55.9,171,1,2026-03-02 11:00:00
10387,463,18,32.5,157,1,2026-03-03 20:00:00
10388,463,19,34.5,166,1,2026-03-05 04:00:00
10389,463,19,39.2,179,2,2026-03-06 18:00:00
10390,464,1,57.5,94,1,2026-01-17 20:00:00
10391,464,1,85.8,58,2,2026-01-18 23:00:00
10392,464,1,79.8,83,3,2026-01-19 05:00:00
10393,464,2,76.7,97,1,2026-01-19 20:00:00
10394,464,3,54.4,91,1,2026-01-21 09:00:00
10395,464,4,67.2,65,1,2026-01-22 20:00:00
10396,464,4,99.2,57,2,2026-01-24 12:00:00
10397,464,4,36.8,75,3,2026-01-25 01:00:00
10398,464,5,35.2,106,1,2026-01-26 05:00:00
10399,464,6,94.0,121,1,2026-01-26 10:00:00
10400,464,7,70.8,108,1,2026-01-28 10:00:00
10401,464,8,94.8,111,1,2026-01-30 04:00:00
10402,464,9,60.9,88,1,2026-02-01 00:00:00
10403,464,10,92.0,55,1,2026-02-02 11:00:00
10404,464,10,97.0,80,2,2026-02-04 00:00:00
10405,464,10,72.3,84,3,2026-02-05 08:00:00
10406,465,1,75.9,100,1,2026-01-12 02:00:00
10407,465,1,68.5,111,2,2026-01-13 03:00:00
10408,465,1,92.8,118,3,2026-01-13 23:00:00
10409,465,2,63.5,127,1,2026-01-14 23:00:00
10410,465,3,96.5,104,1,2026-01-15 10:00:00
10411,465,3,95.1,71,2,2026-01-15 18:00:00
10412,465,4,90.1,100,1,2026-01-17 09:00:00
10413,465,4,79.0,110,2,2026-01-19 05:00:00
10414,465,4,41.2,134,3,2026-01-20 07:00:00
10415,465,5,54.4,98,1,2026-01-22 04:00:00
10416,465,6,51.9,120,1,2026-01-22 15:00:00
10417,465,7,71.3,115,1,2026-01-23 16:00:00
10418,465,7,64.7,110,2,2026-01-24 06:00:00
10419,465,7,84.3,128,3,2026-01-25 09:00:00
10420,465,8,69.5,96,1,2026-01-25 14:00:00
10421,465,8,71.1,98,2,2026-01-25 21:00:00
10422,465,8,71.5,109,3,2026-01-26 08:00:00
10423,465,9,98.8,97,1,2026-01-26 12:00:00
10424,465,10,63.6,120,1,2026-01-27 21:00:00
10425,466,1,96.0,75,1,2026-01-23 15:00:00
10426,466,1,76.7,94,2,2026-01-24 18:00:00
10427,466,2,74.8,87,1,2026-01-25 18:00:00
10428,466,3,39.0,94,1,2026-01-26 06:00:00
10429,466,4,46.2,80,1,2026-01-27 02:00:00
10430,466,5,84.6,83,1,2026-01-28 07:00:00
10431,466,5,96.9,91,2,2026-01-29 04:00:00
10432,466,6,68.4,94,1,2026-01-29 14:00:00
10433,466,7,71.3,89,1,2026-01-30 21:00:00
10434,466,8,31.2,124,1,2026-01-31 14:00:00
10435,466,8,38.2,70,2,2026-02-01 11:00:00
10436,466,8,98.7,88,3,2026-02-01 19:00:00
10437,466,9,72.5,58,1,2026-02-03 07:00:00
10438,466,9,65.0,97,2,2026-02-04 02:00:00
10439,466,9,56.1,67,3,2026-02-05 11:00:00
10440,466,10,45.4,84,1,2026-02-07 02:00:00
10441,466,11,73.5,82,1,2026-02-08 17:00:00
10442,467,1,83.9,95,1,2026-01-23 11:00:00
10443,467,2,80.8,78,1,2026-01-24 05:00:00
10444,467,3,89.0,78,1,2026-01-25 05:00:00
10445,467,4,64.4,118,1,2026-01-25 09:00:00
10446,467,5,61.1,95,1,2026-01-25 15:00:00
10447,467,6,54.0,78,1,2026-01-27 02:00:00
10448,467,7,78.7,84,1,2026-01-28 08:00:00
10449,467,7,52.0,122,2,2026-01-30 03:00:00
10450,467,7,93.9,85,3,2026-01-30 16:00:00
10451,467,8,80.6,76,1,2026-01-31 06:00:00
10452,467,9,43.4,76,1,2026-02-01 00:00:00
10453,467,9,80.7,79,2,2026-02-01 16:00:00
10454,467,10,33.0,78,1,2026-02-03 02:00:00
10455,467,11,55.1,64,1,2026-02-03 17:00:00
10456,467,12,83.6,67,1,2026-02-04 03:00:00
10457,467,13,73.5,73,1,2026-02-05 08:00:00
10458,467,13,82.7,101,2,2026-02-07 08:00:00
10459,467,13,80.1,82,3,2026-02-08 19:00:00
10460,467,14,63.9,85,1,2026-02-09 06:00:00
10461,467,14,73.3,115,2,2026-02-10 19:00:00
10462,467,15,99.3,115,1,2026-02-12 05:00:00
10463,467,16,92.9,84,1,2026-02-12 16:00:00
10464,467,17,81.6,77,1,2026-02-13 08:00:00
10465,467,18,32.6,72,1,2026-02-15 03:00:00
10466,467,18,99.1,103,2,2026-02-17 01:00:00
10467,467,19,53.6,85,1,2026-02-18 22:00:00
10468,467,19,90.8,82,2,2026-02-19 19:00:00
10469,467,20,88.8,73,1,2026-02-20 20:00:00
10470,468,1,70.8,124,1,2026-01-19 18:00:00
10471,468,2,36.3,146,1,2026-01-20 00:00:00
10472,468,3,51.9,113,1,2026-01-21 12:00:00
10473,468,3,37.9,159,2,2026-01-22 10:00:00
10474,468,3,66.4,129,3,2026-01-23 16:00:00
10475,468,4,49.3,137,1,2026-01-25 10:00:00
10476,468,5,42.3,113,1,2026-01-27 00:00:00
10477,468,5,92.6,139,2,2026-01-27 13:00:00
10478,468,6,88.3,133,1,2026-01-28 12:00:00
10479,468,7,71.0,138,1,2026-01-28 23:00:00
10480,468,8,78.4,169,1,2026-01-30 22:00:00
10481,468,9,37.2,143,1,2026-01-31 17:00:00
10482,468,9,91.9,124,2,2026-02-01 03:00:00
10483,468,10,97.0,125,1,2026-02-01 19:00:00
10484,468,11,71.7,151,1,2026-02-02 05:00:00
10485,468,11,62.0,165,2,2026-02-03 11:00:00
10486,468,11,54.3,145,3,2026-02-03 16:00:00
10487,469,1,72.4,73,1,2026-01-14 08:00:00
10488,469,2,90.8,72,1,2026-01-15 03:00:00
10489,469,2,91.8,88,2,2026-01-15 18:00:00
10490,469,3,72.9,30,1,2026-01-16 20:00:00
10491,469,4,85.8,73,1,2026-01-17 05:00:00
10492,469,5,60.6,79,1,2026-01-17 20:00:00
10493,469,5,81.0,33,2,2026-01-19 10:00:00
10494,469,6,80.7,42,1,2026-01-19 14:00:00
10495,469,6,73.2,42,2,2026-01-21 12:00:00
10496,469,6,76.5,45,3,2026-01-22 18:00:00
10497,469,7,71.4,50,1,2026-01-24 15:00:00
10498,469,8,88.5,64,1,2026-01-26 03:00:00
10499,469,9,96.3,77,1,2026-01-27 05:00:00
10500,469,9,42.1,81,2,2026-01-28 23:00:00
10501,469,9,31.5,43,3,2026-01-29 04:00:00
10502,469,10,80.6,43,1,2026-01-29 17:00:00
10503,469,11,52.4,86,1,2026-01-31 14:00:00
10504,469,12,77.8,72,1,2026-02-02 06:00:00
10505,469,12,92.2,61,2,2026-02-02 21:00:00
10506,469,13,93.6,69,1,2026-02-03 19:00:00
10507,469,14,41.9,59,1,2026-02-05 10:00:00
10508,469,15,67.3,70,1,2026-02-06 17:00:00
10509,469,16,60.7,53,1,2026-02-07 14:00:00
10510,469,17,44.4,65,1,2026-02-09 11:00:00
10511,469,18,77.3,30,1,2026-02-09 18:00:00
10512,469,18,61.0,46,2,2026-02-10 18:00:00
10513,469,19,95.3,46,1,2026-02-12 00:00:00
10514,469,19,96.0,52,2,2026-02-13 00:00:00
10515,469,19,45.0,41,3,2026-02-13 19:00:00
10516,469,20,73.5,49,1,2026-02-14 02:00:00
10517,469,20,60.6,30,2,2026-02-14 20:00:00
10518,469,20,32.6,70,3,2026-02-15 17:00:00
10519,470,1,33.5,108,1,2026-01-07 08:00:00
10520,470,2,45.8,75,1,2026-01-08 11:00:00
10521,470,2,84.7,93,2,2026-01-08 16:00:00
10522,470,2,99.0,116,3,2026-01-08 23:00:00
10523,470,3,65.7,99,1,2026-01-10 16:00:00
10524,470,4,41.7,96,1,2026-01-11 16:00:00
10525,470,5,48.2,108,1,2026-01-13 02:00:00
10526,470,5,87.9,116,2,2026-01-14 19:00:00
10527,470,5,44.9,81,3,2026-01-16 17:00:00
10528,470,6,31.2,121,1,2026-01-17 00:00:00
10529,470,7,97.6,93,1,2026-01-17 10:00:00
10530,470,8,53.7,109,1,2026-01-17 21:00:00
10531,470,8,96.5,109,2,2026-01-18 13:00:00
10532,470,9,63.1,99,1,2026-01-20 01:00:00
10533,470,9,34.9,89,2,2026-01-20 16:00:00
10534,470,10,73.9,104,1,2026-01-22 11:00:00
10535,470,11,46.3,142,1,2026-01-24 00:00:00
10536,470,12,30.7,82,1,2026-01-24 13:00:00
10537,470,12,99.6,143,2,2026-01-25 01:00:00
10538,470,13,61.8,104,1,2026-01-26 22:00:00
10539,470,13,55.3,110,2,2026-01-28 16:00:00
10540,470,13,97.4,88,3,2026-01-30 12:00:00
10541,470,14,65.6,94,1,2026-01-31 16:00:00
10542,470,15,85.2,99,1,2026-02-02 00:00:00
10543,470,15,74.9,89,2,2026-02-02 06:00:00
10544,470,16,68.0,105,1,2026-02-03 05:00:00
10545,470,17,50.8,101,1,2026-02-04 23:00:00
10546,470,17,82.6,147,2,2026-02-06 17:00:00
10547,470,18,91.0,86,1,2026-02-08 06:00:00
10548,471,1,82.9,62,1,2026-01-17 23:00:00
10549,471,2,75.3,64,1,2026-01-19 18:00:00
10550,471,3,96.9,38,1,2026-01-20 07:00:00
10551,471,3,88.0,73,2,2026-01-20 15:00:00
10552,471,4,54.1,52,1,2026-01-22 00:00:00
10553,471,5,52.8,30,1,2026-01-22 06:00:00
10554,471,6,91.3,73,1,2026-01-23 19:00:00
10555,471,7,75.9,37,1,2026-01-24 14:00:00
10556,471,8,90.6,39,1,2026-01-26 09:00:00
10557,471,9,34.2,73,1,2026-01-28 00:00:00
10558,471,10,99.2,53,1,2026-01-29 12:00:00
10559,471,11,78.1,78,1,2026-01-30 20:00:00
10560,471,12,85.9,84,1,2026-01-31 04:00:00
10561,471,12,88.3,47,2,2026-02-01 16:00:00
10562,471,13,94.3,75,1,2026-02-03 16:00:00
10563,471,14,94.6,44,1,2026-02-04 01:00:00
10564,472,1,77.1,154,1,2026-01-07 10:00:00
10565,472,2,97.2,96,1,2026-01-09 06:00:00
10566,472,3,96.4,130,1,2026-01-10 23:00:00
10567,472,4,72.5,126,1,2026-01-12 10:00:00
10568,472,5,46.8,116,1,2026-01-12 21:00:00
10569,472,6,44.8,96,1,2026-01-14 07:00:00
10570,472,7,94.2,106,1,2026-01-15 22:00:00
10571,472,7,52.4,66,2,2026-01-17 03:00:00
10572,472,8,66.4,114,1,2026-01-18 17:00:00
10573,472,8,98.7,116,2,2026-01-19 18:00:00
10574,472,8,94.8,112,3,2026-01-20 00:00:00
10575,472,9,50.6,50,1,2026-01-20 04:00:00
10576,472,10,98.1,84,1,2026-01-21 11:00:00
10577,472,11,63.3,95,1,2026-01-22 09:00:00
10578,472,11,70.9,115,2,2026-01-24 07:00:00
10579,472,11,86.3,115,3,2026-01-25 01:00:00
10580,473,1,93.2,56,1,2026-01-20 01:00:00
10581,473,2,95.7,72,1,2026-01-20 16:00:00
10582,473,3,37.6,39,1,2026-01-21 06:00:00
10583,473,4,74.6,72,1,2026-01-22 05:00:00
10584,473,5,38.4,69,1,2026-01-22 19:00:00
10585,473,6,74.3,67,1,2026-01-23 20:00:00
10586,473,7,83.4,56,1,2026-01-25 01:00:00
10587,473,8,95.2,96,1,2026-01-25 18:00:00
10588,473,9,93.8,69,1,2026-01-27 09:00:00
10589,473,9,59.4,40,2,2026-01-28 18:00:00
10590,473,9,72.5,64,3,2026-01-29 04:00:00
10591,473,10,71.8,75,1,2026-01-31 01:00:00
10592,473,11,74.9,48,1,2026-02-01 08:00:00
10593,474,1,49.6,161,1,2026-01-12 23:00:00
10594,474,2,65.9,147,1,2026-01-13 21:00:00
10595,474,3,99.4,93,1,2026-01-14 09:00:00
10596,474,4,33.6,145,1,2026-01-16 07:00:00
10597,474,4,72.4,131,2,2026-01-16 17:00:00
10598,474,5,78.0,150,1,2026-01-17 04:00:00
10599,474,6,90.2,158,1,2026-01-17 15:00:00
10600,474,6,91.0,143,2,2026-01-19 13:00:00
10601,474,7,33.2,173,1,2026-01-19 17:00:00
10602,474,8,56.4,136,1,2026-01-21 16:00:00
10603,474,9,50.5,152,1,2026-01-22 16:00:00
10604,474,10,41.2,156,1,2026-01-23 19:00:00
10605,474,10,33.5,138,2,2026-01-25 06:00:00
10606,474,11,56.8,155,1,2026-01-27 01:00:00
10607,474,12,44.1,128,1,2026-01-27 23:00:00
10608,475,1,63.0,81,1,2026-01-26 03:00:00
10609,475,2,74.8,63,1,2026-01-28 00:00:00
10610,475,3,87.2,94,1,2026-01-29 05:00:00
10611,475,4,87.1,96,1,2026-01-30 11:00:00
10612,475,5,89.9,113,1,2026-01-30 16:00:00
10613,475,5,81.7,105,2,2026-01-31 00:00:00
10614,475,5,50.5,84,3,2026-02-01 14:00:00
10615,475,6,41.0,66,1,2026-02-02 06:00:00
10616,475,7,97.6,98,1,2026-02-02 21:00:00
10617,475,8,71.7,112,1,2026-02-03 21:00:00
10618,475,9,92.5,105,1,2026-02-04 17:00:00
10619,475,10,72.3,111,1,2026-02-06 14:00:00
10620,475,11,95.9,85,1,2026-02-07 17:00:00
10621,475,12,98.7,80,1,2026-02-08 18:00:00
10622,475,13,92.8,75,1,2026-02-10 01:00:00
10623,475,14,99.9,88,1,2026-02-11 14:00:00
10624,476,1,56.3,108,1,2026-01-23 00:00:00
10625,476,2,77.3,114,1,2026-01-23 21:00:00
10626,476,3,90.2,107,1,2026-01-24 01:00:00
10627,476,4,58.2,107,1,2026-01-25 01:00:00
10628,476,5,55.0,94,1,2026-01-26 13:00:00
10629,476,6,90.3,128,1,2026-01-28 05:00:00
10630,476,7,56.5,111,1,2026-01-29 07:00:00
10631,476,8,33.6,106,1,2026-01-29 17:00:00
10632,476,8,83.9,95,2,2026-01-31 10:00:00
10633,476,8,75.5,83,3,2026-02-01 06:00:00
10634,476,9,65.2,136,1,2026-02-02 20:00:00
10635,476,9,85.0,121,2,2026-02-03 04:00:00
10636,476,9,30.3,77,3,2026-02-04 08:00:00
10637,476,10,93.5,125,1,2026-02-05 18:00:00
10638,476,11,80.3,128,1,2026-02-06 02:00:00
10639,476,11,94.4,112,2,2026-02-07 00:00:00
10640,476,11,68.3,141,3,2026-02-07 08:00:00
10641,476,12,54.4,114,1,2026-02-08 19:00:00
10642,476,12,34.9,81,2,2026-02-09 18:00:00
10643,476,13,38.3,117,1,2026-02-10 03:00:00
10644,476,14,46.4,114,1,2026-02-11 21:00:00
10645,476,15,93.6,97,1,2026-02-13 10:00:00
10646,476,16,30.5,121,1,2026-02-14 15:00:00
10647,476,17,41.6,76,1,2026-02-15 12:00:00
10648,476,17,42.2,129,2,2026-02-16 05:00:00
10649,477,1,95.9,42,1,2026-01-21 11:00:00
10650,477,2,50.1,40,1,2026-01-23 06:00:00
10651,477,3,31.0,57,1,2026-01-24 00:00:00
10652,477,4,89.2,68,1,2026-01-24 16:00:00
10653,477,5,60.5,63,1,2026-01-25 10:00:00
10654,477,6,87.9,45,1,2026-01-25 22:00:00
10655,477,7,66.5,49,1,2026-01-26 16:00:00
10656,477,8,91.1,37,1,2026-01-27 23:00:00
10657,477,9,92.1,55,1,2026-01-28 16:00:00
10658,477,10,90.6,81,1,2026-01-30 01:00:00
10659,477,11,84.1,59,1,2026-01-31 08:00:00
10660,478,1,96.9,107,1,2026-01-12 08:00:00
10661,478,2,86.6,119,1,2026-01-14 03:00:00
10662,478,3,86.8,78,1,2026-01-16 03:00:00
10663,478,4,89.6,86,1,2026-01-17 05:00:00
10664,478,4,74.6,133,2,2026-01-17 19:00:00
10665,478,5,54.6,118,1,2026-01-18 16:00:00
10666,478,6,74.2,56,1,2026-01-19 15:00:00
10667,478,7,75.8,97,1,2026-01-21 09:00:00
10668,478,8,54.5,90,1,2026-01-22 07:00:00
10669,478,9,84.0,106,1,2026-01-24 02:00:00
10670,478,9,80.9,75,2,2026-01-25 08:00:00
10671,478,9,67.9,73,3,2026-01-25 12:00:00
10672,478,10,46.5,76,1,2026-01-25 21:00:00
10673,478,11,73.2,78,1,2026-01-27 05:00:00
10674,478,12,80.7,106,1,2026-01-28 22:00:00
10675,478,12,35.2,66,2,2026-01-29 08:00:00
10676,478,13,72.8,77,1,2026-01-30 04:00:00
10677,479,1,43.0,74,1,2026-02-01 16:00:00
10678,479,1,91.3,130,2,2026-02-02 01:00:00
10679,479,2,93.2,135,1,2026-02-02 19:00:00
10680,479,3,47.4,103,1,2026-02-04 19:00:00
10681,479,4,98.7,104,1,2026-02-05 19:00:00
10682,479,5,33.4,119,1,2026-02-06 18:00:00
10683,479,5,75.1,139,2,2026-02-08 12:00:00
10684,479,5,51.5,118,3,2026-02-10 02:00:00
10685,479,6,62.1,96,1,2026-02-12 00:00:00
10686,479,7,97.3,77,1,2026-02-12 12:00:00
10687,479,8,72.6,87,1,2026-02-14 10:00:00
10688,479,8,62.7,111,2,2026-02-15 12:00:00
10689,479,9,52.0,96,1,2026-02-17 03:00:00
10690,479,10,71.0,113,1,2026-02-17 22:00:00
10691,479,10,30.8,98,2,2026-02-19 03:00:00
10692,479,10,97.1,88,3,2026-02-20 04:00:00
10693,479,11,85.0,86,1,2026-02-21 20:00:00
10694,479,12,88.1,141,1,2026-02-23 02:00:00
10695,479,12,85.3,127,2,2026-02-23 06:00:00
10696,479,12,86.8,144,3,2026-02-23 18:00:00
10697,479,13,78.3,120,1,2026-02-25 07:00:00
10698,479,14,53.3,101,1,2026-02-26 18:00:00
10699,479,15,63.0,136,1,2026-02-28 13:00:00
10700,479,15,99.9,109,2,2026-03-02 01:00:00
10701,479,15,95.8,114,3,2026-03-03 18:00:00
10702,479,16,54.3,109,1,2026-03-05 03:00:00
10703,479,16,65.0,51,2,2026-03-07 01:00:00
10704,479,16,68.6,142,3,2026-03-08 08:00:00
10705,479,17,48.7,119,1,2026-03-08 20:00:00
10706,480,1,39.4,96,1,2026-01-25 18:00:00
10707,480,1,92.5,88,2,2026-01-26 21:00:00
10708,480,1,72.9,93,3,2026-01-27 09:00:00
10709,480,2,38.7,78,1,2026-01-29 07:00:00
10710,480,3,41.2,102,1,2026-01-29 14:00:00
10711,480,4,83.6,63,1,2026-01-30 03:00:00
10712,480,5,92.7,93,1,2026-01-31 02:00:00
10713,480,5,67.1,101,2,2026-01-31 16:00:00
10714,480,6,86.4,86,1,2026-01-31 21:00:00
10715,480,7,97.9,97,1,2026-02-01 18:00:00
10716,480,8,84.8,70,1,2026-02-02 06:00:00
10717,480,9,90.5,70,1,2026-02-03 15:00:00
10718,480,10,74.5,94,1,2026-02-05 11:00:00
10719,480,11,93.7,103,1,2026-02-07 02:00:00
10720,480,11,87.9,52,2,2026-02-08 06:00:00
10721,480,12,73.2,100,1,2026-02-09 22:00:00
10722,480,12,57.2,79,2,2026-02-11 10:00:00
10723,480,12,80.1,86,3,2026-02-12 17:00:00
10724,480,13,40.5,63,1,2026-02-13 08:00:00
10725,480,13,95.3,72,2,2026-02-14 06:00:00
10726,480,13,46.0,109,3,2026-02-16 04:00:00
10727,480,14,94.0,90,1,2026-02-18 01:00:00
10728,480,15,35.6,82,1,2026-02-18 12:00:00
10729,481,1,88.7,87,1,2026-01-27 22:00:00
10730,481,1,79.6,99,2,2026-01-28 21:00:00
10731,481,1,44.7,98,3,2026-01-30 05:00:00
10732,481,2,73.7,88,1,2026-01-31 04:00:00
10733,481,3,56.4,111,1,2026-02-01 18:00:00
10734,481,4,70.2,109,1,2026-02-03 18:00:00
10735,481,5,88.2,98,1,2026-02-05 07:00:00
10736,481,6,82.8,91,1,2026-02-06 19:00:00
10737,481,7,59.1,103,1,2026-02-07 23:00:00
10738,481,8,93.3,96,1,2026-02-08 18:00:00
10739,481,8,41.8,111,2,2026-02-10 02:00:00
10740,481,8,44.8,107,3,2026-02-11 14:00:00
10741,481,9,88.0,69,1,2026-02-13 01:00:00
10742,481,10,95.0,68,1,2026-02-13 08:00:00
10743,481,11,75.5,75,1,2026-02-14 18:00:00
10744,481,12,98.4,109,1,2026-02-15 21:00:00
10745,481,13,92.9,58,1,2026-02-17 07:00:00
10746,481,13,69.2,97,2,2026-02-17 23:00:00
10747,481,14,77.6,97,1,2026-02-19 21:00:00
10748,481,14,80.7,113,2,2026-02-20 17:00:00
10749,481,14,37.8,93,3,2026-02-22 07:00:00
10750,481,15,86.3,63,1,2026-02-23 15:00:00
10751,482,1,91.2,120,1,2026-01-13 21:00:00
10752,482,2,83.5,116,1,2026-01-15 01:00:00
10753,482,3,70.7,129,1,2026-01-16 04:00:00
10754,482,3,91.8,136,2,2026-01-16 19:00:00
10755,482,3,59.6,116,3,2026-01-17 18:00:00
10756,482,4,85.3,169,1,2026-01-19 01:00:00
10757,482,4,73.1,113,2,2026-01-19 05:00:00
10758,482,4,50.3,166,3,2026-01-19 18:00:00
10759,482,5,42.5,163,1,2026-01-20 06:00:00
10760,482,6,81.8,157,1,2026-01-21 06:00:00
10761,482,6,71.2,126,2,2026-01-23 06:00:00
10762,482,6,73.8,146,3,2026-01-23 18:00:00
10763,482,7,51.3,114,1,2026-01-24 09:00:00
10764,482,8,40.8,158,1,2026-01-25 21:00:00
10765,482,9,38.4,138,1,2026-01-26 01:00:00
10766,482,10,92.4,131,1,2026-01-27 20:00:00
10767,482,10,85.2,115,2,2026-01-29 12:00:00
10768,482,10,60.0,90,3,2026-01-30 01:00:00
10769,482,11,90.0,119,1,2026-01-30 10:00:00
10770,482,11,37.4,162,2,2026-02-01 08:00:00
10771,482,11,35.4,131,3,2026-02-01 17:00:00
10772,482,12,41.7,136,1,2026-02-03 17:00:00
10773,482,12,82.9,153,2,2026-02-04 17:00:00
10774,482,12,42.9,176,3,2026-02-05 18:00:00
10775,482,13,46.5,166,1,2026-02-06 15:00:00
10776,482,13,78.0,120,2,2026-02-07 07:00:00
10777,482,14,32.0,101,1,2026-02-07 23:00:00
10778,482,15,60.5,187,1,2026-02-08 08:00:00
10779,482,15,59.5,185,2,2026-02-08 12:00:00
10780,482,16,36.0,143,1,2026-02-10 09:00:00
10781,483,1,75.8,64,1,2026-01-18 09:00:00
10782,483,2,79.4,109,1,2026-01-18 22:00:00
10783,483,3,76.8,87,1,2026-01-19 11:00:00
10784,483,4,62.4,87,1,2026-01-20 14:00:00
10785,483,5,30.4,107,1,2026-01-22 05:00:00
10786,483,5,68.5,96,2,2026-01-23 05:00:00
10787,483,6,94.2,66,1,2026-01-24 09:00:00
10788,483,7,84.0,83,1,2026-01-26 04:00:00
10789,483,7,83.8,103,2,2026-01-26 14:00:00
10790,483,7,94.3,100,3,2026-01-26 18:00:00
10791,483,8,89.0,95,1,2026-01-27 15:00:00
10792,483,8,61.3,108,2,2026-01-28 18:00:00
10793,483,8,50.5,82,3,2026-01-30 15:00:00
10794,483,9,47.3,93,1,2026-01-31 00:00:00
10795,483,10,81.4,30,1,2026-02-01 03:00:00
10796,483,11,92.0,81,1,2026-02-02 21:00:00
10797,483,12,73.7,105,1,2026-02-04 02:00:00
10798,483,12,97.0,82,2,2026-02-05 05:00:00
10799,483,13,97.4,80,1,2026-02-06 21:00:00
10800,484,1,88.5,69,1,2026-01-28 10:00:00
10801,484,1,84.2,110,2,2026-01-30 08:00:00
10802,484,2,98.6,100,1,2026-01-31 18:00:00
10803,484,3,60.7,106,1,2026-02-02 14:00:00
10804,484,4,83.6,55,1,2026-02-03 03:00:00
10805,484,4,88.8,86,2,2026-02-03 07:00:00
10806,484,4,50.5,84,3,2026-02-04 10:00:00
10807,484,5,73.4,84,1,2026-02-06 05:00:00
10808,484,6,80.1,77,1,2026-02-06 18:00:00
10809,484,7,91.2,83,1,2026-02-07 04:00:00
10810,484,8,84.5,106,1,2026-02-08 05:00:00
10811,484,9,52.3,51,1,2026-02-09 20:00:00
10812,484,10,97.5,125,1,2026-02-10 21:00:00
10813,484,11,76.6,99,1,2026-02-11 07:00:00
10814,484,12,86.9,89,1,2026-02-12 01:00:00
10815,484,13,50.0,108,1,2026-02-12 13:00:00
10816,484,13,61.6,60,2,2026-02-13 11:00:00
10817,484,14,87.3,76,1,2026-02-14 01:00:00
10818,484,15,94.5,87,1,2026-02-16 00:00:00
10819,484,15,99.5,117,2,2026-02-16 04:00:00
10820,484,15,88.6,89,3,2026-02-16 18:00:00
10821,484,16,53.0,99,1,2026-02-17 17:00:00
10822,484,17,97.7,78,1,2026-02-17 23:00:00
10823,485,1,65.3,99,1,2026-01-03 05:00:00
10824,485,1,98.4,123,2,2026-01-04 15:00:00
10825,485,2,82.8,109,1,2026-01-05 05:00:00
10826,485,3,73.8,88,1,2026-01-06 01:00:00
10827,485,4,78.1,103,1,2026-01-07 00:00:00
10828,485,5,93.7,101,1,2026-01-08 05:00:00
10829,485,5,62.8,100,2,2026-01-09 13:00:00
10830,485,6,67.2,112,1,2026-01-10 04:00:00
10831,485,7,63.3,112,1,2026-01-10 12:00:00
10832,485,8,35.8,87,1,2026-01-11 00:00:00
10833,485,9,33.6,102,1,2026-01-11 17:00:00
10834,485,9,59.4,82,2,2026-01-12 18:00:00
10835,485,10,45.6,71,1,2026-01-14 02:00:00
10836,485,11,98.9,84,1,2026-01-14 23:00:00
10837,485,12,71.2,88,1,2026-01-16 00:00:00
10838,485,13,48.9,56,1,2026-01-17 18:00:00
10839,485,14,82.5,107,1,2026-01-18 10:00:00
10840,485,15,91.3,34,1,2026-01-20 10:00:00
10841,485,16,97.4,144,1,2026-01-22 04:00:00
10842,485,16,67.2,120,2,2026-01-22 15:00:00
10843,485,16,33.5,84,3,2026-01-24 07:00:00
10844,485,17,95.3,90,1,2026-01-24 22:00:00
10845,485,17,49.9,96,2,2026-01-25 11:00:00
10846,485,17,45.3,78,3,2026-01-27 07:00:00
10847,485,18,71.8,93,1,2026-01-28 07:00:00
10848,485,19,34.2,87,1,2026-01-29 04:00:00
10849,485,20,37.2,88,1,2026-01-29 15:00:00
10850,486,1,42.7,113,1,2026-01-31 22:00:00
10851,486,2,68.8,83,1,2026-02-02 22:00:00
10852,486,3,98.9,110,1,2026-02-04 02:00:00
10853,486,4,88.4,113,1,2026-02-04 12:00:00
10854,486,5,36.8,112,1,2026-02-05 00:00:00
10855,486,6,64.0,105,1,2026-02-05 19:00:00
10856,486,7,53.4,132,1,2026-02-07 09:00:00
10857,486,7,52.4,102,2,2026-02-08 09:00:00
10858,486,8,80.7,114,1,2026-02-10 03:00:00
10859,486,9,96.5,135,1,2026-02-11 15:00:00
10860,486,10,70.7,108,1,2026-02-12 23:00:00
10861,486,11,59.2,114,1,2026-02-13 19:00:00
10862,486,11,45.4,108,2,2026-02-15 18:00:00
10863,486,11,82.5,134,3,2026-02-15 22:00:00
10864,486,12,58.7,104,1,2026-02-17 02:00:00
10865,486,13,65.1,135,1,2026-02-18 03:00:00
10866,486,14,53.8,107,1,2026-02-19 10:00:00
10867,486,14,92.1,92,2,2026-02-21 04:00:00
10868,486,15,74.9,123,1,2026-02-23 04:00:00
10869,486,16,96.4,103,1,2026-02-23 15:00:00
10870,486,16,70.8,122,2,2026-02-24 20:00:00
10871,486,17,52.4,55,1,2026-02-25 00:00:00
10872,486,17,89.6,110,2,2026-02-26 18:00:00
10873,487,1,73.1,50,1,2026-01-10 00:00:00
10874,487,2,99.5,38,1,2026-01-11 09:00:00
10875,487,3,82.2,48,1,2026-01-12 19:00:00
10876,487,4,74.1,48,1,2026-01-14 06:00:00
10877,487,4,89.8,59,2,2026-01-15 16:00:00
10878,487,4,57.1,32,3,2026-01-17 00:00:00
10879,487,5,33.6,66,1,2026-01-17 10:00:00
10880,487,6,86.7,87,1,2026-01-19 10:00:00
10881,487,7,89.6,65,1,2026-01-21 10:00:00
10882,487,8,62.4,76,1,2026-01-23 07:00:00
10883,487,8,91.1,81,2,2026-01-25 01:00:00
10884,487,9,86.0,84,1,2026-01-26 16:00:00
10885,487,10,47.9,97,1,2026-01-28 11:00:00
10886,487,11,99.1,50,1,2026-01-30 11:00:00
10887,487,12,75.7,45,1,2026-01-31 21:00:00
10888,487,13,88.8,75,1,2026-02-01 12:00:00
10889,487,14,84.8,74,1,2026-02-03 04:00:00
10890,487,15,72.9,75,1,2026-02-04 15:00:00
10891,487,16,95.1,97,1,2026-02-06 04:00:00
10892,487,17,55.1,60,1,2026-02-06 19:00:00
10893,487,18,98.4,68,1,2026-02-08 17:00:00
10894,487,19,94.3,40,1,2026-02-09 21:00:00
10895,488,1,84.5,132,1,2026-02-02 06:00:00
10896,488,2,77.7,83,1,2026-02-03 20:00:00
10897,488,2,70.9,83,2,2026-02-04 00:00:00
10898,488,2,87.9,83,3,2026-02-04 17:00:00
10899,488,3,76.3,77,1,2026-02-06 16:00:00
10900,488,4,47.7,75,1,2026-02-07 08:00:00
10901,488,4,36.3,79,2,2026-02-09 08:00:00
10902,488,5,94.0,62,1,2026-02-10 13:00:00
10903,488,5,40.7,74,2,2026-02-12 02:00:00
10904,488,5,78.0,128,3,2026-02-13 14:00:00
10905,488,6,79.2,104,1,2026-02-14 05:00:00
10906,488,7,91.9,108,1,2026-02-15 06:00:00
10907,488,7,97.9,113,2,2026-02-15 12:00:00
10908,488,8,79.3,126,1,2026-02-17 11:00:00
10909,488,9,64.9,54,1,2026-02-18 05:00:00
10910,488,10,76.7,65,1,2026-02-18 12:00:00
10911,488,11,79.6,73,1,2026-02-20 00:00:00
10912,488,12,81.1,80,1,2026-02-21 01:00:00
10913,488,12,96.0,83,2,2026-02-21 10:00:00
10914,488,12,77.4,81,3,2026-02-21 23:00:00
10915,488,13,51.7,94,1,2026-02-23 20:00:00
10916,488,14,50.8,90,1,2026-02-24 19:00:00
10917,488,14,76.5,75,2,2026-02-26 14:00:00
10918,488,14,96.6,46,3,2026-02-26 19:00:00
10919,488,15,88.1,70,1,2026-02-27 10:00:00
10920,488,16,93.1,79,1,2026-03-01 07:00:00
10921,488,16,61.9,85,2,2026-03-02 20:00:00
10922,488,17,68.3,67,1,2026-03-04 06:00:00
10923,488,18,72.6,80,1,2026-03-06 06:00:00
10924,488,18,99.0,67,2,2026-03-07 01:00:00
10925,488,18,85.0,87,3,2026-03-09 00:00:00
10926,488,19,35.5,68,1,2026-03-10 18:00:00
10927,489,1,57.8,93,1,2026-01-25 20:00:00
10928,489,2,98.5,83,1,2026-01-26 05:00:00
10929,489,3,91.2,106,1,2026-01-27 08:00:00
10930,489,4,34.3,92,1,2026-01-27 18:00:00
10931,489,4,68.0,128,2,2026-01-28 14:00:00
10932,489,4,53.9,118,3,2026-01-30 04:00:00
10933,489,5,39.5,108,1,2026-01-31 20:00:00
10934,489,6,95.8,94,1,2026-02-01 00:00:00
10935,489,7,91.1,117,1,2026-02-01 11:00:00
10936,489,8,47.5,123,1,2026-02-02 19:00:00
10937,489,9,57.8,112,1,2026-02-04 13:00:00
10938,489,10,68.4,142,1,2026-02-05 11:00:00
10939,489,11,44.9,119,1,2026-02-06 07:00:00
10940,489,11,47.3,128,2,2026-02-07 16:00:00
10941,489,11,76.3,112,3,2026-02-08 14:00:00
10942,489,12,53.3,123,1,2026-02-09 05:00:00
10943,489,13,70.9,94,1,2026-02-09 11:00:00
10944,490,1,43.0,130,1,2026-01-14 04:00:00
10945,490,2,54.2,146,1,2026-01-16 00:00:00
10946,490,3,44.4,146,1,2026-01-16 07:00:00
10947,490,3,55.3,150,2,2026-01-16 19:00:00
10948,490,3,80.7,162,3,2026-01-18 01:00:00
10949,490,4,42.4,111,1,2026-01-18 11:00:00
10950,490,4,65.7,120,2,2026-01-19 12:00:00
10951,490,4,60.3,144,3,2026-01-20 10:00:00
10952,490,5,65.0,125,1,2026-01-21 21:00:00
10953,490,6,93.9,207,1,2026-01-22 19:00:00
10954,490,7,57.0,150,1,2026-01-24 09:00:00
10955,490,7,54.9,138,2,2026-01-25 09:00:00
10956,490,8,60.3,129,1,2026-01-25 22:00:00
10957,490,8,75.1,130,2,2026-01-26 21:00:00
10958,490,9,44.7,140,1,2026-01-28 11:00:00
10959,490,10,75.0,142,1,2026-01-29 03:00:00
10960,490,11,91.6,130,1,2026-01-29 12:00:00
10961,490,12,59.9,134,1,2026-01-30 02:00:00
10962,490,13,51.5,166,1,2026-01-31 14:00:00
10963,490,14,60.1,167,1,2026-02-01 11:00:00
10964,490,14,54.8,145,2,2026-02-02 16:00:00
10965,490,15,68.7,113,1,2026-02-04 14:00:00
10966,490,15,36.9,150,2,2026-02-05 10:00:00
10967,490,15,56.1,171,3,2026-02-06 13:00:00
10968,490,16,52.5,167,1,2026-02-08 02:00:00
10969,490,16,67.0,154,2,2026-02-10 02:00:00
10970,490,16,48.8,168,3,2026-02-10 14:00:00
10971,491,1,32.8,91,1,2026-01-08 20:00:00
10972,491,2,33.7,102,1,2026-01-10 03:00:00
10973,491,3,36.4,76,1,2026-01-11 13:00:00
10974,491,4,99.6,95,1,2026-01-13 12:00:00
10975,491,5,51.4,116,1,2026-01-14 18:00:00
10976,491,6,86.2,78,1,2026-01-16 14:00:00
10977,491,7,61.1,72,1,2026-01-17 03:00:00
10978,491,8,50.9,91,1,2026-01-18 16:00:00
10979,491,9,54.9,85,1,2026-01-19 21:00:00
10980,491,9,41.2,102,2,2026-01-20 14:00:00
10981,491,9,44.1,80,3,2026-01-21 12:00:00
10982,491,10,70.2,124,1,2026-01-22 15:00:00
10983,491,10,87.4,64,2,2026-01-23 07:00:00
10984,491,10,53.3,115,3,2026-01-24 13:00:00
10985,492,1,74.2,74,1,2026-01-04 20:00:00
10986,492,2,85.0,54,1,2026-01-05 21:00:00
10987,492,3,58.1,94,1,2026-01-07 00:00:00
10988,492,4,97.8,84,1,2026-01-07 04:00:00
10989,492,5,63.2,67,1,2026-01-07 14:00:00
10990,492,6,89.4,56,1,2026-01-08 13:00:00
10991,492,7,91.3,89,1,2026-01-10 02:00:00
10992,492,8,98.2,109,1,2026-01-10 17:00:00
10993,492,9,49.3,101,1,2026-01-11 12:00:00
10994,492,10,63.6,91,1,2026-01-12 21:00:00
10995,492,11,49.7,99,1,2026-01-13 23:00:00
10996,492,12,64.3,89,1,2026-01-14 12:00:00
10997,492,12,33.7,61,2,2026-01-14 17:00:00
10998,492,12,76.6,61,3,2026-01-16 13:00:00
10999,492,13,49.9,85,1,2026-01-17 15:00:00
11000,492,13,75.2,86,2,2026-01-19 10:00:00
11001,493,1,88.1,107,1,2026-01-09 16:00:00
11002,493,2,79.0,105,1,2026-01-09 23:00:00
11003,493,2,97.1,102,2,2026-01-11 08:00:00
11004,493,2,88.2,84,3,2026-01-11 19:00:00
11005,493,3,81.3,62,1,2026-01-12 09:00:00
11006,493,4,78.7,98,1,2026-01-13 09:00:00
11007,493,5,76.8,100,1,2026-01-13 17:00:00
11008,493,6,88.0,42,1,2026-01-15 13:00:00
11009,493,7,35.5,73,1,2026-01-17 09:00:00
11010,493,7,34.9,76,2,2026-01-18 10:00:00
11011,493,8,85.3,92,1,2026-01-19 18:00:00
11012,493,9,72.8,73,1,2026-01-21 10:00:00
11013,493,10,32.9,89,1,2026-01-22 08:00:00
11014,493,11,74.6,85,1,2026-01-23 19:00:00
11015,493,12,86.1,86,1,2026-01-24 21:00:00
11016,493,13,56.6,75,1,2026-01-26 07:00:00
11017,493,14,83.3,77,1,2026-01-27 00:00:00
11018,493,14,48.0,68,2,2026-01-28 23:00:00
11019,494,1,72.1,67,1,2026-01-17 19:00:00
11020,494,2,73.0,71,1,2026-01-18 06:00:00
11021,494,3,95.1,44,1,2026-01-18 18:00:00
11022,494,3,75.9,90,2,2026-01-19 06:00:00
11023,494,3,71.7,53,3,2026-01-19 19:00:00
11024,494,4,80.1,90,1,2026-01-20 00:00:00
11025,494,5,74.4,47,1,2026-01-20 13:00:00
11026,494,6,89.9,30,1,2026-01-21 14:00:00
11027,494,7,93.9,68,1,2026-01-22 16:00:00
11028,494,8,94.5,64,1,2026-01-23 17:00:00
11029,494,9,50.7,60,1,2026-01-25 09:00:00
11030,494,10,97.2,47,1,2026-01-25 18:00:00
11031,494,11,72.5,59,1,2026-01-26 07:00:00
11032,494,12,99.8,49,1,2026-01-28 03:00:00
11033,494,13,71.9,53,1,2026-01-30 00:00:00
11034,494,14,94.0,76,1,2026-01-30 07:00:00
11035,494,15,74.9,63,1,2026-01-31 01:00:00
11036,494,15,76.8,72,2,2026-01-31 19:00:00
11037,494,15,71.3,55,3,2026-02-01 14:00:00
11038,495,1,94.4,83,1,2026-01-31 17:00:00
11039,495,2,81.5,66,1,2026-02-02 11:00:00
11040,495,3,33.9,82,1,2026-02-02 17:00:00
11041,495,3,47.3,30,2,2026-02-03 05:00:00
11042,495,4,73.3,78,1,2026-02-03 19:00:00
11043,495,5,76.9,88,1,2026-02-04 04:00:00
11044,495,5,57.9,101,2,2026-02-04 18:00:00
11045,495,6,37.2,84,1,2026-02-05 01:00:00
11046,495,7,94.9,96,1,2026-02-06 14:00:00
11047,495,7,45.2,46,2,2026-02-08 03:00:00
11048,495,7,87.4,88,3,2026-02-08 11:00:00
11049,495,8,99.8,56,1,2026-02-09 19:00:00
11050,495,9,52.5,65,1,2026-02-10 08:00:00
11051,495,10,61.5,86,1,2026-02-11 22:00:00
11052,495,11,93.8,115,1,2026-02-13 05:00:00
11053,495,12,87.9,97,1,2026-02-13 23:00:00
11054,495,13,84.2,90,1,2026-02-14 15:00:00
11055,495,13,80.2,89,2,2026-02-16 03:00:00
11056,495,13,78.9,75,3,2026-02-16 18:00:00
11057,495,14,37.6,79,1,2026-02-17 07:00:00
11058,495,15,61.5,98,1,2026-02-19 02:00:00
11059,495,15,46.7,62,2,2026-02-20 14:00:00
11060,495,15,82.9,101,3,2026-02-22 01:00:00
11061,495,16,38.0,82,1,2026-02-23 10:00:00
11062,495,17,44.5,106,1,2026-02-25 09:00:00
11063,495,17,31.1,109,2,2026-02-25 17:00:00
11064,495,18,55.2,56,1,2026-02-26 05:00:00
11065,495,18,75.1,78,2,2026-02-26 22:00:00
11066,495,18,53.0,72,3,2026-02-28 15:00:00
11067,495,19,88.2,53,1,2026-03-01 07:00:00
11068,495,20,92.3,69,1,2026-03-01 13:00:00
11069,495,20,33.6,138,2,2026-03-01 20:00:00
11070,495,20,94.5,102,3,2026-03-02 14:00:00
11071,496,1,72.0,128,1,2026-01-19 06:00:00
11072,496,2,87.3,106,1,2026-01-19 20:00:00
11073,496,3,81.1,75,1,2026-01-20 18:00:00
11074,496,4,91.0,82,1,2026-01-22 09:00:00
11075,496,5,45.9,101,1,2026-01-23 02:00:00
11076,496,6,87.7,98,1,2026-01-23 21:00:00
11077,496,7,94.4,78,1,2026-01-24 14:00:00
11078,496,8,93.8,59,1,2026-01-26 11:00:00
11079,496,9,82.6,155,1,2026-01-27 04:00:00
11080,496,10,55.9,87,1,2026-01-28 00:00:00
11081,496,11,86.3,83,1,2026-01-29 10:00:00
11082,496,12,62.3,92,1,2026-01-31 07:00:00
11083,496,13,79.2,85,1,2026-02-01 18:00:00
11084,496,13,33.5,92,2,2026-02-02 00:00:00
11085,496,14,65.0,115,1,2026-02-02 08:00:00
11086,496,15,45.3,87,1,2026-02-03 01:00:00
11087,496,15,92.3,66,2,2026-02-04 11:00:00
11088,496,16,35.9,86,1,2026-02-05 00:00:00
11089,496,17,62.0,80,1,2026-02-06 06:00:00
11090,496,18,62.4,118,1,2026-02-06 16:00:00
11091,496,18,62.2,113,2,2026-02-07 00:00:00
11092,496,19,56.6,92,1,2026-02-07 17:00:00
11093,497,1,79.2,64,1,2026-01-11 03:00:00
11094,497,2,79.6,65,1,2026-01-11 07:00:00
11095,497,3,84.3,90,1,2026-01-12 04:00:00
11096,497,3,84.2,96,2,2026-01-13 19:00:00
11097,497,4,69.7,82,1,2026-01-15 17:00:00
11098,497,5,95.5,80,1,2026-01-16 20:00:00
11099,497,6,77.5,78,1,2026-01-17 01:00:00
11100,497,7,82.1,89,1,2026-01-18 07:00:00
11101,497,7,32.1,42,2,2026-01-19 22:00:00
11102,497,7,83.7,67,3,2026-01-21 02:00:00
11103,497,8,34.5,77,1,2026-01-23 02:00:00
11104,497,9,94.7,114,1,2026-01-24 02:00:00
11105,497,9,42.3,73,2,2026-01-25 01:00:00
11106,497,10,74.5,93,1,2026-01-26 10:00:00
11107,497,10,87.6,94,2,2026-01-27 12:00:00
11108,497,11,67.1,115,1,2026-01-28 01:00:00
11109,497,12,76.0,115,1,2026-01-29 13:00:00
11110,497,13,95.6,88,1,2026-01-30 18:00:00
11111,497,14,73.5,80,1,2026-02-01 18:00:00
11112,497,14,63.5,76,2,2026-02-01 22:00:00
11113,497,15,72.6,85,1,2026-02-03 19:00:00
11114,497,16,64.9,81,1,2026-02-04 22:00:00
11115,497,17,84.0,101,1,2026-02-06 19:00:00
11116,497,17,73.2,98,2,2026-02-08 16:00:00
11117,497,17,83.3,101,3,2026-02-09 21:00:00
11118,498,1,77.9,85,1,2026-01-23 12:00:00
11119,498,2,71.3,97,1,2026-01-25 09:00:00
11120,498,3,92.0,62,1,2026-01-27 09:00:00
11121,498,4,71.6,81,1,2026-01-28 20:00:00
11122,498,5,76.9,52,1,2026-01-29 02:00:00
11123,498,6,93.9,83,1,2026-01-30 22:00:00
11124,498,7,64.2,81,1,2026-02-01 12:00:00
11125,498,8,84.8,80,1,2026-02-03 06:00:00
11126,498,9,76.9,61,1,2026-02-04 13:00:00
11127,498,10,79.2,46,1,2026-02-05 20:00:00
11128,498,11,85.6,32,1,2026-02-06 20:00:00
11129,499,1,71.1,109,1,2026-01-18 09:00:00
11130,499,1,97.4,140,2,2026-01-20 00:00:00
11131,499,1,80.0,103,3,2026-01-20 19:00:00
11132,499,2,99.2,125,1,2026-01-21 17:00:00
11133,499,2,48.0,126,2,2026-01-23 10:00:00
11134,499,2,93.7,104,3,2026-01-24 20:00:00
11135,499,3,33.4,136,1,2026-01-25 12:00:00
11136,499,4,69.8,51,1,2026-01-26 05:00:00
11137,499,5,76.8,85,1,2026-01-27 02:00:00
11138,499,6,61.9,91,1,2026-01-28 09:00:00
11139,499,7,44.3,93,1,2026-01-29 21:00:00
11140,499,7,42.0,116,2,2026-01-31 11:00:00
11141,499,7,82.4,115,3,2026-02-01 03:00:00
11142,499,8,98.6,117,1,2026-02-02 04:00:00
11143,499,8,65.2,121,2,2026-02-03 17:00:00
11144,499,8,84.2,90,3,2026-02-05 16:00:00
11145,499,9,99.2,85,1,2026-02-07 11:00:00
11146,499,10,37.5,117,1,2026-02-08 00:00:00
11147,499,10,81.7,97,2,2026-02-09 02:00:00
11148,499,10,53.2,78,3,2026-02-11 02:00:00
11149,499,11,54.4,129,1,2026-02-11 08:00:00
11150,499,11,89.7,137,2,2026-02-12 09:00:00
11151,499,12,32.4,141,1,2026-02-13 05:00:00
11152,499,13,56.6,113,1,2026-02-14 02:00:00
11153,499,13,30.8,122,2,2026-02-14 13:00:00
11154,499,14,71.2,137,1,2026-02-16 05:00:00
11155,499,15,96.6,97,1,2026-02-16 14:00:00
11156,499,16,100.0,132,1,2026-02-18 14:00:00
11157,500,1,95.3,115,1,2026-01-10 15:00:00
11158,500,2,97.5,128,1,2026-01-11 22:00:00
11159,500,3,82.7,113,1,2026-01-13 22:00:00
11160,500,4,33.8,135,1,2026-01-14 12:00:00
11161,500,5,49.2,114,1,2026-01-16 06:00:00
11162,500,5,52.1,80,2,2026-01-17 00:00:00
11163,500,6,84.1,139,1,2026-01-17 07:00:00
11164,500,7,45.0,91,1,2026-01-19 04:00:00
11165,500,8,98.3,135,1,2026-01-20 00:00:00
11166,500,8,52.7,108,2,2026-01-21 12:00:00
11167,500,9,74.2,133,1,2026-01-22 22:00:00
11168,500,9,53.2,132,2,2026-01-23 23:00:00
11169,500,10,89.8,118,1,2026-01-24 06:00:00
