id,student_id,topic_id,event_type,duration,timestamp
1,1,1,search_topic,291,2026-01-03 04:31:00
2,1,2,complete_lesson,446,2026-01-05 01:15:00
3,1,2,view_resource,144,2026-01-06 11:19:00
4,1,2,view_resource,600,2026-01-07 18:48:00
5,1,3,complete_lesson,93,2026-01-08 00:39:00
6,1,4,search_topic,467,2026-01-08 17:46:00
7,1,5,complete_lesson,203,2026-01-09 21:00:00
8,1,6,view_resource,507,2026-01-11 09:36:00
9,1,7,complete_lesson,90,2026-01-13 04:10:00
10,1,8,view_resource,449,2026-01-14 06:45:00
11,1,9,view_resource,449,2026-01-15 01:05:00
12,1,10,view_resource,375,2026-01-16 05:22:00
13,1,11,search_topic,584,2026-01-16 17:24:00
14,2,1,complete_lesson,72,2026-01-06 17:32:00
15,2,2,search_topic,593,2026-01-08 08:40:00
16,2,2,complete_lesson,334,2026-01-10 07:19:00
17,2,2,complete_lesson,366,2026-01-10 20:20:00
18,2,3,search_topic,260,2026-01-11 15:21:00
19,2,4,complete_lesson,510,2026-01-12 20:29:00
20,2,5,search_topic,265,2026-01-14 14:20:00
21,2,5,complete_lesson,358,2026-01-15 14:03:00
22,2,5,view_resource,393,2026-01-17 14:26:00
23,2,6,view_resource,87,2026-01-19 06:04:00
24,2,7,complete_lesson,571,2026-01-20 04:42:00
25,2,7,view_resource,493,2026-01-22 00:00:00
26,2,8,search_topic,488,2026-01-23 18:16:00
27,2,9,view_resource,423,2026-01-25 12:40:00
28,2,9,search_topic,469,2026-01-27 09:02:00
29,2,9,view_resource,160,2026-01-28 10:34:00
30,2,10,complete_lesson,572,2026-01-30 02:41:00
31,2,10,complete_lesson,485,2026-01-31 04:45:00
32,2,10,complete_lesson,379,2026-01-31 15:29:00
33,2,11,search_topic,523,2026-02-02 01:30:00
34,2,12,search_topic,228,2026-02-02 06:03:00
35,2,13,complete_lesson,248,2026-02-03 21:39:00
36,2,13,search_topic,262,2026-02-05 17:22:00
37,2,14,view_resource,164,2026-02-06 10:16:00
38,2,14,view_resource,328,2026-02-07 01:08:00
39,2,14,search_topic,457,2026-02-08 12:11:00
40,2,15,search_topic,364,2026-02-09 14:11:00
41,3,1,complete_lesson,204,2026-01-08 10:18:00
42,3,2,search_topic,237,2026-01-09 14:15:00
43,3,2,complete_lesson,521,2026-01-10 04:11:00
44,3,2,complete_lesson,199,2026-01-10 11:38:00
45,3,3,complete_lesson,514,2026-01-12 08:19:00
46,3,3,view_resource,359,2026-01-12 22:48:00
47,3,3,complete_lesson,567,2026-01-13 19:15:00
48,3,4,view_resource,511,2026-01-15 09:16:00
49,3,4,search_topic,313,2026-01-16 02:31:00
50,3,5,complete_lesson,180,2026-01-16 22:01:00
51,3,6,search_topic,498,2026-01-18 15:40:00
52,3,7,search_topic,232,2026-01-18 22:30:00
53,3,8,search_topic,157,2026-01-20 14:42:00
54,3,9,view_resource,315,2026-01-21 11:41:00
55,3,10,complete_lesson,484,2026-01-22 16:26:00
56,3,10,view_resource,472,2026-01-24 00:18:00
57,3,10,complete_lesson,559,2026-01-24 21:30:00
58,3,11,search_topic,426,2026-01-25 06:46:00
59,3,11,view_resource,566,2026-01-26 20:33:00
60,3,11,search_topic,193,2026-01-27 20:14:00
61,3,12,complete_lesson,76,2026-01-28 03:43:00
62,3,12,complete_lesson,267,2026-01-28 17:06:00
63,3,12,complete_lesson,155,2026-01-29 05:09:00
64,3,13,complete_lesson,372,2026-01-31 03:04:00
65,3,14,complete_lesson,139,2026-01-31 12:42:00
66,3,14,view_resource,68,2026-02-02 05:06:00
67,3,14,complete_lesson,195,2026-02-03 06:20:00
68,3,15,complete_lesson,200,2026-02-03 16:26:00
69,3,16,search_topic,68,2026-02-05 13:11:00
70,3,17,complete_lesson,513,2026-02-06 06:37:00
71,3,17,view_resource,453,2026-02-06 15:28:00
72,3,17,complete_lesson,146,2026-02-07 22:35:00
73,3,18,search_topic,368,2026-02-08 20:37:00
74,3,18,complete_lesson,362,2026-02-10 09:09:00
75,3,18,view_resource,566,2026-02-10 16:26:00
76,3,19,complete_lesson,384,2026-02-12 05:42:00
77,3,20,complete_lesson,134,2026-02-13 08:49:00
78,3,20,view_resource,121,2026-02-15 01:00:00
79,4,1,complete_lesson,144,2026-01-23 11:10:00
80,4,2,view_resource,219,2026-01-24 08:16:00
81,4,3,complete_lesson,304,2026-01-26 07:47:00
82,4,3,complete_lesson,116,2026-01-27 02:31:00
83,4,3,view_resource,72,2026-01-29 00:05:00
84,4,4,search_topic,325,2026-01-30 02:40:00
85,4,5,complete_lesson,338,2026-01-30 13:17:00
86,4,5,search_topic,138,2026-01-30 21:19:00
87,4,6,view_resource,321,2026-02-01 08:01:00
88,4,7,view_resource,310,2026-02-02 02:48:00
89,4,8,view_resource,489,2026-02-02 15:36:00
90,4,9,view_resource,574,2026-02-03 12:07:00
91,4,9,view_resource,470,2026-02-03 19:46:00
92,4,10,complete_lesson,265,2026-02-04 19:32:00
93,4,10,view_resource,535,2026-02-06 11:27:00
94,4,11,view_resource,214,2026-02-07 03:50:00
95,4,12,view_resource,403,2026-02-08 17:50:00
96,4,13,view_resource,489,2026-02-09 16:19:00
97,4,14,search_topic,482,2026-02-10 13:06:00
98,5,1,complete_lesson,136,2026-01-28 16:13:00
99,5,2,complete_lesson,462,2026-01-29 04:06:00
100,5,3,view_resource,199,2026-01-30 12:01:00
101,5,4,complete_lesson,183,2026-01-30 22:16:00
102,5,5,view_resource,221,2026-01-31 21:07:00
103,5,5,view_resource,280,2026-02-01 20:30:00
104,5,6,view_resource,91,2026-02-03 08:25:00
105,5,6,view_resource,533,2026-02-04 16:44:00
106,5,7,view_resource,193,2026-02-04 20:38:00
107,5,8,search_topic,325,2026-02-06 16:46:00
108,5,9,complete_lesson,185,2026-02-08 13:48:00
109,5,10,complete_lesson,90,2026-02-10 05:26:00
110,5,11,complete_lesson,212,2026-02-10 22:48:00
111,5,12,search_topic,550,2026-02-12 19:47:00
112,5,13,view_resource,79,2026-02-13 11:26:00
113,5,14,search_topic,574,2026-02-15 01:30:00
114,5,15,complete_lesson,119,2026-02-16 01:20:00
115,5,16,complete_lesson,117,2026-02-16 15:02:00
116,5,17,view_resource,240,2026-02-17 19:35:00
117,6,1,view_resource,252,2026-01-11 23:19:00
118,6,2,view_resource,80,2026-01-12 05:17:00
119,6,3,search_topic,241,2026-01-14 00:30:00
120,6,4,complete_lesson,134,2026-01-14 13:27:00
121,6,5,view_resource,507,2026-01-14 23:00:00
122,6,5,view_resource,425,2026-01-16 19:36:00
123,6,5,complete_lesson,361,2026-01-18 17:42:00
124,6,6,search_topic,93,2026-01-19 22:39:00
125,6,6,search_topic,286,2026-01-21 16:10:00
126,6,6,complete_lesson,139,2026-01-23 08:35:00
127,6,7,search_topic,403,2026-01-23 17:22:00
128,6,8,search_topic,61,2026-01-24 01:47:00
129,6,9,search_topic,444,2026-01-25 07:44:00
130,6,10,complete_lesson,135,2026-01-27 04:48:00
131,6,10,view_resource,135,2026-01-28 02:29:00
132,6,10,view_resource,155,2026-01-28 16:29:00
133,6,11,search_topic,228,2026-01-30 02:12:00
134,6,12,complete_lesson,331,2026-01-30 12:08:00
135,6,13,view_resource,115,2026-01-31 17:27:00
136,6,14,view_resource,86,2026-02-02 15:37:00
137,6,15,complete_lesson,331,2026-02-03 02:45:00
138,6,15,complete_lesson,438,2026-02-04 23:39:00
139,7,1,view_resource,214,2026-01-14 19:02:00
140,7,2,search_topic,292,2026-01-16 17:15:00
141,7,3,search_topic,301,2026-01-18 07:20:00
142,7,3,search_topic,95,2026-01-19 06:18:00
143,7,4,view_resource,519,2026-01-20 22:39:00
144,7,5,complete_lesson,140,2026-01-21 15:07:00
145,7,6,search_topic,128,2026-01-22 04:45:00
146,7,6,complete_lesson,592,2026-01-23 08:21:00
147,7,6,search_topic,489,2026-01-23 12:43:00
148,7,7,view_resource,168,2026-01-25 05:14:00
149,7,8,search_topic,557,2026-01-26 07:14:00
150,7,8,complete_lesson,207,2026-01-28 01:11:00
151,7,8,complete_lesson,399,2026-01-29 19:06:00
152,7,9,complete_lesson,347,2026-01-30 00:19:00
153,7,9,view_resource,197,2026-02-01 00:31:00
154,7,10,search_topic,151,2026-02-02 00:38:00
155,7,11,view_resource,587,2026-02-03 11:00:00
156,7,11,complete_lesson,198,2026-02-04 01:01:00
157,7,12,view_resource,315,2026-02-04 16:48:00
158,7,13,search_topic,466,2026-02-05 08:10:00
159,7,13,complete_lesson,516,2026-02-05 19:39:00
160,7,13,view_resource,324,2026-02-07 05:03:00
161,7,14,search_topic,279,2026-02-07 10:36:00
162,8,1,search_topic,69,2026-01-28 20:20:00
163,8,2,complete_lesson,341,2026-01-29 00:23:00
164,8,2,view_resource,537,2026-01-30 04:31:00
165,8,2,search_topic,164,2026-02-01 03:50:00
166,8,3,complete_lesson,170,2026-02-02 18:20:00
167,8,3,complete_lesson,343,2026-02-03 02:34:00
168,8,4,view_resource,118,2026-02-04 01:12:00
169,8,4,search_topic,86,2026-02-05 06:09:00
170,8,4,complete_lesson,474,2026-02-06 17:26:00
171,8,5,search_topic,547,2026-02-07 09:08:00
172,8,5,search_topic,245,2026-02-08 11:32:00
173,8,5,search_topic,247,2026-02-08 21:07:00
174,8,6,complete_lesson,399,2026-02-09 23:27:00
175,8,7,search_topic,132,2026-02-11 09:20:00
176,8,8,view_resource,200,2026-02-12 13:38:00
177,8,8,complete_lesson,206,2026-02-13 14:30:00
178,8,8,search_topic,241,2026-02-14 05:30:00
179,8,9,search_topic,222,2026-02-15 02:19:00
180,8,10,complete_lesson,548,2026-02-16 21:26:00
181,8,11,search_topic,255,2026-02-18 00:49:00
182,8,12,view_resource,165,2026-02-18 18:26:00
183,8,13,search_topic,592,2026-02-19 00:12:00
184,8,14,complete_lesson,252,2026-02-19 12:40:00
185,8,14,view_resource,276,2026-02-20 17:04:00
186,8,14,complete_lesson,98,2026-02-20 22:26:00
187,8,15,view_resource,170,2026-02-22 12:09:00
188,8,16,search_topic,318,2026-02-22 23:20:00
189,8,17,view_resource,592,2026-02-24 19:33:00
190,8,17,view_resource,583,2026-02-26 14:04:00
191,8,17,view_resource,569,2026-02-28 09:38:00
192,8,18,view_resource,100,2026-03-01 01:15:00
193,8,18,complete_lesson,398,2026-03-02 12:35:00
194,8,18,view_resource,565,2026-03-02 16:41:00
195,8,19,complete_lesson,363,2026-03-03 02:34:00
196,8,20,complete_lesson,380,2026-03-03 17:23:00
197,9,1,view_resource,396,2026-01-14 03:28:00
198,9,2,view_resource,470,2026-01-14 12:25:00
199,9,2,complete_lesson,491,2026-01-15 21:09:00
200,9,3,view_resource,166,2026-01-16 09:24:00
201,9,4,complete_lesson,89,2026-01-18 08:07:00
202,9,4,complete_lesson,511,2026-01-18 20:48:00
203,9,4,search_topic,597,2026-01-19 04:01:00
204,9,5,search_topic,157,2026-01-21 02:23:00
205,9,6,view_resource,115,2026-01-22 04:50:00
206,9,7,view_resource,563,2026-01-23 14:30:00
207,9,8,view_resource,140,2026-01-24 08:21:00
208,9,9,complete_lesson,78,2026-01-25 19:44:00
209,9,10,search_topic,371,2026-01-27 10:18:00
210,9,11,view_resource,288,2026-01-28 19:21:00
211,10,1,search_topic,287,2026-01-30 02:50:00
212,10,1,complete_lesson,594,2026-01-31 03:27:00
213,10,1,complete_lesson,203,2026-02-02 03:05:00
214,10,2,complete_lesson,280,2026-02-02 23:21:00
215,10,3,search_topic,186,2026-02-03 09:01:00
216,10,3,search_topic,197,2026-02-04 17:19:00
217,10,4,view_resource,237,2026-02-06 10:04:00
218,10,4,search_topic,389,2026-02-06 22:18:00
219,10,5,complete_lesson,361,2026-02-08 22:22:00
220,10,5,search_topic,584,2026-02-09 10:31:00
221,10,5,search_topic,282,2026-02-11 10:38:00
222,10,6,view_resource,575,2026-02-11 22:16:00
223,10,6,complete_lesson,551,2026-02-13 22:13:00
224,10,6,search_topic,352,2026-02-15 14:23:00
225,10,7,view_resource,333,2026-02-16 18:02:00
226,10,8,complete_lesson,268,2026-02-17 14:02:00
227,10,8,view_resource,289,2026-02-19 04:03:00
228,10,8,search_topic,354,2026-02-21 01:06:00
229,10,9,complete_lesson,115,2026-02-22 07:50:00
230,10,9,complete_lesson,290,2026-02-23 03:10:00
231,10,10,search_topic,258,2026-02-24 17:32:00
232,10,10,view_resource,237,2026-02-26 01:03:00
233,10,10,complete_lesson,330,2026-02-27 13:42:00
234,10,11,view_resource,390,2026-02-28 22:12:00
235,10,12,view_resource,385,2026-03-02 09:17:00
236,10,12,search_topic,223,2026-03-03 03:24:00
237,10,13,complete_lesson,429,2026-03-03 21:32:00
238,10,13,complete_lesson,69,2026-03-04 14:43:00
239,10,14,view_resource,388,2026-03-06 09:26:00
240,10,14,complete_lesson,85,2026-03-06 20:17:00
241,10,14,complete_lesson,104,2026-03-07 23:32:00
242,10,15,search_topic,67,2026-03-08 08:10:00
243,10,15,view_resource,494,2026-03-08 16:44:00
244,10,15,search_topic,505,2026-03-09 09:09:00
245,10,16,complete_lesson,98,2026-03-11 08:45:00
246,10,17,complete_lesson,477,2026-03-11 16:26:00
247,10,17,view_resource,458,2026-03-13 00:07:00
248,10,17,search_topic,124,2026-03-13 11:02:00
249,10,18,complete_lesson,368,2026-03-13 19:12:00
250,10,19,view_resource,460,2026-03-14 00:00:00
251,10,19,complete_lesson,442,2026-03-15 14:50:00
252,10,19,view_resource,65,2026-03-17 05:14:00
253,11,1,search_topic,412,2026-01-23 08:37:00
254,11,2,search_topic,318,2026-01-24 20:38:00
255,11,3,search_topic,128,2026-01-26 05:34:00
256,11,3,complete_lesson,425,2026-01-26 15:42:00
257,11,3,search_topic,131,2026-01-28 13:38:00
258,11,4,search_topic,433,2026-01-30 11:30:00
259,11,5,search_topic,506,2026-01-31 11:33:00
260,11,6,complete_lesson,372,2026-02-01 12:19:00
261,11,7,view_resource,261,2026-02-03 06:34:00
262,11,8,search_topic,91,2026-02-03 14:13:00
263,11,9,search_topic,543,2026-02-03 20:09:00
264,11,10,complete_lesson,197,2026-02-04 14:21:00
265,11,11,search_topic,229,2026-02-05 17:02:00
266,11,12,view_resource,555,2026-02-06 08:28:00
267,11,13,view_resource,590,2026-02-07 04:00:00
268,11,14,search_topic,391,2026-02-08 13:44:00
269,11,15,search_topic,238,2026-02-09 10:26:00
270,11,16,complete_lesson,445,2026-02-11 07:36:00
271,11,17,search_topic,66,2026-02-12 09:18:00
272,11,18,view_resource,213,2026-02-13 03:39:00
273,12,1,complete_lesson,550,2026-01-30 00:37:00
274,12,1,view_resource,309,2026-01-31 17:48:00
275,12,2,view_resource,117,2026-02-02 13:40:00
276,12,3,search_topic,350,2026-02-04 07:45:00
277,12,3,complete_lesson,234,2026-02-05 00:36:00
278,12,4,view_resource,410,2026-02-05 15:21:00
279,12,4,complete_lesson,195,2026-02-07 09:44:00
280,12,4,search_topic,489,2026-02-07 14:41:00
281,12,5,search_topic,575,2026-02-09 09:02:00
282,12,6,search_topic,501,2026-02-10 23:17:00
283,12,6,search_topic,499,2026-02-12 05:36:00
284,12,6,search_topic,160,2026-02-13 15:23:00
285,12,7,complete_lesson,253,2026-02-14 13:50:00
286,12,8,search_topic,270,2026-02-16 02:06:00
287,12,8,complete_lesson,319,2026-02-17 02:34:00
288,12,8,complete_lesson,466,2026-02-18 16:02:00
289,12,9,complete_lesson,374,2026-02-19 07:14:00
290,12,9,view_resource,181,2026-02-20 09:03:00
291,12,10,search_topic,113,2026-02-21 21:40:00
292,12,11,view_resource,125,2026-02-22 10:34:00
293,13,1,search_topic,593,2026-01-29 03:32:00
294,13,2,search_topic,590,2026-01-30 23:32:00
295,13,3,complete_lesson,304,2026-01-31 17:09:00
296,13,3,complete_lesson,469,2026-01-31 21:28:00
297,13,3,search_topic,75,2026-02-02 19:03:00
298,13,4,search_topic,416,2026-02-03 17:28:00
299,13,4,complete_lesson,473,2026-02-04 14:14:00
300,13,4,view_resource,134,2026-02-04 18:18:00
301,13,5,search_topic,513,2026-02-06 08:26:00
302,13,5,complete_lesson,529,2026-02-08 00:07:00
303,13,6,search_topic,285,2026-02-09 10:07:00
304,13,7,complete_lesson,314,2026-02-10 12:32:00
305,13,7,complete_lesson,137,2026-02-10 21:15:00
306,13,8,search_topic,254,2026-02-11 14:19:00
307,13,8,complete_lesson,271,2026-02-12 06:36:00
308,13,9,view_resource,564,2026-02-12 19:11:00
309,13,9,view_resource,553,2026-02-12 23:27:00
310,13,10,search_topic,346,2026-02-13 20:25:00
311,13,10,search_topic,493,2026-02-14 14:20:00
312,13,10,search_topic,238,2026-02-16 04:21:00
313,13,11,view_resource,448,2026-02-17 04:13:00
314,13,11,complete_lesson,251,2026-02-17 14:15:00
315,13,12,view_resource,489,2026-02-18 15:06:00
316,13,12,complete_lesson,244,2026-02-19 18:14:00
317,13,12,view_resource,336,2026-02-20 06:35:00
318,13,13,complete_lesson,69,2026-02-20 19:39:00
319,13,14,complete_lesson,367,2026-02-22 15:34:00
320,13,15,complete_lesson,547,2026-02-23 01:10:00
321,13,15,complete_lesson,428,2026-02-23 11:15:00
322,13,16,search_topic,263,2026-02-23 16:14:00
323,13,16,complete_lesson,423,2026-02-25 08:30:00
324,13,17,complete_lesson,534,2026-02-26 16:10:00
325,13,17,complete_lesson,491,2026-02-27 05:10:00
326,13,17,view_resource,141,2026-03-01 00:40:00
327,13,18,complete_lesson,431,2026-03-01 21:03:00
328,13,18,view_resource,248,2026-03-03 14:49:00
329,13,19,complete_lesson,165,2026-03-05 14:44:00
330,13,19,view_resource,86,2026-03-05 22:01:00
331,13,19,view_resource,328,2026-03-07 03:11:00
332,14,1,search_topic,234,2026-01-23 21:49:00
333,14,2,search_topic,338,2026-01-24 21:15:00
334,14,3,search_topic,505,2026-01-26 11:17:00
335,14,3,complete_lesson,553,2026-01-28 07:16:00
336,14,3,complete_lesson,482,2026-01-29 01:34:00
337,14,4,view_resource,563,2026-01-29 13:02:00
338,14,5,view_resource,442,2026-01-30 20:38:00
339,14,6,search_topic,459,2026-02-01 01:26:00
340,14,7,search_topic,338,2026-02-01 20:32:00
341,14,8,view_resource,199,2026-02-02 17:32:00
342,14,9,complete_lesson,79,2026-02-03 14:41:00
343,14,10,complete_lesson,68,2026-02-04 00:36:00
344,14,11,complete_lesson,440,2026-02-05 01:21:00
345,14,12,view_resource,332,2026-02-05 10:01:00
346,14,13,complete_lesson,72,2026-02-06 01:43:00
347,14,14,view_resource,531,2026-02-07 09:03:00
348,14,14,complete_lesson,458,2026-02-07 19:07:00
349,15,1,view_resource,319,2026-01-19 05:20:00
350,15,2,view_resource,301,2026-01-19 12:10:00
351,15,3,view_resource,69,2026-01-20 09:48:00
352,15,4,view_resource,314,2026-01-22 09:40:00
353,15,5,view_resource,169,2026-01-24 05:42:00
354,15,5,search_topic,415,2026-01-25 16:22:00
355,15,6,view_resource,556,2026-01-26 20:05:00
356,15,7,search_topic,416,2026-01-28 20:30:00
357,15,8,view_resource,218,2026-01-30 14:22:00
358,15,9,complete_lesson,249,2026-01-31 23:49:00
359,15,10,search_topic,456,2026-02-02 18:38:00
360,15,11,complete_lesson,389,2026-02-04 09:43:00
361,15,12,view_resource,557,2026-02-04 21:38:00
362,15,13,search_topic,322,2026-02-06 01:47:00
363,15,14,search_topic,563,2026-02-06 09:45:00
364,15,15,complete_lesson,437,2026-02-07 12:00:00
365,16,1,view_resource,281,2026-01-31 05:17:00
366,16,2,search_topic,243,2026-01-31 21:15:00
367,16,3,search_topic,529,2026-02-01 07:06:00
368,16,4,search_topic,221,2026-02-01 22:16:00
369,16,5,complete_lesson,440,2026-02-03 00:24:00
370,16,6,view_resource,444,2026-02-04 00:01:00
371,16,7,complete_lesson,60,2026-02-05 03:04:00
372,16,8,view_resource,367,2026-02-06 16:36:00
373,16,9,search_topic,218,2026-02-08 16:44:00
374,16,10,view_resource,322,2026-02-09 12:31:00
375,16,11,complete_lesson,237,2026-02-10 05:19:00
376,16,12,search_topic,367,2026-02-11 21:48:00
377,16,13,complete_lesson,416,2026-02-12 06:23:00
378,16,14,search_topic,451,2026-02-14 03:47:00
379,16,15,view_resource,216,2026-02-15 19:47:00
380,16,16,complete_lesson,356,2026-02-17 13:00:00
381,16,16,complete_lesson,110,2026-02-18 18:15:00
382,16,17,view_resource,552,2026-02-20 06:15:00
383,16,18,view_resource,308,2026-02-21 21:46:00
384,16,19,complete_lesson,434,2026-02-23 13:28:00
385,17,1,complete_lesson,209,2026-01-03 22:22:00
386,17,2,view_resource,175,2026-01-05 01:03:00
387,17,3,complete_lesson,520,2026-01-05 05:20:00
388,17,3,view_resource,268,2026-01-05 10:16:00
389,17,4,search_topic,78,2026-01-06 20:26:00
390,17,5,search_topic,337,2026-01-07 16:47:00
391,17,6,search_topic,428,2026-01-08 20:44:00
392,17,7,complete_lesson,556,2026-01-10 00:12:00
393,17,8,search_topic,82,2026-01-11 12:48:00
394,17,9,complete_lesson,420,2026-01-12 23:28:00
395,17,10,complete_lesson,456,2026-01-14 11:49:00
396,17,11,view_resource,149,2026-01-15 00:04:00
397,17,12,search_topic,216,2026-01-16 20:23:00
398,17,12,search_topic,194,2026-01-17 19:37:00
399,17,12,view_resource,201,2026-01-19 16:31:00
400,17,13,view_resource,221,2026-01-20 23:30:00
401,17,14,search_topic,90,2026-01-21 14:02:00
402,17,15,search_topic,340,2026-01-22 22:41:00
403,17,15,search_topic,333,2026-01-23 14:12:00
404,17,16,view_resource,548,2026-01-24 08:42:00
405,17,17,complete_lesson,545,2026-01-26 05:42:00
406,17,17,view_resource,336,2026-01-26 19:24:00
407,17,17,view_resource,127,2026-01-27 13:39:00
408,17,18,view_resource,497,2026-01-29 00:25:00
409,17,18,search_topic,380,2026-01-29 06:25:00
410,17,18,search_topic,597,2026-01-31 01:09:00
411,17,19,view_resource,311,2026-01-31 11:17:00
412,17,19,search_topic,456,2026-02-02 01:17:00
413,17,19,complete_lesson,467,2026-02-03 21:31:00
414,18,1,search_topic,589,2026-02-01 06:41:00
415,18,2,search_topic,198,2026-02-01 15:25:00
416,18,3,view_resource,525,2026-02-02 06:45:00
417,18,4,complete_lesson,147,2026-02-02 15:17:00
418,18,5,complete_lesson,104,2026-02-04 10:01:00
419,18,5,search_topic,213,2026-02-05 00:40:00
420,18,5,complete_lesson,375,2026-02-05 13:31:00
421,18,6,view_resource,63,2026-02-07 09:11:00
422,18,6,complete_lesson,65,2026-02-08 05:12:00
423,18,7,complete_lesson,141,2026-02-09 22:12:00
424,18,8,view_resource,110,2026-02-11 13:39:00
425,18,9,complete_lesson,399,2026-02-11 19:45:00
426,18,10,search_topic,241,2026-02-13 18:21:00
427,18,11,complete_lesson,448,2026-02-14 00:46:00
428,18,12,complete_lesson,397,2026-02-14 22:17:00
429,18,13,search_topic,149,2026-02-15 15:20:00
430,18,14,complete_lesson,598,2026-02-16 13:14:00
431,18,14,search_topic,568,2026-02-18 08:17:00
432,18,14,search_topic,298,2026-02-20 04:05:00
433,19,1,view_resource,484,2026-01-31 08:24:00
434,19,2,search_topic,348,2026-02-02 04:34:00
435,19,3,view_resource,401,2026-02-03 16:29:00
436,19,4,complete_lesson,550,2026-02-03 21:20:00
437,19,5,search_topic,403,2026-02-04 10:21:00
438,19,5,search_topic,366,2026-02-05 16:14:00
439,19,6,complete_lesson,422,2026-02-07 06:46:00
440,19,7,search_topic,229,2026-02-07 11:14:00
441,19,8,search_topic,382,2026-02-07 22:05:00
442,19,9,complete_lesson,281,2026-02-08 17:17:00
443,19,10,complete_lesson,578,2026-02-08 23:49:00
444,20,1,search_topic,377,2026-01-26 00:01:00
445,20,2,view_resource,530,2026-01-27 23:26:00
446,20,2,view_resource,149,2026-01-29 12:29:00
447,20,2,search_topic,379,2026-01-30 21:49:00
448,20,3,complete_lesson,386,2026-01-31 14:01:00
449,20,4,search_topic,586,2026-02-01 03:44:00
450,20,5,search_topic,310,2026-02-01 16:40:00
451,20,5,search_topic,514,2026-02-02 00:47:00
452,20,6,complete_lesson,243,2026-02-02 10:05:00
453,20,7,complete_lesson,400,2026-02-04 10:38:00
454,20,8,complete_lesson,194,2026-02-04 19:45:00
455,20,8,search_topic,536,2026-02-06 19:20:00
456,20,8,search_topic,324,2026-02-07 13:27:00
457,20,9,complete_lesson,559,2026-02-08 14:49:00
458,20,9,complete_lesson,234,2026-02-08 22:32:00
459,20,9,view_resource,475,2026-02-10 00:05:00
460,20,10,complete_lesson,470,2026-02-11 21:13:00
461,20,11,view_resource,408,2026-02-13 12:37:00
462,20,12,view_resource,237,2026-02-15 04:08:00
463,20,12,search_topic,558,2026-02-17 02:43:00
464,20,13,complete_lesson,475,2026-02-18 17:46:00
465,20,14,view_resource,152,2026-02-19 21:37:00
466,20,14,search_topic,60,2026-02-20 09:02:00
467,20,14,complete_lesson,459,2026-02-20 22:11:00
468,20,15,search_topic,371,2026-02-22 21:23:00
469,20,16,complete_lesson,190,2026-02-24 14:32:00
470,20,17,complete_lesson,91,2026-02-26 05:35:00
471,20,18,complete_lesson,276,2026-02-27 05:08:00
472,20,18,complete_lesson,428,2026-02-27 20:24:00
473,20,18,view_resource,197,2026-02-28 09:50:00
474,21,1,view_resource,146,2026-01-10 10:42:00
475,21,2,complete_lesson,244,2026-01-11 19:21:00
476,21,3,complete_lesson,67,2026-01-13 03:14:00
477,21,4,search_topic,435,2026-01-14 15:48:00
478,21,4,view_resource,553,2026-01-14 21:06:00
479,21,4,complete_lesson,536,2026-01-15 06:17:00
480,21,5,search_topic,139,2026-01-16 16:07:00
481,21,6,view_resource,540,2026-01-18 11:21:00
482,21,6,complete_lesson,491,2026-01-19 23:28:00
483,21,7,search_topic,371,2026-01-20 13:04:00
484,21,7,search_topic,233,2026-01-22 05:14:00
485,21,8,search_topic,138,2026-01-22 10:00:00
486,21,8,complete_lesson,323,2026-01-23 07:50:00
487,21,8,search_topic,214,2026-01-23 18:08:00
488,21,9,search_topic,93,2026-01-25 18:29:00
489,21,9,view_resource,567,2026-01-26 03:02:00
490,21,10,view_resource,413,2026-01-28 01:47:00
491,21,11,complete_lesson,547,2026-01-28 08:03:00
492,21,12,complete_lesson,208,2026-01-29 12:17:00
493,22,1,search_topic,102,2026-01-30 07:44:00
494,22,2,complete_lesson,403,2026-01-31 14:33:00
495,22,3,search_topic,307,2026-02-02 07:04:00
496,22,4,view_resource,380,2026-02-03 20:15:00
497,22,5,complete_lesson,419,2026-02-05 02:36:00
498,22,6,search_topic,282,2026-02-05 08:12:00
499,22,7,complete_lesson,249,2026-02-05 19:43:00
500,22,8,complete_lesson,343,2026-02-07 04:01:00
501,22,9,view_resource,451,2026-02-08 00:26:00
502,22,9,complete_lesson,242,2026-02-09 01:22:00
503,22,10,search_topic,501,2026-02-09 16:37:00
504,23,1,search_topic,316,2026-01-23 19:01:00
505,23,1,search_topic,60,2026-01-25 03:48:00
506,23,1,complete_lesson,460,2026-01-27 01:14:00
507,23,2,view_resource,291,2026-01-28 06:50:00
508,23,3,complete_lesson,401,2026-01-28 17:07:00
509,23,3,search_topic,152,2026-01-29 16:27:00
510,23,4,view_resource,240,2026-01-31 01:15:00
511,23,5,search_topic,427,2026-02-02 01:19:00
512,23,5,view_resource,203,2026-02-02 10:48:00
513,23,6,complete_lesson,571,2026-02-03 14:16:00
514,23,7,search_topic,103,2026-02-03 20:25:00
515,23,8,search_topic,298,2026-02-05 19:46:00
516,23,9,view_resource,193,2026-02-07 05:50:00
517,23,10,view_resource,168,2026-02-08 14:43:00
518,23,11,search_topic,471,2026-02-08 22:30:00
519,24,1,complete_lesson,124,2026-01-16 16:43:00
520,24,2,search_topic,101,2026-01-17 19:42:00
521,24,3,view_resource,67,2026-01-18 09:39:00
522,24,4,complete_lesson,189,2026-01-19 07:37:00
523,24,4,complete_lesson,304,2026-01-19 20:39:00
524,24,4,search_topic,571,2026-01-21 15:11:00
525,24,5,view_resource,180,2026-01-22 17:17:00
526,24,5,search_topic,579,2026-01-23 03:36:00
527,24,6,view_resource,545,2026-01-23 20:19:00
528,24,7,complete_lesson,524,2026-01-24 23:48:00
529,24,8,view_resource,132,2026-01-25 13:35:00
530,24,9,complete_lesson,295,2026-01-26 19:01:00
531,24,9,search_topic,482,2026-01-27 06:38:00
532,24,10,complete_lesson,208,2026-01-28 16:37:00
533,24,11,view_resource,427,2026-01-29 20:33:00
534,24,12,complete_lesson,529,2026-01-31 12:24:00
535,24,13,search_topic,234,2026-02-01 10:14:00
536,24,14,view_resource,544,2026-02-02 16:21:00
537,24,15,search_topic,212,2026-02-03 11:14:00
538,24,16,search_topic,94,2026-02-03 17:23:00
539,24,17,view_resource,145,2026-02-05 17:15:00
540,24,18,search_topic,152,2026-02-06 10:49:00
541,24,18,complete_lesson,84,2026-02-07 20:21:00
542,25,1,complete_lesson,61,2026-01-23 14:10:00
543,25,1,search_topic,93,2026-01-23 22:32:00
544,25,2,search_topic,142,2026-01-25 17:11:00
545,25,3,view_resource,173,2026-01-27 05:26:00
546,25,4,view_resource,269,2026-01-28 08:42:00
547,25,4,complete_lesson,274,2026-01-29 09:02:00
548,25,5,complete_lesson,343,2026-01-30 11:47:00
549,25,6,search_topic,359,2026-01-31 23:22:00
550,25,7,view_resource,142,2026-02-01 07:25:00
551,25,7,view_resource,228,2026-02-01 22:33:00
552,25,7,view_resource,593,2026-02-02 09:10:00
553,25,8,search_topic,81,2026-02-02 21:32:00
554,25,8,view_resource,592,2026-02-03 13:09:00
555,25,8,search_topic,394,2026-02-04 14:19:00
556,25,9,complete_lesson,235,2026-02-05 22:00:00
557,25,9,complete_lesson,108,2026-02-06 18:41:00
558,25,9,search_topic,224,2026-02-07 20:05:00
559,25,10,search_topic,217,2026-02-08 11:40:00
560,25,11,view_resource,95,2026-02-08 23:08:00
561,25,11,complete_lesson,226,2026-02-09 23:16:00
562,25,11,complete_lesson,208,2026-02-10 22:21:00
563,25,12,search_topic,362,2026-02-12 12:20:00
564,26,1,complete_lesson,101,2026-01-08 07:42:00
565,26,1,complete_lesson,285,2026-01-10 06:22:00
566,26,1,search_topic,259,2026-01-11 08:13:00
567,26,2,complete_lesson,149,2026-01-12 00:18:00
568,26,2,search_topic,583,2026-01-13 05:47:00
569,26,3,complete_lesson,413,2026-01-14 12:28:00
570,26,4,complete_lesson,513,2026-01-15 05:32:00
571,26,5,view_resource,272,2026-01-15 17:31:00
572,26,5,complete_lesson,127,2026-01-17 03:13:00
573,26,6,view_resource,533,2026-01-18 09:05:00
574,26,7,complete_lesson,103,2026-01-19 00:31:00
575,26,8,view_resource,217,2026-01-20 15:34:00
576,26,9,complete_lesson,310,2026-01-22 13:49:00
577,26,10,search_topic,506,2026-01-24 07:34:00
578,26,11,view_resource,325,2026-01-24 18:40:00
579,26,11,search_topic,198,2026-01-26 11:28:00
580,26,11,search_topic,424,2026-01-27 01:47:00
581,26,12,view_resource,231,2026-01-28 13:16:00
582,26,13,complete_lesson,158,2026-01-29 12:16:00
583,26,13,view_resource,590,2026-01-31 05:32:00
584,26,13,view_resource,164,2026-02-01 08:37:00
585,26,14,search_topic,176,2026-02-03 03:24:00
586,26,14,view_resource,77,2026-02-04 12:20:00
587,26,14,complete_lesson,595,2026-02-05 14:02:00
588,26,15,view_resource,191,2026-02-06 13:06:00
589,26,16,view_resource,139,2026-02-07 01:49:00
590,26,17,search_topic,120,2026-02-07 17:20:00
591,26,18,view_resource,270,2026-02-08 16:13:00
592,26,19,search_topic,344,2026-02-09 18:13:00
593,27,1,view_resource,74,2026-01-11 18:17:00
594,27,2,view_resource,576,2026-01-13 08:05:00
595,27,3,view_resource,423,2026-01-13 23:26:00
596,27,4,view_resource,537,2026-01-15 05:43:00
597,27,5,view_resource,144,2026-01-16 08:30:00
598,27,6,complete_lesson,291,2026-01-17 17:15:00
599,27,7,complete_lesson,436,2026-01-18 09:39:00
600,27,7,view_resource,465,2026-01-18 13:22:00
601,27,8,search_topic,164,2026-01-19 00:03:00
602,27,9,search_topic,473,2026-01-20 03:43:00
603,27,10,search_topic,339,2026-01-21 00:02:00
604,27,11,complete_lesson,556,2026-01-22 05:18:00
605,27,12,view_resource,90,2026-01-23 01:44:00
606,27,13,search_topic,394,2026-01-25 00:41:00
607,27,13,view_resource,592,2026-01-25 23:01:00
608,27,14,complete_lesson,411,2026-01-26 21:16:00
609,27,15,complete_lesson,382,2026-01-28 04:26:00
610,27,16,complete_lesson,228,2026-01-28 19:19:00
611,27,17,search_topic,562,2026-01-29 23:08:00
612,27,18,search_topic,117,2026-01-31 09:25:00
613,28,1,view_resource,88,2026-01-23 01:13:00
614,28,2,complete_lesson,449,2026-01-24 18:44:00
615,28,3,view_resource,379,2026-01-25 20:13:00
616,28,3,complete_lesson,177,2026-01-26 05:29:00
617,28,4,search_topic,491,2026-01-27 14:33:00
618,28,5,view_resource,560,2026-01-28 18:44:00
619,28,5,search_topic,407,2026-01-30 18:40:00
620,28,6,view_resource,279,2026-02-01 01:32:00
621,28,7,search_topic,157,2026-02-01 19:13:00
622,28,7,search_topic,546,2026-02-02 20:23:00
623,28,8,search_topic,380,2026-02-04 08:38:00
624,28,8,complete_lesson,244,2026-02-05 14:49:00
625,28,9,search_topic,538,2026-02-07 06:33:00
626,28,10,search_topic,121,2026-02-09 01:17:00
627,28,11,complete_lesson,480,2026-02-09 14:30:00
628,28,12,complete_lesson,224,2026-02-10 07:34:00
629,28,12,view_resource,213,2026-02-12 06:38:00
630,28,12,complete_lesson,557,2026-02-12 11:15:00
631,28,13,view_resource,324,2026-02-12 17:00:00
632,28,14,complete_lesson,80,2026-02-14 14:47:00
633,28,15,complete_lesson,432,2026-02-16 08:08:00
634,28,16,search_topic,183,2026-02-16 20:17:00
635,29,1,search_topic,185,2026-01-19 19:01:00
636,29,1,complete_lesson,301,2026-01-20 19:23:00
637,29,1,complete_lesson,510,2026-01-21 12:24:00
638,29,2,complete_lesson,493,2026-01-23 02:20:00
639,29,3,complete_lesson,81,2026-01-24 05:09:00
640,29,4,search_topic,305,2026-01-26 03:34:00
641,29,5,view_resource,302,2026-01-28 03:22:00
642,29,6,view_resource,364,2026-01-28 23:37:00
643,29,6,search_topic,476,2026-01-29 13:00:00
644,29,7,complete_lesson,492,2026-01-30 23:44:00
645,29,7,complete_lesson,490,2026-01-31 13:12:00
646,29,8,view_resource,248,2026-02-01 13:10:00
647,29,9,search_topic,144,2026-02-02 18:43:00
648,29,10,complete_lesson,522,2026-02-03 06:20:00
649,29,10,complete_lesson,348,2026-02-03 18:38:00
650,29,10,complete_lesson,289,2026-02-04 03:49:00
651,29,11,complete_lesson,263,2026-02-05 22:34:00
652,29,11,search_topic,499,2026-02-07 22:12:00
653,29,11,view_resource,180,2026-02-08 18:50:00
654,29,12,view_resource,268,2026-02-10 03:38:00
655,29,13,complete_lesson,271,2026-02-11 01:12:00
656,29,13,search_topic,253,2026-02-11 18:24:00
657,29,14,view_resource,438,2026-02-12 14:13:00
658,29,15,search_topic,467,2026-02-12 18:07:00
659,29,16,view_resource,113,2026-02-14 12:29:00
660,29,16,search_topic,106,2026-02-15 07:50:00
661,29,16,complete_lesson,439,2026-02-16 03:42:00
662,29,17,complete_lesson,539,2026-02-16 18:42:00
663,29,17,view_resource,326,2026-02-17 03:43:00
664,29,17,complete_lesson,429,2026-02-18 03:23:00
665,29,18,complete_lesson,563,2026-02-19 16:02:00
666,29,18,search_topic,510,2026-02-20 05:47:00
667,29,19,complete_lesson,506,2026-02-20 11:43:00
668,30,1,complete_lesson,564,2026-02-01 01:43:00
669,30,2,view_resource,232,2026-02-02 03:03:00
670,30,3,view_resource,598,2026-02-04 01:01:00
671,30,4,view_resource,396,2026-02-04 09:49:00
672,30,5,complete_lesson,217,2026-02-06 02:49:00
673,30,6,view_resource,523,2026-02-06 23:30:00
674,30,7,search_topic,349,2026-02-07 11:30:00
675,30,7,search_topic,450,2026-02-07 18:45:00
676,30,7,complete_lesson,151,2026-02-08 23:49:00
677,30,8,search_topic,217,2026-02-10 04:43:00
678,30,9,view_resource,436,2026-02-12 03:18:00
679,30,9,complete_lesson,334,2026-02-12 19:14:00
680,30,10,complete_lesson,496,2026-02-14 02:45:00
681,30,11,complete_lesson,599,2026-02-14 20:10:00
682,30,11,complete_lesson,141,2026-02-16 17:20:00
683,30,11,complete_lesson,314,2026-02-17 16:17:00
684,30,12,view_resource,582,2026-02-19 07:23:00
685,30,13,search_topic,143,2026-02-20 23:01:00
686,30,14,complete_lesson,106,2026-02-22 21:45:00
687,30,15,search_topic,520,2026-02-23 21:11:00
688,30,16,search_topic,325,2026-02-24 12:07:00
689,30,17,complete_lesson,531,2026-02-25 17:06:00
690,31,1,search_topic,429,2026-01-31 10:06:00
691,31,1,complete_lesson,149,2026-02-02 09:42:00
692,31,1,view_resource,252,2026-02-02 21:49:00
693,31,2,search_topic,255,2026-02-04 04:45:00
694,31,3,view_resource,515,2026-02-05 11:19:00
695,31,4,complete_lesson,112,2026-02-06 06:29:00
696,31,4,complete_lesson,485,2026-02-06 10:19:00
697,31,4,complete_lesson,97,2026-02-08 03:19:00
698,31,5,complete_lesson,297,2026-02-09 22:05:00
699,31,5,complete_lesson,125,2026-02-10 05:33:00
700,31,5,complete_lesson,415,2026-02-12 02:22:00
701,31,6,complete_lesson,297,2026-02-13 00:18:00
702,31,7,search_topic,459,2026-02-14 22:24:00
703,31,7,complete_lesson,225,2026-02-16 21:11:00
704,31,7,search_topic,554,2026-02-17 14:42:00
705,31,8,complete_lesson,370,2026-02-18 00:35:00
706,31,9,search_topic,92,2026-02-18 20:46:00
707,31,9,view_resource,289,2026-02-19 21:19:00
708,31,10,search_topic,587,2026-02-21 12:12:00
709,31,11,view_resource,168,2026-02-22 20:00:00
710,31,12,search_topic,180,2026-02-24 11:37:00
711,31,13,complete_lesson,161,2026-02-25 09:41:00
712,31,14,complete_lesson,66,2026-02-25 21:35:00
713,31,15,complete_lesson,484,2026-02-26 19:27:00
714,31,16,complete_lesson,483,2026-02-28 08:24:00
715,31,17,view_resource,70,2026-03-02 07:05:00
716,31,17,complete_lesson,471,2026-03-03 20:01:00
717,31,17,view_resource,214,2026-03-04 10:14:00
718,31,18,complete_lesson,381,2026-03-05 15:28:00
719,31,18,search_topic,210,2026-03-05 19:06:00
720,31,19,search_topic,413,2026-03-07 14:00:00
721,31,19,complete_lesson,146,2026-03-09 11:48:00
722,31,19,search_topic,189,2026-03-11 01:17:00
723,31,20,complete_lesson,223,2026-03-11 10:49:00
724,32,1,view_resource,121,2026-01-04 22:27:00
725,32,2,complete_lesson,365,2026-01-05 05:14:00
726,32,3,search_topic,299,2026-01-06 00:28:00
727,32,4,complete_lesson,588,2026-01-07 04:13:00
728,32,5,view_resource,154,2026-01-07 17:47:00
729,32,6,search_topic,472,2026-01-08 10:13:00
730,32,7,complete_lesson,561,2026-01-09 06:04:00
731,32,8,view_resource,585,2026-01-10 18:17:00
732,32,9,complete_lesson,181,2026-01-11 00:12:00
733,32,10,view_resource,180,2026-01-12 03:27:00
734,32,11,search_topic,491,2026-01-13 14:47:00
735,32,12,complete_lesson,62,2026-01-14 12:43:00
736,32,13,search_topic,523,2026-01-14 18:29:00
737,32,14,search_topic,531,2026-01-16 12:02:00
738,32,15,search_topic,479,2026-01-17 12:26:00
739,32,16,search_topic,344,2026-01-17 18:09:00
740,32,17,search_topic,186,2026-01-19 14:09:00
741,32,17,search_topic,114,2026-01-21 05:14:00
742,32,17,view_resource,183,2026-01-22 18:08:00
743,32,18,search_topic,514,2026-01-22 23:45:00
744,32,19,view_resource,408,2026-01-24 04:23:00
745,33,1,search_topic,232,2026-01-07 19:32:00
746,33,2,view_resource,120,2026-01-08 08:11:00
747,33,3,view_resource,482,2026-01-08 15:30:00
748,33,4,complete_lesson,580,2026-01-09 10:02:00
749,33,5,view_resource,555,2026-01-09 17:49:00
750,33,5,view_resource,335,2026-01-10 23:15:00
751,33,6,view_resource,371,2026-01-11 18:14:00
752,33,7,view_resource,442,2026-01-13 14:16:00
753,33,8,view_resource,61,2026-01-14 21:21:00
754,33,8,view_resource,121,2026-01-16 16:20:00
755,33,8,complete_lesson,419,2026-01-17 13:10:00
756,33,9,complete_lesson,151,2026-01-18 03:25:00
757,33,10,view_resource,576,2026-01-19 18:30:00
758,33,10,search_topic,523,2026-01-21 17:33:00
759,33,10,view_resource,530,2026-01-22 12:12:00
760,33,11,view_resource,237,2026-01-22 16:24:00
761,33,12,search_topic,139,2026-01-24 03:16:00
762,33,13,search_topic,426,2026-01-25 05:26:00
763,33,14,view_resource,80,2026-01-26 08:02:00
764,33,15,view_resource,299,2026-01-28 03:19:00
765,33,16,view_resource,67,2026-01-29 14:38:00
766,33,17,search_topic,258,2026-01-30 11:08:00
767,33,18,search_topic,126,2026-02-01 03:42:00
768,33,18,search_topic,340,2026-02-01 23:38:00
769,33,18,search_topic,318,2026-02-03 22:07:00
770,34,1,view_resource,390,2026-01-27 06:23:00
771,34,2,complete_lesson,589,2026-01-27 17:02:00
772,34,3,complete_lesson,259,2026-01-28 23:29:00
773,34,4,view_resource,315,2026-01-29 17:38:00
774,34,4,search_topic,159,2026-01-30 07:49:00
775,34,4,search_topic,402,2026-01-31 17:34:00
776,34,5,view_resource,134,2026-02-01 00:01:00
777,34,5,search_topic,517,2026-02-02 18:13:00
778,34,6,view_resource,123,2026-02-03 18:22:00
779,34,6,view_resource,164,2026-02-04 01:07:00
780,34,7,complete_lesson,298,2026-02-05 05:12:00
781,34,8,search_topic,163,2026-02-06 09:29:00
782,34,8,complete_lesson,589,2026-02-08 06:29:00
783,34,9,view_resource,189,2026-02-08 10:10:00
784,34,10,view_resource,200,2026-02-09 20:48:00
785,34,11,complete_lesson,209,2026-02-11 08:41:00
786,34,12,search_topic,208,2026-02-12 11:47:00
787,34,12,view_resource,492,2026-02-13 06:28:00
788,34,13,search_topic,538,2026-02-13 14:12:00
789,34,14,view_resource,167,2026-02-14 15:21:00
790,34,14,search_topic,288,2026-02-14 21:06:00
791,34,14,complete_lesson,399,2026-02-15 15:03:00
792,34,15,view_resource,177,2026-02-15 19:41:00
793,34,16,complete_lesson,238,2026-02-16 01:36:00
794,34,16,search_topic,311,2026-02-16 21:39:00
795,34,17,search_topic,173,2026-02-17 02:29:00
796,35,1,search_topic,504,2026-01-14 02:05:00
797,35,2,complete_lesson,385,2026-01-14 18:12:00
798,35,3,complete_lesson,212,2026-01-16 13:30:00
799,35,4,view_resource,541,2026-01-18 06:00:00
800,35,4,complete_lesson,581,2026-01-20 04:27:00
801,35,4,search_topic,442,2026-01-21 15:17:00
802,35,5,search_topic,97,2026-01-23 01:37:00
803,35,5,view_resource,465,2026-01-23 19:37:00
804,35,6,view_resource,362,2026-01-24 22:22:00
805,35,7,complete_lesson,521,2026-01-25 04:21:00
806,35,8,view_resource,512,2026-01-26 15:36:00
807,35,9,search_topic,140,2026-01-27 13:00:00
808,35,10,complete_lesson,261,2026-01-27 21:07:00
809,35,11,view_resource,327,2026-01-28 18:50:00
810,35,11,complete_lesson,475,2026-01-29 17:13:00
811,35,11,view_resource,467,2026-01-31 14:36:00
812,35,12,complete_lesson,532,2026-02-02 03:29:00
813,35,13,complete_lesson,274,2026-02-02 19:22:00
814,35,14,search_topic,69,2026-02-03 07:19:00
815,35,14,complete_lesson,495,2026-02-05 05:07:00
816,36,1,view_resource,217,2026-01-05 16:29:00
817,36,2,view_resource,460,2026-01-07 08:46:00
818,36,2,complete_lesson,522,2026-01-08 22:10:00
819,36,2,search_topic,241,2026-01-09 21:48:00
820,36,3,complete_lesson,350,2026-01-10 12:37:00
821,36,4,complete_lesson,480,2026-01-10 19:25:00
822,36,5,view_resource,193,2026-01-12 01:37:00
823,36,6,search_topic,529,2026-01-13 17:33:00
824,36,7,search_topic,562,2026-01-15 11:21:00
825,36,7,complete_lesson,527,2026-01-16 20:28:00
826,36,8,view_resource,485,2026-01-18 01:35:00
827,36,8,complete_lesson,453,2026-01-18 16:08:00
828,36,9,view_resource,340,2026-01-20 16:10:00
829,36,10,complete_lesson,481,2026-01-22 16:02:00
830,36,11,complete_lesson,521,2026-01-23 02:40:00
831,36,12,search_topic,532,2026-01-23 07:26:00
832,36,13,view_resource,394,2026-01-23 13:08:00
833,36,13,search_topic,308,2026-01-24 22:05:00
834,36,14,view_resource,162,2026-01-25 19:39:00
835,36,15,complete_lesson,217,2026-01-26 03:22:00
836,36,16,view_resource,595,2026-01-28 02:09:00
837,36,17,search_topic,64,2026-01-29 06:47:00
838,36,18,view_resource,491,2026-01-30 09:49:00
839,37,1,view_resource,231,2026-01-21 21:04:00
840,37,1,complete_lesson,390,2026-01-22 11:15:00
841,37,1,search_topic,464,2026-01-24 07:23:00
842,37,2,complete_lesson,72,2026-01-25 07:26:00
843,37,3,view_resource,283,2026-01-26 04:24:00
844,37,4,search_topic,235,2026-01-26 14:34:00
845,37,5,search_topic,196,2026-01-28 14:29:00
846,37,5,complete_lesson,553,2026-01-29 05:46:00
847,37,5,complete_lesson,451,2026-01-30 06:18:00
848,37,6,view_resource,187,2026-01-31 23:31:00
849,37,7,complete_lesson,266,2026-02-01 08:41:00
850,37,7,search_topic,514,2026-02-02 12:03:00
851,37,7,view_resource,593,2026-02-03 13:00:00
852,37,8,complete_lesson,308,2026-02-03 18:37:00
853,37,8,view_resource,287,2026-02-05 08:12:00
854,37,9,complete_lesson,131,2026-02-06 16:38:00
855,37,10,view_resource,301,2026-02-07 01:18:00
856,37,11,view_resource,370,2026-02-07 17:32:00
857,37,12,complete_lesson,467,2026-02-08 14:26:00
858,37,13,complete_lesson,80,2026-02-10 09:02:00
859,37,14,view_resource,323,2026-02-12 03:26:00
860,37,14,search_topic,552,2026-02-13 12:46:00
861,37,15,search_topic,443,2026-02-14 04:19:00
862,38,1,search_topic,132,2026-01-04 02:24:00
863,38,1,search_topic,226,2026-01-04 08:38:00
864,38,1,search_topic,416,2026-01-05 15:18:00
865,38,2,complete_lesson,312,2026-01-06 18:35:00
866,38,3,search_topic,211,2026-01-08 14:34:00
867,38,3,complete_lesson,313,2026-01-10 08:12:00
868,38,4,search_topic,453,2026-01-10 22:25:00
869,38,5,view_resource,497,2026-01-12 11:34:00
870,38,6,complete_lesson,481,2026-01-14 01:02:00
871,38,7,complete_lesson,206,2026-01-14 10:33:00
872,38,8,complete_lesson,61,2026-01-16 10:44:00
873,38,8,complete_lesson,355,2026-01-16 18:04:00
874,38,9,view_resource,574,2026-01-17 09:43:00
875,38,10,view_resource,325,2026-01-18 01:24:00
876,38,11,complete_lesson,187,2026-01-19 21:33:00
877,38,12,view_resource,122,2026-01-21 07:33:00
878,38,13,view_resource,594,2026-01-23 00:00:00
879,38,14,complete_lesson,499,2026-01-23 21:29:00
880,38,15,complete_lesson,118,2026-01-24 16:28:00
881,38,15,search_topic,471,2026-01-25 17:04:00
882,38,16,search_topic,314,2026-01-27 11:27:00
883,39,1,search_topic,389,2026-01-05 11:49:00
884,39,1,search_topic,393,2026-01-07 07:07:00
885,39,2,complete_lesson,162,2026-01-09 02:04:00
886,39,2,view_resource,592,2026-01-10 06:14:00
887,39,3,search_topic,538,2026-01-10 18:40:00
888,39,4,view_resource,151,2026-01-12 16:44:00
889,39,4,complete_lesson,452,2026-01-13 23:01:00
890,39,5,search_topic,563,2026-01-14 10:45:00
891,39,5,search_topic,126,2026-01-16 10:09:00
892,39,5,search_topic,450,2026-01-17 11:09:00
893,39,6,view_resource,174,2026-01-18 05:45:00
894,39,6,search_topic,178,2026-01-19 06:14:00
895,39,7,search_topic,254,2026-01-20 22:26:00
896,39,7,search_topic,189,2026-01-22 05:17:00
897,39,8,complete_lesson,208,2026-01-23 10:32:00
898,39,9,search_topic,95,2026-01-23 23:12:00
899,39,9,view_resource,340,2026-01-24 23:05:00
900,39,10,view_resource,401,2026-01-26 10:41:00
901,39,11,view_resource,559,2026-01-27 04:04:00
902,39,12,complete_lesson,492,2026-01-27 18:07:00
903,39,12,complete_lesson,133,2026-01-29 04:17:00
904,39,12,search_topic,463,2026-01-30 02:44:00
905,39,13,view_resource,512,2026-01-31 01:06:00
906,39,14,search_topic,69,2026-01-31 18:27:00
907,39,15,search_topic,232,2026-02-01 07:47:00
908,39,15,view_resource,180,2026-02-01 17:18:00
909,39,15,view_resource,473,2026-02-03 14:35:00
910,39,16,search_topic,444,2026-02-05 14:01:00
911,39,16,view_resource,534,2026-02-07 14:09:00
912,39,17,view_resource,560,2026-02-08 17:09:00
913,39,17,search_topic,551,2026-02-10 15:33:00
914,39,18,search_topic,504,2026-02-12 08:31:00
915,39,19,search_topic,249,2026-02-12 16:25:00
916,39,20,search_topic,560,2026-02-14 07:46:00
917,40,1,search_topic,180,2026-01-20 20:39:00
918,40,2,view_resource,100,2026-01-21 00:42:00
919,40,3,view_resource,187,2026-01-22 15:18:00
920,40,4,search_topic,360,2026-01-24 13:08:00
921,40,5,complete_lesson,582,2026-01-26 00:37:00
922,40,6,complete_lesson,280,2026-01-26 06:42:00
923,40,7,complete_lesson,136,2026-01-27 08:15:00
924,40,8,search_topic,495,2026-01-28 13:06:00
925,40,9,view_resource,441,2026-01-29 10:14:00
926,40,10,complete_lesson,448,2026-01-30 00:49:00
927,40,10,search_topic,172,2026-01-31 18:07:00
928,40,10,view_resource,431,2026-02-02 09:29:00
929,40,11,view_resource,447,2026-02-03 03:44:00
930,40,12,complete_lesson,157,2026-02-04 16:17:00
931,40,13,view_resource,385,2026-02-05 13:02:00
932,40,13,search_topic,472,2026-02-06 17:20:00
933,40,13,search_topic,219,2026-02-08 10:08:00
934,40,14,complete_lesson,315,2026-02-08 17:07:00
935,40,14,complete_lesson,422,2026-02-10 11:21:00
936,40,15,view_resource,372,2026-02-11 18:10:00
937,40,16,view_resource,305,2026-02-12 18:45:00
938,40,16,complete_lesson,564,2026-02-13 08:50:00
939,40,17,search_topic,187,2026-02-13 20:25:00
940,40,17,search_topic,67,2026-02-14 00:05:00
941,40,17,view_resource,600,2026-02-15 07:07:00
942,40,18,view_resource,239,2026-02-17 06:46:00
943,40,19,complete_lesson,234,2026-02-18 08:27:00
944,41,1,complete_lesson,366,2026-01-28 13:20:00
945,41,2,complete_lesson,587,2026-01-30 09:48:00
946,41,3,complete_lesson,365,2026-01-30 16:28:00
947,41,3,view_resource,471,2026-01-31 02:28:00
948,41,4,complete_lesson,186,2026-01-31 11:19:00
949,41,5,view_resource,335,2026-02-01 16:44:00
950,41,6,complete_lesson,65,2026-02-03 00:28:00
951,41,7,complete_lesson,491,2026-02-03 11:03:00
952,41,8,complete_lesson,181,2026-02-04 03:24:00
953,41,9,complete_lesson,573,2026-02-06 02:04:00
954,41,10,view_resource,189,2026-02-06 14:41:00
955,41,10,view_resource,113,2026-02-07 16:07:00
956,41,11,complete_lesson,348,2026-02-09 10:19:00
957,41,12,complete_lesson,177,2026-02-09 23:34:00
958,41,13,view_resource,574,2026-02-11 06:11:00
959,41,14,view_resource,340,2026-02-11 19:38:00
960,41,15,complete_lesson,477,2026-02-13 14:17:00
961,42,1,view_resource,371,2026-01-16 09:43:00
962,42,2,view_resource,101,2026-01-17 15:50:00
963,42,2,complete_lesson,543,2026-01-17 22:33:00
964,42,2,complete_lesson,432,2026-01-19 16:29:00
965,42,3,complete_lesson,430,2026-01-21 07:03:00
966,42,3,search_topic,342,2026-01-23 00:37:00
967,42,3,view_resource,183,2026-01-24 17:48:00
968,42,4,view_resource,136,2026-01-25 09:16:00
969,42,4,view_resource,217,2026-01-27 04:48:00
970,42,4,complete_lesson,415,2026-01-27 16:27:00
971,42,5,search_topic,82,2026-01-28 00:40:00
972,42,5,complete_lesson,106,2026-01-29 18:14:00
973,42,6,search_topic,136,2026-01-30 23:40:00
974,42,7,complete_lesson,271,2026-02-01 14:39:00
975,42,8,search_topic,526,2026-02-03 14:18:00
976,42,9,view_resource,235,2026-02-04 08:36:00
977,42,9,search_topic,211,2026-02-04 14:33:00
978,42,10,view_resource,178,2026-02-04 21:50:00
979,42,11,search_topic,330,2026-02-06 00:04:00
980,42,12,complete_lesson,284,2026-02-06 07:04:00
981,42,13,search_topic,168,2026-02-06 12:04:00
982,43,1,complete_lesson,285,2026-01-26 19:30:00
983,43,1,complete_lesson,219,2026-01-27 16:22:00
984,43,2,view_resource,240,2026-01-29 02:38:00
985,43,3,view_resource,463,2026-01-30 23:07:00
986,43,4,search_topic,472,2026-01-31 07:44:00
987,43,5,view_resource,172,2026-01-31 11:50:00
988,43,6,complete_lesson,206,2026-01-31 17:10:00
989,43,7,search_topic,147,2026-02-01 03:38:00
990,43,8,view_resource,333,2026-02-02 02:10:00
991,43,9,search_topic,485,2026-02-02 08:41:00
992,43,10,complete_lesson,291,2026-02-03 15:07:00
993,43,11,view_resource,164,2026-02-04 02:32:00
994,43,12,view_resource,104,2026-02-04 13:12:00
995,43,13,search_topic,368,2026-02-06 07:11:00
996,43,14,complete_lesson,331,2026-02-06 17:05:00
997,43,15,complete_lesson,549,2026-02-08 14:46:00
998,43,16,view_resource,454,2026-02-09 03:28:00
999,43,16,complete_lesson,401,2026-02-10 03:42:00
1000,44,1,complete_lesson,295,2026-01-13 05:26:00
1001,44,1,search_topic,284,2026-01-13 14:06:00
1002,44,2,view_resource,172,2026-01-13 19:47:00
1003,44,3,search_topic,491,2026-01-14 07:35:00
1004,44,4,view_resource,446,2026-01-14 19:04:00
1005,44,5,search_topic,221,2026-01-15 05:49:00
1006,44,5,view_resource,72,2026-01-15 18:14:00
1007,44,5,search_topic,203,2026-01-17 00:03:00
1008,44,6,search_topic,73,2026-01-18 06:32:00
1009,44,6,view_resource,237,2026-01-18 17:18:00
1010,44,7,search_topic,573,2026-01-20 02:31:00
1011,44,7,view_resource,594,2026-01-20 20:26:00
1012,44,7,view_resource,284,2026-01-21 08:25:00
1013,44,8,search_topic,474,2026-01-23 08:26:00
1014,44,9,search_topic,403,2026-01-24 05:49:00
1015,44,10,complete_lesson,252,2026-01-24 22:15:00
1016,44,11,search_topic,555,2026-01-25 07:48:00
1017,44,12,search_topic,259,2026-01-26 09:30:00
1018,44,13,search_topic,575,2026-01-28 09:44:00
1019,44,14,view_resource,357,2026-01-30 02:40:00
1020,44,15,view_resource,204,2026-01-31 22:01:00
1021,44,16,search_topic,409,2026-02-02 11:22:00
1022,44,16,complete_lesson,100,2026-02-02 23:05:00
1023,44,16,search_topic,136,2026-02-04 22:41:00
1024,44,17,search_topic,149,2026-02-05 02:19:00
1025,44,18,complete_lesson,421,2026-02-06 00:45:00
1026,44,19,complete_lesson,203,2026-02-07 10:43:00
1027,44,20,search_topic,192,2026-02-08 08:22:00
1028,44,20,complete_lesson,442,2026-02-09 11:45:00
1029,45,1,view_resource,310,2026-01-17 22:06:00
1030,45,2,complete_lesson,134,2026-01-18 08:36:00
1031,45,3,search_topic,536,2026-01-18 17:44:00
1032,45,4,complete_lesson,410,2026-01-20 00:12:00
1033,45,4,view_resource,345,2026-01-21 11:21:00
1034,45,5,search_topic,449,2026-01-23 07:47:00
1035,45,6,view_resource,83,2026-01-24 14:02:00
1036,45,7,complete_lesson,474,2026-01-26 10:45:00
1037,45,8,view_resource,154,2026-01-27 03:23:00
1038,45,8,view_resource,417,2026-01-28 04:24:00
1039,45,8,view_resource,507,2026-01-29 14:28:00
1040,45,9,view_resource,208,2026-01-31 05:30:00
1041,45,10,view_resource,571,2026-02-01 05:30:00
1042,45,10,complete_lesson,593,2026-02-01 16:04:00
1043,45,10,view_resource,520,2026-02-01 20:10:00
1044,45,11,search_topic,230,2026-02-02 13:12:00
1045,45,12,view_resource,439,2026-02-03 05:27:00
1046,45,13,complete_lesson,483,2026-02-03 16:24:00
1047,45,14,view_resource,529,2026-02-05 05:23:00
1048,45,14,search_topic,506,2026-02-06 08:26:00
1049,45,15,view_resource,149,2026-02-08 03:44:00
1050,45,15,complete_lesson,166,2026-02-08 12:19:00
1051,45,15,complete_lesson,575,2026-02-10 07:13:00
1052,45,16,complete_lesson,177,2026-02-11 00:38:00
1053,45,16,complete_lesson,482,2026-02-12 10:09:00
1054,45,17,complete_lesson,330,2026-02-13 13:31:00
1055,45,18,complete_lesson,93,2026-02-15 12:50:00
1056,45,18,search_topic,385,2026-02-15 17:29:00
1057,46,1,view_resource,499,2026-01-10 04:42:00
1058,46,2,view_resource,507,2026-01-10 19:36:00
1059,46,3,search_topic,326,2026-01-12 11:15:00
1060,46,3,view_resource,86,2026-01-13 01:23:00
1061,46,3,view_resource,140,2026-01-13 05:14:00
1062,46,4,view_resource,305,2026-01-14 14:09:00
1063,46,5,complete_lesson,326,2026-01-15 09:08:00
1064,46,5,search_topic,83,2026-01-15 16:10:00
1065,46,5,search_topic,185,2026-01-17 09:44:00
1066,46,6,view_resource,460,2026-01-17 17:44:00
1067,46,7,view_resource,489,2026-01-18 01:26:00
1068,46,8,view_resource,92,2026-01-18 15:43:00
1069,46,8,search_topic,65,2026-01-19 16:40:00
1070,46,9,search_topic,584,2026-01-20 08:02:00
1071,46,10,view_resource,189,2026-01-21 01:33:00
1072,46,11,complete_lesson,506,2026-01-22 16:18:00
1073,46,11,view_resource,347,2026-01-23 21:25:00
1074,46,12,search_topic,338,2026-01-25 08:30:00
1075,46,13,search_topic,125,2026-01-26 00:22:00
1076,46,13,complete_lesson,479,2026-01-26 14:32:00
1077,46,14,complete_lesson,499,2026-01-27 16:00:00
1078,46,14,search_topic,440,2026-01-28 07:27:00
1079,46,14,complete_lesson,71,2026-01-28 20:05:00
1080,46,15,search_topic,277,2026-01-29 14:17:00
1081,46,15,search_topic,136,2026-01-30 07:14:00
1082,46,16,view_resource,565,2026-01-31 07:19:00
1083,46,16,view_resource,523,2026-01-31 13:40:00
1084,47,1,search_topic,64,2026-01-23 15:21:00
1085,47,2,search_topic,76,2026-01-25 05:46:00
1086,47,3,complete_lesson,141,2026-01-26 04:15:00
1087,47,3,complete_lesson,525,2026-01-27 04:19:00
1088,47,4,view_resource,108,2026-01-28 07:50:00
1089,47,5,search_topic,437,2026-01-29 14:16:00
1090,47,5,complete_lesson,104,2026-01-29 18:43:00
1091,47,5,complete_lesson,448,2026-01-30 01:33:00
1092,47,6,view_resource,483,2026-01-31 10:10:00
1093,47,6,view_resource,549,2026-02-01 18:08:00
1094,47,6,search_topic,554,2026-02-03 05:36:00
1095,47,7,search_topic,270,2026-02-04 20:06:00
1096,47,7,view_resource,73,2026-02-05 04:08:00
1097,47,8,search_topic,586,2026-02-05 14:30:00
1098,47,9,view_resource,193,2026-02-06 23:36:00
1099,47,10,complete_lesson,252,2026-02-08 07:46:00
1100,47,11,view_resource,172,2026-02-09 23:35:00
1101,47,12,complete_lesson,331,2026-02-10 04:43:00
1102,47,13,complete_lesson,580,2026-02-11 11:29:00
1103,47,14,complete_lesson,258,2026-02-11 18:32:00
1104,47,15,view_resource,111,2026-02-13 07:09:00
1105,47,16,view_resource,127,2026-02-13 14:16:00
1106,47,17,search_topic,334,2026-02-14 19:19:00
1107,47,17,search_topic,354,2026-02-15 12:05:00
1108,47,17,view_resource,575,2026-02-17 06:06:00
1109,47,18,view_resource,251,2026-02-18 01:29:00
1110,47,18,complete_lesson,498,2026-02-19 10:29:00
1111,47,18,view_resource,234,2026-02-19 15:07:00
1112,47,19,complete_lesson,313,2026-02-20 17:20:00
1113,48,1,view_resource,210,2026-01-17 21:01:00
1114,48,2,search_topic,323,2026-01-19 05:08:00
1115,48,2,complete_lesson,368,2026-01-20 16:05:00
1116,48,3,search_topic,81,2026-01-22 02:41:00
1117,48,3,view_resource,425,2026-01-23 08:19:00
1118,48,3,complete_lesson,428,2026-01-23 13:37:00
1119,48,4,search_topic,520,2026-01-24 17:17:00
1120,48,5,complete_lesson,255,2026-01-26 10:48:00
1121,48,5,search_topic,185,2026-01-28 03:23:00
1122,48,6,complete_lesson,210,2026-01-29 05:21:00
1123,48,7,complete_lesson,558,2026-01-30 03:32:00
1124,48,8,view_resource,114,2026-01-30 09:19:00
1125,48,9,complete_lesson,574,2026-01-30 13:08:00
1126,48,10,search_topic,261,2026-01-30 22:23:00
1127,48,11,view_resource,455,2026-01-31 16:23:00
1128,48,12,complete_lesson,390,2026-02-01 15:13:00
1129,48,12,view_resource,486,2026-02-02 03:15:00
1130,48,13,view_resource,444,2026-02-03 19:00:00
1131,48,14,search_topic,426,2026-02-04 07:21:00
1132,48,15,view_resource,491,2026-02-05 13:45:00
1133,48,16,search_topic,360,2026-02-06 08:47:00
1134,48,16,complete_lesson,590,2026-02-07 13:21:00
1135,48,17,complete_lesson,159,2026-02-08 10:32:00
1136,48,18,search_topic,114,2026-02-08 21:06:00
1137,48,19,search_topic,218,2026-02-10 08:31:00
1138,49,1,view_resource,183,2026-01-08 23:17:00
1139,49,1,view_resource,577,2026-01-09 09:22:00
1140,49,1,complete_lesson,555,2026-01-10 14:39:00
1141,49,2,search_topic,186,2026-01-11 10:23:00
1142,49,2,search_topic,306,2026-01-11 23:40:00
1143,49,2,complete_lesson,551,2026-01-13 11:32:00
1144,49,3,search_topic,169,2026-01-14 14:21:00
1145,49,3,complete_lesson,528,2026-01-15 20:43:00
1146,49,4,search_topic,515,2026-01-16 19:48:00
1147,49,5,complete_lesson,69,2026-01-17 07:40:00
1148,49,6,complete_lesson,585,2026-01-18 00:46:00
1149,49,6,search_topic,407,2026-01-18 15:21:00
1150,49,6,complete_lesson,463,2026-01-19 03:46:00
1151,49,7,search_topic,579,2026-01-20 13:01:00
1152,49,7,complete_lesson,416,2026-01-22 11:13:00
1153,49,8,view_resource,158,2026-01-22 17:08:00
1154,49,9,search_topic,302,2026-01-23 11:44:00
1155,49,10,view_resource,123,2026-01-24 15:11:00
1156,50,1,view_resource,388,2026-01-28 02:44:00
1157,50,2,complete_lesson,562,2026-01-29 22:22:00
1158,50,3,view_resource,148,2026-01-30 12:13:00
1159,50,4,complete_lesson,133,2026-01-31 00:29:00
1160,50,5,complete_lesson,425,2026-01-31 17:11:00
1161,50,6,view_resource,140,2026-02-01 01:42:00
1162,50,7,search_topic,398,2026-02-01 12:49:00
1163,50,8,view_resource,354,2026-02-02 16:46:00
1164,50,8,search_topic,572,2026-02-04 06:31:00
1165,50,9,complete_lesson,90,2026-02-06 06:48:00
1166,50,10,search_topic,397,2026-02-06 13:02:00
1167,50,11,search_topic,96,2026-02-07 08:28:00
1168,51,1,complete_lesson,192,2026-01-28 18:33:00
1169,51,2,complete_lesson,549,2026-01-30 05:31:00
1170,51,3,view_resource,448,2026-01-30 10:07:00
1171,51,4,search_topic,188,2026-01-31 20:23:00
1172,51,5,complete_lesson,420,2026-02-02 04:38:00
1173,51,6,search_topic,106,2026-02-02 13:50:00
1174,51,7,view_resource,349,2026-02-02 20:48:00
1175,51,8,search_topic,185,2026-02-03 18:08:00
1176,51,9,view_resource,514,2026-02-05 05:05:00
1177,51,10,complete_lesson,575,2026-02-07 02:44:00
1178,51,10,search_topic,557,2026-02-07 09:33:00
1179,51,11,view_resource,441,2026-02-08 03:04:00
1180,51,11,complete_lesson,524,2026-02-08 16:43:00
1181,51,11,complete_lesson,453,2026-02-08 21:31:00
1182,51,12,view_resource,451,2026-02-09 18:26:00
1183,51,13,view_resource,372,2026-02-10 22:48:00
1184,51,14,complete_lesson,281,2026-02-12 16:02:00
1185,51,15,view_resource,171,2026-02-13 23:15:00
1186,51,16,complete_lesson,494,2026-02-14 21:14:00
1187,51,16,complete_lesson,538,2026-02-16 13:03:00
1188,51,16,search_topic,340,2026-02-17 08:45:00
1189,52,1,complete_lesson,335,2026-02-02 15:08:00
1190,52,2,complete_lesson,243,2026-02-03 14:22:00
1191,52,3,search_topic,283,2026-02-03 20:24:00
1192,52,3,search_topic,381,2026-02-04 03:46:00
1193,52,4,search_topic,238,2026-02-04 23:41:00
1194,52,4,search_topic,99,2026-02-06 18:39:00
1195,52,5,view_resource,325,2026-02-07 18:34:00
1196,52,5,complete_lesson,105,2026-02-07 23:12:00
1197,52,5,complete_lesson,175,2026-02-08 18:18:00
1198,52,6,view_resource,496,2026-02-09 21:32:00
1199,52,7,complete_lesson,541,2026-02-10 22:32:00
1200,52,7,complete_lesson,213,2026-02-12 17:13:00
1201,52,8,search_topic,412,2026-02-13 17:37:00
1202,52,9,view_resource,139,2026-02-14 06:36:00
1203,52,9,search_topic,488,2026-02-15 22:16:00
1204,52,9,view_resource,543,2026-02-16 09:08:00
1205,52,10,view_resource,396,2026-02-17 01:35:00
1206,52,10,view_resource,306,2026-02-18 04:22:00
1207,52,11,complete_lesson,555,2026-02-18 13:12:00
1208,52,11,search_topic,188,2026-02-19 07:16:00
1209,52,12,complete_lesson,381,2026-02-19 19:43:00
1210,52,12,view_resource,566,2026-02-20 04:10:00
1211,52,12,view_resource,230,2026-02-20 20:43:00
1212,52,13,view_resource,501,2026-02-22 06:49:00
1213,52,13,search_topic,457,2026-02-24 06:23:00
1214,52,13,view_resource,360,2026-02-25 08:43:00
1215,52,14,search_topic,423,2026-02-25 18:22:00
1216,52,14,complete_lesson,356,2026-02-27 00:02:00
1217,52,14,search_topic,581,2026-02-28 10:45:00
1218,52,15,complete_lesson,240,2026-03-02 09:18:00
1219,52,15,view_resource,364,2026-03-04 02:19:00
1220,52,16,complete_lesson,390,2026-03-05 19:26:00
1221,52,16,view_resource,275,2026-03-06 19:23:00
1222,52,16,complete_lesson,161,2026-03-08 08:28:00
1223,52,17,complete_lesson,168,2026-03-09 16:36:00
1224,52,17,search_topic,580,2026-03-11 14:02:00
1225,52,18,view_resource,438,2026-03-13 04:37:00
1226,52,18,search_topic,515,2026-03-14 02:17:00
1227,52,18,view_resource,182,2026-03-14 14:22:00
1228,53,1,view_resource,422,2026-01-03 11:45:00
1229,53,2,complete_lesson,524,2026-01-03 19:10:00
1230,53,3,complete_lesson,162,2026-01-05 19:05:00
1231,53,4,view_resource,68,2026-01-07 10:35:00
1232,53,5,complete_lesson,251,2026-01-09 09:04:00
1233,53,6,search_topic,279,2026-01-11 05:50:00
1234,53,7,search_topic,329,2026-01-11 22:11:00
1235,53,7,complete_lesson,555,2026-01-13 02:17:00
1236,53,7,view_resource,359,2026-01-15 00:08:00
1237,53,8,view_resource,284,2026-01-16 18:43:00
1238,53,8,view_resource,495,2026-01-17 16:43:00
1239,53,9,complete_lesson,560,2026-01-19 16:12:00
1240,53,9,complete_lesson,579,2026-01-20 22:37:00
1241,53,10,complete_lesson,481,2026-01-22 13:25:00
1242,53,11,search_topic,284,2026-01-23 09:29:00
1243,53,12,view_resource,271,2026-01-24 17:01:00
1244,53,13,view_resource,81,2026-01-26 12:26:00
1245,53,13,complete_lesson,124,2026-01-26 21:09:00
1246,53,13,view_resource,220,2026-01-27 04:16:00
1247,53,14,view_resource,314,2026-01-27 18:50:00
1248,53,14,search_topic,164,2026-01-28 00:18:00
1249,53,15,search_topic,313,2026-01-28 22:48:00
1250,53,16,complete_lesson,146,2026-01-30 19:46:00
1251,53,16,search_topic,485,2026-01-31 03:49:00
1252,53,17,view_resource,379,2026-01-31 13:00:00
1253,54,1,search_topic,542,2026-01-30 08:26:00
1254,54,2,search_topic,578,2026-01-31 14:35:00
1255,54,3,search_topic,170,2026-02-01 19:22:00
1256,54,3,view_resource,517,2026-02-02 13:27:00
1257,54,3,complete_lesson,207,2026-02-03 23:10:00
1258,54,4,search_topic,315,2026-02-04 13:45:00
1259,54,5,complete_lesson,318,2026-02-06 05:24:00
1260,54,5,view_resource,389,2026-02-07 04:06:00
1261,54,5,complete_lesson,274,2026-02-08 20:02:00
1262,54,6,complete_lesson,554,2026-02-09 20:18:00
1263,54,6,view_resource,167,2026-02-11 11:23:00
1264,54,7,view_resource,508,2026-02-12 01:43:00
1265,54,8,search_topic,488,2026-02-13 14:25:00
1266,54,8,complete_lesson,337,2026-02-13 18:17:00
1267,54,8,search_topic,229,2026-02-14 18:41:00
1268,54,9,complete_lesson,275,2026-02-15 21:29:00
1269,54,9,complete_lesson,70,2026-02-16 09:30:00
1270,54,9,view_resource,379,2026-02-17 15:06:00
1271,54,10,view_resource,128,2026-02-18 01:28:00
1272,54,10,search_topic,74,2026-02-19 21:38:00
1273,55,1,complete_lesson,267,2026-01-30 02:46:00
1274,55,2,view_resource,189,2026-01-30 19:17:00
1275,55,3,complete_lesson,544,2026-02-01 11:37:00
1276,55,3,view_resource,153,2026-02-02 01:11:00
1277,55,4,view_resource,200,2026-02-02 05:18:00
1278,55,5,view_resource,306,2026-02-03 15:15:00
1279,55,6,complete_lesson,140,2026-02-05 01:12:00
1280,55,6,complete_lesson,206,2026-02-05 18:23:00
1281,55,6,complete_lesson,183,2026-02-07 09:15:00
1282,55,7,search_topic,414,2026-02-07 14:04:00
1283,55,8,search_topic,70,2026-02-08 06:38:00
1284,55,9,complete_lesson,319,2026-02-09 23:18:00
1285,55,10,complete_lesson,104,2026-02-10 05:06:00
1286,55,11,search_topic,542,2026-02-10 12:12:00
1287,55,12,search_topic,166,2026-02-11 22:48:00
1288,55,13,view_resource,144,2026-02-12 11:24:00
1289,55,13,view_resource,381,2026-02-12 22:44:00
1290,55,13,search_topic,77,2026-02-14 12:29:00
1291,55,14,complete_lesson,588,2026-02-15 02:50:00
1292,55,14,search_topic,122,2026-02-17 00:46:00
1293,55,15,complete_lesson,263,2026-02-17 21:06:00
1294,55,16,view_resource,409,2026-02-18 01:21:00
1295,55,17,view_resource,148,2026-02-19 10:39:00
1296,55,17,view_resource,70,2026-02-20 10:37:00
1297,55,17,search_topic,312,2026-02-22 06:31:00
1298,55,18,complete_lesson,242,2026-02-22 18:33:00
1299,55,19,complete_lesson,325,2026-02-23 10:06:00
1300,56,1,search_topic,520,2026-01-10 16:10:00
1301,56,2,view_resource,504,2026-01-12 09:28:00
1302,56,3,search_topic,335,2026-01-13 02:45:00
1303,56,3,complete_lesson,327,2026-01-14 14:48:00
1304,56,4,complete_lesson,441,2026-01-15 05:14:00
1305,56,4,complete_lesson,167,2026-01-16 09:10:00
1306,56,4,complete_lesson,546,2026-01-17 11:29:00
1307,56,5,view_resource,509,2026-01-18 10:11:00
1308,56,5,search_topic,468,2026-01-19 19:20:00
1309,56,6,complete_lesson,367,2026-01-20 22:48:00
1310,56,7,search_topic,470,2026-01-21 08:13:00
1311,56,7,complete_lesson,596,2026-01-21 13:38:00
1312,56,7,complete_lesson,115,2026-01-23 05:45:00
1313,56,8,view_resource,265,2026-01-24 10:39:00
1314,56,8,view_resource,507,2026-01-25 09:45:00
1315,56,9,complete_lesson,223,2026-01-27 00:28:00
1316,56,10,complete_lesson,308,2026-01-27 17:02:00
1317,56,10,view_resource,469,2026-01-28 03:01:00
1318,56,10,search_topic,494,2026-01-29 03:12:00
1319,56,11,view_resource,287,2026-01-30 14:12:00
1320,57,1,complete_lesson,139,2026-01-21 11:09:00
1321,57,2,complete_lesson,244,2026-01-22 04:23:00
1322,57,3,complete_lesson,243,2026-01-23 14:40:00
1323,57,4,search_topic,163,2026-01-24 00:09:00
1324,57,5,complete_lesson,525,2026-01-24 14:50:00
1325,57,6,complete_lesson,178,2026-01-25 21:12:00
1326,57,6,search_topic,403,2026-01-27 05:16:00
1327,57,7,complete_lesson,141,2026-01-27 20:41:00
1328,57,8,complete_lesson,505,2026-01-29 08:47:00
1329,57,9,search_topic,438,2026-01-30 19:34:00
1330,57,10,complete_lesson,487,2026-01-31 00:49:00
1331,57,11,view_resource,465,2026-01-31 06:35:00
1332,57,12,complete_lesson,413,2026-01-31 19:21:00
1333,57,13,complete_lesson,441,2026-02-02 08:48:00
1334,57,14,complete_lesson,492,2026-02-02 17:25:00
1335,57,15,view_resource,256,2026-02-03 02:14:00
1336,58,1,search_topic,544,2026-01-12 18:37:00
1337,58,2,search_topic,106,2026-01-14 18:12:00
1338,58,3,view_resource,484,2026-01-15 16:08:00
1339,58,4,view_resource,392,2026-01-17 12:36:00
1340,58,5,complete_lesson,458,2026-01-18 21:20:00
1341,58,5,complete_lesson,515,2026-01-20 12:41:00
1342,58,5,search_topic,234,2026-01-21 21:07:00
1343,58,6,search_topic,558,2026-01-23 19:15:00
1344,58,7,complete_lesson,522,2026-01-25 08:07:00
1345,58,8,complete_lesson,485,2026-01-27 01:02:00
1346,58,9,search_topic,194,2026-01-28 12:26:00
1347,58,10,search_topic,356,2026-01-29 17:39:00
1348,58,11,view_resource,488,2026-01-30 22:12:00
1349,58,12,search_topic,385,2026-02-01 20:18:00
1350,58,13,complete_lesson,220,2026-02-03 01:39:00
1351,58,14,search_topic,160,2026-02-04 02:26:00
1352,58,15,search_topic,289,2026-02-05 08:42:00
1353,58,16,view_resource,392,2026-02-05 17:11:00
1354,58,17,search_topic,458,2026-02-06 02:15:00
1355,58,17,view_resource,528,2026-02-07 14:27:00
1356,58,17,view_resource,390,2026-02-08 09:42:00
1357,58,18,complete_lesson,307,2026-02-09 18:00:00
1358,58,19,view_resource,310,2026-02-10 05:21:00
1359,59,1,search_topic,541,2026-01-22 05:26:00
1360,59,2,search_topic,84,2026-01-23 19:22:00
1361,59,2,complete_lesson,100,2026-01-25 05:27:00
1362,59,2,search_topic,510,2026-01-26 10:23:00
1363,59,3,view_resource,233,2026-01-27 06:27:00
1364,59,4,view_resource,397,2026-01-28 01:09:00
1365,59,5,complete_lesson,362,2026-01-29 12:06:00
1366,59,6,view_resource,203,2026-01-31 12:41:00
1367,59,7,complete_lesson,222,2026-02-01 15:14:00
1368,59,8,search_topic,191,2026-02-02 23:41:00
1369,59,9,search_topic,370,2026-02-04 19:41:00
1370,59,9,search_topic,589,2026-02-06 12:25:00
1371,59,10,complete_lesson,595,2026-02-08 09:27:00
1372,59,10,view_resource,597,2026-02-09 13:20:00
1373,59,11,view_resource,213,2026-02-09 21:33:00
1374,60,1,search_topic,72,2026-02-01 01:03:00
1375,60,2,view_resource,468,2026-02-01 19:10:00
1376,60,2,complete_lesson,141,2026-02-02 05:47:00
1377,60,2,complete_lesson,247,2026-02-03 13:06:00
1378,60,3,search_topic,332,2026-02-05 13:15:00
1379,60,4,view_resource,309,2026-02-06 01:13:00
1380,60,5,search_topic,134,2026-02-07 15:38:00
1381,60,6,view_resource,558,2026-02-09 01:31:00
1382,60,7,search_topic,259,2026-02-09 12:13:00
1383,60,8,complete_lesson,337,2026-02-10 21:19:00
1384,60,9,complete_lesson,330,2026-02-12 07:16:00
1385,60,10,view_resource,559,2026-02-13 06:50:00
1386,60,10,complete_lesson,227,2026-02-14 06:39:00
1387,60,10,view_resource,513,2026-02-14 14:29:00
1388,60,11,view_resource,278,2026-02-15 05:31:00
1389,61,1,view_resource,218,2026-01-05 09:30:00
1390,61,1,view_resource,221,2026-01-05 23:11:00
1391,61,2,complete_lesson,335,2026-01-07 12:36:00
1392,61,3,search_topic,422,2026-01-08 11:03:00
1393,61,4,complete_lesson,116,2026-01-09 16:24:00
1394,61,5,view_resource,322,2026-01-10 13:32:00
1395,61,5,complete_lesson,393,2026-01-11 16:15:00
1396,61,6,complete_lesson,169,2026-01-12 09:46:00
1397,61,7,view_resource,459,2026-01-14 02:06:00
1398,61,7,search_topic,444,2026-01-15 13:47:00
1399,61,7,search_topic,438,2026-01-15 23:22:00
1400,61,8,search_topic,483,2026-01-16 11:41:00
1401,61,9,complete_lesson,326,2026-01-17 03:15:00
1402,61,9,view_resource,129,2026-01-18 16:00:00
1403,61,9,complete_lesson,516,2026-01-20 16:03:00
1404,61,10,view_resource,325,2026-01-22 01:34:00
1405,61,11,complete_lesson,109,2026-01-22 12:17:00
1406,61,12,search_topic,394,2026-01-24 04:00:00
1407,61,13,search_topic,154,2026-01-25 05:15:00
1408,61,14,search_topic,255,2026-01-25 14:02:00
1409,61,14,complete_lesson,536,2026-01-25 22:22:00
1410,61,14,search_topic,407,2026-01-26 11:21:00
1411,61,15,search_topic,459,2026-01-26 16:49:00
1412,61,15,complete_lesson,288,2026-01-26 20:13:00
1413,62,1,search_topic,423,2026-02-01 20:05:00
1414,62,2,view_resource,100,2026-02-02 09:01:00
1415,62,3,view_resource,370,2026-02-03 09:40:00
1416,62,3,view_resource,423,2026-02-04 16:49:00
1417,62,4,search_topic,273,2026-02-05 20:26:00
1418,62,5,view_resource,155,2026-02-06 13:39:00
1419,62,6,view_resource,560,2026-02-08 02:03:00
1420,62,7,search_topic,428,2026-02-09 08:20:00
1421,62,7,view_resource,67,2026-02-10 04:26:00
1422,62,8,view_resource,504,2026-02-10 14:09:00
1423,62,9,search_topic,391,2026-02-12 00:48:00
1424,62,9,view_resource,191,2026-02-12 13:17:00
1425,62,10,search_topic,360,2026-02-14 07:27:00
1426,62,11,view_resource,245,2026-02-14 22:27:00
1427,62,11,view_resource,373,2026-02-15 09:25:00
1428,62,12,complete_lesson,89,2026-02-17 04:20:00
1429,62,12,complete_lesson,107,2026-02-17 10:16:00
1430,62,13,view_resource,154,2026-02-18 00:24:00
1431,62,13,complete_lesson,510,2026-02-18 08:42:00
1432,62,13,complete_lesson,540,2026-02-20 02:34:00
1433,62,14,complete_lesson,260,2026-02-21 21:42:00
1434,62,15,search_topic,473,2026-02-22 15:32:00
1435,63,1,complete_lesson,533,2026-01-07 19:08:00
1436,63,2,view_resource,95,2026-01-08 07:03:00
1437,63,2,view_resource,74,2026-01-09 11:41:00
1438,63,3,complete_lesson,555,2026-01-10 01:28:00
1439,63,4,view_resource,346,2026-01-11 10:09:00
1440,63,5,complete_lesson,527,2026-01-12 01:08:00
1441,63,5,search_topic,329,2026-01-12 11:46:00
1442,63,6,view_resource,528,2026-01-12 16:43:00
1443,63,7,view_resource,576,2026-01-13 18:39:00
1444,63,8,view_resource,263,2026-01-14 10:04:00
1445,63,8,search_topic,597,2026-01-15 12:47:00
1446,63,8,search_topic,230,2026-01-17 02:27:00
1447,63,9,view_resource,494,2026-01-17 20:38:00
1448,63,9,complete_lesson,363,2026-01-18 17:26:00
1449,63,9,complete_lesson,389,2026-01-20 06:42:00
1450,63,10,complete_lesson,273,2026-01-20 14:04:00
1451,63,11,view_resource,308,2026-01-21 20:25:00
1452,64,1,view_resource,291,2026-01-19 16:33:00
1453,64,2,complete_lesson,205,2026-01-21 09:07:00
1454,64,3,search_topic,542,2026-01-21 20:36:00
1455,64,4,view_resource,132,2026-01-22 07:02:00
1456,64,5,complete_lesson,175,2026-01-23 04:10:00
1457,64,6,complete_lesson,290,2026-01-25 04:17:00
1458,64,7,search_topic,502,2026-01-25 23:24:00
1459,64,7,complete_lesson,342,2026-01-26 06:34:00
1460,64,8,view_resource,73,2026-01-28 04:44:00
1461,64,9,search_topic,332,2026-01-29 21:44:00
1462,64,10,search_topic,591,2026-01-31 12:08:00
1463,64,10,search_topic,160,2026-02-01 16:14:00
1464,64,11,complete_lesson,100,2026-02-03 15:28:00
1465,64,12,complete_lesson,502,2026-02-05 00:08:00
1466,64,13,view_resource,359,2026-02-05 15:24:00
1467,64,14,view_resource,343,2026-02-06 17:22:00
1468,64,14,search_topic,329,2026-02-07 00:01:00
1469,64,15,complete_lesson,236,2026-02-08 15:19:00
1470,64,16,view_resource,384,2026-02-10 10:31:00
1471,64,17,complete_lesson,267,2026-02-12 05:34:00
1472,64,17,complete_lesson,223,2026-02-13 16:40:00
1473,64,18,search_topic,363,2026-02-14 15:02:00
1474,64,19,view_resource,474,2026-02-16 10:34:00
1475,64,20,search_topic,360,2026-02-16 22:11:00
1476,64,20,view_resource,513,2026-02-18 14:48:00
1477,65,1,view_resource,311,2026-01-07 10:36:00
1478,65,2,search_topic,554,2026-01-07 14:22:00
1479,65,3,search_topic,469,2026-01-09 06:10:00
1480,65,4,complete_lesson,501,2026-01-10 02:27:00
1481,65,4,complete_lesson,425,2026-01-11 05:46:00
1482,65,5,view_resource,158,2026-01-13 05:00:00
1483,65,6,search_topic,293,2026-01-14 19:04:00
1484,65,7,complete_lesson,508,2026-01-16 04:19:00
1485,65,8,search_topic,118,2026-01-16 18:28:00
1486,65,9,complete_lesson,318,2026-01-18 17:04:00
1487,65,10,complete_lesson,377,2026-01-19 05:16:00
1488,65,11,complete_lesson,207,2026-01-19 23:01:00
1489,65,12,complete_lesson,182,2026-01-20 03:01:00
1490,65,12,search_topic,225,2026-01-20 11:04:00
1491,65,13,search_topic,182,2026-01-21 02:29:00
1492,65,14,complete_lesson,201,2026-01-22 06:29:00
1493,65,14,search_topic,500,2026-01-22 21:34:00
1494,65,14,view_resource,292,2026-01-24 08:28:00
1495,65,15,view_resource,122,2026-01-25 16:15:00
1496,65,15,view_resource,72,2026-01-25 23:50:00
1497,65,16,view_resource,253,2026-01-27 15:10:00
1498,65,17,search_topic,218,2026-01-28 08:12:00
1499,65,18,view_resource,579,2026-01-29 16:41:00
1500,65,19,view_resource,379,2026-01-31 11:32:00
1501,65,20,search_topic,405,2026-01-31 21:21:00
1502,66,1,view_resource,434,2026-01-06 10:41:00
1503,66,1,complete_lesson,102,2026-01-07 05:28:00
1504,66,2,search_topic,388,2026-01-08 22:17:00
1505,66,2,complete_lesson,265,2026-01-10 14:32:00
1506,66,2,complete_lesson,496,2026-01-11 14:25:00
1507,66,3,complete_lesson,458,2026-01-11 19:31:00
1508,66,4,view_resource,252,2026-01-13 18:45:00
1509,66,4,search_topic,237,2026-01-14 17:09:00
1510,66,5,search_topic,113,2026-01-15 16:07:00
1511,66,6,search_topic,105,2026-01-17 05:37:00
1512,66,7,view_resource,75,2026-01-18 05:48:00
1513,66,7,complete_lesson,64,2026-01-19 09:35:00
1514,66,7,view_resource,459,2026-01-21 07:36:00
1515,66,8,search_topic,324,2026-01-21 20:23:00
1516,66,9,search_topic,339,2026-01-22 19:24:00
1517,66,9,complete_lesson,344,2026-01-24 19:38:00
1518,66,9,search_topic,464,2026-01-26 06:48:00
1519,66,10,view_resource,178,2026-01-28 04:40:00
1520,66,11,search_topic,322,2026-01-28 19:07:00
1521,66,12,complete_lesson,171,2026-01-30 09:02:00
1522,66,12,view_resource,148,2026-01-30 20:15:00
1523,66,13,view_resource,174,2026-02-01 09:36:00
1524,66,14,search_topic,439,2026-02-03 09:22:00
1525,66,15,view_resource,275,2026-02-03 15:04:00
1526,66,16,view_resource,418,2026-02-04 04:21:00
1527,66,17,view_resource,248,2026-02-04 17:10:00
1528,66,18,search_topic,354,2026-02-06 01:15:00
1529,67,1,view_resource,233,2026-01-13 22:04:00
1530,67,2,view_resource,450,2026-01-14 11:50:00
1531,67,3,view_resource,135,2026-01-14 22:49:00
1532,67,3,search_topic,455,2026-01-16 19:32:00
1533,67,3,search_topic,303,2026-01-18 18:07:00
1534,67,4,view_resource,525,2026-01-20 14:16:00
1535,67,5,complete_lesson,323,2026-01-21 12:40:00
1536,67,6,search_topic,292,2026-01-22 11:25:00
1537,67,7,search_topic,523,2026-01-23 16:22:00
1538,67,8,search_topic,270,2026-01-24 17:35:00
1539,67,9,complete_lesson,478,2026-01-26 15:27:00
1540,67,10,complete_lesson,367,2026-01-27 04:01:00
1541,67,11,view_resource,453,2026-01-27 20:17:00
1542,67,12,view_resource,339,2026-01-29 20:03:00
1543,67,13,view_resource,214,2026-01-31 17:24:00
1544,67,14,search_topic,96,2026-02-02 04:07:00
1545,67,15,complete_lesson,152,2026-02-02 08:30:00
1546,68,1,view_resource,431,2026-01-30 12:11:00
1547,68,2,complete_lesson,163,2026-01-31 22:15:00
1548,68,2,complete_lesson,181,2026-02-01 12:16:00
1549,68,3,complete_lesson,315,2026-02-03 03:43:00
1550,68,3,view_resource,100,2026-02-05 01:42:00
1551,68,3,view_resource,431,2026-02-06 05:22:00
1552,68,4,search_topic,412,2026-02-06 10:29:00
1553,68,5,complete_lesson,213,2026-02-07 01:43:00
1554,68,6,search_topic,145,2026-02-07 17:28:00
1555,68,6,search_topic,487,2026-02-09 11:40:00
1556,68,6,complete_lesson,592,2026-02-10 14:49:00
1557,68,7,complete_lesson,503,2026-02-12 11:29:00
1558,68,8,search_topic,70,2026-02-14 02:03:00
1559,68,8,complete_lesson,449,2026-02-15 18:26:00
1560,68,9,complete_lesson,476,2026-02-16 21:05:00
1561,68,9,complete_lesson,257,2026-02-17 22:19:00
1562,68,10,search_topic,176,2026-02-18 07:49:00
1563,68,10,view_resource,241,2026-02-18 19:27:00
1564,68,10,view_resource,137,2026-02-19 03:50:00
1565,68,11,complete_lesson,398,2026-02-20 22:00:00
1566,68,11,search_topic,202,2026-02-22 20:38:00
1567,68,12,complete_lesson,298,2026-02-23 05:37:00
1568,68,13,search_topic,567,2026-02-24 18:12:00
1569,68,13,search_topic,122,2026-02-25 09:22:00
1570,68,13,view_resource,329,2026-02-26 00:41:00
1571,68,14,view_resource,251,2026-02-28 00:30:00
1572,68,15,search_topic,482,2026-03-01 05:18:00
1573,69,1,search_topic,317,2026-01-11 01:32:00
1574,69,2,view_resource,500,2026-01-11 09:45:00
1575,69,3,complete_lesson,430,2026-01-11 13:06:00
1576,69,3,search_topic,328,2026-01-13 12:04:00
1577,69,4,complete_lesson,380,2026-01-14 22:16:00
1578,69,5,complete_lesson,536,2026-01-16 15:21:00
1579,69,6,complete_lesson,489,2026-01-18 00:49:00
1580,69,7,complete_lesson,236,2026-01-19 20:41:00
1581,69,7,view_resource,460,2026-01-21 13:20:00
1582,69,8,search_topic,344,2026-01-23 00:36:00
1583,69,9,search_topic,121,2026-01-24 07:28:00
1584,69,9,complete_lesson,356,2026-01-24 17:41:00
1585,69,10,view_resource,406,2026-01-26 04:10:00
1586,69,10,view_resource,192,2026-01-27 03:17:00
1587,69,11,view_resource,78,2026-01-27 15:22:00
1588,69,12,complete_lesson,547,2026-01-28 15:00:00
1589,69,13,complete_lesson,294,2026-01-29 16:05:00
1590,70,1,complete_lesson,583,2026-01-23 10:44:00
1591,70,2,search_topic,332,2026-01-24 10:46:00
1592,70,3,complete_lesson,312,2026-01-24 23:36:00
1593,70,3,search_topic,554,2026-01-26 19:15:00
1594,70,4,search_topic,252,2026-01-27 19:12:00
1595,70,4,search_topic,259,2026-01-29 13:17:00
1596,70,5,view_resource,365,2026-01-30 17:34:00
1597,70,6,complete_lesson,536,2026-02-01 14:01:00
1598,70,7,complete_lesson,381,2026-02-03 10:44:00
1599,70,8,view_resource,191,2026-02-04 02:30:00
1600,70,9,complete_lesson,444,2026-02-05 02:15:00
1601,70,10,view_resource,349,2026-02-05 17:30:00
1602,70,10,search_topic,117,2026-02-07 09:04:00
1603,70,11,view_resource,595,2026-02-07 17:40:00
1604,70,12,complete_lesson,411,2026-02-08 20:02:00
1605,70,13,view_resource,151,2026-02-10 02:37:00
1606,70,13,complete_lesson,292,2026-02-11 10:35:00
1607,70,13,view_resource,290,2026-02-11 17:20:00
1608,71,1,search_topic,465,2026-01-25 11:49:00
1609,71,2,search_topic,129,2026-01-25 16:48:00
1610,71,3,view_resource,436,2026-01-27 09:18:00
1611,71,4,search_topic,348,2026-01-28 02:33:00
1612,71,5,view_resource,394,2026-01-28 18:34:00
1613,71,6,search_topic,584,2026-01-28 23:01:00
1614,71,6,complete_lesson,169,2026-01-30 04:03:00
1615,71,7,search_topic,279,2026-01-31 20:13:00
1616,71,8,complete_lesson,282,2026-02-02 17:18:00
1617,71,9,complete_lesson,395,2026-02-03 18:21:00
1618,71,10,search_topic,314,2026-02-05 05:46:00
1619,71,11,complete_lesson,60,2026-02-07 00:31:00
1620,71,12,view_resource,493,2026-02-07 10:03:00
1621,71,13,view_resource,182,2026-02-08 16:31:00
1622,72,1,view_resource,547,2026-01-25 19:39:00
1623,72,2,search_topic,339,2026-01-27 04:33:00
1624,72,3,search_topic,446,2026-01-29 04:49:00
1625,72,4,view_resource,124,2026-01-29 19:01:00
1626,72,4,view_resource,333,2026-01-30 16:49:00
1627,72,5,search_topic,105,2026-01-31 11:14:00
1628,72,6,search_topic,108,2026-02-02 11:32:00
1629,72,7,complete_lesson,440,2026-02-03 20:04:00
1630,72,8,complete_lesson,441,2026-02-05 16:21:00
1631,72,9,search_topic,477,2026-02-07 15:27:00
1632,72,10,complete_lesson,537,2026-02-08 11:22:00
1633,72,11,search_topic,208,2026-02-09 01:12:00
1634,72,12,search_topic,465,2026-02-09 13:45:00
1635,72,12,search_topic,102,2026-02-10 19:17:00
1636,72,12,search_topic,228,2026-02-11 05:03:00
1637,72,13,search_topic,464,2026-02-12 05:17:00
1638,73,1,view_resource,291,2026-01-07 01:10:00
1639,73,2,view_resource,576,2026-01-09 01:44:00
1640,73,3,view_resource,158,2026-01-10 00:38:00
1641,73,3,view_resource,250,2026-01-10 05:01:00
1642,73,3,view_resource,492,2026-01-12 04:28:00
1643,73,4,view_resource,371,2026-01-13 22:23:00
1644,73,5,view_resource,571,2026-01-15 17:30:00
1645,73,5,complete_lesson,160,2026-01-16 19:23:00
1646,73,5,search_topic,562,2026-01-18 19:49:00
1647,73,6,view_resource,156,2026-01-20 05:21:00
1648,73,7,complete_lesson,522,2026-01-21 23:37:00
1649,73,8,view_resource,578,2026-01-23 22:22:00
1650,73,9,search_topic,109,2026-01-25 22:34:00
1651,73,10,view_resource,100,2026-01-27 09:32:00
1652,73,11,view_resource,553,2026-01-29 08:19:00
1653,73,12,view_resource,369,2026-01-31 05:39:00
1654,73,13,view_resource,163,2026-02-01 13:40:00
1655,73,14,view_resource,597,2026-02-03 00:06:00
1656,73,14,complete_lesson,94,2026-02-04 03:33:00
1657,73,15,search_topic,426,2026-02-04 11:20:00
1658,73,16,view_resource,261,2026-02-04 22:22:00
1659,74,1,search_topic,249,2026-01-30 19:13:00
1660,74,2,search_topic,460,2026-01-31 11:50:00
1661,74,3,search_topic,69,2026-01-31 22:31:00
1662,74,4,view_resource,546,2026-02-01 17:20:00
1663,74,5,view_resource,209,2026-02-02 21:08:00
1664,74,6,view_resource,228,2026-02-03 05:35:00
1665,74,7,complete_lesson,121,2026-02-04 08:02:00
1666,74,7,complete_lesson,88,2026-02-05 15:38:00
1667,74,7,complete_lesson,290,2026-02-07 13:03:00
1668,74,8,view_resource,307,2026-02-08 19:12:00
1669,74,8,complete_lesson,91,2026-02-10 08:24:00
1670,74,8,view_resource,100,2026-02-10 16:27:00
1671,74,9,complete_lesson,541,2026-02-11 15:18:00
1672,74,9,search_topic,200,2026-02-13 02:20:00
1673,74,10,search_topic,334,2026-02-14 15:33:00
1674,74,10,complete_lesson,305,2026-02-15 13:14:00
1675,74,10,complete_lesson,590,2026-02-16 05:07:00
1676,74,11,search_topic,202,2026-02-17 12:01:00
1677,74,12,complete_lesson,269,2026-02-19 11:21:00
1678,74,13,search_topic,405,2026-02-20 09:39:00
1679,74,14,search_topic,530,2026-02-21 04:16:00
1680,74,14,complete_lesson,187,2026-02-22 05:26:00
1681,74,15,complete_lesson,525,2026-02-22 13:15:00
1682,74,16,complete_lesson,561,2026-02-23 19:12:00
1683,74,16,view_resource,203,2026-02-24 05:39:00
1684,74,16,view_resource,102,2026-02-24 16:46:00
1685,74,17,view_resource,100,2026-02-25 02:08:00
1686,74,18,complete_lesson,500,2026-02-26 03:35:00
1687,75,1,view_resource,384,2026-01-24 14:02:00
1688,75,1,complete_lesson,268,2026-01-25 08:16:00
1689,75,2,complete_lesson,557,2026-01-27 00:43:00
1690,75,3,view_resource,346,2026-01-28 09:44:00
1691,75,4,view_resource,478,2026-01-29 13:05:00
1692,75,4,complete_lesson,449,2026-01-30 21:49:00
1693,75,4,search_topic,563,2026-02-01 11:23:00
1694,75,5,complete_lesson,270,2026-02-01 16:27:00
1695,75,5,search_topic,446,2026-02-02 05:40:00
1696,75,6,search_topic,357,2026-02-03 05:36:00
1697,75,7,search_topic,126,2026-02-05 04:22:00
1698,75,8,complete_lesson,506,2026-02-06 20:04:00
1699,75,9,complete_lesson,550,2026-02-07 16:40:00
1700,75,9,search_topic,260,2026-02-08 06:48:00
1701,75,10,search_topic,111,2026-02-08 15:34:00
1702,75,11,view_resource,294,2026-02-09 04:24:00
1703,75,11,view_resource,113,2026-02-10 03:14:00
1704,75,12,complete_lesson,231,2026-02-10 18:35:00
1705,75,12,search_topic,138,2026-02-10 23:46:00
1706,75,12,search_topic,187,2026-02-11 09:01:00
1707,75,13,view_resource,68,2026-02-12 00:30:00
1708,75,13,view_resource,572,2026-02-12 14:18:00
1709,75,13,complete_lesson,219,2026-02-12 21:42:00
1710,75,14,search_topic,172,2026-02-13 18:05:00
1711,75,14,view_resource,128,2026-02-14 13:26:00
1712,75,14,complete_lesson,464,2026-02-15 01:15:00
1713,75,15,complete_lesson,474,2026-02-16 10:02:00
1714,75,15,search_topic,571,2026-02-17 06:42:00
1715,75,15,complete_lesson,365,2026-02-17 12:43:00
1716,75,16,view_resource,76,2026-02-18 11:37:00
1717,75,16,complete_lesson,203,2026-02-19 18:09:00
1718,75,17,complete_lesson,558,2026-02-19 23:25:00
1719,75,18,view_resource,209,2026-02-21 08:10:00
1720,75,19,search_topic,503,2026-02-22 10:46:00
1721,76,1,complete_lesson,129,2026-01-16 09:28:00
1722,76,1,view_resource,71,2026-01-17 10:44:00
1723,76,1,view_resource,85,2026-01-17 23:18:00
1724,76,2,complete_lesson,394,2026-01-19 04:32:00
1725,76,2,view_resource,508,2026-01-20 07:02:00
1726,76,3,search_topic,578,2026-01-22 05:46:00
1727,76,4,search_topic,333,2026-01-23 09:41:00
1728,76,5,view_resource,370,2026-01-24 13:50:00
1729,76,6,view_resource,497,2026-01-26 05:15:00
1730,76,7,view_resource,331,2026-01-26 09:04:00
1731,76,8,search_topic,565,2026-01-27 18:43:00
1732,76,9,complete_lesson,324,2026-01-29 13:14:00
1733,76,9,search_topic,398,2026-01-31 04:10:00
1734,76,10,search_topic,345,2026-02-02 03:12:00
1735,76,10,complete_lesson,338,2026-02-02 22:29:00
1736,76,10,complete_lesson,112,2026-02-04 10:13:00
1737,76,11,view_resource,314,2026-02-04 23:21:00
1738,76,12,complete_lesson,489,2026-02-06 13:14:00
1739,76,12,search_topic,552,2026-02-07 14:08:00
1740,76,12,view_resource,506,2026-02-07 22:25:00
1741,76,13,complete_lesson,181,2026-02-09 08:31:00
1742,76,14,view_resource,353,2026-02-11 01:35:00
1743,76,14,search_topic,394,2026-02-12 20:13:00
1744,76,15,view_resource,498,2026-02-13 05:19:00
1745,77,1,view_resource,358,2026-01-07 06:27:00
1746,77,2,view_resource,377,2026-01-08 08:29:00
1747,77,2,view_resource,60,2026-01-08 18:38:00
1748,77,2,complete_lesson,170,2026-01-09 08:33:00
1749,77,3,view_resource,533,2026-01-09 16:12:00
1750,77,3,search_topic,158,2026-01-10 12:19:00
1751,77,3,complete_lesson,406,2026-01-12 06:08:00
1752,77,4,complete_lesson,488,2026-01-13 18:35:00
1753,77,4,complete_lesson,212,2026-01-14 17:05:00
1754,77,5,view_resource,212,2026-01-15 04:04:00
1755,77,6,view_resource,369,2026-01-15 23:05:00
1756,77,6,complete_lesson,220,2026-01-16 16:25:00
1757,77,6,complete_lesson,458,2026-01-17 08:39:00
1758,77,7,search_topic,492,2026-01-18 08:08:00
1759,77,7,search_topic,248,2026-01-19 08:50:00
1760,77,8,complete_lesson,211,2026-01-20 04:48:00
1761,77,9,search_topic,244,2026-01-21 15:24:00
1762,77,9,search_topic,411,2026-01-21 21:11:00
1763,77,9,search_topic,266,2026-01-23 00:37:00
1764,77,10,search_topic,261,2026-01-24 05:23:00
1765,77,11,complete_lesson,527,2026-01-25 14:48:00
1766,77,12,complete_lesson,296,2026-01-25 22:30:00
1767,77,12,search_topic,99,2026-01-27 15:36:00
1768,77,12,complete_lesson,64,2026-01-29 13:17:00
1769,77,13,view_resource,340,2026-01-30 08:16:00
1770,77,13,search_topic,373,2026-01-31 22:01:00
1771,77,14,complete_lesson,178,2026-02-02 15:35:00
1772,77,15,view_resource,499,2026-02-03 16:45:00
1773,77,15,view_resource,161,2026-02-04 17:42:00
1774,77,15,complete_lesson,485,2026-02-05 13:40:00
1775,77,16,complete_lesson,130,2026-02-06 16:46:00
1776,77,17,complete_lesson,243,2026-02-07 11:43:00
1777,77,18,search_topic,344,2026-02-09 01:00:00
1778,77,18,view_resource,457,2026-02-09 10:38:00
1779,77,18,search_topic,148,2026-02-11 00:46:00
1780,77,19,search_topic,419,2026-02-13 00:49:00
1781,77,20,complete_lesson,277,2026-02-13 10:40:00
1782,77,20,search_topic,128,2026-02-14 02:03:00
1783,78,1,view_resource,97,2026-01-13 03:22:00
1784,78,2,complete_lesson,67,2026-01-15 01:30:00
1785,78,3,view_resource,199,2026-01-15 11:20:00
1786,78,4,search_topic,384,2026-01-16 12:35:00
1787,78,4,view_resource,169,2026-01-17 11:47:00
1788,78,4,search_topic,324,2026-01-18 10:26:00
1789,78,5,complete_lesson,136,2026-01-19 16:19:00
1790,78,6,search_topic,155,2026-01-19 21:42:00
1791,78,7,complete_lesson,401,2026-01-20 07:30:00
1792,78,8,view_resource,343,2026-01-21 00:31:00
1793,78,9,search_topic,364,2026-01-22 14:15:00
1794,78,10,complete_lesson,155,2026-01-23 19:08:00
1795,78,11,view_resource,548,2026-01-24 05:48:00
1796,78,12,search_topic,313,2026-01-25 19:45:00
1797,78,13,view_resource,541,2026-01-27 11:37:00
1798,78,14,view_resource,595,2026-01-29 10:33:00
1799,78,15,view_resource,457,2026-01-30 21:38:00
1800,78,16,search_topic,354,2026-01-31 09:33:00
1801,78,17,view_resource,475,2026-02-02 06:13:00
1802,78,17,search_topic,248,2026-02-02 22:09:00
1803,78,18,view_resource,107,2026-02-03 10:04:00
1804,79,1,search_topic,173,2026-01-24 10:06:00
1805,79,1,complete_lesson,207,2026-01-24 14:41:00
1806,79,2,search_topic,341,2026-01-25 14:22:00
1807,79,2,view_resource,458,2026-01-27 12:28:00
1808,79,3,complete_lesson,534,2026-01-28 09:40:00
1809,79,4,complete_lesson,204,2026-01-29 07:32:00
1810,79,4,complete_lesson,126,2026-01-30 04:13:00
1811,79,4,complete_lesson,265,2026-01-31 13:06:00
1812,79,5,view_resource,77,2026-02-01 10:01:00
1813,79,5,search_topic,581,2026-02-02 05:09:00
1814,79,6,complete_lesson,588,2026-02-03 08:31:00
1815,79,7,complete_lesson,318,2026-02-05 00:35:00
1816,79,8,view_resource,568,2026-02-06 19:17:00
1817,79,8,search_topic,489,2026-02-06 23:14:00
1818,79,8,view_resource,373,2026-02-08 00:04:00
1819,79,9,search_topic,425,2026-02-08 21:44:00
1820,79,10,complete_lesson,542,2026-02-09 16:02:00
1821,79,11,view_resource,165,2026-02-10 23:14:00
1822,79,12,search_topic,134,2026-02-11 05:44:00
1823,80,1,complete_lesson,159,2026-01-09 11:48:00
1824,80,2,view_resource,155,2026-01-10 08:29:00
1825,80,3,search_topic,306,2026-01-10 17:48:00
1826,80,4,view_resource,561,2026-01-11 07:37:00
1827,80,5,search_topic,344,2026-01-11 16:50:00
1828,80,6,view_resource,87,2026-01-12 18:03:00
1829,80,7,view_resource,106,2026-01-13 15:04:00
1830,80,8,view_resource,197,2026-01-14 13:48:00
1831,80,9,search_topic,124,2026-01-15 12:40:00
1832,80,10,complete_lesson,171,2026-01-16 15:45:00
1833,80,11,search_topic,230,2026-01-17 04:33:00
1834,80,12,search_topic,397,2026-01-19 03:22:00
1835,80,13,view_resource,515,2026-01-20 19:33:00
1836,80,14,search_topic,536,2026-01-21 00:45:00
1837,80,15,search_topic,175,2026-01-23 00:15:00
1838,80,16,view_resource,189,2026-01-23 12:35:00
1839,80,16,view_resource,307,2026-01-23 19:16:00
1840,80,16,view_resource,325,2026-01-25 10:34:00
1841,80,17,view_resource,285,2026-01-26 17:06:00
1842,80,18,search_topic,142,2026-01-28 12:03:00
1843,81,1,view_resource,71,2026-01-27 20:01:00
1844,81,2,search_topic,143,2026-01-28 01:45:00
1845,81,2,view_resource,509,2026-01-30 01:00:00
1846,81,2,search_topic,86,2026-01-31 15:04:00
1847,81,3,complete_lesson,359,2026-02-01 02:34:00
1848,81,3,search_topic,548,2026-02-01 16:32:00
1849,81,3,view_resource,239,2026-02-03 03:02:00
1850,81,4,complete_lesson,86,2026-02-04 07:48:00
1851,81,4,view_resource,446,2026-02-06 01:28:00
1852,81,5,complete_lesson,185,2026-02-07 14:35:00
1853,81,6,view_resource,434,2026-02-08 08:31:00
1854,81,6,view_resource,100,2026-02-08 22:10:00
1855,81,6,complete_lesson,531,2026-02-10 08:11:00
1856,81,7,search_topic,249,2026-02-12 04:42:00
1857,81,7,view_resource,461,2026-02-12 12:34:00
1858,81,7,search_topic,65,2026-02-14 01:34:00
1859,81,8,complete_lesson,314,2026-02-15 22:17:00
1860,81,9,view_resource,204,2026-02-17 03:06:00
1861,81,10,search_topic,374,2026-02-17 17:24:00
1862,81,10,complete_lesson,193,2026-02-18 16:27:00
1863,81,10,complete_lesson,144,2026-02-20 05:21:00
1864,81,11,complete_lesson,357,2026-02-22 01:48:00
1865,81,11,search_topic,437,2026-02-22 16:29:00
1866,81,12,complete_lesson,481,2026-02-22 21:00:00
1867,81,13,view_resource,171,2026-02-24 09:27:00
1868,81,13,view_resource,342,2026-02-25 04:29:00
1869,81,13,view_resource,408,2026-02-25 16:48:00
1870,81,14,complete_lesson,258,2026-02-26 11:17:00
1871,81,14,view_resource,464,2026-02-27 07:04:00
1872,81,15,complete_lesson,186,2026-02-27 17:16:00
1873,81,16,view_resource,474,2026-03-01 13:09:00
1874,81,17,view_resource,577,2026-03-02 19:19:00
1875,82,1,search_topic,597,2026-01-15 08:50:00
1876,82,2,view_resource,402,2026-01-15 13:01:00
1877,82,3,complete_lesson,401,2026-01-17 02:20:00
1878,82,3,complete_lesson,182,2026-01-18 22:04:00
1879,82,3,search_topic,278,2026-01-20 04:25:00
1880,82,4,view_resource,598,2026-01-20 11:10:00
1881,82,5,search_topic,548,2026-01-22 01:29:00
1882,82,6,view_resource,280,2026-01-23 07:12:00
1883,82,7,complete_lesson,138,2026-01-24 02:45:00
1884,82,8,search_topic,103,2026-01-25 00:27:00
1885,82,8,view_resource,564,2026-01-26 20:25:00
1886,82,8,view_resource,591,2026-01-28 03:06:00
1887,82,9,view_resource,592,2026-01-28 08:37:00
1888,82,10,view_resource,455,2026-01-30 02:41:00
1889,82,11,view_resource,320,2026-01-30 19:29:00
1890,82,12,complete_lesson,556,2026-02-01 10:23:00
1891,82,12,view_resource,597,2026-02-03 01:34:00
1892,82,12,view_resource,371,2026-02-03 23:15:00
1893,82,13,search_topic,199,2026-02-05 00:24:00
1894,82,14,complete_lesson,78,2026-02-05 11:12:00
1895,82,14,search_topic,126,2026-02-05 18:32:00
1896,82,14,search_topic,523,2026-02-06 16:34:00
1897,82,15,search_topic,490,2026-02-08 10:01:00
1898,83,1,search_topic,527,2026-01-13 21:45:00
1899,83,1,complete_lesson,453,2026-01-15 10:10:00
1900,83,1,view_resource,361,2026-01-17 02:49:00
1901,83,2,view_resource,254,2026-01-18 21:44:00
1902,83,2,view_resource,361,2026-01-19 12:01:00
1903,83,2,search_topic,116,2026-01-20 01:24:00
1904,83,3,view_resource,528,2026-01-21 16:02:00
1905,83,4,search_topic,293,2026-01-23 00:17:00
1906,83,4,search_topic,430,2026-01-24 18:09:00
1907,83,4,search_topic,77,2026-01-25 13:32:00
1908,83,5,search_topic,504,2026-01-27 11:29:00
1909,83,5,view_resource,475,2026-01-27 16:13:00
1910,83,6,search_topic,451,2026-01-28 05:14:00
1911,83,7,search_topic,553,2026-01-28 13:23:00
1912,83,8,view_resource,317,2026-01-29 13:38:00
1913,83,8,search_topic,378,2026-01-30 10:18:00
1914,83,8,view_resource,228,2026-01-31 07:20:00
1915,83,9,complete_lesson,458,2026-02-02 05:46:00
1916,83,10,search_topic,257,2026-02-03 09:11:00
1917,83,11,search_topic,345,2026-02-03 17:45:00
1918,83,12,view_resource,594,2026-02-04 17:38:00
1919,83,13,complete_lesson,285,2026-02-05 23:10:00
1920,83,13,complete_lesson,513,2026-02-06 20:12:00
1921,83,13,complete_lesson,203,2026-02-07 18:04:00
1922,83,14,search_topic,154,2026-02-08 06:03:00
1923,83,14,complete_lesson,108,2026-02-09 17:40:00
1924,83,14,complete_lesson,83,2026-02-11 09:25:00
1925,83,15,complete_lesson,297,2026-02-11 17:45:00
1926,83,15,search_topic,235,2026-02-12 05:38:00
1927,83,16,view_resource,228,2026-02-13 19:07:00
1928,84,1,search_topic,385,2026-01-10 10:42:00
1929,84,2,complete_lesson,136,2026-01-11 12:08:00
1930,84,3,search_topic,390,2026-01-13 05:47:00
1931,84,4,complete_lesson,351,2026-01-13 11:47:00
1932,84,5,view_resource,534,2026-01-14 16:03:00
1933,84,6,view_resource,154,2026-01-15 06:19:00
1934,84,7,search_topic,489,2026-01-15 21:40:00
1935,84,8,complete_lesson,299,2026-01-17 08:02:00
1936,84,9,view_resource,386,2026-01-18 03:24:00
1937,84,9,complete_lesson,83,2026-01-18 08:19:00
1938,84,9,complete_lesson,472,2026-01-20 08:07:00
1939,84,10,complete_lesson,301,2026-01-21 18:25:00
1940,84,11,search_topic,207,2026-01-21 22:45:00
1941,84,12,view_resource,148,2026-01-22 16:25:00
1942,85,1,view_resource,331,2026-01-16 00:25:00
1943,85,2,view_resource,202,2026-01-17 13:30:00
1944,85,3,search_topic,334,2026-01-17 19:35:00
1945,85,3,search_topic,76,2026-01-19 02:40:00
1946,85,3,complete_lesson,94,2026-01-19 14:12:00
1947,85,4,search_topic,316,2026-01-21 04:18:00
1948,85,5,search_topic,127,2026-01-22 22:09:00
1949,85,5,search_topic,579,2026-01-23 07:21:00
1950,85,6,view_resource,300,2026-01-25 07:16:00
1951,85,7,view_resource,86,2026-01-25 23:11:00
1952,85,8,search_topic,532,2026-01-26 07:19:00
1953,85,9,complete_lesson,577,2026-01-26 20:19:00
1954,85,9,search_topic,260,2026-01-27 09:19:00
1955,85,9,search_topic,596,2026-01-27 15:50:00
1956,85,10,search_topic,335,2026-01-29 11:49:00
1957,85,11,complete_lesson,99,2026-01-30 15:49:00
1958,85,11,search_topic,240,2026-02-01 14:01:00
1959,85,12,complete_lesson,463,2026-02-02 10:38:00
1960,85,12,complete_lesson,250,2026-02-02 22:10:00
1961,85,13,view_resource,259,2026-02-04 14:16:00
1962,85,13,view_resource,326,2026-02-06 06:45:00
1963,85,13,search_topic,405,2026-02-08 05:04:00
1964,85,14,view_resource,473,2026-02-09 06:13:00
1965,85,15,view_resource,576,2026-02-11 00:44:00
1966,85,16,search_topic,329,2026-02-12 03:26:00
1967,85,17,search_topic,354,2026-02-13 22:34:00
1968,85,18,search_topic,136,2026-02-15 17:43:00
1969,85,19,complete_lesson,301,2026-02-16 00:33:00
1970,85,20,complete_lesson,360,2026-02-17 03:21:00
1971,86,1,complete_lesson,547,2026-01-05 14:04:00
1972,86,2,complete_lesson,106,2026-01-06 09:49:00
1973,86,3,view_resource,350,2026-01-06 22:01:00
1974,86,4,search_topic,184,2026-01-08 00:06:00
1975,86,5,complete_lesson,66,2026-01-08 07:33:00
1976,86,6,complete_lesson,471,2026-01-09 19:40:00
1977,86,7,search_topic,578,2026-01-11 02:24:00
1978,86,7,view_resource,201,2026-01-12 10:19:00
1979,86,7,search_topic,346,2026-01-13 11:16:00
1980,86,8,search_topic,354,2026-01-14 14:39:00
1981,86,8,view_resource,144,2026-01-16 02:06:00
1982,86,9,view_resource,103,2026-01-16 14:41:00
1983,86,10,view_resource,302,2026-01-17 08:42:00
1984,86,11,view_resource,391,2026-01-18 08:29:00
1985,86,12,search_topic,162,2026-01-20 04:32:00
1986,86,12,search_topic,452,2026-01-21 03:26:00
1987,86,12,view_resource,571,2026-01-22 20:06:00
1988,86,13,search_topic,359,2026-01-24 04:09:00
1989,87,1,complete_lesson,354,2026-01-16 11:37:00
1990,87,2,search_topic,168,2026-01-17 04:03:00
1991,87,3,view_resource,372,2026-01-18 22:11:00
1992,87,4,view_resource,268,2026-01-20 11:05:00
1993,87,5,search_topic,149,2026-01-21 01:08:00
1994,87,5,complete_lesson,551,2026-01-22 10:21:00
1995,87,5,search_topic,332,2026-01-23 10:20:00
1996,87,6,search_topic,524,2026-01-24 10:26:00
1997,87,7,view_resource,510,2026-01-24 20:43:00
1998,87,7,search_topic,280,2026-01-26 17:38:00
1999,87,7,search_topic,250,2026-01-28 01:49:00
2000,87,8,complete_lesson,235,2026-01-29 17:44:00
2001,87,9,search_topic,207,2026-01-31 10:35:00
2002,87,9,view_resource,268,2026-02-01 00:30:00
2003,87,9,view_resource,560,2026-02-02 15:04:00
2004,87,10,view_resource,80,2026-02-03 09:14:00
2005,87,10,complete_lesson,179,2026-02-04 10:39:00
2006,88,1,complete_lesson,131,2026-02-02 07:40:00
2007,88,1,search_topic,539,2026-02-02 14:02:00
2008,88,1,view_resource,562,2026-02-04 03:05:00
2009,88,2,search_topic,308,2026-02-05 20:42:00
2010,88,3,view_resource,252,2026-02-06 23:39:00
2011,88,4,search_topic,536,2026-02-08 14:17:00
2012,88,5,search_topic,441,2026-02-09 16:08:00
2013,88,5,search_topic,463,2026-02-11 04:47:00
2014,88,6,view_resource,457,2026-02-11 20:09:00
2015,88,7,view_resource,275,2026-02-12 20:04:00
2016,88,7,view_resource,212,2026-02-14 12:09:00
2017,88,7,search_topic,416,2026-02-16 04:08:00
2018,88,8,view_resource,118,2026-02-17 01:11:00
2019,88,9,search_topic,571,2026-02-18 07:45:00
2020,88,9,view_resource,214,2026-02-20 01:04:00
2021,88,9,search_topic,531,2026-02-20 14:24:00
2022,88,10,view_resource,178,2026-02-21 01:43:00
2023,88,11,view_resource,517,2026-02-21 16:42:00
2024,88,12,search_topic,279,2026-02-23 00:48:00
2025,88,12,complete_lesson,273,2026-02-23 22:16:00
2026,88,12,search_topic,368,2026-02-24 02:01:00
2027,88,13,view_resource,464,2026-02-25 00:10:00
2028,88,14,view_resource,353,2026-02-26 16:26:00
2029,88,15,complete_lesson,127,2026-02-27 19:03:00
2030,88,16,complete_lesson,191,2026-02-28 12:01:00
2031,88,17,view_resource,342,2026-02-28 22:38:00
2032,88,18,view_resource,277,2026-03-01 22:49:00
2033,88,19,view_resource,492,2026-03-02 03:43:00
2034,89,1,search_topic,122,2026-01-26 10:22:00
2035,89,1,view_resource,482,2026-01-26 19:36:00
2036,89,1,search_topic,169,2026-01-27 07:29:00
2037,89,2,search_topic,352,2026-01-29 03:48:00
2038,89,2,complete_lesson,475,2026-01-29 22:19:00
2039,89,2,complete_lesson,493,2026-01-31 14:00:00
2040,89,3,complete_lesson,495,2026-02-02 13:39:00
2041,89,3,view_resource,317,2026-02-03 08:21:00
2042,89,3,view_resource,181,2026-02-04 15:00:00
2043,89,4,complete_lesson,295,2026-02-04 20:44:00
2044,89,5,search_topic,73,2026-02-06 07:17:00
2045,89,6,view_resource,410,2026-02-06 20:05:00
2046,89,7,view_resource,533,2026-02-07 02:05:00
2047,89,8,complete_lesson,367,2026-02-08 05:38:00
2048,89,8,view_resource,77,2026-02-09 10:14:00
2049,89,9,complete_lesson,319,2026-02-11 09:19:00
2050,89,9,complete_lesson,263,2026-02-11 14:08:00
2051,89,9,complete_lesson,320,2026-02-12 06:23:00
2052,89,10,view_resource,201,2026-02-12 15:06:00
2053,89,11,complete_lesson,162,2026-02-12 22:31:00
2054,89,12,search_topic,557,2026-02-13 06:08:00
2055,90,1,search_topic,129,2026-01-15 20:05:00
2056,90,2,complete_lesson,315,2026-01-17 16:08:00
2057,90,3,search_topic,98,2026-01-18 07:13:00
2058,90,4,view_resource,126,2026-01-20 01:38:00
2059,90,4,complete_lesson,451,2026-01-21 10:12:00
2060,90,5,view_resource,281,2026-01-22 16:19:00
2061,90,6,view_resource,390,2026-01-24 08:23:00
2062,90,7,search_topic,516,2026-01-25 06:50:00
2063,90,7,view_resource,501,2026-01-25 14:08:00
2064,90,7,search_topic,531,2026-01-26 02:16:00
2065,90,8,search_topic,88,2026-01-27 08:10:00
2066,90,9,view_resource,438,2026-01-28 22:07:00
2067,90,10,search_topic,519,2026-01-30 10:41:00
2068,90,11,search_topic,575,2026-01-31 18:10:00
2069,90,12,view_resource,468,2026-02-02 16:34:00
2070,90,13,complete_lesson,594,2026-02-03 03:18:00
2071,90,14,view_resource,236,2026-02-04 11:47:00
2072,91,1,view_resource,244,2026-02-02 05:38:00
2073,91,2,search_topic,146,2026-02-03 23:40:00
2074,91,3,search_topic,493,2026-02-05 16:15:00
2075,91,4,complete_lesson,111,2026-02-06 21:33:00
2076,91,5,search_topic,493,2026-02-07 08:43:00
2077,91,6,complete_lesson,289,2026-02-08 23:29:00
2078,91,7,search_topic,467,2026-02-10 08:39:00
2079,91,8,complete_lesson,452,2026-02-12 08:16:00
2080,91,8,complete_lesson,86,2026-02-13 03:33:00
2081,91,9,complete_lesson,164,2026-02-13 11:26:00
2082,91,10,search_topic,188,2026-02-14 06:50:00
2083,91,11,search_topic,573,2026-02-15 00:36:00
2084,91,12,search_topic,515,2026-02-15 20:12:00
2085,91,13,view_resource,279,2026-02-17 15:43:00
2086,91,14,search_topic,227,2026-02-18 10:37:00
2087,91,14,search_topic,477,2026-02-19 16:50:00
2088,91,14,complete_lesson,388,2026-02-20 17:15:00
2089,92,1,complete_lesson,369,2026-01-15 23:19:00
2090,92,2,search_topic,356,2026-01-16 23:33:00
2091,92,2,view_resource,541,2026-01-17 04:02:00
2092,92,3,complete_lesson,102,2026-01-17 12:16:00
2093,92,3,complete_lesson,532,2026-01-19 02:15:00
2094,92,3,complete_lesson,483,2026-01-19 15:17:00
2095,92,4,complete_lesson,445,2026-01-20 09:34:00
2096,92,5,search_topic,465,2026-01-22 04:06:00
2097,92,5,search_topic,450,2026-01-23 23:14:00
2098,92,5,complete_lesson,408,2026-01-24 22:13:00
2099,92,6,search_topic,244,2026-01-25 09:47:00
2100,92,7,search_topic,105,2026-01-26 04:28:00
2101,92,7,search_topic,123,2026-01-26 15:36:00
2102,92,8,complete_lesson,188,2026-01-27 20:44:00
2103,92,8,search_topic,117,2026-01-29 08:26:00
2104,92,8,search_topic,368,2026-01-30 19:42:00
2105,92,9,search_topic,340,2026-01-31 17:00:00
2106,92,10,complete_lesson,506,2026-02-02 00:34:00
2107,92,10,complete_lesson,382,2026-02-02 14:23:00
2108,92,10,search_topic,89,2026-02-03 17:14:00
2109,92,11,search_topic,89,2026-02-04 11:23:00
2110,92,11,complete_lesson,474,2026-02-04 23:26:00
2111,92,12,view_resource,466,2026-02-06 05:10:00
2112,92,13,view_resource,251,2026-02-06 09:43:00
2113,92,14,search_topic,545,2026-02-07 16:31:00
2114,92,14,view_resource,459,2026-02-08 21:49:00
2115,92,15,search_topic,317,2026-02-09 07:16:00
2116,92,16,view_resource,170,2026-02-09 11:20:00
2117,93,1,view_resource,426,2026-01-28 14:22:00
2118,93,1,view_resource,478,2026-01-28 18:00:00
2119,93,2,view_resource,114,2026-01-29 02:37:00
2120,93,2,complete_lesson,410,2026-01-30 15:36:00
2121,93,3,complete_lesson,418,2026-01-31 19:10:00
2122,93,3,search_topic,239,2026-02-01 09:31:00
2123,93,3,view_resource,575,2026-02-01 21:30:00
2124,93,4,complete_lesson,372,2026-02-02 04:09:00
2125,93,4,search_topic,209,2026-02-03 07:38:00
2126,93,5,search_topic,518,2026-02-03 19:32:00
2127,93,6,view_resource,521,2026-02-05 06:22:00
2128,93,6,complete_lesson,230,2026-02-06 11:19:00
2129,93,6,search_topic,448,2026-02-07 01:07:00
2130,93,7,view_resource,456,2026-02-07 05:35:00
2131,93,7,view_resource,93,2026-02-07 11:26:00
2132,93,8,view_resource,333,2026-02-08 11:11:00
2133,93,9,search_topic,166,2026-02-09 10:18:00
2134,93,10,complete_lesson,413,2026-02-10 08:39:00
2135,93,10,complete_lesson,327,2026-02-11 05:34:00
2136,93,10,search_topic,430,2026-02-12 12:06:00
2137,93,11,search_topic,388,2026-02-14 03:35:00
2138,93,11,complete_lesson,574,2026-02-16 00:18:00
2139,93,12,complete_lesson,600,2026-02-17 04:18:00
2140,93,12,search_topic,122,2026-02-17 17:31:00
2141,93,12,complete_lesson,167,2026-02-18 17:33:00
2142,93,13,search_topic,450,2026-02-19 21:05:00
2143,93,13,view_resource,291,2026-02-20 17:13:00
2144,93,14,view_resource,571,2026-02-22 09:49:00
2145,93,15,search_topic,110,2026-02-23 02:05:00
2146,93,15,view_resource,184,2026-02-24 18:48:00
2147,93,15,view_resource,76,2026-02-25 05:46:00
2148,93,16,search_topic,552,2026-02-26 09:05:00
2149,93,16,complete_lesson,253,2026-02-27 13:27:00
2150,94,1,complete_lesson,309,2026-01-08 18:09:00
2151,94,2,search_topic,201,2026-01-09 01:38:00
2152,94,3,view_resource,63,2026-01-10 01:38:00
2153,94,3,view_resource,63,2026-01-10 06:27:00
2154,94,3,search_topic,448,2026-01-11 03:22:00
2155,94,4,search_topic,459,2026-01-13 03:23:00
2156,94,5,view_resource,152,2026-01-15 00:05:00
2157,94,6,complete_lesson,162,2026-01-15 22:25:00
2158,94,7,search_topic,75,2026-01-16 19:27:00
2159,94,7,search_topic,267,2026-01-18 10:32:00
2160,94,7,search_topic,474,2026-01-20 01:40:00
2161,94,8,search_topic,592,2026-01-20 05:10:00
2162,94,9,search_topic,134,2026-01-22 04:27:00
2163,94,10,complete_lesson,446,2026-01-23 07:49:00
2164,94,11,search_topic,427,2026-01-23 12:21:00
2165,95,1,view_resource,65,2026-01-18 14:02:00
2166,95,1,view_resource,532,2026-01-20 06:27:00
2167,95,1,view_resource,531,2026-01-21 07:19:00
2168,95,2,view_resource,136,2026-01-21 19:44:00
2169,95,2,search_topic,208,2026-01-23 09:33:00
2170,95,2,view_resource,506,2026-01-23 18:33:00
2171,95,3,view_resource,330,2026-01-24 19:04:00
2172,95,3,search_topic,414,2026-01-25 22:07:00
2173,95,4,view_resource,204,2026-01-26 22:42:00
2174,95,5,view_resource,468,2026-01-28 14:36:00
2175,95,6,view_resource,199,2026-01-29 11:33:00
2176,95,6,search_topic,395,2026-01-30 21:04:00
2177,95,7,search_topic,247,2026-01-31 06:40:00
2178,95,8,complete_lesson,442,2026-01-31 15:50:00
2179,95,9,view_resource,153,2026-02-01 17:43:00
2180,95,10,view_resource,148,2026-02-02 08:30:00
2181,95,10,view_resource,431,2026-02-02 23:36:00
2182,95,10,view_resource,104,2026-02-04 07:48:00
2183,95,11,complete_lesson,322,2026-02-05 07:06:00
2184,95,11,complete_lesson,395,2026-02-07 04:06:00
2185,95,11,search_topic,594,2026-02-08 02:21:00
2186,95,12,complete_lesson,543,2026-02-09 08:01:00
2187,95,13,view_resource,378,2026-02-10 20:16:00
2188,95,13,view_resource,96,2026-02-11 05:34:00
2189,95,13,search_topic,472,2026-02-12 06:36:00
2190,95,14,search_topic,428,2026-02-13 04:22:00
2191,95,15,complete_lesson,505,2026-02-14 10:48:00
2192,95,16,complete_lesson,366,2026-02-16 01:16:00
2193,95,16,view_resource,385,2026-02-17 13:36:00
2194,95,16,search_topic,365,2026-02-18 17:25:00
2195,95,17,complete_lesson,111,2026-02-19 18:25:00
2196,95,17,view_resource,432,2026-02-20 21:25:00
2197,95,18,complete_lesson,169,2026-02-22 15:48:00
2198,95,19,view_resource,162,2026-02-22 20:45:00
2199,95,19,complete_lesson,157,2026-02-23 06:12:00
2200,95,19,complete_lesson,515,2026-02-25 05:07:00
2201,95,20,search_topic,439,2026-02-25 19:36:00
2202,96,1,view_resource,508,2026-01-09 03:30:00
2203,96,2,search_topic,111,2026-01-09 10:45:00
2204,96,2,search_topic,247,2026-01-10 10:28:00
2205,96,3,search_topic,407,2026-01-12 03:48:00
2206,96,3,complete_lesson,162,2026-01-13 11:02:00
2207,96,3,complete_lesson,110,2026-01-14 19:28:00
2208,96,4,search_topic,127,2026-01-15 22:47:00
2209,96,5,search_topic,72,2026-01-17 21:37:00
2210,96,6,view_resource,279,2026-01-18 01:23:00
2211,96,7,search_topic,156,2026-01-18 09:36:00
2212,96,7,view_resource,427,2026-01-20 06:28:00
2213,96,8,view_resource,430,2026-01-21 09:26:00
2214,96,9,view_resource,467,2026-01-23 01:14:00
2215,96,9,search_topic,120,2026-01-24 08:46:00
2216,96,10,view_resource,550,2026-01-25 04:18:00
2217,96,10,view_resource,258,2026-01-26 01:14:00
2218,96,11,view_resource,81,2026-01-28 01:50:00
2219,97,1,view_resource,416,2026-01-17 13:50:00
2220,97,2,complete_lesson,168,2026-01-18 09:21:00
2221,97,2,search_topic,251,2026-01-19 23:08:00
2222,97,3,view_resource,131,2026-01-20 17:50:00
2223,97,4,search_topic,107,2026-01-20 23:28:00
2224,97,5,view_resource,150,2026-01-22 11:26:00
2225,97,5,search_topic,66,2026-01-23 16:32:00
2226,97,6,search_topic,521,2026-01-25 01:30:00
2227,97,7,complete_lesson,379,2026-01-25 15:40:00
2228,97,8,view_resource,68,2026-01-26 10:06:00
2229,97,9,complete_lesson,85,2026-01-27 01:06:00
2230,97,10,view_resource,291,2026-01-28 09:05:00
2231,97,11,view_resource,235,2026-01-29 01:46:00
2232,97,12,view_resource,434,2026-01-30 14:14:00
2233,97,13,search_topic,143,2026-01-31 21:04:00
2234,97,13,complete_lesson,541,2026-02-02 14:40:00
2235,97,13,view_resource,111,2026-02-04 14:02:00
2236,97,14,search_topic,281,2026-02-05 09:46:00
2237,97,15,view_resource,581,2026-02-05 22:33:00
2238,97,16,search_topic,548,2026-02-06 08:40:00
2239,97,16,search_topic,361,2026-02-06 12:16:00
2240,97,16,view_resource,198,2026-02-07 00:08:00
2241,97,17,complete_lesson,276,2026-02-07 09:04:00
2242,98,1,search_topic,70,2026-01-21 02:07:00
2243,98,2,search_topic,212,2026-01-22 22:36:00
2244,98,3,view_resource,165,2026-01-24 06:35:00
2245,98,4,view_resource,476,2026-01-24 18:34:00
2246,98,5,view_resource,510,2026-01-25 01:21:00
2247,98,6,view_resource,132,2026-01-26 18:07:00
2248,98,7,search_topic,135,2026-01-28 00:20:00
2249,98,8,view_resource,182,2026-01-28 14:00:00
2250,98,9,complete_lesson,461,2026-01-30 04:40:00
2251,98,9,view_resource,181,2026-01-30 17:24:00
2252,98,9,complete_lesson,437,2026-02-01 04:24:00
2253,98,10,view_resource,146,2026-02-01 10:14:00
2254,98,10,view_resource,370,2026-02-02 22:13:00
2255,98,11,view_resource,373,2026-02-03 04:12:00
2256,99,1,complete_lesson,231,2026-01-07 01:21:00
2257,99,2,complete_lesson,210,2026-01-08 08:34:00
2258,99,3,complete_lesson,332,2026-01-09 09:07:00
2259,99,4,search_topic,160,2026-01-09 15:03:00
2260,99,4,view_resource,378,2026-01-11 10:05:00
2261,99,4,complete_lesson,329,2026-01-11 19:36:00
2262,99,5,view_resource,434,2026-01-12 17:08:00
2263,99,6,view_resource,306,2026-01-13 12:46:00
2264,99,7,search_topic,333,2026-01-14 23:27:00
2265,99,7,search_topic,335,2026-01-16 08:19:00
2266,99,7,search_topic,334,2026-01-17 09:04:00
2267,99,8,view_resource,507,2026-01-18 10:27:00
2268,99,8,complete_lesson,455,2026-01-20 02:04:00
2269,99,8,view_resource,501,2026-01-21 20:37:00
2270,99,9,search_topic,68,2026-01-22 11:14:00
2271,99,10,complete_lesson,206,2026-01-23 23:30:00
2272,99,10,complete_lesson,246,2026-01-25 02:43:00
2273,99,11,view_resource,436,2026-01-26 11:01:00
2274,99,12,complete_lesson,113,2026-01-27 02:08:00
2275,99,12,view_resource,221,2026-01-27 22:24:00
2276,99,13,view_resource,523,2026-01-28 22:14:00
2277,100,1,view_resource,90,2026-01-27 17:16:00
2278,100,2,view_resource,205,2026-01-29 04:43:00
2279,100,3,complete_lesson,346,2026-01-30 19:03:00
2280,100,4,search_topic,570,2026-02-01 07:47:00
2281,100,5,search_topic,480,2026-02-03 04:00:00
2282,100,6,complete_lesson,469,2026-02-04 12:07:00
2283,100,7,search_topic,107,2026-02-04 16:02:00
2284,100,8,view_resource,85,2026-02-05 05:27:00
2285,100,9,search_topic,242,2026-02-05 11:04:00
2286,100,10,view_resource,495,2026-02-06 20:49:00
2287,100,11,view_resource,467,2026-02-08 12:17:00
2288,100,12,view_resource,184,2026-02-09 23:38:00
2289,100,13,search_topic,87,2026-02-10 12:12:00
2290,100,14,complete_lesson,190,2026-02-12 08:04:00
2291,100,15,view_resource,233,2026-02-14 06:41:00
2292,100,16,search_topic,238,2026-02-15 00:50:00
2293,100,16,search_topic,287,2026-02-15 22:00:00
2294,100,17,view_resource,540,2026-02-17 05:25:00
2295,100,18,search_topic,569,2026-02-18 14:00:00
2296,100,19,view_resource,161,2026-02-19 04:50:00
2297,100,20,search_topic,287,2026-02-19 14:15:00
2298,101,1,search_topic,505,2026-01-29 08:05:00
2299,101,1,complete_lesson,549,2026-01-30 04:38:00
2300,101,1,view_resource,274,2026-01-31 04:37:00
2301,101,2,search_topic,168,2026-01-31 18:02:00
2302,101,3,search_topic,217,2026-02-01 07:05:00
2303,101,4,complete_lesson,118,2026-02-01 22:26:00
2304,101,4,complete_lesson,276,2026-02-02 13:27:00
2305,101,4,search_topic,550,2026-02-04 10:35:00
2306,101,5,complete_lesson,167,2026-02-05 07:35:00
2307,101,6,search_topic,391,2026-02-06 22:41:00
2308,101,7,search_topic,353,2026-02-08 02:08:00
2309,101,8,complete_lesson,343,2026-02-09 12:00:00
2310,101,9,search_topic,128,2026-02-10 08:27:00
2311,101,10,complete_lesson,498,2026-02-12 00:33:00
2312,101,11,complete_lesson,521,2026-02-13 04:15:00
2313,101,12,view_resource,319,2026-02-14 14:40:00
2314,101,13,complete_lesson,158,2026-02-14 18:42:00
2315,101,14,view_resource,500,2026-02-15 17:11:00
2316,101,15,search_topic,545,2026-02-17 14:37:00
2317,101,16,view_resource,195,2026-02-19 00:22:00
2318,101,17,search_topic,546,2026-02-20 09:09:00
2319,101,18,search_topic,376,2026-02-22 05:38:00
2320,101,19,search_topic,402,2026-02-23 09:39:00
2321,101,20,view_resource,417,2026-02-23 20:19:00
2322,102,1,complete_lesson,67,2026-01-24 19:05:00
2323,102,1,search_topic,535,2026-01-25 02:25:00
2324,102,1,complete_lesson,568,2026-01-26 01:25:00
2325,102,2,view_resource,454,2026-01-27 00:28:00
2326,102,3,complete_lesson,382,2026-01-28 01:06:00
2327,102,3,search_topic,455,2026-01-28 19:33:00
2328,102,4,search_topic,426,2026-01-30 03:42:00
2329,102,4,view_resource,110,2026-01-31 19:06:00
2330,102,5,search_topic,224,2026-02-01 10:21:00
2331,102,6,complete_lesson,356,2026-02-02 09:17:00
2332,102,7,complete_lesson,348,2026-02-04 01:24:00
2333,102,8,complete_lesson,286,2026-02-05 02:31:00
2334,102,9,search_topic,310,2026-02-06 21:02:00
2335,102,9,complete_lesson,342,2026-02-08 15:13:00
2336,102,10,search_topic,235,2026-02-09 12:41:00
2337,102,11,search_topic,283,2026-02-10 18:14:00
2338,102,12,view_resource,315,2026-02-12 07:40:00
2339,102,13,view_resource,550,2026-02-13 15:02:00
2340,102,13,search_topic,416,2026-02-13 21:38:00
2341,102,13,complete_lesson,404,2026-02-14 19:20:00
2342,102,14,complete_lesson,344,2026-02-15 07:14:00
2343,103,1,search_topic,115,2026-01-30 07:49:00
2344,103,2,complete_lesson,462,2026-01-30 18:28:00
2345,103,3,search_topic,542,2026-01-31 10:50:00
2346,103,4,view_resource,327,2026-01-31 19:05:00
2347,103,5,view_resource,146,2026-02-01 15:46:00
2348,103,6,view_resource,255,2026-02-01 22:24:00
2349,103,7,view_resource,331,2026-02-02 17:24:00
2350,103,8,complete_lesson,576,2026-02-03 11:03:00
2351,103,9,search_topic,381,2026-02-05 01:05:00
2352,103,9,search_topic,111,2026-02-05 14:41:00
2353,103,10,complete_lesson,125,2026-02-07 12:21:00
2354,103,10,view_resource,386,2026-02-08 08:47:00
2355,103,10,complete_lesson,108,2026-02-08 21:40:00
2356,103,11,complete_lesson,404,2026-02-09 18:04:00
2357,103,12,view_resource,299,2026-02-10 10:50:00
2358,103,13,view_resource,295,2026-02-12 02:49:00
2359,103,14,search_topic,498,2026-02-13 10:00:00
2360,104,1,search_topic,415,2026-01-18 06:02:00
2361,104,2,view_resource,117,2026-01-18 13:45:00
2362,104,3,complete_lesson,559,2026-01-19 07:40:00
2363,104,4,complete_lesson,129,2026-01-19 19:13:00
2364,104,5,view_resource,195,2026-01-20 04:32:00
2365,104,6,search_topic,533,2026-01-21 10:04:00
2366,104,7,complete_lesson,326,2026-01-22 20:24:00
2367,104,8,search_topic,292,2026-01-23 16:16:00
2368,104,9,search_topic,125,2026-01-25 15:39:00
2369,104,10,complete_lesson,348,2026-01-27 08:05:00
2370,105,1,view_resource,250,2026-01-10 18:44:00
2371,105,1,view_resource,528,2026-01-11 06:18:00
2372,105,2,view_resource,135,2026-01-12 12:21:00
2373,105,2,search_topic,96,2026-01-12 19:10:00
2374,105,2,search_topic,317,2026-01-13 13:06:00
2375,105,3,view_resource,564,2026-01-14 00:26:00
2376,105,3,view_resource,227,2026-01-14 20:49:00
2377,105,3,view_resource,444,2026-01-15 23:39:00
2378,105,4,view_resource,259,2026-01-17 16:03:00
2379,105,4,view_resource,356,2026-01-17 20:32:00
2380,105,5,complete_lesson,72,2026-01-19 09:33:00
2381,105,6,search_topic,417,2026-01-20 12:46:00
2382,105,7,search_topic,246,2026-01-22 11:25:00
2383,105,8,complete_lesson,249,2026-01-24 05:22:00
2384,105,9,view_resource,488,2026-01-24 19:45:00
2385,105,10,view_resource,437,2026-01-25 04:14:00
2386,105,11,complete_lesson,283,2026-01-26 21:48:00
2387,105,12,complete_lesson,310,2026-01-28 19:21:00
2388,106,1,search_topic,244,2026-01-24 14:48:00
2389,106,2,search_topic,407,2026-01-26 12:44:00
2390,106,3,complete_lesson,289,2026-01-28 02:05:00
2391,106,4,view_resource,237,2026-01-29 23:00:00
2392,106,5,complete_lesson,487,2026-01-30 10:16:00
2393,106,6,search_topic,394,2026-01-30 14:34:00
2394,106,7,search_topic,60,2026-01-31 13:48:00
2395,106,8,search_topic,597,2026-02-02 01:20:00
2396,106,9,complete_lesson,378,2026-02-03 05:01:00
2397,106,10,view_resource,204,2026-02-03 17:05:00
2398,106,11,complete_lesson,125,2026-02-04 08:48:00
2399,106,12,search_topic,557,2026-02-05 01:18:00
2400,107,1,complete_lesson,217,2026-01-30 10:02:00
2401,107,1,search_topic,344,2026-01-31 16:14:00
2402,107,1,search_topic,263,2026-02-02 16:43:00
2403,107,2,view_resource,232,2026-02-03 10:05:00
2404,107,3,view_resource,465,2026-02-04 02:38:00
2405,107,4,complete_lesson,310,2026-02-05 22:17:00
2406,107,5,complete_lesson,235,2026-02-07 00:08:00
2407,107,6,complete_lesson,227,2026-02-07 07:21:00
2408,107,7,view_resource,573,2026-02-07 22:11:00
2409,107,8,search_topic,145,2026-02-08 15:18:00
2410,107,9,view_resource,504,2026-02-09 20:15:00
2411,107,9,view_resource,254,2026-02-10 19:41:00
2412,107,9,view_resource,216,2026-02-12 17:44:00
2413,107,10,search_topic,124,2026-02-13 11:17:00
2414,107,10,search_topic,80,2026-02-14 21:25:00
2415,107,10,view_resource,492,2026-02-16 07:02:00
2416,107,11,search_topic,595,2026-02-18 00:44:00
2417,107,12,complete_lesson,479,2026-02-18 08:43:00
2418,107,13,search_topic,312,2026-02-18 19:16:00
2419,107,14,search_topic,214,2026-02-20 06:06:00
2420,107,15,search_topic,422,2026-02-21 11:14:00
2421,107,16,search_topic,226,2026-02-22 19:29:00
2422,107,17,complete_lesson,365,2026-02-24 02:42:00
2423,107,18,search_topic,481,2026-02-24 23:23:00
2424,107,18,complete_lesson,465,2026-02-26 16:19:00
2425,107,19,complete_lesson,321,2026-02-28 10:15:00
2426,108,1,view_resource,576,2026-01-25 04:31:00
2427,108,1,complete_lesson,591,2026-01-25 15:10:00
2428,108,2,search_topic,88,2026-01-27 05:34:00
2429,108,2,view_resource,587,2026-01-28 03:25:00
2430,108,2,view_resource,227,2026-01-28 07:25:00
2431,108,3,view_resource,78,2026-01-29 12:16:00
2432,108,4,search_topic,254,2026-01-31 01:08:00
2433,108,4,search_topic,302,2026-01-31 07:11:00
2434,108,5,view_resource,74,2026-01-31 17:41:00
2435,108,5,view_resource,60,2026-02-02 01:37:00
2436,108,5,search_topic,472,2026-02-02 07:44:00
2437,108,6,complete_lesson,456,2026-02-03 09:32:00
2438,108,6,view_resource,508,2026-02-03 19:16:00
2439,108,6,complete_lesson,519,2026-02-05 17:14:00
2440,108,7,complete_lesson,95,2026-02-07 14:49:00
2441,108,8,complete_lesson,370,2026-02-08 01:34:00
2442,108,8,complete_lesson,555,2026-02-08 13:33:00
2443,108,8,complete_lesson,443,2026-02-10 11:40:00
2444,108,9,search_topic,506,2026-02-10 22:20:00
2445,108,10,view_resource,280,2026-02-11 13:10:00
2446,108,11,complete_lesson,370,2026-02-11 18:16:00
2447,108,12,view_resource,290,2026-02-13 12:30:00
2448,108,13,view_resource,117,2026-02-14 13:50:00
2449,108,13,view_resource,129,2026-02-15 08:05:00
2450,108,14,view_resource,495,2026-02-15 21:01:00
2451,108,14,view_resource,414,2026-02-16 18:15:00
2452,108,14,complete_lesson,235,2026-02-17 18:39:00
2453,108,15,complete_lesson,163,2026-02-19 17:25:00
2454,108,16,complete_lesson,113,2026-02-21 12:17:00
2455,108,16,view_resource,324,2026-02-23 08:22:00
2456,108,17,view_resource,364,2026-02-24 11:22:00
2457,108,18,complete_lesson,181,2026-02-25 09:28:00
2458,108,18,search_topic,530,2026-02-27 02:38:00
2459,108,18,view_resource,97,2026-02-27 22:29:00
2460,108,19,view_resource,130,2026-02-28 14:06:00
2461,109,1,view_resource,129,2026-01-12 05:28:00
2462,109,1,view_resource,352,2026-01-12 20:15:00
2463,109,2,search_topic,373,2026-01-13 04:24:00
2464,109,3,search_topic,111,2026-01-13 22:44:00
2465,109,3,complete_lesson,549,2026-01-15 10:38:00
2466,109,3,view_resource,550,2026-01-16 08:22:00
2467,109,4,complete_lesson,289,2026-01-17 13:37:00
2468,109,4,complete_lesson,445,2026-01-18 18:10:00
2469,109,4,view_resource,89,2026-01-20 01:06:00
2470,109,5,view_resource,299,2026-01-21 16:07:00
2471,109,6,search_topic,357,2026-01-22 01:32:00
2472,109,7,search_topic,528,2026-01-23 13:13:00
2473,109,8,complete_lesson,416,2026-01-24 16:02:00
2474,109,9,view_resource,133,2026-01-25 03:22:00
2475,109,9,search_topic,135,2026-01-26 20:42:00
2476,109,9,search_topic,522,2026-01-27 19:45:00
2477,109,10,complete_lesson,161,2026-01-29 08:00:00
2478,109,10,complete_lesson,223,2026-01-30 05:17:00
2479,109,10,view_resource,282,2026-01-31 10:10:00
2480,109,11,view_resource,311,2026-02-01 17:11:00
2481,109,12,complete_lesson,71,2026-02-03 07:49:00
2482,109,13,view_resource,515,2026-02-04 23:21:00
2483,109,14,complete_lesson,272,2026-02-05 12:36:00
2484,109,15,search_topic,81,2026-02-07 08:02:00
2485,109,16,complete_lesson,80,2026-02-09 06:03:00
2486,109,17,view_resource,188,2026-02-10 01:14:00
2487,109,18,view_resource,496,2026-02-11 22:48:00
2488,109,19,search_topic,185,2026-02-12 22:48:00
2489,110,1,complete_lesson,568,2026-01-16 08:37:00
2490,110,2,search_topic,470,2026-01-17 16:14:00
2491,110,3,complete_lesson,389,2026-01-19 11:02:00
2492,110,4,search_topic,312,2026-01-20 14:45:00
2493,110,5,complete_lesson,415,2026-01-21 09:00:00
2494,110,5,complete_lesson,103,2026-01-21 20:08:00
2495,110,6,view_resource,491,2026-01-23 07:01:00
2496,110,6,view_resource,362,2026-01-25 04:39:00
2497,110,7,search_topic,482,2026-01-26 00:46:00
2498,110,8,search_topic,269,2026-01-28 00:29:00
2499,110,9,complete_lesson,187,2026-01-29 06:48:00
2500,110,9,view_resource,562,2026-01-29 22:37:00
2501,110,10,search_topic,164,2026-01-30 15:34:00
2502,110,11,view_resource,384,2026-02-01 00:00:00
2503,110,12,complete_lesson,326,2026-02-02 16:06:00
2504,111,1,view_resource,577,2026-01-03 23:16:00
2505,111,1,complete_lesson,387,2026-01-04 20:02:00
2506,111,1,complete_lesson,524,2026-01-05 22:42:00
2507,111,2,complete_lesson,182,2026-01-06 19:00:00
2508,111,3,search_topic,575,2026-01-07 01:02:00
2509,111,3,view_resource,541,2026-01-08 14:22:00
2510,111,4,complete_lesson,350,2026-01-10 02:02:00
2511,111,5,search_topic,72,2026-01-10 22:11:00
2512,111,6,complete_lesson,83,2026-01-11 14:39:00
2513,111,6,complete_lesson,230,2026-01-13 04:48:00
2514,111,7,view_resource,95,2026-01-13 18:04:00
2515,111,8,view_resource,80,2026-01-14 06:47:00
2516,111,9,search_topic,280,2026-01-15 23:40:00
2517,111,10,search_topic,376,2026-01-16 07:44:00
2518,111,10,complete_lesson,536,2026-01-18 03:49:00
2519,111,10,view_resource,459,2026-01-19 20:34:00
2520,111,11,complete_lesson,365,2026-01-20 13:00:00
2521,111,12,complete_lesson,162,2026-01-22 13:44:00
2522,111,13,view_resource,450,2026-01-23 05:37:00
2523,111,14,view_resource,215,2026-01-24 10:01:00
2524,111,15,search_topic,198,2026-01-25 05:46:00
2525,111,16,complete_lesson,547,2026-01-26 19:12:00
2526,111,17,search_topic,72,2026-01-27 14:49:00
2527,111,18,view_resource,522,2026-01-28 23:40:00
2528,111,19,complete_lesson,137,2026-01-30 03:09:00
2529,111,20,complete_lesson,346,2026-01-30 14:03:00
2530,112,1,view_resource,545,2026-02-02 15:50:00
2531,112,2,view_resource,368,2026-02-03 21:32:00
2532,112,3,complete_lesson,75,2026-02-04 12:41:00
2533,112,4,search_topic,77,2026-02-04 21:13:00
2534,112,4,complete_lesson,244,2026-02-05 18:26:00
2535,112,5,complete_lesson,156,2026-02-06 09:36:00
2536,112,6,complete_lesson,84,2026-02-06 18:07:00
2537,112,7,view_resource,194,2026-02-08 11:44:00
2538,112,7,search_topic,153,2026-02-08 21:40:00
2539,112,8,search_topic,483,2026-02-10 02:34:00
2540,112,9,complete_lesson,448,2026-02-11 14:47:00
2541,112,10,search_topic,296,2026-02-12 11:22:00
2542,112,11,view_resource,562,2026-02-12 20:32:00
2543,113,1,search_topic,266,2026-01-16 06:25:00
2544,113,2,complete_lesson,335,2026-01-16 22:18:00
2545,113,3,search_topic,600,2026-01-17 04:24:00
2546,113,4,view_resource,563,2026-01-17 08:07:00
2547,113,5,view_resource,283,2026-01-17 12:50:00
2548,113,6,search_topic,472,2026-01-18 16:21:00
2549,113,7,search_topic,152,2026-01-20 05:43:00
2550,113,8,complete_lesson,215,2026-01-21 22:35:00
2551,113,9,search_topic,530,2026-01-23 07:03:00
2552,113,10,complete_lesson,144,2026-01-23 11:15:00
2553,113,11,search_topic,587,2026-01-24 06:33:00
2554,113,11,view_resource,310,2026-01-26 05:22:00
2555,113,12,search_topic,438,2026-01-27 05:06:00
2556,113,13,view_resource,253,2026-01-28 21:10:00
2557,113,14,complete_lesson,480,2026-01-29 14:49:00
2558,113,15,search_topic,339,2026-01-31 06:25:00
2559,113,16,complete_lesson,76,2026-01-31 13:42:00
2560,113,17,search_topic,287,2026-02-02 13:18:00
2561,113,18,view_resource,94,2026-02-02 17:17:00
2562,113,18,complete_lesson,392,2026-02-03 19:42:00
2563,113,19,view_resource,287,2026-02-05 15:28:00
2564,113,19,view_resource,156,2026-02-07 00:01:00
2565,114,1,view_resource,240,2026-01-23 09:00:00
2566,114,1,view_resource,353,2026-01-25 05:08:00
2567,114,2,view_resource,330,2026-01-25 12:23:00
2568,114,3,complete_lesson,148,2026-01-26 00:49:00
2569,114,4,search_topic,497,2026-01-26 12:46:00
2570,114,5,search_topic,443,2026-01-28 09:50:00
2571,114,6,search_topic,324,2026-01-29 09:31:00
2572,114,7,complete_lesson,489,2026-01-30 08:36:00
2573,114,8,view_resource,67,2026-01-30 13:27:00
2574,114,9,view_resource,325,2026-01-31 06:35:00
2575,114,9,complete_lesson,479,2026-02-01 08:16:00
2576,114,9,view_resource,189,2026-02-01 22:21:00
2577,114,10,complete_lesson,456,2026-02-03 06:28:00
2578,114,11,search_topic,512,2026-02-03 18:24:00
2579,114,12,view_resource,223,2026-02-05 13:13:00
2580,114,12,view_resource,482,2026-02-05 20:44:00
2581,115,1,view_resource,300,2026-01-22 09:30:00
2582,115,2,search_topic,447,2026-01-22 16:15:00
2583,115,2,complete_lesson,503,2026-01-23 05:34:00
2584,115,3,view_resource,469,2026-01-24 07:08:00
2585,115,4,search_topic,564,2026-01-24 16:01:00
2586,115,4,view_resource,534,2026-01-25 08:35:00
2587,115,4,complete_lesson,290,2026-01-25 12:29:00
2588,115,5,search_topic,589,2026-01-27 00:33:00
2589,115,5,complete_lesson,474,2026-01-28 17:34:00
2590,115,5,view_resource,104,2026-01-28 22:39:00
2591,115,6,search_topic,250,2026-01-30 20:35:00
2592,115,7,search_topic,494,2026-02-01 01:50:00
2593,115,8,search_topic,454,2026-02-01 14:47:00
2594,115,9,search_topic,517,2026-02-01 21:15:00
2595,115,10,view_resource,73,2026-02-02 04:37:00
2596,115,11,view_resource,537,2026-02-02 14:02:00
2597,115,12,view_resource,423,2026-02-03 00:07:00
2598,115,13,complete_lesson,537,2026-02-04 12:17:00
2599,115,14,complete_lesson,288,2026-02-04 23:29:00
2600,115,14,complete_lesson,230,2026-02-06 12:15:00
2601,115,14,search_topic,63,2026-02-08 01:20:00
2602,116,1,view_resource,496,2026-01-02 17:49:00
2603,116,1,search_topic,541,2026-01-04 08:41:00
2604,116,1,search_topic,453,2026-01-04 20:34:00
2605,116,2,view_resource,518,2026-01-05 12:24:00
2606,116,2,view_resource,246,2026-01-07 03:32:00
2607,116,2,search_topic,435,2026-01-08 18:00:00
2608,116,3,search_topic,360,2026-01-09 00:38:00
2609,116,3,view_resource,226,2026-01-09 12:43:00
2610,116,3,complete_lesson,451,2026-01-10 17:15:00
2611,116,4,complete_lesson,425,2026-01-12 15:46:00
2612,116,4,search_topic,433,2026-01-13 22:06:00
2613,116,5,complete_lesson,365,2026-01-14 07:41:00
2614,116,6,search_topic,595,2026-01-14 11:01:00
2615,116,7,search_topic,287,2026-01-15 04:14:00
2616,116,8,view_resource,495,2026-01-15 12:12:00
2617,116,8,view_resource,107,2026-01-15 20:41:00
2618,116,8,complete_lesson,433,2026-01-16 06:02:00
2619,116,9,view_resource,296,2026-01-18 06:08:00
2620,116,9,search_topic,152,2026-01-20 01:45:00
2621,116,10,view_resource,562,2026-01-21 12:18:00
2622,116,10,view_resource,387,2026-01-23 05:20:00
2623,116,11,complete_lesson,564,2026-01-23 16:29:00
2624,116,12,search_topic,160,2026-01-25 09:29:00
2625,116,13,search_topic,532,2026-01-27 05:40:00
2626,116,14,search_topic,438,2026-01-28 03:01:00
2627,116,15,complete_lesson,268,2026-01-29 05:47:00
2628,116,16,complete_lesson,295,2026-01-30 09:20:00
2629,116,16,complete_lesson,385,2026-02-01 07:31:00
2630,116,17,complete_lesson,575,2026-02-02 15:30:00
2631,116,18,complete_lesson,463,2026-02-02 22:07:00
2632,116,18,complete_lesson,250,2026-02-04 11:15:00
2633,116,19,view_resource,70,2026-02-04 17:22:00
2634,117,1,search_topic,271,2026-01-08 09:29:00
2635,117,2,search_topic,188,2026-01-09 19:37:00
2636,117,2,complete_lesson,113,2026-01-11 08:24:00
2637,117,3,complete_lesson,299,2026-01-12 21:39:00
2638,117,3,view_resource,325,2026-01-13 04:50:00
2639,117,4,search_topic,145,2026-01-13 17:30:00
2640,117,4,complete_lesson,69,2026-01-15 11:30:00
2641,117,4,complete_lesson,521,2026-01-16 03:47:00
2642,117,5,view_resource,506,2026-01-17 14:46:00
2643,117,5,search_topic,325,2026-01-19 07:41:00
2644,117,6,view_resource,240,2026-01-19 19:39:00
2645,117,6,view_resource,535,2026-01-21 16:27:00
2646,117,7,view_resource,118,2026-01-22 03:01:00
2647,117,7,complete_lesson,176,2026-01-23 01:32:00
2648,117,7,search_topic,298,2026-01-23 22:48:00
2649,117,8,view_resource,251,2026-01-25 15:49:00
2650,117,8,search_topic,74,2026-01-26 06:44:00
2651,117,9,view_resource,122,2026-01-28 05:23:00
2652,117,10,view_resource,142,2026-01-29 14:25:00
2653,117,10,complete_lesson,71,2026-01-30 06:48:00
2654,117,11,complete_lesson,445,2026-01-31 12:14:00
2655,117,12,complete_lesson,307,2026-02-01 02:15:00
2656,117,12,view_resource,467,2026-02-01 06:02:00
2657,117,13,search_topic,392,2026-02-01 20:44:00
2658,117,14,complete_lesson,244,2026-02-02 14:16:00
2659,117,14,complete_lesson,287,2026-02-02 23:28:00
2660,117,14,search_topic,499,2026-02-04 20:47:00
2661,117,15,complete_lesson,230,2026-02-06 01:15:00
2662,117,15,search_topic,560,2026-02-07 22:34:00
2663,117,16,search_topic,505,2026-02-08 03:31:00
2664,117,16,complete_lesson,482,2026-02-08 07:49:00
2665,118,1,view_resource,107,2026-01-16 09:40:00
2666,118,2,search_topic,95,2026-01-17 04:13:00
2667,118,2,view_resource,313,2026-01-17 22:37:00
2668,118,3,search_topic,399,2026-01-18 06:28:00
2669,118,4,complete_lesson,350,2026-01-20 01:29:00
2670,118,5,search_topic,351,2026-01-20 19:06:00
2671,118,6,view_resource,463,2026-01-21 14:40:00
2672,118,7,search_topic,296,2026-01-23 04:43:00
2673,118,8,complete_lesson,401,2026-01-23 13:02:00
2674,118,9,view_resource,180,2026-01-25 08:41:00
2675,118,10,complete_lesson,344,2026-01-25 16:40:00
2676,119,1,complete_lesson,410,2026-02-01 20:11:00
2677,119,2,search_topic,294,2026-02-02 08:44:00
2678,119,3,complete_lesson,544,2026-02-03 13:30:00
2679,119,4,view_resource,86,2026-02-04 09:11:00
2680,119,4,view_resource,87,2026-02-05 16:50:00
2681,119,5,view_resource,336,2026-02-07 06:47:00
2682,119,6,view_resource,385,2026-02-09 06:44:00
2683,119,7,view_resource,589,2026-02-11 02:22:00
2684,119,8,view_resource,443,2026-02-11 14:06:00
2685,119,8,view_resource,573,2026-02-12 10:16:00
2686,119,8,search_topic,389,2026-02-13 05:06:00
2687,119,9,complete_lesson,554,2026-02-13 20:19:00
2688,119,9,search_topic,263,2026-02-14 02:37:00
2689,119,9,search_topic,500,2026-02-14 21:28:00
2690,119,10,complete_lesson,503,2026-02-15 22:33:00
2691,119,11,search_topic,256,2026-02-17 10:03:00
2692,119,12,view_resource,474,2026-02-19 10:00:00
2693,119,12,complete_lesson,553,2026-02-20 01:42:00
2694,119,13,search_topic,386,2026-02-21 00:03:00
2695,119,13,view_resource,222,2026-02-22 03:39:00
2696,119,14,search_topic,475,2026-02-22 13:40:00
2697,119,15,complete_lesson,244,2026-02-23 04:09:00
2698,119,15,view_resource,311,2026-02-23 08:33:00
2699,119,16,search_topic,487,2026-02-23 12:25:00
2700,119,16,view_resource,479,2026-02-24 02:25:00
2701,119,16,complete_lesson,113,2026-02-24 06:13:00
2702,120,1,view_resource,297,2026-01-26 09:11:00
2703,120,2,search_topic,241,2026-01-27 04:42:00
2704,120,3,search_topic,107,2026-01-28 21:24:00
2705,120,4,complete_lesson,347,2026-01-30 06:25:00
2706,120,5,complete_lesson,348,2026-01-31 16:37:00
2707,120,6,view_resource,534,2026-02-01 18:39:00
2708,120,7,search_topic,173,2026-02-03 01:37:00
2709,120,8,search_topic,325,2026-02-03 12:32:00
2710,120,8,view_resource,161,2026-02-03 21:26:00
2711,120,9,search_topic,457,2026-02-04 13:17:00
2712,120,10,complete_lesson,359,2026-02-05 20:39:00
2713,120,11,complete_lesson,395,2026-02-06 17:29:00
2714,120,12,search_topic,253,2026-02-07 02:39:00
2715,120,13,complete_lesson,333,2026-02-07 16:01:00
2716,121,1,view_resource,573,2026-01-27 01:26:00
2717,121,2,search_topic,438,2026-01-27 05:03:00
2718,121,3,view_resource,588,2026-01-27 11:23:00
2719,121,3,view_resource,407,2026-01-28 08:36:00
2720,121,3,complete_lesson,553,2026-01-29 20:03:00
2721,121,4,search_topic,76,2026-01-31 01:48:00
2722,121,5,complete_lesson,560,2026-01-31 09:09:00
2723,121,5,view_resource,526,2026-02-02 05:18:00
2724,121,5,view_resource,465,2026-02-03 18:04:00
2725,121,6,complete_lesson,322,2026-02-05 15:24:00
2726,121,6,view_resource,473,2026-02-07 00:15:00
2727,121,7,view_resource,591,2026-02-08 03:27:00
2728,121,8,complete_lesson,230,2026-02-08 09:14:00
2729,121,8,complete_lesson,101,2026-02-08 20:06:00
2730,121,8,complete_lesson,80,2026-02-10 05:32:00
2731,121,9,search_topic,313,2026-02-10 11:22:00
2732,121,9,view_resource,276,2026-02-11 08:49:00
2733,121,10,search_topic,183,2026-02-12 01:15:00
2734,121,10,complete_lesson,546,2026-02-12 13:14:00
2735,121,10,view_resource,584,2026-02-14 10:22:00
2736,121,11,search_topic,107,2026-02-15 03:26:00
2737,121,11,view_resource,371,2026-02-16 13:07:00
2738,121,12,complete_lesson,469,2026-02-18 08:49:00
2739,121,12,view_resource,369,2026-02-19 08:14:00
2740,121,12,complete_lesson,120,2026-02-19 20:34:00
2741,122,1,complete_lesson,513,2026-01-03 23:49:00
2742,122,2,view_resource,75,2026-01-04 06:20:00
2743,122,3,search_topic,223,2026-01-06 01:19:00
2744,122,3,complete_lesson,268,2026-01-06 12:01:00
2745,122,3,view_resource,493,2026-01-07 06:31:00
2746,122,4,search_topic,300,2026-01-08 23:45:00
2747,122,5,search_topic,79,2026-01-09 22:43:00
2748,122,5,complete_lesson,520,2026-01-10 20:49:00
2749,122,6,view_resource,62,2026-01-12 15:27:00
2750,122,7,complete_lesson,311,2026-01-13 09:47:00
2751,122,7,search_topic,137,2026-01-15 09:21:00
2752,122,8,complete_lesson,445,2026-01-16 19:09:00
2753,122,9,view_resource,165,2026-01-18 16:26:00
2754,122,9,search_topic,205,2026-01-20 13:09:00
2755,122,10,view_resource,547,2026-01-21 05:47:00
2756,122,11,view_resource,268,2026-01-23 01:49:00
2757,122,11,search_topic,127,2026-01-24 13:21:00
2758,122,12,complete_lesson,366,2026-01-25 19:17:00
2759,122,12,view_resource,528,2026-01-26 19:41:00
2760,122,12,complete_lesson,248,2026-01-28 08:09:00
2761,122,13,search_topic,175,2026-01-28 16:04:00
2762,122,14,view_resource,75,2026-01-29 06:15:00
2763,122,15,view_resource,491,2026-01-31 01:38:00
2764,122,16,complete_lesson,248,2026-01-31 22:09:00
2765,122,16,complete_lesson,66,2026-02-01 18:45:00
2766,122,17,complete_lesson,280,2026-02-02 07:24:00
2767,122,17,view_resource,288,2026-02-04 01:21:00
2768,122,17,complete_lesson,522,2026-02-05 04:25:00
2769,122,18,complete_lesson,60,2026-02-05 23:42:00
2770,123,1,search_topic,375,2026-01-05 23:48:00
2771,123,2,search_topic,510,2026-01-07 06:00:00
2772,123,3,search_topic,338,2026-01-07 11:18:00
2773,123,3,search_topic,522,2026-01-09 01:19:00
2774,123,3,search_topic,469,2026-01-09 20:24:00
2775,123,4,complete_lesson,477,2026-01-11 03:32:00
2776,123,5,search_topic,238,2026-01-12 20:42:00
2777,123,6,complete_lesson,191,2026-01-14 14:50:00
2778,123,7,complete_lesson,241,2026-01-15 23:38:00
2779,123,8,search_topic,218,2026-01-17 16:13:00
2780,123,9,search_topic,548,2026-01-19 07:25:00
2781,123,9,complete_lesson,251,2026-01-20 22:27:00
2782,123,9,complete_lesson,597,2026-01-22 05:39:00
2783,123,10,search_topic,254,2026-01-22 15:02:00
2784,123,11,view_resource,356,2026-01-23 03:31:00
2785,123,12,complete_lesson,292,2026-01-24 22:48:00
2786,123,13,view_resource,588,2026-01-25 06:14:00
2787,123,13,search_topic,541,2026-01-26 17:42:00
2788,123,13,search_topic,395,2026-01-26 23:08:00
2789,123,14,view_resource,397,2026-01-28 21:11:00
2790,124,1,view_resource,91,2026-01-14 12:14:00
2791,124,2,complete_lesson,470,2026-01-16 06:42:00
2792,124,2,search_topic,94,2026-01-17 22:09:00
2793,124,3,complete_lesson,433,2026-01-19 12:35:00
2794,124,4,search_topic,500,2026-01-21 07:14:00
2795,124,5,complete_lesson,66,2026-01-23 04:31:00
2796,124,6,view_resource,258,2026-01-23 15:20:00
2797,124,7,complete_lesson,567,2026-01-24 20:38:00
2798,124,8,search_topic,243,2026-01-25 22:48:00
2799,124,9,view_resource,588,2026-01-27 15:20:00
2800,124,9,complete_lesson,248,2026-01-28 07:32:00
2801,124,9,search_topic,60,2026-01-29 06:01:00
2802,124,10,view_resource,382,2026-01-30 20:46:00
2803,124,11,view_resource,133,2026-02-01 20:00:00
2804,124,12,complete_lesson,151,2026-02-03 20:20:00
2805,124,13,complete_lesson,452,2026-02-05 10:38:00
2806,124,14,view_resource,412,2026-02-05 18:28:00
2807,124,15,complete_lesson,337,2026-02-06 04:05:00
2808,124,16,complete_lesson,108,2026-02-07 07:09:00
2809,124,17,view_resource,378,2026-02-07 14:30:00
2810,124,18,view_resource,213,2026-02-08 11:39:00
2811,124,19,view_resource,100,2026-02-09 04:35:00
2812,124,20,search_topic,81,2026-02-10 19:08:00
2813,124,20,complete_lesson,389,2026-02-12 03:40:00
2814,124,20,complete_lesson,349,2026-02-13 21:06:00
2815,125,1,complete_lesson,195,2026-01-20 16:38:00
2816,125,2,search_topic,579,2026-01-22 01:47:00
2817,125,3,search_topic,554,2026-01-22 07:48:00
2818,125,3,search_topic,180,2026-01-24 01:12:00
2819,125,4,view_resource,140,2026-01-26 01:45:00
2820,125,5,search_topic,406,2026-01-26 11:15:00
2821,125,5,view_resource,250,2026-01-26 18:08:00
2822,125,6,search_topic,222,2026-01-27 00:41:00
2823,125,7,complete_lesson,432,2026-01-28 10:05:00
2824,125,8,search_topic,200,2026-01-28 17:10:00
2825,125,9,search_topic,407,2026-01-29 01:04:00
2826,125,10,view_resource,477,2026-01-30 12:39:00
2827,125,11,view_resource,453,2026-01-30 16:46:00
2828,125,12,complete_lesson,66,2026-01-31 04:37:00
2829,125,13,complete_lesson,302,2026-01-31 11:48:00
2830,125,14,search_topic,149,2026-01-31 15:09:00
2831,125,15,view_resource,281,2026-01-31 19:13:00
2832,125,16,view_resource,83,2026-02-01 14:12:00
2833,125,17,complete_lesson,296,2026-02-02 17:43:00
2834,125,17,complete_lesson,102,2026-02-04 09:47:00
2835,125,18,complete_lesson,564,2026-02-04 15:32:00
2836,125,19,view_resource,104,2026-02-05 12:30:00
2837,126,1,view_resource,187,2026-02-01 21:15:00
2838,126,2,complete_lesson,276,2026-02-03 12:32:00
2839,126,3,view_resource,439,2026-02-04 17:41:00
2840,126,3,complete_lesson,477,2026-02-05 04:26:00
2841,126,4,complete_lesson,91,2026-02-06 10:22:00
2842,126,5,view_resource,261,2026-02-07 16:28:00
2843,126,6,view_resource,64,2026-02-09 04:46:00
2844,126,7,complete_lesson,493,2026-02-09 13:47:00
2845,126,7,complete_lesson,192,2026-02-10 15:39:00
2846,126,7,search_topic,394,2026-02-11 11:31:00
2847,126,8,complete_lesson,278,2026-02-12 15:44:00
2848,126,9,complete_lesson,186,2026-02-14 00:14:00
2849,126,10,search_topic,467,2026-02-15 21:23:00
2850,126,11,complete_lesson,186,2026-02-17 02:15:00
2851,126,11,search_topic,566,2026-02-17 21:34:00
2852,126,11,search_topic,67,2026-02-19 17:27:00
2853,126,12,search_topic,549,2026-02-20 08:20:00
2854,126,13,search_topic,162,2026-02-21 04:14:00
2855,126,14,view_resource,550,2026-02-22 15:37:00
2856,126,14,complete_lesson,356,2026-02-24 14:34:00
2857,126,15,complete_lesson,445,2026-02-25 09:11:00
2858,126,15,complete_lesson,544,2026-02-27 02:35:00
2859,126,16,view_resource,199,2026-02-28 16:35:00
2860,126,17,view_resource,493,2026-03-01 02:11:00
2861,126,18,search_topic,132,2026-03-01 14:12:00
2862,126,18,view_resource,554,2026-03-03 07:29:00
2863,126,19,complete_lesson,118,2026-03-04 04:22:00
2864,126,19,search_topic,131,2026-03-05 04:38:00
2865,127,1,complete_lesson,311,2026-01-20 03:37:00
2866,127,2,view_resource,191,2026-01-21 10:19:00
2867,127,3,search_topic,94,2026-01-21 18:25:00
2868,127,4,view_resource,430,2026-01-21 23:47:00
2869,127,4,search_topic,380,2026-01-22 18:40:00
2870,127,5,view_resource,544,2026-01-24 14:00:00
2871,127,6,complete_lesson,544,2026-01-26 01:00:00
2872,127,7,view_resource,500,2026-01-27 10:40:00
2873,127,7,complete_lesson,255,2026-01-27 14:18:00
2874,127,8,complete_lesson,518,2026-01-28 10:33:00
2875,127,8,view_resource,166,2026-01-29 10:17:00
2876,127,9,search_topic,344,2026-01-31 02:12:00
2877,127,9,search_topic,497,2026-01-31 10:48:00
2878,127,9,complete_lesson,74,2026-02-02 03:32:00
2879,127,10,complete_lesson,363,2026-02-02 16:37:00
2880,127,11,search_topic,136,2026-02-03 20:08:00
2881,127,11,complete_lesson,293,2026-02-04 06:34:00
2882,127,12,view_resource,200,2026-02-05 14:38:00
2883,127,13,search_topic,225,2026-02-06 13:29:00
2884,127,13,search_topic,563,2026-02-07 18:46:00
2885,127,13,view_resource,269,2026-02-09 06:22:00
2886,128,1,complete_lesson,129,2026-01-30 00:26:00
2887,128,2,search_topic,321,2026-01-30 08:14:00
2888,128,3,complete_lesson,460,2026-02-01 00:49:00
2889,128,3,complete_lesson,335,2026-02-02 23:14:00
2890,128,4,search_topic,515,2026-02-04 13:41:00
2891,128,4,search_topic,120,2026-02-05 05:14:00
2892,128,4,view_resource,67,2026-02-05 18:44:00
2893,128,5,complete_lesson,398,2026-02-07 02:19:00
2894,128,5,complete_lesson,395,2026-02-09 00:02:00
2895,128,6,complete_lesson,501,2026-02-09 10:33:00
2896,128,6,complete_lesson,405,2026-02-09 14:17:00
2897,128,7,view_resource,484,2026-02-10 02:26:00
2898,128,7,view_resource,322,2026-02-11 04:31:00
2899,128,7,search_topic,543,2026-02-12 00:32:00
2900,128,8,view_resource,584,2026-02-13 06:01:00
2901,128,9,complete_lesson,258,2026-02-13 14:48:00
2902,128,10,search_topic,481,2026-02-14 11:47:00
2903,128,11,search_topic,344,2026-02-16 06:03:00
2904,128,11,view_resource,503,2026-02-16 14:10:00
2905,128,11,complete_lesson,558,2026-02-16 22:42:00
2906,128,12,complete_lesson,336,2026-02-18 13:17:00
2907,128,13,search_topic,563,2026-02-19 06:31:00
2908,128,13,complete_lesson,570,2026-02-20 18:10:00
2909,128,14,search_topic,106,2026-02-22 17:42:00
2910,128,14,search_topic,316,2026-02-24 15:33:00
2911,128,15,view_resource,400,2026-02-25 17:17:00
2912,128,16,search_topic,510,2026-02-26 06:08:00
2913,128,16,complete_lesson,431,2026-02-27 15:11:00
2914,128,17,search_topic,333,2026-02-28 14:07:00
2915,128,17,search_topic,594,2026-03-02 03:02:00
2916,128,17,search_topic,592,2026-03-02 15:25:00
2917,128,18,search_topic,285,2026-03-03 01:40:00
2918,128,18,search_topic,445,2026-03-04 08:05:00
2919,129,1,search_topic,274,2026-01-24 05:44:00
2920,129,2,search_topic,278,2026-01-26 05:08:00
2921,129,3,view_resource,539,2026-01-27 08:16:00
2922,129,4,complete_lesson,379,2026-01-27 21:24:00
2923,129,5,view_resource,196,2026-01-28 02:21:00
2924,129,6,search_topic,87,2026-01-29 12:41:00
2925,129,7,search_topic,498,2026-01-31 11:30:00
2926,129,8,search_topic,347,2026-02-02 01:21:00
2927,129,8,view_resource,515,2026-02-03 09:24:00
2928,129,8,search_topic,139,2026-02-04 20:16:00
2929,129,9,search_topic,126,2026-02-05 13:30:00
2930,129,9,complete_lesson,438,2026-02-07 00:18:00
2931,129,10,search_topic,275,2026-02-08 20:18:00
2932,129,11,view_resource,550,2026-02-09 13:25:00
2933,129,12,search_topic,88,2026-02-11 12:10:00
2934,129,13,view_resource,595,2026-02-13 03:09:00
2935,129,14,view_resource,560,2026-02-14 15:50:00
2936,130,1,complete_lesson,195,2026-01-03 17:36:00
2937,130,2,view_resource,289,2026-01-05 08:33:00
2938,130,3,complete_lesson,107,2026-01-06 15:35:00
2939,130,4,complete_lesson,591,2026-01-08 02:00:00
2940,130,5,view_resource,558,2026-01-08 18:22:00
2941,130,6,search_topic,103,2026-01-09 11:07:00
2942,130,6,complete_lesson,190,2026-01-10 11:09:00
2943,130,6,search_topic,287,2026-01-10 20:17:00
2944,130,7,view_resource,167,2026-01-11 19:46:00
2945,130,8,view_resource,292,2026-01-13 16:09:00
2946,130,9,complete_lesson,462,2026-01-14 21:01:00
2947,130,10,complete_lesson,517,2026-01-15 03:16:00
2948,130,11,complete_lesson,496,2026-01-16 02:18:00
2949,130,12,view_resource,493,2026-01-17 00:04:00
2950,130,12,view_resource,502,2026-01-18 07:37:00
2951,130,12,complete_lesson,578,2026-01-18 19:08:00
2952,130,13,view_resource,210,2026-01-20 06:08:00
2953,130,14,view_resource,98,2026-01-21 11:42:00
2954,130,15,complete_lesson,227,2026-01-23 02:36:00
2955,130,16,search_topic,320,2026-01-24 05:16:00
2956,131,1,complete_lesson,542,2026-01-23 08:05:00
2957,131,2,search_topic,144,2026-01-25 04:10:00
2958,131,2,search_topic,177,2026-01-26 15:23:00
2959,131,3,search_topic,156,2026-01-27 05:25:00
2960,131,4,complete_lesson,340,2026-01-28 03:08:00
2961,131,5,search_topic,558,2026-01-29 20:22:00
2962,131,6,search_topic,307,2026-01-30 08:38:00
2963,131,7,complete_lesson,90,2026-01-30 21:14:00
2964,131,8,complete_lesson,446,2026-01-31 12:22:00
2965,131,9,view_resource,202,2026-02-01 18:30:00
2966,131,9,view_resource,197,2026-02-02 23:00:00
2967,131,10,search_topic,100,2026-02-04 22:46:00
2968,131,11,complete_lesson,559,2026-02-06 06:28:00
2969,131,12,complete_lesson,213,2026-02-07 16:10:00
2970,131,13,view_resource,418,2026-02-08 14:46:00
2971,131,14,complete_lesson,113,2026-02-09 21:43:00
2972,131,14,view_resource,448,2026-02-11 12:37:00
2973,131,15,complete_lesson,424,2026-02-13 09:13:00
2974,131,15,complete_lesson,444,2026-02-13 23:34:00
2975,131,16,search_topic,391,2026-02-14 05:50:00
2976,132,1,complete_lesson,355,2026-01-18 16:07:00
2977,132,2,view_resource,60,2026-01-19 05:31:00
2978,132,3,complete_lesson,447,2026-01-19 23:04:00
2979,132,4,view_resource,212,2026-01-21 22:28:00
2980,132,5,complete_lesson,278,2026-01-23 07:46:00
2981,132,5,view_resource,389,2026-01-23 19:32:00
2982,132,5,complete_lesson,157,2026-01-24 14:18:00
2983,132,6,search_topic,551,2026-01-26 02:35:00
2984,132,7,view_resource,503,2026-01-27 02:20:00
2985,132,8,search_topic,139,2026-01-27 12:15:00
2986,132,9,complete_lesson,368,2026-01-29 10:42:00
2987,132,10,view_resource,498,2026-01-31 07:13:00
2988,132,10,search_topic,133,2026-02-02 05:27:00
2989,132,11,view_resource,259,2026-02-02 21:47:00
2990,132,12,complete_lesson,79,2026-02-03 22:07:00
2991,132,13,view_resource,473,2026-02-04 08:24:00
2992,132,14,search_topic,205,2026-02-04 16:49:00
2993,132,15,view_resource,191,2026-02-05 11:42:00
2994,133,1,view_resource,248,2026-01-25 23:08:00
2995,133,2,search_topic,107,2026-01-27 20:46:00
2996,133,3,view_resource,293,2026-01-28 19:09:00
2997,133,4,search_topic,320,2026-01-29 06:29:00
2998,133,5,view_resource,572,2026-01-30 04:25:00
2999,133,6,search_topic,584,2026-01-31 11:23:00
3000,133,7,complete_lesson,313,2026-01-31 18:23:00
3001,133,8,view_resource,343,2026-02-02 04:08:00
3002,133,9,view_resource,424,2026-02-03 07:25:00
3003,133,10,complete_lesson,439,2026-02-05 07:29:00
3004,133,11,view_resource,438,2026-02-06 18:00:00
3005,133,12,complete_lesson,438,2026-02-08 00:36:00
3006,133,13,complete_lesson,463,2026-02-08 14:23:00
3007,133,14,search_topic,477,2026-02-09 07:42:00
3008,133,14,complete_lesson,315,2026-02-11 03:41:00
3009,134,1,view_resource,528,2026-01-04 22:09:00
3010,134,2,view_resource,391,2026-01-05 14:33:00
3011,134,3,search_topic,86,2026-01-06 15:24:00
3012,134,4,search_topic,302,2026-01-08 05:11:00
3013,134,5,view_resource,572,2026-01-10 03:45:00
3014,134,5,search_topic,261,2026-01-10 13:06:00
3015,134,5,complete_lesson,273,2026-01-11 22:20:00
3016,134,6,view_resource,340,2026-01-12 12:16:00
3017,134,7,search_topic,341,2026-01-12 17:14:00
3018,134,7,complete_lesson,467,2026-01-13 10:00:00
3019,134,7,complete_lesson,466,2026-01-14 02:39:00
3020,134,8,complete_lesson,363,2026-01-15 19:28:00
3021,134,8,search_topic,171,2026-01-17 00:21:00
3022,134,8,search_topic,367,2026-01-17 12:50:00
3023,134,9,view_resource,483,2026-01-19 10:06:00
3024,134,10,search_topic,86,2026-01-20 19:24:00
3025,134,10,complete_lesson,285,2026-01-22 18:12:00
3026,134,10,view_resource,233,2026-01-23 05:28:00
3027,134,11,search_topic,338,2026-01-23 16:04:00
3028,134,12,complete_lesson,280,2026-01-24 08:20:00
3029,134,13,search_topic,340,2026-01-25 18:16:00
3030,134,14,view_resource,123,2026-01-27 10:46:00
3031,134,15,search_topic,153,2026-01-28 03:44:00
3032,134,16,view_resource,85,2026-01-30 00:47:00
3033,134,16,view_resource,214,2026-01-30 23:17:00
3034,134,16,complete_lesson,181,2026-02-01 14:25:00
3035,134,17,view_resource,358,2026-02-01 22:41:00
3036,134,17,complete_lesson,573,2026-02-02 09:03:00
3037,134,17,view_resource,121,2026-02-03 10:37:00
3038,135,1,complete_lesson,162,2026-01-21 09:37:00
3039,135,2,search_topic,148,2026-01-21 18:00:00
3040,135,3,search_topic,376,2026-01-22 06:49:00
3041,135,4,search_topic,150,2026-01-24 04:32:00
3042,135,4,complete_lesson,366,2026-01-24 13:30:00
3043,135,5,search_topic,437,2026-01-26 07:19:00
3044,135,6,view_resource,98,2026-01-28 01:10:00
3045,135,7,search_topic,353,2026-01-29 23:40:00
3046,135,8,view_resource,144,2026-01-30 21:29:00
3047,135,9,view_resource,476,2026-02-01 04:15:00
3048,135,9,complete_lesson,239,2026-02-02 00:02:00
3049,135,9,view_resource,62,2026-02-03 21:42:00
3050,135,10,search_topic,342,2026-02-04 05:17:00
3051,135,11,search_topic,286,2026-02-05 09:47:00
3052,135,11,search_topic,408,2026-02-05 14:23:00
3053,135,12,complete_lesson,209,2026-02-06 07:39:00
3054,135,12,view_resource,459,2026-02-07 15:25:00
3055,135,13,view_resource,103,2026-02-08 11:45:00
3056,135,14,search_topic,491,2026-02-09 05:39:00
3057,135,15,search_topic,481,2026-02-09 15:24:00
3058,135,16,view_resource,557,2026-02-10 12:42:00
3059,136,1,view_resource,419,2026-01-12 13:00:00
3060,136,2,search_topic,218,2026-01-13 02:32:00
3061,136,3,search_topic,364,2026-01-13 15:48:00
3062,136,4,view_resource,293,2026-01-15 06:27:00
3063,136,5,view_resource,381,2026-01-15 17:38:00
3064,136,6,view_resource,507,2026-01-17 14:32:00
3065,136,7,view_resource,89,2026-01-17 20:42:00
3066,136,7,complete_lesson,164,2026-01-19 10:11:00
3067,136,7,complete_lesson,308,2026-01-20 08:31:00
3068,136,8,search_topic,328,2026-01-21 20:32:00
3069,136,9,search_topic,97,2026-01-22 18:39:00
3070,136,9,search_topic,288,2026-01-23 03:49:00
3071,136,10,search_topic,292,2026-01-24 18:21:00
3072,136,10,view_resource,159,2026-01-26 09:36:00
3073,137,1,view_resource,472,2026-01-11 07:12:00
3074,137,2,complete_lesson,441,2026-01-12 08:13:00
3075,137,3,search_topic,60,2026-01-13 22:24:00
3076,137,4,view_resource,592,2026-01-15 18:12:00
3077,137,5,complete_lesson,490,2026-01-16 22:21:00
3078,137,6,complete_lesson,207,2026-01-18 06:22:00
3079,137,6,search_topic,130,2026-01-19 12:31:00
3080,137,7,search_topic,347,2026-01-20 00:38:00
3081,137,8,complete_lesson,362,2026-01-21 19:33:00
3082,137,9,search_topic,348,2026-01-22 19:07:00
3083,137,10,view_resource,340,2026-01-23 12:45:00
3084,137,11,complete_lesson,170,2026-01-23 23:30:00
3085,137,12,view_resource,453,2026-01-24 21:39:00
3086,137,13,complete_lesson,122,2026-01-25 01:35:00
3087,137,13,complete_lesson,358,2026-01-25 18:28:00
3088,137,14,search_topic,456,2026-01-27 14:36:00
3089,137,14,view_resource,505,2026-01-27 20:25:00
3090,137,15,view_resource,202,2026-01-29 04:42:00
3091,137,16,view_resource,427,2026-01-30 18:07:00
3092,137,17,view_resource,465,2026-02-01 12:36:00
3093,137,17,view_resource,184,2026-02-02 00:36:00
3094,137,18,view_resource,249,2026-02-03 14:41:00
3095,137,18,view_resource,168,2026-02-03 20:14:00
3096,137,19,view_resource,123,2026-02-05 15:50:00
3097,138,1,view_resource,408,2026-01-11 00:26:00
3098,138,1,search_topic,437,2026-01-12 23:28:00
3099,138,1,search_topic,206,2026-01-14 17:36:00
3100,138,2,complete_lesson,539,2026-01-15 05:21:00
3101,138,3,search_topic,354,2026-01-16 03:35:00
3102,138,4,view_resource,166,2026-01-17 22:45:00
3103,138,5,complete_lesson,241,2026-01-19 04:08:00
3104,138,5,view_resource,188,2026-01-20 14:49:00
3105,138,6,complete_lesson,116,2026-01-20 23:24:00
3106,138,7,search_topic,176,2026-01-21 06:25:00
3107,138,7,complete_lesson,84,2026-01-22 16:26:00
3108,138,7,view_resource,403,2026-01-24 12:35:00
3109,138,8,view_resource,447,2026-01-26 02:10:00
3110,138,9,view_resource,145,2026-01-27 05:32:00
3111,138,9,view_resource,89,2026-01-27 18:03:00
3112,138,9,view_resource,212,2026-01-28 13:35:00
3113,138,10,search_topic,574,2026-01-29 02:26:00
3114,138,11,complete_lesson,165,2026-01-30 12:19:00
3115,138,12,view_resource,409,2026-02-01 11:37:00
3116,139,1,view_resource,457,2026-01-15 09:28:00
3117,139,2,view_resource,437,2026-01-16 00:46:00
3118,139,3,view_resource,560,2026-01-16 21:27:00
3119,139,4,complete_lesson,511,2026-01-18 01:18:00
3120,139,5,search_topic,436,2026-01-18 22:43:00
3121,139,6,view_resource,488,2026-01-19 22:30:00
3122,139,7,complete_lesson,189,2026-01-20 11:02:00
3123,139,8,search_topic,387,2026-01-21 22:06:00
3124,139,9,view_resource,134,2026-01-22 18:42:00
3125,139,10,view_resource,260,2026-01-24 16:32:00
3126,139,11,search_topic,66,2026-01-26 16:32:00
3127,139,12,complete_lesson,179,2026-01-28 08:17:00
3128,139,12,view_resource,268,2026-01-29 06:36:00
3129,139,12,complete_lesson,523,2026-01-31 03:15:00
3130,140,1,search_topic,117,2026-01-25 07:14:00
3131,140,2,complete_lesson,515,2026-01-25 15:50:00
3132,140,3,search_topic,496,2026-01-27 13:38:00
3133,140,4,search_topic,590,2026-01-27 18:32:00
3134,140,5,search_topic,268,2026-01-28 22:37:00
3135,140,6,search_topic,230,2026-01-30 06:06:00
3136,140,7,view_resource,403,2026-02-01 02:10:00
3137,140,7,complete_lesson,196,2026-02-03 01:49:00
3138,140,7,complete_lesson,113,2026-02-04 16:43:00
3139,140,8,search_topic,280,2026-02-06 11:27:00
3140,140,9,complete_lesson,121,2026-02-07 12:16:00
3141,140,10,search_topic,96,2026-02-09 01:32:00
3142,140,11,complete_lesson,454,2026-02-09 08:18:00
3143,140,12,search_topic,282,2026-02-10 21:20:00
3144,141,1,view_resource,472,2026-01-09 15:17:00
3145,141,2,complete_lesson,328,2026-01-10 23:48:00
3146,141,3,complete_lesson,599,2026-01-12 08:06:00
3147,141,4,complete_lesson,588,2026-01-14 08:26:00
3148,141,4,complete_lesson,175,2026-01-15 15:45:00
3149,141,5,search_topic,266,2026-01-16 23:08:00
3150,141,5,view_resource,388,2026-01-17 15:49:00
3151,141,6,view_resource,416,2026-01-18 07:23:00
3152,141,7,search_topic,581,2026-01-19 10:40:00
3153,141,8,search_topic,553,2026-01-19 23:29:00
3154,141,9,complete_lesson,498,2026-01-21 00:15:00
3155,141,10,complete_lesson,269,2026-01-21 16:40:00
3156,141,11,search_topic,287,2026-01-23 02:34:00
3157,141,12,search_topic,439,2026-01-23 09:31:00
3158,141,12,search_topic,538,2026-01-24 16:38:00
3159,141,12,complete_lesson,188,2026-01-24 20:04:00
3160,141,13,complete_lesson,546,2026-01-26 11:20:00
3161,141,14,view_resource,386,2026-01-26 22:42:00
3162,141,15,view_resource,68,2026-01-28 02:22:00
3163,141,15,view_resource,345,2026-01-28 11:41:00
3164,141,15,view_resource,113,2026-01-29 03:28:00
3165,142,1,search_topic,497,2026-01-14 21:43:00
3166,142,1,view_resource,445,2026-01-16 20:27:00
3167,142,1,complete_lesson,526,2026-01-18 15:24:00
3168,142,2,view_resource,354,2026-01-20 14:01:00
3169,142,3,complete_lesson,201,2026-01-21 17:07:00
3170,142,4,view_resource,190,2026-01-23 02:45:00
3171,142,5,complete_lesson,351,2026-01-24 21:20:00
3172,142,6,search_topic,177,2026-01-25 08:45:00
3173,142,7,search_topic,215,2026-01-27 08:24:00
3174,142,8,view_resource,327,2026-01-28 13:21:00
3175,142,9,search_topic,271,2026-01-29 06:28:00
3176,142,9,view_resource,350,2026-01-30 17:14:00
3177,142,9,complete_lesson,453,2026-01-31 22:35:00
3178,142,10,view_resource,219,2026-02-02 18:49:00
3179,142,10,complete_lesson,202,2026-02-03 11:08:00
3180,142,11,complete_lesson,330,2026-02-05 00:13:00
3181,142,12,view_resource,204,2026-02-06 22:49:00
3182,142,12,complete_lesson,446,2026-02-08 12:00:00
3183,142,13,view_resource,567,2026-02-10 03:43:00
3184,142,14,view_resource,300,2026-02-10 10:30:00
3185,142,14,complete_lesson,265,2026-02-11 16:50:00
3186,142,14,view_resource,113,2026-02-12 01:17:00
3187,142,15,search_topic,63,2026-02-12 09:31:00
3188,142,16,view_resource,403,2026-02-13 00:06:00
3189,142,17,view_resource,111,2026-02-14 14:11:00
3190,143,1,view_resource,308,2026-01-12 17:01:00
3191,143,1,search_topic,85,2026-01-13 23:18:00
3192,143,1,search_topic,499,2026-01-14 08:17:00
3193,143,2,complete_lesson,63,2026-01-15 17:28:00
3194,143,3,search_topic,277,2026-01-16 02:07:00
3195,143,4,search_topic,518,2026-01-17 21:11:00
3196,143,5,complete_lesson,203,2026-01-19 12:08:00
3197,143,6,view_resource,166,2026-01-20 18:25:00
3198,143,7,complete_lesson,467,2026-01-22 18:42:00
3199,143,8,search_topic,598,2026-01-23 11:08:00
3200,143,9,search_topic,225,2026-01-25 08:21:00
3201,143,10,complete_lesson,587,2026-01-25 22:06:00
3202,144,1,complete_lesson,392,2026-01-09 15:40:00
3203,144,2,complete_lesson,307,2026-01-11 05:30:00
3204,144,3,complete_lesson,215,2026-01-12 05:23:00
3205,144,4,search_topic,438,2026-01-13 03:03:00
3206,144,4,view_resource,357,2026-01-14 17:43:00
3207,144,5,view_resource,131,2026-01-15 21:42:00
3208,144,6,search_topic,511,2026-01-17 02:45:00
3209,144,6,search_topic,498,2026-01-18 23:48:00
3210,144,7,search_topic,245,2026-01-20 17:17:00
3211,144,8,view_resource,298,2026-01-22 04:09:00
3212,144,9,complete_lesson,73,2026-01-22 15:46:00
3213,144,10,search_topic,83,2026-01-24 11:25:00
3214,144,11,view_resource,477,2026-01-25 00:12:00
3215,144,12,complete_lesson,260,2026-01-26 04:49:00
3216,144,13,complete_lesson,522,2026-01-27 08:27:00
3217,144,14,view_resource,343,2026-01-28 08:31:00
3218,144,14,complete_lesson,477,2026-01-29 13:07:00
3219,144,14,search_topic,564,2026-01-31 00:00:00
3220,144,15,view_resource,347,2026-02-01 03:26:00
3221,144,16,search_topic,263,2026-02-03 01:08:00
3222,144,16,search_topic,294,2026-02-03 22:08:00
3223,144,16,search_topic,223,2026-02-05 00:24:00
3224,144,17,view_resource,217,2026-02-06 05:49:00
3225,144,18,search_topic,357,2026-02-07 08:35:00
3226,144,18,search_topic,283,2026-02-07 22:08:00
3227,144,19,search_topic,405,2026-02-08 17:16:00
3228,145,1,search_topic,239,2026-01-19 06:16:00
3229,145,2,view_resource,260,2026-01-19 10:14:00
3230,145,3,search_topic,382,2026-01-20 21:33:00
3231,145,4,search_topic,89,2026-01-22 17:46:00
3232,145,4,complete_lesson,172,2026-01-23 23:28:00
3233,145,4,search_topic,64,2026-01-24 05:31:00
3234,145,5,view_resource,411,2026-01-24 20:36:00
3235,145,6,search_topic,298,2026-01-26 05:36:00
3236,145,7,search_topic,162,2026-01-27 06:43:00
3237,145,8,complete_lesson,249,2026-01-28 03:21:00
3238,145,9,view_resource,412,2026-01-29 10:43:00
3239,145,10,search_topic,418,2026-01-30 21:28:00
3240,145,11,search_topic,142,2026-02-01 04:13:00
3241,145,12,complete_lesson,380,2026-02-03 02:02:00
3242,145,13,complete_lesson,250,2026-02-03 08:16:00
3243,145,13,complete_lesson,316,2026-02-03 18:26:00
3244,145,13,view_resource,385,2026-02-04 04:20:00
3245,145,14,view_resource,237,2026-02-04 18:02:00
3246,146,1,complete_lesson,461,2026-01-10 10:40:00
3247,146,2,complete_lesson,306,2026-01-12 02:49:00
3248,146,2,view_resource,506,2026-01-12 21:03:00
3249,146,3,search_topic,206,2026-01-13 22:42:00
3250,146,4,view_resource,237,2026-01-15 04:02:00
3251,146,5,search_topic,412,2026-01-16 19:45:00
3252,146,5,view_resource,438,2026-01-18 17:12:00
3253,146,5,search_topic,208,2026-01-19 12:15:00
3254,146,6,complete_lesson,512,2026-01-20 08:26:00
3255,146,7,search_topic,84,2026-01-20 16:03:00
3256,146,8,search_topic,366,2026-01-21 01:35:00
3257,146,9,view_resource,220,2026-01-21 19:08:00
3258,146,10,view_resource,477,2026-01-22 06:41:00
3259,146,11,complete_lesson,407,2026-01-24 05:46:00
3260,146,12,view_resource,145,2026-01-24 19:03:00
3261,146,13,search_topic,312,2026-01-26 14:25:00
3262,146,14,complete_lesson,555,2026-01-27 14:43:00
3263,146,15,view_resource,512,2026-01-29 06:09:00
3264,146,16,complete_lesson,340,2026-01-29 15:30:00
3265,146,16,view_resource,194,2026-01-29 22:01:00
3266,146,16,view_resource,566,2026-01-31 19:15:00
3267,146,17,view_resource,383,2026-02-01 18:18:00
3268,146,17,view_resource,108,2026-02-02 23:33:00
3269,146,17,view_resource,339,2026-02-03 03:24:00
3270,146,18,search_topic,209,2026-02-04 05:35:00
3271,147,1,search_topic,195,2026-01-13 05:22:00
3272,147,2,view_resource,162,2026-01-13 15:16:00
3273,147,2,view_resource,233,2026-01-14 14:27:00
3274,147,3,view_resource,456,2026-01-16 05:17:00
3275,147,4,search_topic,148,2026-01-16 09:09:00
3276,147,5,complete_lesson,582,2026-01-17 04:13:00
3277,147,6,view_resource,422,2026-01-18 11:42:00
3278,147,7,complete_lesson,433,2026-01-18 15:00:00
3279,147,7,search_topic,388,2026-01-18 20:44:00
3280,147,8,search_topic,142,2026-01-19 23:11:00
3281,147,9,search_topic,464,2026-01-21 02:28:00
3282,147,10,complete_lesson,516,2026-01-22 11:04:00
3283,147,11,view_resource,495,2026-01-24 10:35:00
3284,147,12,complete_lesson,511,2026-01-24 22:16:00
3285,147,13,search_topic,597,2026-01-26 09:20:00
3286,147,14,search_topic,355,2026-01-26 23:08:00
3287,147,15,view_resource,566,2026-01-27 22:23:00
3288,147,16,complete_lesson,159,2026-01-29 21:07:00
3289,147,17,complete_lesson,491,2026-01-30 19:37:00
3290,147,18,complete_lesson,446,2026-02-01 05:16:00
3291,148,1,search_topic,296,2026-01-07 09:50:00
3292,148,2,complete_lesson,292,2026-01-09 08:06:00
3293,148,3,search_topic,176,2026-01-09 23:08:00
3294,148,3,complete_lesson,397,2026-01-11 20:12:00
3295,148,3,complete_lesson,111,2026-01-12 14:26:00
3296,148,4,view_resource,585,2026-01-13 00:40:00
3297,148,4,view_resource,149,2026-01-13 21:16:00
3298,148,4,complete_lesson,114,2026-01-14 08:20:00
3299,148,5,complete_lesson,351,2026-01-15 21:13:00
3300,148,5,complete_lesson,225,2026-01-17 16:42:00
3301,148,5,search_topic,479,2026-01-18 02:00:00
3302,148,6,view_resource,69,2026-01-18 12:23:00
3303,148,7,complete_lesson,264,2026-01-19 12:44:00
3304,148,7,complete_lesson,420,2026-01-20 02:22:00
3305,148,7,view_resource,488,2026-01-20 17:12:00
3306,148,8,view_resource,598,2026-01-22 08:06:00
3307,148,9,view_resource,108,2026-01-22 15:43:00
3308,148,9,view_resource,496,2026-01-23 08:19:00
3309,148,9,view_resource,177,2026-01-24 10:26:00
3310,148,10,complete_lesson,599,2026-01-24 21:29:00
3311,148,11,view_resource,547,2026-01-25 20:07:00
3312,148,12,complete_lesson,491,2026-01-27 09:35:00
3313,148,12,view_resource,216,2026-01-29 08:20:00
3314,148,13,complete_lesson,410,2026-01-31 02:44:00
3315,148,14,search_topic,128,2026-02-01 20:10:00
3316,148,15,view_resource,246,2026-02-03 07:05:00
3317,148,15,search_topic,464,2026-02-03 23:36:00
3318,148,16,search_topic,317,2026-02-04 19:30:00
3319,149,1,complete_lesson,469,2026-01-24 06:17:00
3320,149,2,search_topic,373,2026-01-26 01:27:00
3321,149,3,search_topic,92,2026-01-27 10:15:00
3322,149,4,search_topic,252,2026-01-28 01:29:00
3323,149,5,view_resource,280,2026-01-29 07:11:00
3324,149,6,complete_lesson,291,2026-01-29 12:05:00
3325,149,6,view_resource,372,2026-01-30 10:42:00
3326,149,7,search_topic,295,2026-01-31 07:47:00
3327,149,8,view_resource,156,2026-02-01 02:16:00
3328,149,9,complete_lesson,219,2026-02-01 16:08:00
3329,149,10,complete_lesson,67,2026-02-03 16:06:00
3330,149,11,view_resource,587,2026-02-04 18:23:00
3331,149,12,complete_lesson,165,2026-02-05 15:31:00
3332,149,12,search_topic,126,2026-02-07 02:38:00
3333,149,13,view_resource,117,2026-02-08 22:18:00
3334,149,14,view_resource,87,2026-02-09 06:09:00
3335,149,15,view_resource,96,2026-02-10 03:10:00
3336,149,16,search_topic,493,2026-02-11 07:12:00
3337,150,1,complete_lesson,155,2026-01-20 17:46:00
3338,150,2,search_topic,296,2026-01-21 09:00:00
3339,150,3,view_resource,447,2026-01-23 06:23:00
3340,150,4,complete_lesson,589,2026-01-24 03:16:00
3341,150,5,search_topic,599,2026-01-24 20:26:00
3342,150,5,view_resource,579,2026-01-26 03:23:00
3343,150,6,search_topic,240,2026-01-27 01:26:00
3344,150,7,view_resource,408,2026-01-28 02:49:00
3345,150,7,search_topic,595,2026-01-29 18:11:00
3346,150,7,complete_lesson,68,2026-01-30 21:35:00
3347,150,8,search_topic,158,2026-02-01 04:20:00
3348,150,8,view_resource,595,2026-02-02 09:38:00
3349,150,8,search_topic,408,2026-02-02 13:33:00
3350,150,9,search_topic,471,2026-02-03 10:08:00
3351,150,10,complete_lesson,527,2026-02-04 18:49:00
3352,150,10,search_topic,82,2026-02-06 00:23:00
3353,150,11,view_resource,86,2026-02-06 20:02:00
3354,150,12,complete_lesson,488,2026-02-08 04:23:00
3355,150,13,complete_lesson,80,2026-02-09 05:07:00
3356,150,14,view_resource,350,2026-02-10 21:06:00
3357,150,14,search_topic,505,2026-02-11 14:14:00
3358,150,15,search_topic,403,2026-02-12 11:00:00
3359,150,16,view_resource,330,2026-02-13 05:39:00
3360,150,16,search_topic,231,2026-02-14 20:29:00
3361,150,16,view_resource,398,2026-02-16 04:47:00
3362,150,17,complete_lesson,498,2026-02-17 18:03:00
3363,150,18,complete_lesson,315,2026-02-19 06:17:00
3364,150,18,search_topic,476,2026-02-21 03:15:00
3365,150,19,search_topic,146,2026-02-22 03:49:00
3366,151,1,search_topic,273,2026-01-08 15:50:00
3367,151,2,search_topic,561,2026-01-09 18:21:00
3368,151,2,view_resource,281,2026-01-10 20:26:00
3369,151,2,view_resource,492,2026-01-11 20:37:00
3370,151,3,search_topic,446,2026-01-13 14:03:00
3371,151,4,view_resource,260,2026-01-14 00:36:00
3372,151,5,view_resource,519,2026-01-15 10:36:00
3373,151,6,complete_lesson,237,2026-01-16 07:07:00
3374,151,6,complete_lesson,515,2026-01-17 13:16:00
3375,151,7,complete_lesson,443,2026-01-19 07:11:00
3376,151,7,complete_lesson,574,2026-01-20 04:05:00
3377,151,7,view_resource,516,2026-01-21 05:03:00
3378,151,8,complete_lesson,458,2026-01-21 10:21:00
3379,151,9,complete_lesson,491,2026-01-22 06:21:00
3380,151,10,view_resource,384,2026-01-23 14:02:00
3381,151,11,view_resource,107,2026-01-24 07:14:00
3382,151,12,view_resource,307,2026-01-25 10:03:00
3383,151,12,search_topic,401,2026-01-26 08:09:00
3384,152,1,view_resource,481,2026-01-04 14:23:00
3385,152,2,view_resource,326,2026-01-06 12:21:00
3386,152,3,complete_lesson,430,2026-01-06 20:24:00
3387,152,4,complete_lesson,381,2026-01-08 14:45:00
3388,152,5,complete_lesson,471,2026-01-10 02:23:00
3389,152,5,complete_lesson,495,2026-01-10 10:45:00
3390,152,6,complete_lesson,532,2026-01-11 16:04:00
3391,152,7,search_topic,210,2026-01-13 13:05:00
3392,152,8,search_topic,443,2026-01-14 01:49:00
3393,152,9,search_topic,297,2026-01-14 22:50:00
3394,152,10,view_resource,383,2026-01-15 13:33:00
3395,152,11,view_resource,128,2026-01-17 08:34:00
3396,152,12,complete_lesson,556,2026-01-17 17:31:00
3397,152,13,complete_lesson,572,2026-01-19 08:29:00
3398,152,14,complete_lesson,328,2026-01-20 07:32:00
3399,152,15,complete_lesson,144,2026-01-21 19:16:00
3400,153,1,complete_lesson,550,2026-01-24 05:31:00
3401,153,2,view_resource,423,2026-01-24 13:18:00
3402,153,2,complete_lesson,385,2026-01-25 16:16:00
3403,153,3,complete_lesson,231,2026-01-27 11:06:00
3404,153,4,view_resource,595,2026-01-28 12:31:00
3405,153,5,complete_lesson,398,2026-01-29 02:27:00
3406,153,6,search_topic,242,2026-01-29 13:37:00
3407,153,7,search_topic,153,2026-01-31 06:15:00
3408,153,8,view_resource,324,2026-01-31 13:26:00
3409,153,9,search_topic,438,2026-02-01 12:14:00
3410,153,10,view_resource,587,2026-02-03 05:30:00
3411,153,11,view_resource,315,2026-02-03 14:45:00
3412,153,12,view_resource,254,2026-02-03 21:47:00
3413,153,13,search_topic,162,2026-02-05 05:47:00
3414,153,14,complete_lesson,387,2026-02-06 08:21:00
3415,153,14,view_resource,372,2026-02-07 14:30:00
3416,153,15,search_topic,160,2026-02-09 05:41:00
3417,153,16,complete_lesson,144,2026-02-10 02:11:00
3418,153,16,search_topic,451,2026-02-10 12:09:00
3419,153,16,view_resource,599,2026-02-11 16:10:00
3420,153,17,search_topic,188,2026-02-12 03:41:00
3421,153,18,search_topic,450,2026-02-13 05:11:00
3422,153,18,view_resource,258,2026-02-14 21:10:00
3423,153,19,search_topic,295,2026-02-15 06:42:00
3424,153,19,search_topic,420,2026-02-17 04:19:00
3425,153,19,complete_lesson,110,2026-02-17 16:05:00
3426,153,20,complete_lesson,407,2026-02-19 13:11:00
3427,154,1,view_resource,418,2026-02-01 15:45:00
3428,154,2,search_topic,83,2026-02-02 16:05:00
3429,154,3,complete_lesson,89,2026-02-03 21:39:00
3430,154,3,complete_lesson,367,2026-02-04 12:20:00
3431,154,3,search_topic,409,2026-02-05 08:48:00
3432,154,4,search_topic,577,2026-02-05 17:29:00
3433,154,5,complete_lesson,422,2026-02-06 10:23:00
3434,154,5,search_topic,580,2026-02-06 22:18:00
3435,154,6,search_topic,303,2026-02-08 05:46:00
3436,154,6,complete_lesson,191,2026-02-08 22:42:00
3437,154,7,view_resource,451,2026-02-09 07:50:00
3438,154,8,view_resource,75,2026-02-11 00:37:00
3439,154,9,search_topic,390,2026-02-11 11:04:00
3440,154,10,view_resource,325,2026-02-12 09:21:00
3441,154,10,view_resource,375,2026-02-14 01:22:00
3442,154,10,view_resource,478,2026-02-14 13:20:00
3443,154,11,complete_lesson,68,2026-02-15 07:15:00
3444,154,11,complete_lesson,483,2026-02-16 03:29:00
3445,154,12,search_topic,250,2026-02-16 17:40:00
3446,154,12,view_resource,173,2026-02-18 06:17:00
3447,154,12,view_resource,507,2026-02-18 23:18:00
3448,155,1,complete_lesson,479,2026-01-26 22:10:00
3449,155,2,view_resource,551,2026-01-28 03:33:00
3450,155,3,complete_lesson,265,2026-01-29 13:45:00
3451,155,3,search_topic,397,2026-01-30 23:12:00
3452,155,3,search_topic,560,2026-02-01 19:33:00
3453,155,4,search_topic,358,2026-02-02 16:17:00
3454,155,5,search_topic,180,2026-02-03 23:00:00
3455,155,6,complete_lesson,424,2026-02-04 19:00:00
3456,155,7,complete_lesson,497,2026-02-05 18:35:00
3457,155,7,view_resource,419,2026-02-05 22:03:00
3458,155,8,view_resource,147,2026-02-06 09:02:00
3459,155,9,view_resource,189,2026-02-08 05:17:00
3460,155,9,view_resource,372,2026-02-09 02:01:00
3461,155,9,complete_lesson,109,2026-02-11 00:14:00
3462,155,10,search_topic,578,2026-02-12 21:48:00
3463,155,10,complete_lesson,65,2026-02-13 18:46:00
3464,155,11,search_topic,468,2026-02-14 12:25:00
3465,155,12,view_resource,413,2026-02-15 12:35:00
3466,155,12,search_topic,507,2026-02-17 05:19:00
3467,155,13,view_resource,400,2026-02-19 01:03:00
3468,155,13,complete_lesson,124,2026-02-19 18:44:00
3469,155,14,complete_lesson,217,2026-02-21 07:18:00
3470,155,15,complete_lesson,282,2026-02-21 16:15:00
3471,155,16,view_resource,222,2026-02-22 17:26:00
3472,155,16,search_topic,439,2026-02-23 08:25:00
3473,156,1,view_resource,552,2026-02-01 04:29:00
3474,156,2,complete_lesson,443,2026-02-01 14:27:00
3475,156,3,search_topic,229,2026-02-02 11:29:00
3476,156,4,search_topic,310,2026-02-03 08:17:00
3477,156,5,complete_lesson,418,2026-02-05 00:26:00
3478,156,6,complete_lesson,329,2026-02-05 06:09:00
3479,156,7,search_topic,542,2026-02-06 05:08:00
3480,156,8,view_resource,62,2026-02-07 11:13:00
3481,156,9,view_resource,365,2026-02-08 22:43:00
3482,156,10,view_resource,172,2026-02-10 07:43:00
3483,156,11,complete_lesson,329,2026-02-11 16:35:00
3484,156,12,view_resource,420,2026-02-12 12:27:00
3485,156,12,complete_lesson,166,2026-02-13 21:36:00
3486,156,12,search_topic,559,2026-02-14 22:31:00
3487,156,13,search_topic,381,2026-02-16 19:41:00
3488,156,14,search_topic,412,2026-02-17 22:19:00
3489,156,15,search_topic,478,2026-02-19 09:25:00
3490,156,16,complete_lesson,231,2026-02-21 05:35:00
3491,156,16,search_topic,369,2026-02-21 22:22:00
3492,156,17,complete_lesson,158,2026-02-22 18:34:00
3493,156,18,search_topic,311,2026-02-24 11:32:00
3494,157,1,complete_lesson,441,2026-01-21 12:05:00
3495,157,2,complete_lesson,163,2026-01-22 21:49:00
3496,157,3,complete_lesson,96,2026-01-24 19:26:00
3497,157,4,search_topic,242,2026-01-26 11:17:00
3498,157,4,search_topic,219,2026-01-27 11:43:00
3499,157,5,search_topic,494,2026-01-29 09:22:00
3500,157,6,view_resource,436,2026-01-30 01:07:00
3501,157,7,view_resource,196,2026-01-31 07:16:00
3502,157,7,view_resource,296,2026-02-01 21:28:00
3503,157,7,view_resource,338,2026-02-02 07:38:00
3504,157,8,search_topic,292,2026-02-02 21:23:00
3505,157,8,complete_lesson,551,2026-02-04 02:05:00
3506,157,9,view_resource,260,2026-02-04 10:05:00
3507,157,9,complete_lesson,293,2026-02-06 08:27:00
3508,157,10,view_resource,585,2026-02-07 23:39:00
3509,157,10,complete_lesson,302,2026-02-09 00:04:00
3510,157,11,search_topic,459,2026-02-09 08:23:00
3511,157,11,search_topic,191,2026-02-11 01:38:00
3512,157,12,view_resource,446,2026-02-11 21:45:00
3513,157,13,complete_lesson,373,2026-02-13 11:25:00
3514,157,13,search_topic,339,2026-02-14 11:26:00
3515,157,13,search_topic,384,2026-02-15 14:33:00
3516,157,14,search_topic,410,2026-02-16 00:45:00
3517,157,15,view_resource,162,2026-02-16 05:06:00
3518,158,1,search_topic,346,2026-01-11 06:19:00
3519,158,1,view_resource,88,2026-01-11 15:46:00
3520,158,1,view_resource,391,2026-01-12 11:33:00
3521,158,2,complete_lesson,71,2026-01-13 02:38:00
3522,158,3,search_topic,70,2026-01-14 00:24:00
3523,158,3,search_topic,302,2026-01-15 22:01:00
3524,158,4,search_topic,554,2026-01-17 16:06:00
3525,158,5,search_topic,596,2026-01-18 02:17:00
3526,158,6,search_topic,287,2026-01-19 01:48:00
3527,158,7,search_topic,499,2026-01-20 22:21:00
3528,158,7,complete_lesson,97,2026-01-21 21:30:00
3529,158,8,complete_lesson,93,2026-01-23 15:14:00
3530,158,9,search_topic,177,2026-01-23 19:05:00
3531,158,9,search_topic,130,2026-01-25 13:03:00
3532,158,9,complete_lesson,205,2026-01-26 16:13:00
3533,158,10,view_resource,128,2026-01-27 13:12:00
3534,158,10,view_resource,409,2026-01-28 08:40:00
3535,158,11,view_resource,582,2026-01-28 23:21:00
3536,158,12,search_topic,297,2026-01-29 03:38:00
3537,158,13,search_topic,144,2026-01-30 15:50:00
3538,158,14,complete_lesson,446,2026-01-31 00:14:00
3539,158,14,view_resource,86,2026-01-31 17:40:00
3540,158,15,view_resource,148,2026-02-01 02:14:00
3541,158,16,view_resource,407,2026-02-02 12:02:00
3542,158,16,complete_lesson,143,2026-02-04 06:19:00
3543,158,16,complete_lesson,572,2026-02-06 06:22:00
3544,158,17,search_topic,451,2026-02-06 14:50:00
3545,158,17,search_topic,297,2026-02-07 15:02:00
3546,159,1,complete_lesson,178,2026-01-04 16:02:00
3547,159,2,complete_lesson,122,2026-01-05 21:50:00
3548,159,3,search_topic,525,2026-01-06 21:07:00
3549,159,4,view_resource,293,2026-01-08 17:36:00
3550,159,5,complete_lesson,330,2026-01-10 01:29:00
3551,159,5,complete_lesson,104,2026-01-10 12:13:00
3552,159,5,search_topic,282,2026-01-11 11:43:00
3553,159,6,view_resource,555,2026-01-11 16:47:00
3554,159,6,complete_lesson,366,2026-01-13 01:20:00
3555,159,7,search_topic,544,2026-01-13 11:25:00
3556,159,8,complete_lesson,213,2026-01-15 10:18:00
3557,159,9,complete_lesson,579,2026-01-16 00:29:00
3558,159,10,search_topic,449,2026-01-17 17:17:00
3559,159,11,search_topic,246,2026-01-17 21:09:00
3560,159,12,search_topic,547,2026-01-18 14:48:00
3561,159,13,view_resource,270,2026-01-19 23:14:00
3562,159,13,complete_lesson,288,2026-01-21 15:19:00
3563,159,14,view_resource,508,2026-01-22 23:02:00
3564,159,15,search_topic,93,2026-01-24 14:24:00
3565,159,16,search_topic,307,2026-01-25 12:47:00
3566,159,17,complete_lesson,83,2026-01-27 05:00:00
3567,159,18,search_topic,292,2026-01-28 09:07:00
3568,160,1,complete_lesson,390,2026-01-21 11:01:00
3569,160,1,search_topic,411,2026-01-21 23:35:00
3570,160,1,complete_lesson,331,2026-01-23 09:34:00
3571,160,2,complete_lesson,311,2026-01-24 07:44:00
3572,160,2,search_topic,70,2026-01-24 18:34:00
3573,160,3,complete_lesson,480,2026-01-26 07:02:00
3574,160,4,complete_lesson,517,2026-01-27 08:16:00
3575,160,4,view_resource,193,2026-01-28 13:40:00
3576,160,5,complete_lesson,470,2026-01-28 22:24:00
3577,160,6,search_topic,597,2026-01-30 20:01:00
3578,160,6,complete_lesson,267,2026-02-01 06:06:00
3579,160,6,complete_lesson,430,2026-02-01 14:24:00
3580,160,7,complete_lesson,68,2026-02-03 06:35:00
3581,160,7,search_topic,66,2026-02-03 22:20:00
3582,160,7,view_resource,243,2026-02-04 02:17:00
3583,160,8,view_resource,63,2026-02-04 15:45:00
3584,160,9,complete_lesson,570,2026-02-05 18:11:00
3585,160,9,view_resource,335,2026-02-06 06:25:00
3586,160,10,complete_lesson,235,2026-02-08 03:25:00
3587,160,10,complete_lesson,234,2026-02-10 02:47:00
3588,160,11,search_topic,253,2026-02-11 16:38:00
3589,160,12,view_resource,467,2026-02-12 05:16:00
3590,160,12,view_resource,325,2026-02-14 02:29:00
3591,160,13,search_topic,410,2026-02-14 14:18:00
3592,160,14,view_resource,502,2026-02-14 18:19:00
3593,160,14,search_topic,195,2026-02-16 12:49:00
3594,160,15,view_resource,421,2026-02-17 00:42:00
3595,160,15,search_topic,520,2026-02-17 19:50:00
3596,160,15,complete_lesson,408,2026-02-18 16:18:00
3597,160,16,view_resource,499,2026-02-19 19:37:00
3598,160,16,search_topic,228,2026-02-21 13:49:00
3599,160,16,complete_lesson,173,2026-02-22 22:00:00
3600,161,1,view_resource,454,2026-01-25 08:42:00
3601,161,2,complete_lesson,541,2026-01-26 22:04:00
3602,161,3,view_resource,324,2026-01-28 05:31:00
3603,161,3,complete_lesson,371,2026-01-28 21:11:00
3604,161,3,complete_lesson,430,2026-01-30 06:20:00
3605,161,4,search_topic,104,2026-01-31 00:40:00
3606,161,4,view_resource,336,2026-02-01 19:16:00
3607,161,5,view_resource,91,2026-02-02 17:04:00
3608,161,6,view_resource,549,2026-02-03 01:24:00
3609,161,7,view_resource,188,2026-02-05 01:27:00
3610,161,8,search_topic,146,2026-02-06 07:05:00
3611,161,9,view_resource,537,2026-02-06 14:35:00
3612,161,9,complete_lesson,248,2026-02-07 00:39:00
3613,161,9,complete_lesson,396,2026-02-08 05:24:00
3614,161,10,search_topic,288,2026-02-10 01:37:00
3615,161,11,view_resource,308,2026-02-10 22:00:00
3616,161,12,search_topic,552,2026-02-12 17:00:00
3617,161,12,complete_lesson,315,2026-02-14 03:12:00
3618,162,1,view_resource,472,2026-01-31 13:30:00
3619,162,2,search_topic,116,2026-02-02 05:23:00
3620,162,3,search_topic,560,2026-02-04 02:35:00
3621,162,4,complete_lesson,240,2026-02-04 22:09:00
3622,162,4,search_topic,207,2026-02-05 17:04:00
3623,162,5,complete_lesson,290,2026-02-07 00:11:00
3624,162,6,view_resource,247,2026-02-08 05:00:00
3625,162,7,complete_lesson,527,2026-02-09 17:38:00
3626,162,8,view_resource,343,2026-02-10 11:29:00
3627,162,9,view_resource,216,2026-02-11 05:32:00
3628,162,10,search_topic,529,2026-02-13 01:40:00
3629,162,11,view_resource,314,2026-02-14 01:42:00
3630,162,12,search_topic,570,2026-02-14 10:47:00
3631,163,1,search_topic,366,2026-01-10 23:29:00
3632,163,2,complete_lesson,149,2026-01-12 16:42:00
3633,163,3,view_resource,315,2026-01-14 03:04:00
3634,163,4,search_topic,377,2026-01-14 08:11:00
3635,163,5,complete_lesson,569,2026-01-16 03:02:00
3636,163,6,search_topic,194,2026-01-17 10:33:00
3637,163,6,complete_lesson,183,2026-01-18 16:03:00
3638,163,7,complete_lesson,502,2026-01-20 14:35:00
3639,163,8,view_resource,356,2026-01-21 23:41:00
3640,163,9,complete_lesson,516,2026-01-23 11:21:00
3641,163,9,search_topic,492,2026-01-23 19:49:00
3642,163,10,complete_lesson,487,2026-01-25 12:04:00
3643,163,11,search_topic,160,2026-01-26 01:16:00
3644,163,11,complete_lesson,177,2026-01-27 19:26:00
3645,163,11,search_topic,544,2026-01-28 14:05:00
3646,163,12,complete_lesson,106,2026-01-30 03:28:00
3647,163,13,search_topic,224,2026-01-31 04:26:00
3648,163,13,complete_lesson,219,2026-02-01 14:05:00
3649,163,14,search_topic,357,2026-02-03 10:22:00
3650,163,14,complete_lesson,490,2026-02-03 23:32:00
3651,163,14,search_topic,89,2026-02-04 04:16:00
3652,164,1,search_topic,440,2026-01-08 12:44:00
3653,164,2,complete_lesson,141,2026-01-09 10:34:00
3654,164,3,search_topic,487,2026-01-09 16:22:00
3655,164,4,complete_lesson,422,2026-01-11 03:23:00
3656,164,4,complete_lesson,471,2026-01-11 09:37:00
3657,164,5,search_topic,509,2026-01-11 18:37:00
3658,164,6,complete_lesson,498,2026-01-12 00:29:00
3659,164,7,view_resource,78,2026-01-13 10:07:00
3660,164,8,view_resource,485,2026-01-15 01:44:00
3661,164,9,complete_lesson,118,2026-01-15 14:42:00
3662,164,9,complete_lesson,84,2026-01-16 17:08:00
3663,164,9,view_resource,579,2026-01-17 00:03:00
3664,164,10,complete_lesson,471,2026-01-18 15:10:00
3665,164,10,view_resource,377,2026-01-20 00:26:00
3666,164,10,complete_lesson,314,2026-01-20 10:17:00
3667,164,11,view_resource,374,2026-01-22 03:11:00
3668,164,12,complete_lesson,482,2026-01-24 03:30:00
3669,164,12,search_topic,568,2026-01-25 00:06:00
3670,164,13,complete_lesson,395,2026-01-26 04:10:00
3671,164,14,complete_lesson,99,2026-01-26 16:27:00
3672,164,15,complete_lesson,591,2026-01-27 02:14:00
3673,164,16,search_topic,72,2026-01-28 15:29:00
3674,164,17,view_resource,190,2026-01-30 05:19:00
3675,164,17,complete_lesson,94,2026-01-31 18:13:00
3676,164,17,view_resource,394,2026-02-02 09:42:00
3677,164,18,view_resource,223,2026-02-03 07:34:00
3678,164,18,search_topic,462,2026-02-05 07:38:00
3679,164,18,complete_lesson,138,2026-02-05 15:31:00
3680,164,19,search_topic,92,2026-02-05 23:06:00
3681,165,1,search_topic,314,2026-01-24 10:08:00
3682,165,2,view_resource,573,2026-01-24 19:14:00
3683,165,3,search_topic,188,2026-01-25 05:04:00
3684,165,4,complete_lesson,479,2026-01-26 23:15:00
3685,165,4,view_resource,106,2026-01-28 14:36:00
3686,165,4,view_resource,588,2026-01-29 10:44:00
3687,165,5,view_resource,297,2026-01-30 09:40:00
3688,165,6,complete_lesson,99,2026-02-01 02:18:00
3689,165,7,complete_lesson,524,2026-02-01 23:44:00
3690,165,8,complete_lesson,422,2026-02-02 16:02:00
3691,165,9,complete_lesson,395,2026-02-04 02:08:00
3692,165,10,view_resource,279,2026-02-04 09:22:00
3693,165,11,view_resource,295,2026-02-06 04:35:00
3694,165,12,complete_lesson,151,2026-02-07 09:39:00
3695,165,13,view_resource,289,2026-02-08 08:40:00
3696,165,14,search_topic,106,2026-02-09 02:28:00
3697,165,14,view_resource,97,2026-02-10 13:45:00
3698,165,15,view_resource,229,2026-02-12 10:30:00
3699,165,16,complete_lesson,593,2026-02-13 08:25:00
3700,165,17,search_topic,591,2026-02-14 23:13:00
3701,165,18,complete_lesson,169,2026-02-16 08:49:00
3702,165,19,complete_lesson,287,2026-02-17 17:09:00
3703,165,19,search_topic,262,2026-02-19 03:38:00
3704,165,20,view_resource,512,2026-02-20 16:44:00
3705,165,20,view_resource,97,2026-02-22 08:33:00
3706,166,1,complete_lesson,402,2026-01-17 21:13:00
3707,166,1,view_resource,591,2026-01-19 04:31:00
3708,166,2,search_topic,171,2026-01-20 05:20:00
3709,166,2,view_resource,428,2026-01-22 04:35:00
3710,166,2,complete_lesson,244,2026-01-22 08:26:00
3711,166,3,search_topic,549,2026-01-23 12:09:00
3712,166,4,complete_lesson,497,2026-01-24 21:06:00
3713,166,5,search_topic,417,2026-01-25 10:17:00
3714,166,5,view_resource,217,2026-01-26 14:20:00
3715,166,6,view_resource,307,2026-01-27 23:33:00
3716,166,7,complete_lesson,66,2026-01-29 17:27:00
3717,166,7,view_resource,387,2026-01-30 20:21:00
3718,166,8,complete_lesson,252,2026-01-31 07:27:00
3719,166,9,search_topic,518,2026-02-01 00:50:00
3720,166,9,search_topic,395,2026-02-01 10:27:00
3721,166,10,view_resource,546,2026-02-03 04:06:00
3722,166,11,search_topic,214,2026-02-04 18:27:00
3723,166,12,view_resource,458,2026-02-05 01:47:00
3724,166,12,view_resource,116,2026-02-05 05:45:00
3725,166,12,search_topic,530,2026-02-06 05:38:00
3726,167,1,view_resource,296,2026-01-16 18:50:00
3727,167,1,view_resource,257,2026-01-17 01:17:00
3728,167,1,search_topic,112,2026-01-18 00:02:00
3729,167,2,view_resource,283,2026-01-19 15:46:00
3730,167,2,view_resource,565,2026-01-19 22:07:00
3731,167,2,complete_lesson,431,2026-01-21 07:30:00
3732,167,3,search_topic,199,2026-01-21 19:42:00
3733,167,4,complete_lesson,124,2026-01-23 00:10:00
3734,167,4,view_resource,219,2026-01-24 20:38:00
3735,167,4,search_topic,506,2026-01-26 02:12:00
3736,167,5,complete_lesson,504,2026-01-27 22:33:00
3737,167,6,search_topic,293,2026-01-29 14:08:00
3738,167,7,complete_lesson,525,2026-01-31 04:44:00
3739,167,8,search_topic,388,2026-02-01 21:40:00
3740,167,9,complete_lesson,592,2026-02-03 16:33:00
3741,167,10,search_topic,505,2026-02-05 12:18:00
3742,167,11,view_resource,592,2026-02-06 06:49:00
3743,167,12,search_topic,117,2026-02-07 07:01:00
3744,167,13,search_topic,113,2026-02-07 21:40:00
3745,167,14,complete_lesson,301,2026-02-08 10:21:00
3746,167,14,search_topic,466,2026-02-09 00:25:00
3747,167,14,search_topic,364,2026-02-09 05:46:00
3748,168,1,search_topic,561,2026-02-01 23:21:00
3749,168,2,complete_lesson,383,2026-02-03 15:02:00
3750,168,3,view_resource,135,2026-02-04 11:46:00
3751,168,4,view_resource,600,2026-02-05 16:23:00
3752,168,5,view_resource,224,2026-02-07 13:27:00
3753,168,6,view_resource,103,2026-02-08 03:27:00
3754,168,7,view_resource,318,2026-02-09 15:10:00
3755,168,8,view_resource,173,2026-02-10 09:48:00
3756,168,9,complete_lesson,295,2026-02-11 22:05:00
3757,168,9,complete_lesson,417,2026-02-13 05:41:00
3758,168,9,view_resource,519,2026-02-13 20:49:00
3759,168,10,complete_lesson,224,2026-02-15 06:19:00
3760,169,1,view_resource,395,2026-01-26 16:28:00
3761,169,2,view_resource,370,2026-01-27 19:06:00
3762,169,3,view_resource,108,2026-01-28 07:50:00
3763,169,4,search_topic,296,2026-01-28 19:50:00
3764,169,5,search_topic,341,2026-01-29 16:38:00
3765,169,6,search_topic,204,2026-01-30 09:15:00
3766,169,7,complete_lesson,496,2026-01-31 15:11:00
3767,169,8,view_resource,320,2026-02-02 14:27:00
3768,169,9,complete_lesson,535,2026-02-02 19:50:00
3769,169,10,search_topic,157,2026-02-03 20:19:00
3770,169,11,view_resource,192,2026-02-05 02:32:00
3771,169,12,complete_lesson,485,2026-02-05 07:44:00
3772,169,13,complete_lesson,441,2026-02-05 18:40:00
3773,169,14,view_resource,392,2026-02-07 16:18:00
3774,169,15,view_resource,418,2026-02-09 01:33:00
3775,169,16,complete_lesson,263,2026-02-10 00:12:00
3776,169,16,view_resource,397,2026-02-11 03:01:00
3777,169,16,search_topic,505,2026-02-11 17:39:00
3778,170,1,complete_lesson,342,2026-01-31 14:16:00
3779,170,2,search_topic,579,2026-02-01 10:50:00
3780,170,3,complete_lesson,194,2026-02-03 00:39:00
3781,170,4,complete_lesson,433,2026-02-05 00:12:00
3782,170,4,complete_lesson,476,2026-02-05 15:22:00
3783,170,5,search_topic,288,2026-02-06 01:49:00
3784,170,6,complete_lesson,392,2026-02-07 07:01:00
3785,170,6,view_resource,425,2026-02-09 06:17:00
3786,170,7,view_resource,245,2026-02-09 16:43:00
3787,170,8,view_resource,586,2026-02-11 05:38:00
3788,170,9,search_topic,292,2026-02-11 17:50:00
3789,170,10,search_topic,312,2026-02-12 21:04:00
3790,170,10,search_topic,189,2026-02-14 13:21:00
3791,170,11,search_topic,591,2026-02-15 07:07:00
3792,170,12,search_topic,584,2026-02-16 10:25:00
3793,170,12,complete_lesson,300,2026-02-17 22:14:00
3794,170,12,search_topic,68,2026-02-19 07:09:00
3795,170,13,search_topic,364,2026-02-20 05:00:00
3796,170,14,complete_lesson,172,2026-02-22 03:48:00
3797,170,14,view_resource,496,2026-02-23 11:42:00
3798,170,14,complete_lesson,297,2026-02-24 15:31:00
3799,170,15,search_topic,325,2026-02-25 01:35:00
3800,170,15,view_resource,588,2026-02-26 02:29:00
3801,170,15,search_topic,115,2026-02-27 22:21:00
3802,170,16,complete_lesson,579,2026-03-01 05:02:00
3803,170,16,complete_lesson,133,2026-03-01 23:26:00
3804,170,16,view_resource,373,2026-03-03 09:07:00
3805,170,17,search_topic,537,2026-03-04 17:21:00
3806,170,18,search_topic,86,2026-03-06 16:09:00
3807,171,1,view_resource,573,2026-01-29 03:30:00
3808,171,2,search_topic,401,2026-01-30 20:07:00
3809,171,2,view_resource,462,2026-01-31 02:30:00
3810,171,3,complete_lesson,521,2026-02-02 00:41:00
3811,171,3,view_resource,191,2026-02-02 20:35:00
3812,171,3,complete_lesson,397,2026-02-03 17:48:00
3813,171,4,view_resource,212,2026-02-04 20:48:00
3814,171,4,view_resource,259,2026-02-05 02:24:00
3815,171,5,complete_lesson,173,2026-02-06 18:01:00
3816,171,5,search_topic,155,2026-02-07 08:10:00
3817,171,6,view_resource,232,2026-02-07 13:41:00
3818,171,6,search_topic,87,2026-02-09 03:27:00
3819,171,7,complete_lesson,439,2026-02-11 03:27:00
3820,171,7,complete_lesson,112,2026-02-12 03:42:00
3821,171,7,view_resource,571,2026-02-13 09:19:00
3822,171,8,search_topic,200,2026-02-14 08:19:00
3823,171,8,search_topic,123,2026-02-15 14:34:00
3824,171,8,search_topic,242,2026-02-17 13:06:00
3825,171,9,view_resource,494,2026-02-18 17:14:00
3826,171,9,view_resource,123,2026-02-18 22:14:00
3827,171,9,view_resource,470,2026-02-20 06:44:00
3828,171,10,search_topic,128,2026-02-22 03:29:00
3829,171,10,view_resource,273,2026-02-24 02:34:00
3830,171,11,complete_lesson,246,2026-02-25 12:04:00
3831,171,11,view_resource,296,2026-02-25 20:13:00
3832,171,11,search_topic,221,2026-02-27 16:14:00
3833,171,12,view_resource,85,2026-02-28 05:20:00
3834,171,12,view_resource,116,2026-02-28 14:15:00
3835,171,12,search_topic,534,2026-03-01 02:22:00
3836,171,13,complete_lesson,562,2026-03-01 09:03:00
3837,171,14,view_resource,214,2026-03-03 00:40:00
3838,171,15,view_resource,491,2026-03-03 05:14:00
3839,171,15,complete_lesson,489,2026-03-04 20:27:00
3840,171,15,complete_lesson,562,2026-03-06 08:24:00
3841,171,16,complete_lesson,510,2026-03-06 13:41:00
3842,171,16,complete_lesson,241,2026-03-08 13:27:00
3843,171,16,search_topic,316,2026-03-09 22:20:00
3844,171,17,search_topic,339,2026-03-10 02:24:00
3845,171,17,view_resource,504,2026-03-11 02:45:00
3846,172,1,complete_lesson,218,2026-01-13 08:25:00
3847,172,2,complete_lesson,132,2026-01-14 20:05:00
3848,172,3,view_resource,564,2026-01-15 07:46:00
3849,172,4,search_topic,587,2026-01-16 08:50:00
3850,172,5,complete_lesson,436,2026-01-18 05:10:00
3851,172,6,complete_lesson,196,2026-01-18 21:15:00
3852,172,7,complete_lesson,78,2026-01-20 00:45:00
3853,172,8,view_resource,594,2026-01-21 19:22:00
3854,172,9,complete_lesson,557,2026-01-23 19:44:00
3855,172,10,view_resource,542,2026-01-25 04:32:00
3856,172,11,search_topic,448,2026-01-26 19:22:00
3857,172,12,complete_lesson,128,2026-01-27 17:45:00
3858,172,13,complete_lesson,430,2026-01-29 16:49:00
3859,172,14,search_topic,544,2026-01-29 23:40:00
3860,172,15,view_resource,236,2026-01-31 22:11:00
3861,172,16,search_topic,531,2026-02-02 17:07:00
3862,172,17,complete_lesson,522,2026-02-04 13:03:00
3863,172,17,complete_lesson,214,2026-02-05 12:26:00
3864,172,18,complete_lesson,145,2026-02-06 08:25:00
3865,172,18,view_resource,511,2026-02-07 06:32:00
3866,172,18,complete_lesson,155,2026-02-07 12:38:00
3867,173,1,search_topic,518,2026-01-25 04:26:00
3868,173,1,complete_lesson,64,2026-01-26 18:17:00
3869,173,2,complete_lesson,593,2026-01-27 17:31:00
3870,173,2,view_resource,341,2026-01-29 12:33:00
3871,173,3,complete_lesson,575,2026-01-29 19:25:00
3872,173,4,search_topic,507,2026-01-30 15:37:00
3873,173,4,complete_lesson,208,2026-01-31 06:22:00
3874,173,5,search_topic,590,2026-01-31 17:27:00
3875,173,6,search_topic,389,2026-02-01 13:12:00
3876,173,6,complete_lesson,481,2026-02-02 07:43:00
3877,173,6,search_topic,524,2026-02-03 19:04:00
3878,173,7,view_resource,211,2026-02-05 09:08:00
3879,173,7,complete_lesson,197,2026-02-06 15:50:00
3880,173,7,view_resource,589,2026-02-07 16:20:00
3881,173,8,view_resource,348,2026-02-08 02:20:00
3882,173,9,view_resource,361,2026-02-09 16:39:00
3883,173,10,search_topic,545,2026-02-11 02:00:00
3884,173,11,complete_lesson,108,2026-02-12 09:33:00
3885,173,12,complete_lesson,575,2026-02-13 00:17:00
3886,173,13,complete_lesson,360,2026-02-14 14:33:00
3887,174,1,search_topic,199,2026-01-26 07:04:00
3888,174,2,search_topic,396,2026-01-27 13:12:00
3889,174,3,search_topic,273,2026-01-28 14:34:00
3890,174,4,complete_lesson,600,2026-01-30 08:32:00
3891,174,5,complete_lesson,476,2026-01-31 03:43:00
3892,174,6,view_resource,195,2026-02-01 06:06:00
3893,174,7,search_topic,318,2026-02-02 15:17:00
3894,174,8,complete_lesson,366,2026-02-03 19:35:00
3895,174,9,search_topic,563,2026-02-04 10:46:00
3896,174,9,complete_lesson,365,2026-02-06 00:21:00
3897,174,9,view_resource,193,2026-02-07 02:10:00
3898,174,10,complete_lesson,108,2026-02-08 13:25:00
3899,174,11,complete_lesson,585,2026-02-09 12:25:00
3900,174,12,search_topic,89,2026-02-10 12:40:00
3901,174,13,view_resource,595,2026-02-12 01:05:00
3902,174,14,search_topic,339,2026-02-12 07:26:00
3903,174,15,search_topic,220,2026-02-13 20:06:00
3904,174,16,view_resource,285,2026-02-14 02:07:00
3905,174,16,complete_lesson,153,2026-02-14 16:00:00
3906,174,17,complete_lesson,450,2026-02-15 06:17:00
3907,175,1,search_topic,458,2026-01-13 07:42:00
3908,175,2,view_resource,533,2026-01-15 05:03:00
3909,175,3,complete_lesson,519,2026-01-16 00:15:00
3910,175,4,view_resource,293,2026-01-16 09:36:00
3911,175,5,complete_lesson,237,2026-01-17 12:38:00
3912,175,5,complete_lesson,571,2026-01-19 09:09:00
3913,175,5,complete_lesson,425,2026-01-19 15:05:00
3914,175,6,search_topic,189,2026-01-20 03:40:00
3915,175,7,complete_lesson,102,2026-01-20 08:02:00
3916,175,7,complete_lesson,593,2026-01-20 21:12:00
3917,175,8,complete_lesson,99,2026-01-22 14:32:00
3918,175,9,complete_lesson,491,2026-01-24 05:10:00
3919,175,10,complete_lesson,449,2026-01-26 02:12:00
3920,175,11,search_topic,293,2026-01-26 22:37:00
3921,175,12,complete_lesson,420,2026-01-28 22:16:00
3922,175,13,view_resource,304,2026-01-29 02:07:00
3923,175,14,view_resource,491,2026-01-30 19:33:00
3924,175,14,search_topic,390,2026-01-31 01:37:00
3925,175,14,view_resource,290,2026-01-31 08:35:00
3926,176,1,view_resource,444,2026-01-23 18:41:00
3927,176,2,search_topic,137,2026-01-25 01:48:00
3928,176,3,complete_lesson,346,2026-01-25 12:38:00
3929,176,4,search_topic,531,2026-01-27 08:46:00
3930,176,5,complete_lesson,362,2026-01-29 02:28:00
3931,176,5,search_topic,439,2026-01-30 13:27:00
3932,176,6,view_resource,144,2026-02-01 10:22:00
3933,176,7,search_topic,413,2026-02-02 08:40:00
3934,176,8,view_resource,524,2026-02-04 06:08:00
3935,176,9,search_topic,380,2026-02-04 20:44:00
3936,176,9,view_resource,366,2026-02-05 04:27:00
3937,176,9,view_resource,121,2026-02-06 15:37:00
3938,176,10,complete_lesson,267,2026-02-07 19:49:00
3939,177,1,search_topic,307,2026-01-13 06:39:00
3940,177,2,complete_lesson,69,2026-01-13 20:03:00
3941,177,3,view_resource,316,2026-01-14 14:45:00
3942,177,3,search_topic,99,2026-01-15 05:27:00
3943,177,4,view_resource,87,2026-01-16 15:32:00
3944,177,4,view_resource,302,2026-01-18 01:41:00
3945,177,5,view_resource,268,2026-01-19 16:31:00
3946,177,6,complete_lesson,130,2026-01-20 12:38:00
3947,177,7,view_resource,565,2026-01-21 21:35:00
3948,177,8,search_topic,148,2026-01-22 08:06:00
3949,177,9,complete_lesson,95,2026-01-22 14:40:00
3950,177,10,view_resource,448,2026-01-24 05:07:00
3951,177,11,search_topic,96,2026-01-24 21:18:00
3952,177,12,search_topic,271,2026-01-26 02:44:00
3953,177,13,complete_lesson,115,2026-01-27 09:31:00
3954,177,14,search_topic,282,2026-01-27 17:06:00
3955,177,14,view_resource,578,2026-01-29 08:00:00
3956,177,14,view_resource,174,2026-01-30 18:35:00
3957,177,15,search_topic,436,2026-01-31 13:23:00
3958,177,16,view_resource,567,2026-02-02 02:21:00
3959,177,17,complete_lesson,273,2026-02-03 11:43:00
3960,177,17,complete_lesson,575,2026-02-04 16:04:00
3961,177,17,search_topic,116,2026-02-05 00:30:00
3962,177,18,search_topic,448,2026-02-05 05:01:00
3963,177,18,complete_lesson,83,2026-02-05 22:50:00
3964,178,1,complete_lesson,311,2026-01-20 17:05:00
3965,178,2,search_topic,385,2026-01-22 02:17:00
3966,178,3,search_topic,109,2026-01-23 13:15:00
3967,178,3,complete_lesson,280,2026-01-24 19:49:00
3968,178,3,complete_lesson,360,2026-01-26 00:32:00
3969,178,4,search_topic,235,2026-01-27 13:35:00
3970,178,5,complete_lesson,204,2026-01-29 05:07:00
3971,178,6,view_resource,276,2026-01-30 02:11:00
3972,178,6,view_resource,279,2026-01-30 13:31:00
3973,178,6,view_resource,498,2026-02-01 02:19:00
3974,178,7,search_topic,257,2026-02-02 13:41:00
3975,178,7,search_topic,301,2026-02-03 08:24:00
3976,178,7,complete_lesson,491,2026-02-04 04:33:00
3977,178,8,view_resource,193,2026-02-05 01:48:00
3978,178,8,complete_lesson,232,2026-02-06 06:14:00
3979,178,8,complete_lesson,426,2026-02-07 14:18:00
3980,178,9,complete_lesson,242,2026-02-08 11:16:00
3981,178,10,search_topic,450,2026-02-09 15:43:00
3982,178,10,view_resource,444,2026-02-10 01:46:00
3983,178,10,search_topic,82,2026-02-10 10:00:00
3984,178,11,complete_lesson,239,2026-02-11 07:03:00
3985,178,12,view_resource,571,2026-02-12 19:22:00
3986,178,12,view_resource,357,2026-02-13 04:07:00
3987,178,13,complete_lesson,494,2026-02-14 05:49:00
3988,178,14,view_resource,215,2026-02-15 23:19:00
3989,179,1,view_resource,161,2026-01-18 16:09:00
3990,179,1,complete_lesson,297,2026-01-20 00:16:00
3991,179,2,complete_lesson,81,2026-01-21 17:00:00
3992,179,3,complete_lesson,93,2026-01-23 11:16:00
3993,179,4,view_resource,306,2026-01-24 07:33:00
3994,179,4,view_resource,545,2026-01-25 20:21:00
3995,179,4,complete_lesson,398,2026-01-26 02:05:00
3996,179,5,complete_lesson,321,2026-01-26 13:32:00
3997,179,6,view_resource,547,2026-01-28 05:06:00
3998,179,7,search_topic,67,2026-01-29 12:50:00
3999,179,8,search_topic,351,2026-01-30 05:06:00
4000,179,8,search_topic,180,2026-01-31 05:24:00
4001,179,9,search_topic,558,2026-02-01 12:05:00
4002,179,10,view_resource,188,2026-02-02 20:07:00
4003,179,11,view_resource,305,2026-02-04 17:48:00
4004,179,12,complete_lesson,237,2026-02-05 16:10:00
4005,179,12,complete_lesson,419,2026-02-07 12:01:00
4006,179,12,search_topic,266,2026-02-08 01:10:00
4007,179,13,search_topic,187,2026-02-09 03:08:00
4008,179,13,complete_lesson,447,2026-02-09 20:33:00
4009,180,1,search_topic,126,2026-01-09 08:17:00
4010,180,2,complete_lesson,134,2026-01-11 07:04:00
4011,180,3,view_resource,137,2026-01-12 23:31:00
4012,180,4,view_resource,576,2026-01-14 03:35:00
4013,180,5,complete_lesson,277,2026-01-15 02:04:00
4014,180,6,search_topic,249,2026-01-16 16:35:00
4015,180,7,search_topic,567,2026-01-18 02:21:00
4016,180,8,view_resource,402,2026-01-18 13:44:00
4017,180,9,search_topic,121,2026-01-19 03:11:00
4018,180,9,view_resource,211,2026-01-20 09:16:00
4019,180,9,view_resource,280,2026-01-21 16:14:00
4020,180,10,search_topic,196,2026-01-22 00:44:00
4021,180,11,complete_lesson,69,2026-01-22 04:02:00
4022,180,12,search_topic,122,2026-01-23 12:17:00
4023,180,13,complete_lesson,290,2026-01-24 18:40:00
4024,180,14,search_topic,218,2026-01-26 06:07:00
4025,180,15,search_topic,240,2026-01-27 05:11:00
4026,180,16,complete_lesson,408,2026-01-28 15:25:00
4027,180,17,search_topic,582,2026-01-29 20:40:00
4028,181,1,view_resource,258,2026-01-16 10:31:00
4029,181,1,view_resource,250,2026-01-17 11:23:00
4030,181,2,search_topic,458,2026-01-18 05:08:00
4031,181,3,complete_lesson,288,2026-01-18 19:35:00
4032,181,4,complete_lesson,292,2026-01-19 15:29:00
4033,181,4,search_topic,212,2026-01-20 00:33:00
4034,181,5,view_resource,553,2026-01-20 11:02:00
4035,181,5,view_resource,426,2026-01-22 07:37:00
4036,181,6,complete_lesson,504,2026-01-24 01:36:00
4037,181,6,search_topic,423,2026-01-24 18:06:00
4038,181,7,view_resource,569,2026-01-25 12:07:00
4039,181,7,view_resource,164,2026-01-26 03:48:00
4040,181,7,search_topic,114,2026-01-26 21:50:00
4041,181,8,view_resource,269,2026-01-27 10:03:00
4042,181,9,search_topic,186,2026-01-28 02:10:00
4043,181,10,search_topic,144,2026-01-28 19:42:00
4044,181,10,search_topic,72,2026-01-29 22:33:00
4045,181,10,search_topic,440,2026-01-31 07:02:00
4046,181,11,complete_lesson,76,2026-02-01 17:09:00
4047,181,12,search_topic,207,2026-02-02 19:44:00
4048,181,13,complete_lesson,356,2026-02-03 13:49:00
4049,181,13,complete_lesson,262,2026-02-04 13:09:00
4050,181,13,search_topic,269,2026-02-06 07:34:00
4051,181,14,view_resource,286,2026-02-07 22:12:00
4052,181,15,search_topic,276,2026-02-09 21:45:00
4053,181,15,view_resource,582,2026-02-11 21:27:00
4054,181,16,search_topic,90,2026-02-12 23:42:00
4055,181,16,search_topic,596,2026-02-14 00:25:00
4056,181,17,complete_lesson,487,2026-02-15 21:20:00
4057,181,17,search_topic,498,2026-02-16 06:35:00
4058,182,1,search_topic,402,2026-01-22 08:39:00
4059,182,2,complete_lesson,307,2026-01-22 21:07:00
4060,182,3,search_topic,323,2026-01-24 20:11:00
4061,182,4,search_topic,352,2026-01-25 12:24:00
4062,182,5,search_topic,562,2026-01-26 15:37:00
4063,182,5,view_resource,76,2026-01-26 21:08:00
4064,182,5,view_resource,449,2026-01-27 10:08:00
4065,182,6,complete_lesson,269,2026-01-28 00:04:00
4066,182,7,complete_lesson,278,2026-01-28 17:12:00
4067,182,8,view_resource,94,2026-01-29 22:12:00
4068,182,9,search_topic,512,2026-01-31 03:37:00
4069,182,10,complete_lesson,262,2026-02-01 09:08:00
4070,182,11,complete_lesson,501,2026-02-02 12:00:00
4071,182,12,complete_lesson,359,2026-02-04 06:01:00
4072,182,13,complete_lesson,418,2026-02-06 02:02:00
4073,182,14,complete_lesson,321,2026-02-06 23:19:00
4074,182,15,view_resource,393,2026-02-07 17:42:00
4075,183,1,view_resource,255,2026-01-25 00:22:00
4076,183,2,search_topic,574,2026-01-26 08:35:00
4077,183,2,complete_lesson,104,2026-01-27 16:12:00
4078,183,2,search_topic,101,2026-01-28 21:25:00
4079,183,3,search_topic,459,2026-01-29 16:33:00
4080,183,4,view_resource,426,2026-01-30 06:34:00
4081,183,4,view_resource,251,2026-01-31 19:44:00
4082,183,4,view_resource,576,2026-02-02 18:22:00
4083,183,5,complete_lesson,450,2026-02-03 19:23:00
4084,183,6,complete_lesson,342,2026-02-04 02:21:00
4085,183,7,view_resource,250,2026-02-06 00:39:00
4086,183,8,complete_lesson,380,2026-02-06 19:28:00
4087,183,9,search_topic,105,2026-02-08 19:48:00
4088,183,9,view_resource,280,2026-02-09 18:37:00
4089,183,9,search_topic,470,2026-02-10 21:50:00
4090,183,10,search_topic,406,2026-02-11 01:00:00
4091,183,10,view_resource,91,2026-02-12 11:46:00
4092,183,11,complete_lesson,116,2026-02-12 21:26:00
4093,183,11,search_topic,178,2026-02-14 18:38:00
4094,183,12,view_resource,157,2026-02-15 21:08:00
4095,183,12,complete_lesson,508,2026-02-17 14:45:00
4096,183,12,view_resource,554,2026-02-19 02:50:00
4097,183,13,view_resource,434,2026-02-19 15:49:00
4098,183,13,search_topic,492,2026-02-21 02:45:00
4099,183,13,view_resource,136,2026-02-21 15:02:00
4100,183,14,complete_lesson,102,2026-02-21 21:08:00
4101,183,15,complete_lesson,594,2026-02-22 05:15:00
4102,183,15,complete_lesson,67,2026-02-23 07:26:00
4103,183,15,view_resource,484,2026-02-24 12:00:00
4104,183,16,complete_lesson,439,2026-02-24 18:46:00
4105,183,17,view_resource,124,2026-02-25 08:16:00
4106,183,18,search_topic,286,2026-02-27 06:38:00
4107,183,19,view_resource,120,2026-02-28 18:23:00
4108,184,1,complete_lesson,577,2026-01-16 21:06:00
4109,184,2,search_topic,170,2026-01-17 02:14:00
4110,184,3,view_resource,126,2026-01-18 00:41:00
4111,184,4,complete_lesson,165,2026-01-18 04:06:00
4112,184,4,search_topic,476,2026-01-19 19:48:00
4113,184,5,view_resource,301,2026-01-21 14:33:00
4114,184,5,search_topic,420,2026-01-22 21:49:00
4115,184,5,search_topic,400,2026-01-24 02:18:00
4116,184,6,search_topic,285,2026-01-24 22:07:00
4117,184,6,complete_lesson,101,2026-01-26 17:19:00
4118,184,7,view_resource,357,2026-01-27 16:11:00
4119,184,8,view_resource,354,2026-01-29 00:21:00
4120,184,8,search_topic,413,2026-01-30 05:38:00
4121,184,8,complete_lesson,567,2026-01-30 11:42:00
4122,184,9,complete_lesson,591,2026-01-31 21:30:00
4123,184,10,complete_lesson,457,2026-02-02 20:45:00
4124,184,11,view_resource,375,2026-02-04 10:12:00
4125,184,12,search_topic,482,2026-02-05 15:20:00
4126,184,13,search_topic,562,2026-02-06 18:07:00
4127,185,1,view_resource,390,2026-01-18 11:41:00
4128,185,1,view_resource,409,2026-01-19 08:03:00
4129,185,2,search_topic,376,2026-01-20 21:12:00
4130,185,3,view_resource,407,2026-01-21 12:01:00
4131,185,4,search_topic,181,2026-01-22 13:18:00
4132,185,5,complete_lesson,212,2026-01-24 08:35:00
4133,185,6,search_topic,337,2026-01-24 17:34:00
4134,185,7,search_topic,136,2026-01-25 03:33:00
4135,185,8,view_resource,536,2026-01-26 14:20:00
4136,185,8,complete_lesson,106,2026-01-28 07:02:00
4137,185,8,search_topic,210,2026-01-28 20:36:00
4138,185,9,search_topic,171,2026-01-30 19:09:00
4139,185,9,search_topic,452,2026-01-30 23:41:00
4140,185,9,complete_lesson,591,2026-01-31 22:01:00
4141,185,10,complete_lesson,349,2026-02-02 21:01:00
4142,185,11,complete_lesson,574,2026-02-03 09:17:00
4143,186,1,complete_lesson,362,2026-01-30 10:03:00
4144,186,2,search_topic,251,2026-01-30 21:15:00
4145,186,3,search_topic,251,2026-01-31 22:18:00
4146,186,3,complete_lesson,466,2026-02-02 08:20:00
4147,186,4,complete_lesson,366,2026-02-02 14:30:00
4148,186,4,search_topic,192,2026-02-04 14:47:00
4149,186,4,search_topic,280,2026-02-06 10:05:00
4150,186,5,search_topic,199,2026-02-07 02:25:00
4151,186,5,complete_lesson,362,2026-02-07 14:05:00
4152,186,5,view_resource,63,2026-02-07 23:10:00
4153,186,6,complete_lesson,205,2026-02-09 03:13:00
4154,186,7,view_resource,278,2026-02-10 05:46:00
4155,186,7,view_resource,185,2026-02-11 23:07:00
4156,186,8,complete_lesson,228,2026-02-12 18:11:00
4157,186,9,view_resource,369,2026-02-13 03:36:00
4158,186,10,search_topic,483,2026-02-14 17:10:00
4159,186,10,view_resource,547,2026-02-15 01:18:00
4160,186,11,complete_lesson,321,2026-02-15 12:37:00
4161,186,12,search_topic,106,2026-02-17 00:37:00
4162,187,1,complete_lesson,74,2026-01-03 17:32:00
4163,187,2,complete_lesson,377,2026-01-05 06:21:00
4164,187,2,view_resource,530,2026-01-06 16:49:00
4165,187,3,complete_lesson,446,2026-01-07 21:05:00
4166,187,3,view_resource,183,2026-01-08 09:39:00
4167,187,4,search_topic,485,2026-01-08 20:16:00
4168,187,5,view_resource,270,2026-01-09 08:38:00
4169,187,5,complete_lesson,501,2026-01-09 12:14:00
4170,187,6,complete_lesson,420,2026-01-11 10:36:00
4171,187,6,complete_lesson,270,2026-01-11 20:29:00
4172,187,7,search_topic,376,2026-01-13 11:23:00
4173,187,7,view_resource,181,2026-01-14 13:49:00
4174,187,7,search_topic,150,2026-01-15 17:20:00
4175,187,8,complete_lesson,318,2026-01-17 08:10:00
4176,187,9,complete_lesson,430,2026-01-19 08:03:00
4177,187,10,view_resource,312,2026-01-20 11:19:00
4178,187,10,view_resource,479,2026-01-22 03:38:00
4179,187,10,view_resource,560,2026-01-24 03:25:00
4180,187,11,search_topic,495,2026-01-25 14:46:00
4181,187,11,complete_lesson,323,2026-01-26 07:12:00
4182,187,12,complete_lesson,243,2026-01-26 12:23:00
4183,187,12,search_topic,73,2026-01-27 23:07:00
4184,187,12,view_resource,93,2026-01-29 10:44:00
4185,188,1,complete_lesson,247,2026-01-17 22:03:00
4186,188,2,search_topic,73,2026-01-18 12:45:00
4187,188,3,complete_lesson,531,2026-01-19 16:05:00
4188,188,4,search_topic,151,2026-01-21 12:29:00
4189,188,5,search_topic,450,2026-01-23 10:21:00
4190,188,5,view_resource,463,2026-01-25 08:43:00
4191,188,5,complete_lesson,245,2026-01-25 14:23:00
4192,188,6,complete_lesson,222,2026-01-27 02:33:00
4193,188,7,complete_lesson,430,2026-01-27 12:07:00
4194,188,7,complete_lesson,538,2026-01-28 20:50:00
4195,188,8,search_topic,571,2026-01-30 15:37:00
4196,188,9,complete_lesson,580,2026-01-31 21:29:00
4197,188,10,complete_lesson,124,2026-02-02 11:48:00
4198,188,11,complete_lesson,572,2026-02-04 10:26:00
4199,188,12,search_topic,259,2026-02-06 03:24:00
4200,188,13,complete_lesson,494,2026-02-07 07:02:00
4201,188,14,complete_lesson,454,2026-02-08 08:11:00
4202,188,14,complete_lesson,140,2026-02-09 04:28:00
4203,188,15,complete_lesson,387,2026-02-09 23:09:00
4204,188,15,view_resource,433,2026-02-10 05:35:00
4205,188,15,view_resource,339,2026-02-11 13:07:00
4206,188,16,complete_lesson,400,2026-02-12 13:49:00
4207,188,16,complete_lesson,93,2026-02-13 08:01:00
4208,188,17,search_topic,440,2026-02-14 02:25:00
4209,188,17,view_resource,313,2026-02-15 19:24:00
4210,188,18,view_resource,546,2026-02-17 08:36:00
4211,188,19,complete_lesson,283,2026-02-18 05:39:00
4212,189,1,view_resource,477,2026-01-12 09:27:00
4213,189,1,search_topic,502,2026-01-13 22:37:00
4214,189,2,complete_lesson,502,2026-01-14 19:03:00
4215,189,2,view_resource,557,2026-01-15 01:38:00
4216,189,3,view_resource,114,2026-01-16 11:05:00
4217,189,4,view_resource,560,2026-01-16 19:23:00
4218,189,5,search_topic,328,2026-01-18 13:13:00
4219,189,6,view_resource,82,2026-01-20 09:23:00
4220,189,7,complete_lesson,544,2026-01-21 09:17:00
4221,189,8,search_topic,247,2026-01-22 11:24:00
4222,189,9,complete_lesson,541,2026-01-23 16:47:00
4223,189,10,view_resource,246,2026-01-25 06:35:00
4224,189,10,search_topic,172,2026-01-26 11:42:00
4225,189,10,search_topic,593,2026-01-27 03:31:00
4226,189,11,complete_lesson,572,2026-01-27 20:22:00
4227,189,12,search_topic,474,2026-01-29 07:09:00
4228,189,13,complete_lesson,600,2026-01-30 04:37:00
4229,189,13,search_topic,335,2026-01-31 18:18:00
4230,189,14,complete_lesson,278,2026-02-01 14:23:00
4231,190,1,complete_lesson,192,2026-01-25 23:20:00
4232,190,2,search_topic,310,2026-01-26 15:00:00
4233,190,3,complete_lesson,564,2026-01-27 11:03:00
4234,190,4,complete_lesson,102,2026-01-28 23:15:00
4235,190,5,view_resource,264,2026-01-29 23:39:00
4236,190,6,search_topic,410,2026-01-31 19:41:00
4237,190,7,view_resource,98,2026-02-01 02:42:00
4238,190,8,view_resource,229,2026-02-02 21:35:00
4239,190,9,view_resource,510,2026-02-03 17:12:00
4240,190,9,complete_lesson,121,2026-02-05 14:39:00
4241,190,10,search_topic,425,2026-02-06 04:37:00
4242,190,11,search_topic,203,2026-02-07 02:06:00
4243,190,12,search_topic,93,2026-02-07 09:14:00
4244,190,13,view_resource,588,2026-02-08 08:28:00
4245,190,13,complete_lesson,269,2026-02-09 16:13:00
4246,190,14,search_topic,395,2026-02-10 13:35:00
4247,190,15,search_topic,252,2026-02-10 22:02:00
4248,191,1,view_resource,576,2026-01-15 20:29:00
4249,191,2,search_topic,141,2026-01-17 05:29:00
4250,191,3,search_topic,493,2026-01-18 00:04:00
4251,191,4,complete_lesson,165,2026-01-18 23:07:00
4252,191,4,complete_lesson,584,2026-01-20 00:15:00
4253,191,5,complete_lesson,355,2026-01-20 05:24:00
4254,191,5,view_resource,514,2026-01-21 03:24:00
4255,191,6,view_resource,437,2026-01-22 05:29:00
4256,191,7,search_topic,216,2026-01-22 12:22:00
4257,191,8,complete_lesson,564,2026-01-23 20:33:00
4258,191,9,view_resource,586,2026-01-24 18:22:00
4259,191,9,view_resource,554,2026-01-25 07:12:00
4260,191,10,complete_lesson,432,2026-01-26 18:12:00
4261,191,11,complete_lesson,331,2026-01-27 17:04:00
4262,191,12,complete_lesson,491,2026-01-29 00:08:00
4263,192,1,view_resource,232,2026-02-01 02:01:00
4264,192,2,view_resource,216,2026-02-01 07:19:00
4265,192,2,view_resource,124,2026-02-01 20:32:00
4266,192,2,view_resource,342,2026-02-02 23:44:00
4267,192,3,complete_lesson,306,2026-02-03 06:00:00
4268,192,4,view_resource,494,2026-02-04 09:15:00
4269,192,4,search_topic,555,2026-02-06 07:06:00
4270,192,5,search_topic,424,2026-02-07 19:02:00
4271,192,5,search_topic,153,2026-02-07 23:49:00
4272,192,6,complete_lesson,397,2026-02-08 21:07:00
4273,192,7,complete_lesson,297,2026-02-09 11:36:00
4274,192,8,view_resource,490,2026-02-11 06:48:00
4275,192,9,view_resource,150,2026-02-12 18:48:00
4276,192,9,view_resource,140,2026-02-13 21:45:00
4277,192,9,view_resource,225,2026-02-14 07:25:00
4278,192,10,view_resource,503,2026-02-16 06:35:00
4279,192,11,search_topic,518,2026-02-16 10:17:00
4280,193,1,complete_lesson,592,2026-01-22 16:44:00
4281,193,2,complete_lesson,198,2026-01-24 00:03:00
4282,193,3,search_topic,474,2026-01-26 00:23:00
4283,193,4,complete_lesson,534,2026-01-27 06:09:00
4284,193,5,view_resource,512,2026-01-28 17:12:00
4285,193,6,complete_lesson,369,2026-01-29 02:33:00
4286,193,7,complete_lesson,323,2026-01-30 06:26:00
4287,193,8,view_resource,394,2026-01-31 22:29:00
4288,193,9,view_resource,447,2026-02-01 11:00:00
4289,193,9,search_topic,444,2026-02-03 04:33:00
4290,193,9,search_topic,125,2026-02-04 21:43:00
4291,193,10,search_topic,199,2026-02-06 13:33:00
4292,193,11,view_resource,295,2026-02-07 04:19:00
4293,193,12,search_topic,483,2026-02-08 08:19:00
4294,193,13,complete_lesson,397,2026-02-09 08:30:00
4295,193,13,complete_lesson,520,2026-02-11 01:08:00
4296,193,13,complete_lesson,531,2026-02-12 06:18:00
4297,193,14,view_resource,465,2026-02-13 08:10:00
4298,193,15,view_resource,484,2026-02-15 04:36:00
4299,193,15,view_resource,321,2026-02-15 18:23:00
4300,193,16,view_resource,582,2026-02-16 09:23:00
4301,193,16,complete_lesson,200,2026-02-17 17:47:00
4302,193,17,search_topic,82,2026-02-19 09:29:00
4303,193,18,complete_lesson,110,2026-02-20 03:16:00
4304,194,1,complete_lesson,480,2026-02-02 15:05:00
4305,194,2,view_resource,345,2026-02-04 02:42:00
4306,194,3,search_topic,139,2026-02-05 07:03:00
4307,194,4,search_topic,333,2026-02-06 10:28:00
4308,194,5,search_topic,81,2026-02-08 03:29:00
4309,194,5,complete_lesson,499,2026-02-08 15:44:00
4310,194,6,view_resource,105,2026-02-09 15:31:00
4311,194,7,search_topic,435,2026-02-11 01:43:00
4312,194,8,view_resource,171,2026-02-12 19:25:00
4313,194,9,complete_lesson,172,2026-02-13 20:32:00
4314,194,10,search_topic,189,2026-02-14 09:22:00
4315,194,11,view_resource,239,2026-02-15 16:36:00
4316,194,12,view_resource,316,2026-02-16 17:21:00
4317,194,12,complete_lesson,202,2026-02-17 17:47:00
4318,194,13,search_topic,381,2026-02-19 03:43:00
4319,195,1,complete_lesson,533,2026-02-01 10:46:00
4320,195,1,search_topic,153,2026-02-01 18:26:00
4321,195,1,view_resource,306,2026-02-03 03:27:00
4322,195,2,view_resource,439,2026-02-03 21:33:00
4323,195,3,complete_lesson,398,2026-02-04 21:20:00
4324,195,3,view_resource,208,2026-02-05 04:44:00
4325,195,3,view_resource,465,2026-02-06 17:07:00
4326,195,4,view_resource,206,2026-02-08 16:04:00
4327,195,4,search_topic,126,2026-02-08 22:30:00
4328,195,4,complete_lesson,160,2026-02-09 21:47:00
4329,195,5,view_resource,486,2026-02-11 02:38:00
4330,195,6,complete_lesson,258,2026-02-12 12:21:00
4331,195,7,view_resource,475,2026-02-14 04:01:00
4332,195,8,view_resource,533,2026-02-15 12:50:00
4333,195,9,search_topic,233,2026-02-15 19:15:00
4334,195,9,view_resource,541,2026-02-17 18:45:00
4335,195,10,complete_lesson,515,2026-02-18 21:27:00
4336,195,10,search_topic,302,2026-02-19 03:06:00
4337,195,10,view_resource,118,2026-02-20 19:07:00
4338,195,11,search_topic,253,2026-02-21 04:35:00
4339,195,11,complete_lesson,354,2026-02-23 01:09:00
4340,195,11,complete_lesson,367,2026-02-24 12:48:00
4341,195,12,view_resource,402,2026-02-25 10:14:00
4342,195,12,view_resource,569,2026-02-26 02:26:00
4343,195,12,view_resource,72,2026-02-27 05:20:00
4344,195,13,complete_lesson,173,2026-02-27 18:13:00
4345,195,13,view_resource,452,2026-03-01 16:00:00
4346,195,14,view_resource,180,2026-03-03 07:49:00
4347,195,15,view_resource,345,2026-03-04 14:14:00
4348,195,16,view_resource,571,2026-03-05 23:06:00
4349,195,17,search_topic,596,2026-03-06 04:21:00
4350,195,18,search_topic,535,2026-03-07 15:42:00
4351,195,19,search_topic,470,2026-03-08 01:31:00
4352,195,20,complete_lesson,459,2026-03-08 17:06:00
4353,195,20,view_resource,212,2026-03-10 09:48:00
4354,196,1,search_topic,530,2026-01-30 04:32:00
4355,196,1,complete_lesson,105,2026-01-31 17:47:00
4356,196,2,search_topic,597,2026-02-02 02:24:00
4357,196,3,view_resource,561,2026-02-03 16:04:00
4358,196,4,complete_lesson,401,2026-02-04 14:09:00
4359,196,5,search_topic,540,2026-02-05 09:02:00
4360,196,6,view_resource,449,2026-02-05 15:34:00
4361,196,7,view_resource,490,2026-02-06 19:13:00
4362,196,8,view_resource,311,2026-02-07 14:02:00
4363,196,9,search_topic,548,2026-02-08 14:27:00
4364,196,10,search_topic,343,2026-02-09 21:01:00
4365,196,11,search_topic,221,2026-02-11 07:25:00
4366,197,1,view_resource,190,2026-01-13 02:42:00
4367,197,1,complete_lesson,582,2026-01-14 19:23:00
4368,197,2,complete_lesson,442,2026-01-16 16:02:00
4369,197,2,complete_lesson,566,2026-01-18 13:04:00
4370,197,2,complete_lesson,367,2026-01-19 23:37:00
4371,197,3,view_resource,574,2026-01-20 22:06:00
4372,197,4,view_resource,111,2026-01-22 15:11:00
4373,197,5,complete_lesson,420,2026-01-23 19:24:00
4374,197,6,complete_lesson,531,2026-01-24 11:50:00
4375,197,7,view_resource,339,2026-01-24 16:33:00
4376,197,7,view_resource,367,2026-01-25 02:41:00
4377,197,8,complete_lesson,213,2026-01-26 12:43:00
4378,197,8,view_resource,577,2026-01-26 16:16:00
4379,197,8,search_topic,176,2026-01-28 12:37:00
4380,197,9,complete_lesson,275,2026-01-30 05:17:00
4381,197,9,view_resource,163,2026-01-31 04:45:00
4382,197,9,view_resource,366,2026-02-01 04:21:00
4383,197,10,complete_lesson,225,2026-02-01 13:26:00
4384,197,11,view_resource,186,2026-02-02 19:36:00
4385,197,11,search_topic,233,2026-02-03 20:41:00
4386,197,12,complete_lesson,312,2026-02-05 07:08:00
4387,197,13,complete_lesson,543,2026-02-07 02:07:00
4388,197,14,view_resource,512,2026-02-08 18:14:00
4389,197,15,search_topic,147,2026-02-09 10:03:00
4390,197,15,complete_lesson,169,2026-02-10 01:19:00
4391,197,16,view_resource,403,2026-02-11 19:33:00
4392,197,17,view_resource,590,2026-02-13 00:29:00
4393,197,17,complete_lesson,387,2026-02-14 18:15:00
4394,197,18,search_topic,120,2026-02-15 21:05:00
4395,197,19,search_topic,165,2026-02-16 06:09:00
4396,197,20,complete_lesson,67,2026-02-17 03:02:00
4397,197,20,complete_lesson,466,2026-02-17 12:14:00
4398,197,20,view_resource,482,2026-02-19 05:30:00
4399,198,1,view_resource,112,2026-01-29 09:11:00
4400,198,2,search_topic,593,2026-01-30 08:25:00
4401,198,2,view_resource,210,2026-01-31 13:21:00
4402,198,2,view_resource,454,2026-02-01 04:21:00
4403,198,3,complete_lesson,186,2026-02-01 14:30:00
4404,198,3,search_topic,86,2026-02-02 06:44:00
4405,198,3,view_resource,282,2026-02-02 16:44:00
4406,198,4,view_resource,316,2026-02-03 06:05:00
4407,198,4,search_topic,317,2026-02-03 10:25:00
4408,198,4,view_resource,308,2026-02-04 01:01:00
4409,198,5,view_resource,518,2026-02-04 15:20:00
4410,198,5,search_topic,262,2026-02-05 19:09:00
4411,198,6,search_topic,496,2026-02-07 12:05:00
4412,198,6,search_topic,571,2026-02-08 17:19:00
4413,198,6,complete_lesson,242,2026-02-09 05:00:00
4414,198,7,complete_lesson,134,2026-02-09 22:49:00
4415,198,8,complete_lesson,200,2026-02-11 09:28:00
4416,198,8,view_resource,507,2026-02-12 06:03:00
4417,198,8,view_resource,242,2026-02-14 04:19:00
4418,198,9,view_resource,284,2026-02-14 22:15:00
4419,198,9,search_topic,255,2026-02-16 20:26:00
4420,198,9,view_resource,530,2026-02-18 17:15:00
4421,198,10,view_resource,420,2026-02-18 23:21:00
4422,198,10,search_topic,436,2026-02-20 20:13:00
4423,198,11,search_topic,255,2026-02-22 13:30:00
4424,198,11,view_resource,414,2026-02-23 08:50:00
4425,198,11,view_resource,567,2026-02-24 18:20:00
4426,198,12,search_topic,469,2026-02-25 17:38:00
4427,198,12,search_topic,484,2026-02-26 19:42:00
4428,198,12,complete_lesson,427,2026-02-27 03:46:00
4429,199,1,complete_lesson,400,2026-01-27 01:29:00
4430,199,1,view_resource,95,2026-01-27 11:03:00
4431,199,1,view_resource,483,2026-01-28 11:37:00
4432,199,2,complete_lesson,410,2026-01-28 21:44:00
4433,199,2,complete_lesson,294,2026-01-30 20:25:00
4434,199,2,complete_lesson,91,2026-01-31 22:34:00
4435,199,3,search_topic,558,2026-02-01 11:18:00
4436,199,4,view_resource,281,2026-02-02 03:10:00
4437,199,5,search_topic,295,2026-02-03 16:28:00
4438,199,6,complete_lesson,202,2026-02-05 00:43:00
4439,199,7,complete_lesson,282,2026-02-06 17:46:00
4440,199,7,view_resource,304,2026-02-07 02:44:00
4441,199,8,complete_lesson,402,2026-02-08 07:00:00
4442,199,8,view_resource,87,2026-02-10 00:35:00
4443,199,8,view_resource,487,2026-02-11 14:31:00
4444,199,9,view_resource,572,2026-02-13 13:41:00
4445,199,10,complete_lesson,492,2026-02-13 22:46:00
4446,199,11,view_resource,125,2026-02-15 06:32:00
4447,199,11,view_resource,274,2026-02-16 22:08:00
4448,199,11,search_topic,378,2026-02-17 10:08:00
4449,199,12,view_resource,481,2026-02-18 03:27:00
4450,199,13,complete_lesson,173,2026-02-19 08:38:00
4451,199,13,search_topic,526,2026-02-19 19:14:00
4452,199,14,search_topic,425,2026-02-21 18:23:00
4453,200,1,view_resource,595,2026-01-22 08:02:00
4454,200,2,complete_lesson,562,2026-01-23 23:23:00
4455,200,2,view_resource,282,2026-01-25 09:18:00
4456,200,2,view_resource,146,2026-01-26 19:16:00
4457,200,3,complete_lesson,578,2026-01-28 16:20:00
4458,200,3,search_topic,318,2026-01-29 10:30:00
4459,200,4,search_topic,288,2026-01-29 19:33:00
4460,200,4,view_resource,570,2026-01-30 06:13:00
4461,200,4,search_topic,101,2026-02-01 04:35:00
4462,200,5,search_topic,257,2026-02-02 15:14:00
4463,200,5,complete_lesson,304,2026-02-03 01:08:00
4464,200,6,search_topic,255,2026-02-04 04:01:00
4465,200,7,complete_lesson,293,2026-02-05 20:17:00
4466,200,7,view_resource,203,2026-02-06 20:47:00
4467,200,7,complete_lesson,261,2026-02-08 05:21:00
4468,200,8,search_topic,416,2026-02-08 12:04:00
4469,200,9,complete_lesson,588,2026-02-09 10:05:00
4470,200,9,search_topic,575,2026-02-11 03:17:00
4471,200,10,view_resource,92,2026-02-13 00:03:00
4472,200,11,complete_lesson,566,2026-02-13 21:02:00
4473,200,12,complete_lesson,563,2026-02-14 19:16:00
4474,200,13,search_topic,378,2026-02-15 05:15:00
4475,200,13,complete_lesson,323,2026-02-16 12:33:00
4476,200,14,complete_lesson,120,2026-02-17 10:06:00
4477,200,15,search_topic,534,2026-02-17 21:21:00
4478,200,16,complete_lesson,360,2026-02-18 21:36:00
4479,200,17,search_topic,493,2026-02-19 16:01:00
4480,201,1,view_resource,278,2026-01-05 19:10:00
4481,201,1,search_topic,163,2026-01-06 02:21:00
4482,201,1,search_topic,206,2026-01-07 10:34:00
4483,201,2,search_topic,184,2026-01-08 08:44:00
4484,201,3,complete_lesson,310,2026-01-08 17:42:00
4485,201,4,view_resource,230,2026-01-09 21:21:00
4486,201,4,complete_lesson,118,2026-01-11 00:49:00
4487,201,4,complete_lesson,337,2026-01-11 19:38:00
4488,201,5,view_resource,398,2026-01-12 23:37:00
4489,201,6,view_resource,404,2026-01-14 20:34:00
4490,201,7,view_resource,560,2026-01-15 01:44:00
4491,201,8,view_resource,240,2026-01-15 08:46:00
4492,201,9,complete_lesson,310,2026-01-15 22:03:00
4493,201,10,complete_lesson,182,2026-01-16 18:43:00
4494,201,10,search_topic,378,2026-01-18 00:33:00
4495,201,10,search_topic,341,2026-01-18 13:29:00
4496,201,11,view_resource,437,2026-01-20 03:47:00
4497,201,11,search_topic,378,2026-01-21 17:48:00
4498,201,12,complete_lesson,583,2026-01-22 19:47:00
4499,201,13,search_topic,590,2026-01-24 15:49:00
4500,201,13,complete_lesson,106,2026-01-25 16:19:00
4501,201,13,search_topic,521,2026-01-27 14:37:00
4502,201,14,search_topic,544,2026-01-28 02:19:00
4503,201,14,complete_lesson,459,2026-01-29 13:34:00
4504,201,15,view_resource,505,2026-01-30 12:50:00
4505,201,16,view_resource,528,2026-01-31 00:27:00
4506,201,16,search_topic,293,2026-02-01 03:00:00
4507,201,16,complete_lesson,448,2026-02-02 18:49:00
4508,201,17,complete_lesson,220,2026-02-02 23:27:00
4509,201,18,view_resource,287,2026-02-04 06:41:00
4510,201,18,complete_lesson,206,2026-02-06 02:25:00
4511,201,18,view_resource,548,2026-02-06 14:32:00
4512,201,19,view_resource,364,2026-02-07 02:35:00
4513,202,1,view_resource,530,2026-01-31 12:15:00
4514,202,2,complete_lesson,330,2026-02-01 07:14:00
4515,202,3,complete_lesson,422,2026-02-02 06:21:00
4516,202,4,complete_lesson,354,2026-02-03 14:07:00
4517,202,5,view_resource,208,2026-02-04 22:07:00
4518,202,6,search_topic,192,2026-02-06 16:20:00
4519,202,7,complete_lesson,101,2026-02-07 13:33:00
4520,202,8,search_topic,446,2026-02-09 11:36:00
4521,202,9,view_resource,225,2026-02-10 13:48:00
4522,202,10,view_resource,598,2026-02-12 12:05:00
4523,202,11,view_resource,271,2026-02-13 18:11:00
4524,202,12,complete_lesson,258,2026-02-14 12:04:00
4525,202,13,search_topic,251,2026-02-16 01:45:00
4526,202,14,complete_lesson,511,2026-02-16 07:02:00
4527,202,15,search_topic,594,2026-02-18 03:26:00
4528,202,16,complete_lesson,281,2026-02-19 07:19:00
4529,202,17,view_resource,259,2026-02-19 18:46:00
4530,202,18,view_resource,547,2026-02-21 16:11:00
4531,202,19,complete_lesson,257,2026-02-22 10:33:00
4532,203,1,search_topic,524,2026-01-11 06:08:00
4533,203,2,search_topic,212,2026-01-13 02:24:00
4534,203,3,view_resource,549,2026-01-14 20:45:00
4535,203,4,complete_lesson,415,2026-01-16 09:39:00
4536,203,5,complete_lesson,588,2026-01-16 15:04:00
4537,203,6,view_resource,262,2026-01-18 00:40:00
4538,203,7,search_topic,349,2026-01-18 07:46:00
4539,203,8,view_resource,108,2026-01-19 04:22:00
4540,203,9,complete_lesson,392,2026-01-20 15:29:00
4541,203,10,view_resource,370,2026-01-20 19:29:00
4542,203,11,complete_lesson,358,2026-01-22 03:07:00
4543,203,12,search_topic,187,2026-01-23 15:32:00
4544,203,13,search_topic,336,2026-01-24 14:02:00
4545,203,14,view_resource,558,2026-01-26 14:26:00
4546,203,14,search_topic,266,2026-01-27 10:14:00
4547,203,14,search_topic,446,2026-01-28 08:22:00
4548,204,1,search_topic,583,2026-01-19 14:03:00
4549,204,1,search_topic,382,2026-01-21 14:22:00
4550,204,1,view_resource,115,2026-01-22 11:25:00
4551,204,2,view_resource,576,2026-01-24 08:22:00
4552,204,2,search_topic,384,2026-01-26 03:37:00
4553,204,3,view_resource,501,2026-01-26 17:03:00
4554,204,4,complete_lesson,74,2026-01-27 13:33:00
4555,204,5,view_resource,581,2026-01-29 09:22:00
4556,204,5,complete_lesson,202,2026-01-30 12:02:00
4557,204,6,complete_lesson,568,2026-01-31 02:43:00
4558,204,6,view_resource,134,2026-01-31 15:41:00
4559,204,6,complete_lesson,528,2026-02-01 10:08:00
4560,204,7,complete_lesson,245,2026-02-01 21:29:00
4561,204,7,search_topic,60,2026-02-03 01:29:00
4562,204,7,search_topic,107,2026-02-04 12:06:00
4563,204,8,view_resource,475,2026-02-05 09:29:00
4564,204,9,search_topic,333,2026-02-06 21:11:00
4565,204,10,complete_lesson,104,2026-02-08 05:23:00
4566,204,10,complete_lesson,161,2026-02-08 11:33:00
4567,204,11,complete_lesson,141,2026-02-09 19:04:00
4568,204,12,view_resource,450,2026-02-10 17:35:00
4569,204,12,view_resource,141,2026-02-12 05:28:00
4570,204,13,complete_lesson,573,2026-02-12 09:23:00
4571,204,13,search_topic,571,2026-02-13 16:31:00
4572,204,14,search_topic,575,2026-02-14 10:18:00
4573,204,14,complete_lesson,236,2026-02-15 20:45:00
4574,204,15,search_topic,223,2026-02-16 14:43:00
4575,204,16,view_resource,66,2026-02-18 14:32:00
4576,204,17,complete_lesson,132,2026-02-19 16:27:00
4577,204,17,complete_lesson,448,2026-02-21 14:26:00
4578,205,1,complete_lesson,377,2026-01-21 17:27:00
4579,205,2,complete_lesson,441,2026-01-23 15:20:00
4580,205,3,search_topic,421,2026-01-24 11:42:00
4581,205,4,complete_lesson,249,2026-01-26 04:46:00
4582,205,5,search_topic,197,2026-01-27 20:13:00
4583,205,6,complete_lesson,205,2026-01-28 09:40:00
4584,205,7,search_topic,234,2026-01-29 12:12:00
4585,205,7,search_topic,598,2026-01-31 02:23:00
4586,205,7,complete_lesson,203,2026-02-02 01:31:00
4587,205,8,view_resource,323,2026-02-03 18:35:00
4588,205,9,view_resource,140,2026-02-05 10:44:00
4589,205,10,complete_lesson,573,2026-02-06 06:16:00
4590,205,10,complete_lesson,196,2026-02-07 06:06:00
4591,205,10,view_resource,411,2026-02-08 04:46:00
4592,205,11,search_topic,276,2026-02-09 00:30:00
4593,205,12,view_resource,307,2026-02-09 16:29:00
4594,205,12,search_topic,502,2026-02-10 18:35:00
4595,205,12,search_topic,423,2026-02-12 16:05:00
4596,205,13,search_topic,204,2026-02-14 14:30:00
4597,205,14,search_topic,173,2026-02-14 20:01:00
4598,205,15,complete_lesson,541,2026-02-15 16:24:00
4599,205,16,search_topic,350,2026-02-16 08:42:00
4600,206,1,complete_lesson,552,2026-01-07 10:14:00
4601,206,2,view_resource,566,2026-01-07 17:46:00
4602,206,3,search_topic,190,2026-01-09 12:50:00
4603,206,4,complete_lesson,137,2026-01-10 00:14:00
4604,206,5,search_topic,337,2026-01-11 04:24:00
4605,206,5,complete_lesson,404,2026-01-13 04:23:00
4606,206,5,search_topic,277,2026-01-14 10:07:00
4607,206,6,view_resource,390,2026-01-15 08:35:00
4608,206,7,complete_lesson,381,2026-01-16 05:30:00
4609,206,8,complete_lesson,223,2026-01-17 18:47:00
4610,206,9,view_resource,277,2026-01-18 20:03:00
4611,206,10,search_topic,536,2026-01-19 03:49:00
4612,206,10,view_resource,148,2026-01-19 15:49:00
4613,206,10,search_topic,238,2026-01-21 10:35:00
4614,206,11,complete_lesson,546,2026-01-22 05:10:00
4615,206,12,view_resource,508,2026-01-23 07:42:00
4616,206,13,view_resource,355,2026-01-24 01:21:00
4617,206,14,search_topic,312,2026-01-25 05:13:00
4618,206,15,view_resource,202,2026-01-26 23:46:00
4619,207,1,complete_lesson,221,2026-01-10 17:20:00
4620,207,2,view_resource,354,2026-01-12 12:22:00
4621,207,3,search_topic,104,2026-01-14 04:36:00
4622,207,4,complete_lesson,308,2026-01-15 22:14:00
4623,207,5,complete_lesson,245,2026-01-17 07:45:00
4624,207,6,search_topic,460,2026-01-19 06:09:00
4625,207,7,complete_lesson,254,2026-01-19 15:25:00
4626,207,8,search_topic,488,2026-01-20 13:13:00
4627,207,9,view_resource,229,2026-01-20 17:22:00
4628,207,10,search_topic,579,2026-01-21 17:22:00
4629,207,11,view_resource,252,2026-01-23 03:16:00
4630,207,12,view_resource,493,2026-01-23 07:37:00
4631,207,13,complete_lesson,516,2026-01-24 19:29:00
4632,208,1,complete_lesson,88,2026-01-08 09:35:00
4633,208,2,complete_lesson,483,2026-01-09 00:17:00
4634,208,3,complete_lesson,380,2026-01-10 06:19:00
4635,208,3,view_resource,587,2026-01-10 23:27:00
4636,208,3,complete_lesson,465,2026-01-11 09:14:00
4637,208,4,complete_lesson,72,2026-01-12 12:48:00
4638,208,4,view_resource,284,2026-01-14 08:22:00
4639,208,4,complete_lesson,338,2026-01-15 08:17:00
4640,208,5,view_resource,393,2026-01-17 00:45:00
4641,208,6,search_topic,262,2026-01-18 10:21:00
4642,208,7,complete_lesson,207,2026-01-19 15:23:00
4643,208,8,complete_lesson,218,2026-01-21 01:39:00
4644,208,9,search_topic,212,2026-01-21 06:31:00
4645,208,10,view_resource,149,2026-01-21 19:05:00
4646,208,10,search_topic,463,2026-01-23 18:42:00
4647,208,10,complete_lesson,396,2026-01-25 09:38:00
4648,208,11,search_topic,361,2026-01-26 23:02:00
4649,208,11,view_resource,111,2026-01-28 10:22:00
4650,208,12,complete_lesson,287,2026-01-29 17:23:00
4651,208,12,search_topic,376,2026-01-31 16:37:00
4652,208,13,complete_lesson,403,2026-02-01 18:13:00
4653,208,13,view_resource,548,2026-02-02 09:00:00
4654,208,13,view_resource,275,2026-02-03 00:01:00
4655,208,14,search_topic,482,2026-02-04 11:16:00
4656,208,15,complete_lesson,538,2026-02-05 21:39:00
4657,208,16,complete_lesson,162,2026-02-07 04:31:00
4658,208,16,search_topic,109,2026-02-08 22:26:00
4659,208,17,search_topic,594,2026-02-10 13:20:00
4660,208,17,complete_lesson,320,2026-02-12 08:49:00
4661,208,17,search_topic,428,2026-02-13 03:45:00
4662,208,18,search_topic,366,2026-02-14 03:33:00
4663,208,18,view_resource,300,2026-02-14 10:44:00
4664,208,18,complete_lesson,255,2026-02-16 00:33:00
4665,209,1,view_resource,565,2026-01-22 11:19:00
4666,209,2,view_resource,153,2026-01-24 07:01:00
4667,209,3,search_topic,435,2026-01-24 12:39:00
4668,209,4,view_resource,308,2026-01-24 22:25:00
4669,209,5,search_topic,241,2026-01-25 06:45:00
4670,209,5,view_resource,496,2026-01-25 20:20:00
4671,209,5,search_topic,416,2026-01-26 11:12:00
4672,209,6,search_topic,74,2026-01-27 20:50:00
4673,209,7,search_topic,141,2026-01-29 17:21:00
4674,209,8,complete_lesson,376,2026-01-30 10:17:00
4675,209,9,complete_lesson,351,2026-01-31 20:04:00
4676,209,9,view_resource,536,2026-02-02 07:10:00
4677,209,9,complete_lesson,71,2026-02-02 14:42:00
4678,209,10,view_resource,107,2026-02-03 05:11:00
4679,209,11,search_topic,176,2026-02-04 19:39:00
4680,209,12,complete_lesson,279,2026-02-05 23:39:00
4681,209,13,view_resource,521,2026-02-06 11:26:00
4682,209,14,complete_lesson,538,2026-02-07 01:14:00
4683,209,15,search_topic,87,2026-02-07 18:44:00
4684,209,16,complete_lesson,539,2026-02-09 02:00:00
4685,209,17,complete_lesson,158,2026-02-09 14:29:00
4686,209,18,view_resource,235,2026-02-10 21:48:00
4687,209,19,complete_lesson,273,2026-02-12 07:09:00
4688,210,1,search_topic,347,2026-01-09 02:01:00
4689,210,2,complete_lesson,573,2026-01-10 02:30:00
4690,210,3,complete_lesson,576,2026-01-11 13:34:00
4691,210,4,search_topic,292,2026-01-11 20:49:00
4692,210,5,search_topic,297,2026-01-13 18:30:00
4693,210,6,search_topic,513,2026-01-14 08:35:00
4694,210,7,search_topic,301,2026-01-14 23:42:00
4695,210,8,view_resource,497,2026-01-15 13:38:00
4696,210,9,complete_lesson,90,2026-01-15 21:39:00
4697,210,10,complete_lesson,546,2026-01-16 05:46:00
4698,210,11,complete_lesson,506,2026-01-18 03:18:00
4699,210,12,complete_lesson,117,2026-01-20 01:22:00
4700,210,12,complete_lesson,142,2026-01-21 23:35:00
4701,210,12,search_topic,123,2026-01-23 13:43:00
4702,210,13,complete_lesson,535,2026-01-25 13:22:00
4703,210,13,complete_lesson,192,2026-01-26 19:33:00
4704,210,14,view_resource,520,2026-01-28 05:23:00
4705,211,1,view_resource,64,2026-01-20 05:34:00
4706,211,1,search_topic,226,2026-01-21 07:22:00
4707,211,2,complete_lesson,246,2026-01-21 23:16:00
4708,211,3,complete_lesson,235,2026-01-23 02:11:00
4709,211,4,search_topic,76,2026-01-24 22:40:00
4710,211,5,search_topic,493,2026-01-26 17:38:00
4711,211,6,view_resource,525,2026-01-27 21:35:00
4712,211,6,complete_lesson,415,2026-01-29 14:42:00
4713,211,7,complete_lesson,474,2026-01-31 05:40:00
4714,211,8,view_resource,300,2026-02-01 00:31:00
4715,211,9,complete_lesson,259,2026-02-01 14:35:00
4716,211,9,search_topic,196,2026-02-02 11:45:00
4717,211,9,search_topic,411,2026-02-03 14:39:00
4718,211,10,search_topic,489,2026-02-04 19:39:00
4719,211,11,complete_lesson,431,2026-02-06 04:05:00
4720,211,12,view_resource,538,2026-02-07 02:29:00
4721,211,13,view_resource,142,2026-02-08 18:10:00
4722,211,14,search_topic,172,2026-02-10 14:27:00
4723,211,15,search_topic,237,2026-02-11 20:34:00
4724,211,16,complete_lesson,237,2026-02-13 13:34:00
4725,211,17,search_topic,567,2026-02-14 06:27:00
4726,212,1,complete_lesson,182,2026-01-28 18:34:00
4727,212,1,search_topic,285,2026-01-29 21:33:00
4728,212,2,search_topic,235,2026-01-30 16:34:00
4729,212,2,view_resource,575,2026-01-31 16:45:00
4730,212,2,view_resource,549,2026-02-01 04:16:00
4731,212,3,search_topic,132,2026-02-01 18:33:00
4732,212,3,search_topic,458,2026-02-03 14:43:00
4733,212,4,complete_lesson,164,2026-02-05 10:41:00
4734,212,4,search_topic,97,2026-02-05 18:26:00
4735,212,4,complete_lesson,508,2026-02-06 19:45:00
4736,212,5,view_resource,143,2026-02-07 09:24:00
4737,212,6,search_topic,485,2026-02-08 19:00:00
4738,212,7,view_resource,460,2026-02-10 15:45:00
4739,212,8,complete_lesson,449,2026-02-11 18:11:00
4740,212,9,view_resource,129,2026-02-13 06:32:00
4741,212,9,complete_lesson,461,2026-02-13 15:50:00
4742,212,10,search_topic,493,2026-02-15 02:46:00
4743,212,11,complete_lesson,339,2026-02-16 05:21:00
4744,212,12,complete_lesson,575,2026-02-17 12:40:00
4745,212,12,complete_lesson,549,2026-02-19 05:14:00
4746,212,12,search_topic,273,2026-02-20 15:26:00
4747,212,13,complete_lesson,283,2026-02-21 14:12:00
4748,212,14,view_resource,117,2026-02-21 18:35:00
4749,212,15,complete_lesson,452,2026-02-23 07:23:00
4750,212,16,complete_lesson,77,2026-02-24 00:19:00
4751,212,16,view_resource,118,2026-02-25 00:45:00
4752,212,17,search_topic,352,2026-02-25 14:44:00
4753,212,18,search_topic,417,2026-02-26 11:00:00
4754,212,19,complete_lesson,310,2026-02-27 16:20:00
4755,213,1,search_topic,431,2026-01-24 07:01:00
4756,213,2,search_topic,421,2026-01-25 18:04:00
4757,213,3,search_topic,357,2026-01-26 02:24:00
4758,213,4,complete_lesson,233,2026-01-26 09:40:00
4759,213,4,view_resource,340,2026-01-27 19:14:00
4760,213,4,complete_lesson,225,2026-01-29 18:37:00
4761,213,5,search_topic,114,2026-01-31 17:41:00
4762,213,5,complete_lesson,335,2026-02-01 00:48:00
4763,213,6,search_topic,144,2026-02-01 20:42:00
4764,213,7,search_topic,408,2026-02-03 06:46:00
4765,213,7,complete_lesson,444,2026-02-03 22:05:00
4766,213,8,search_topic,231,2026-02-04 06:49:00
4767,213,8,view_resource,467,2026-02-05 03:00:00
4768,213,9,complete_lesson,253,2026-02-05 11:22:00
4769,213,10,view_resource,579,2026-02-07 05:48:00
4770,213,10,view_resource,552,2026-02-08 03:45:00
4771,213,11,search_topic,296,2026-02-08 22:47:00
4772,213,12,complete_lesson,500,2026-02-09 07:47:00
4773,213,12,search_topic,263,2026-02-11 05:45:00
4774,213,13,search_topic,306,2026-02-11 19:24:00
4775,213,13,complete_lesson,570,2026-02-13 06:21:00
4776,213,13,complete_lesson,527,2026-02-14 15:26:00
4777,213,14,search_topic,173,2026-02-14 22:11:00
4778,213,14,view_resource,426,2026-02-15 23:01:00
4779,213,14,complete_lesson,269,2026-02-16 10:14:00
4780,213,15,view_resource,256,2026-02-16 17:06:00
4781,213,16,complete_lesson,404,2026-02-17 01:03:00
4782,213,16,complete_lesson,77,2026-02-17 06:23:00
4783,213,16,complete_lesson,510,2026-02-17 18:32:00
4784,213,17,complete_lesson,220,2026-02-18 17:44:00
4785,213,18,complete_lesson,199,2026-02-19 15:21:00
4786,213,18,complete_lesson,315,2026-02-21 15:47:00
4787,213,19,view_resource,413,2026-02-23 07:40:00
4788,214,1,complete_lesson,174,2026-01-10 02:40:00
4789,214,2,search_topic,146,2026-01-10 22:13:00
4790,214,3,view_resource,453,2026-01-11 21:07:00
4791,214,3,search_topic,342,2026-01-12 22:30:00
4792,214,3,complete_lesson,502,2026-01-14 03:34:00
4793,214,4,complete_lesson,233,2026-01-15 20:31:00
4794,214,5,complete_lesson,321,2026-01-17 09:19:00
4795,214,5,complete_lesson,559,2026-01-17 13:12:00
4796,214,5,search_topic,368,2026-01-19 12:26:00
4797,214,6,complete_lesson,206,2026-01-21 07:02:00
4798,214,7,search_topic,88,2026-01-21 13:47:00
4799,214,8,view_resource,567,2026-01-21 21:35:00
4800,214,9,search_topic,365,2026-01-22 16:50:00
4801,214,10,complete_lesson,334,2026-01-23 04:28:00
4802,214,11,search_topic,574,2026-01-24 15:05:00
4803,214,12,search_topic,406,2026-01-26 06:45:00
4804,215,1,complete_lesson,427,2026-01-11 04:03:00
4805,215,2,complete_lesson,484,2026-01-12 10:15:00
4806,215,2,search_topic,305,2026-01-14 03:24:00
4807,215,3,search_topic,439,2026-01-14 23:30:00
4808,215,4,complete_lesson,252,2026-01-15 07:39:00
4809,215,5,view_resource,191,2026-01-15 20:45:00
4810,215,5,search_topic,521,2026-01-16 09:03:00
4811,215,5,complete_lesson,557,2026-01-17 08:15:00
4812,215,6,view_resource,147,2026-01-19 04:14:00
4813,215,6,view_resource,566,2026-01-20 11:10:00
4814,215,6,search_topic,247,2026-01-20 18:39:00
4815,215,7,view_resource,183,2026-01-21 03:42:00
4816,215,7,search_topic,70,2026-01-22 13:43:00
4817,215,7,search_topic,152,2026-01-24 00:14:00
4818,215,8,search_topic,431,2026-01-25 09:08:00
4819,215,9,view_resource,416,2026-01-25 22:24:00
4820,215,10,search_topic,356,2026-01-27 09:40:00
4821,215,10,view_resource,365,2026-01-29 03:50:00
4822,215,11,view_resource,375,2026-01-29 17:01:00
4823,215,12,complete_lesson,190,2026-01-31 17:07:00
4824,215,12,view_resource,178,2026-02-01 11:15:00
4825,215,13,search_topic,499,2026-02-02 06:07:00
4826,215,14,search_topic,128,2026-02-04 04:15:00
4827,215,14,search_topic,125,2026-02-05 05:05:00
4828,215,14,search_topic,140,2026-02-05 15:21:00
4829,215,15,view_resource,461,2026-02-07 11:09:00
4830,215,16,view_resource,484,2026-02-08 02:30:00
4831,215,16,view_resource,265,2026-02-09 19:07:00
4832,215,17,view_resource,290,2026-02-10 10:19:00
4833,215,18,view_resource,219,2026-02-11 02:05:00
4834,215,18,search_topic,518,2026-02-11 22:06:00
4835,215,18,search_topic,410,2026-02-12 23:47:00
4836,215,19,complete_lesson,123,2026-02-13 18:21:00
4837,215,19,complete_lesson,397,2026-02-14 02:41:00
4838,215,19,search_topic,133,2026-02-15 00:18:00
4839,215,20,view_resource,64,2026-02-16 12:05:00
4840,215,20,complete_lesson,512,2026-02-16 20:19:00
4841,215,20,complete_lesson,146,2026-02-18 02:24:00
4842,216,1,view_resource,197,2026-01-12 01:05:00
4843,216,2,search_topic,335,2026-01-12 11:05:00
4844,216,3,search_topic,372,2026-01-12 16:15:00
4845,216,4,complete_lesson,387,2026-01-13 14:21:00
4846,216,5,search_topic,507,2026-01-14 19:29:00
4847,216,5,view_resource,152,2026-01-16 15:06:00
4848,216,6,view_resource,273,2026-01-17 20:14:00
4849,216,7,view_resource,179,2026-01-19 13:13:00
4850,216,7,view_resource,485,2026-01-20 11:26:00
4851,216,8,search_topic,102,2026-01-21 17:22:00
4852,216,9,search_topic,162,2026-01-22 11:46:00
4853,216,10,view_resource,513,2026-01-23 16:40:00
4854,216,11,search_topic,289,2026-01-25 00:26:00
4855,216,12,search_topic,62,2026-01-26 09:28:00
4856,216,13,search_topic,477,2026-01-27 07:19:00
4857,216,13,complete_lesson,266,2026-01-28 17:12:00
4858,216,14,complete_lesson,337,2026-01-30 11:23:00
4859,216,15,search_topic,111,2026-01-31 22:02:00
4860,216,16,complete_lesson,277,2026-02-02 12:44:00
4861,216,16,complete_lesson,489,2026-02-03 00:42:00
4862,216,17,view_resource,373,2026-02-04 23:50:00
4863,217,1,search_topic,73,2026-01-06 23:48:00
4864,217,2,complete_lesson,323,2026-01-07 05:25:00
4865,217,3,view_resource,471,2026-01-09 01:02:00
4866,217,4,view_resource,169,2026-01-09 07:14:00
4867,217,4,complete_lesson,129,2026-01-10 20:17:00
4868,217,4,view_resource,418,2026-01-11 14:32:00
4869,217,5,view_resource,102,2026-01-12 05:38:00
4870,217,5,view_resource,360,2026-01-13 07:40:00
4871,217,5,view_resource,381,2026-01-15 05:14:00
4872,217,6,view_resource,312,2026-01-16 22:15:00
4873,217,7,complete_lesson,97,2026-01-18 04:10:00
4874,217,8,view_resource,266,2026-01-19 17:01:00
4875,217,9,complete_lesson,283,2026-01-21 14:16:00
4876,217,10,view_resource,582,2026-01-23 14:38:00
4877,217,11,search_topic,518,2026-01-25 06:05:00
4878,217,12,view_resource,416,2026-01-26 18:31:00
4879,217,13,view_resource,139,2026-01-27 05:20:00
4880,217,14,complete_lesson,565,2026-01-28 13:46:00
4881,218,1,view_resource,219,2026-01-07 11:17:00
4882,218,1,view_resource,426,2026-01-08 19:18:00
4883,218,1,search_topic,73,2026-01-10 14:37:00
4884,218,2,search_topic,233,2026-01-12 03:33:00
4885,218,2,complete_lesson,391,2026-01-13 21:29:00
4886,218,3,complete_lesson,324,2026-01-15 02:06:00
4887,218,4,view_resource,423,2026-01-16 02:22:00
4888,218,4,search_topic,209,2026-01-17 01:30:00
4889,218,5,search_topic,434,2026-01-18 17:44:00
4890,218,5,complete_lesson,547,2026-01-19 03:35:00
4891,218,5,complete_lesson,530,2026-01-19 21:23:00
4892,218,6,search_topic,69,2026-01-21 18:12:00
4893,218,7,complete_lesson,391,2026-01-22 02:06:00
4894,218,8,complete_lesson,412,2026-01-23 09:26:00
4895,218,9,complete_lesson,201,2026-01-25 01:33:00
4896,218,9,complete_lesson,405,2026-01-26 01:04:00
4897,218,9,search_topic,196,2026-01-27 11:25:00
4898,218,10,complete_lesson,208,2026-01-29 07:21:00
4899,218,11,search_topic,583,2026-01-31 05:10:00
4900,218,11,search_topic,316,2026-02-01 09:20:00
4901,218,11,view_resource,540,2026-02-02 15:49:00
4902,218,12,search_topic,249,2026-02-04 01:24:00
4903,218,12,view_resource,185,2026-02-05 14:00:00
4904,218,13,search_topic,239,2026-02-07 06:06:00
4905,218,14,search_topic,316,2026-02-08 11:04:00
4906,218,15,search_topic,228,2026-02-09 14:30:00
4907,218,15,view_resource,147,2026-02-11 04:34:00
4908,218,16,view_resource,222,2026-02-11 22:18:00
4909,218,17,complete_lesson,449,2026-02-12 21:27:00
4910,218,17,search_topic,507,2026-02-14 05:09:00
4911,218,17,search_topic,435,2026-02-14 17:47:00
4912,218,18,complete_lesson,275,2026-02-15 23:31:00
4913,218,18,search_topic,239,2026-02-17 07:37:00
4914,218,18,search_topic,509,2026-02-17 12:39:00
4915,218,19,search_topic,278,2026-02-18 10:25:00
4916,218,19,view_resource,360,2026-02-19 03:26:00
4917,218,19,complete_lesson,215,2026-02-19 09:18:00
4918,218,20,view_resource,587,2026-02-21 09:32:00
4919,219,1,view_resource,320,2026-01-19 15:09:00
4920,219,2,search_topic,160,2026-01-19 21:26:00
4921,219,2,view_resource,207,2026-01-21 03:17:00
4922,219,2,view_resource,357,2026-01-22 00:02:00
4923,219,3,complete_lesson,137,2026-01-23 04:02:00
4924,219,4,complete_lesson,484,2026-01-24 03:03:00
4925,219,4,view_resource,458,2026-01-24 09:50:00
4926,219,4,view_resource,512,2026-01-25 07:34:00
4927,219,5,search_topic,448,2026-01-26 19:42:00
4928,219,6,search_topic,354,2026-01-27 00:30:00
4929,219,7,view_resource,241,2026-01-27 13:07:00
4930,219,8,view_resource,531,2026-01-28 05:46:00
4931,219,8,complete_lesson,235,2026-01-28 13:11:00
4932,219,8,search_topic,86,2026-01-30 02:28:00
4933,219,9,complete_lesson,299,2026-01-31 09:36:00
4934,219,9,view_resource,320,2026-02-02 07:21:00
4935,219,10,search_topic,229,2026-02-03 03:32:00
4936,219,11,search_topic,133,2026-02-03 17:28:00
4937,219,12,complete_lesson,202,2026-02-05 05:43:00
4938,219,13,complete_lesson,500,2026-02-05 09:40:00
4939,219,13,view_resource,548,2026-02-06 10:03:00
4940,219,13,search_topic,124,2026-02-07 04:36:00
4941,219,14,view_resource,434,2026-02-07 11:48:00
4942,219,15,view_resource,295,2026-02-08 07:18:00
4943,219,16,complete_lesson,423,2026-02-10 06:34:00
4944,219,17,view_resource,255,2026-02-11 21:36:00
4945,219,18,complete_lesson,311,2026-02-12 17:42:00
4946,219,18,view_resource,400,2026-02-14 10:47:00
4947,219,18,complete_lesson,168,2026-02-15 07:29:00
4948,219,19,complete_lesson,234,2026-02-16 22:44:00
4949,219,20,search_topic,169,2026-02-17 18:06:00
4950,219,20,complete_lesson,70,2026-02-18 02:49:00
4951,220,1,search_topic,465,2026-02-02 22:29:00
4952,220,2,complete_lesson,474,2026-02-04 08:26:00
4953,220,3,complete_lesson,541,2026-02-05 13:34:00
4954,220,4,view_resource,573,2026-02-05 17:10:00
4955,220,4,search_topic,348,2026-02-06 06:50:00
4956,220,4,complete_lesson,179,2026-02-07 05:25:00
4957,220,5,view_resource,500,2026-02-08 06:24:00
4958,220,5,view_resource,282,2026-02-09 21:08:00
4959,220,5,search_topic,131,2026-02-10 07:21:00
4960,220,6,complete_lesson,334,2026-02-10 15:40:00
4961,220,6,view_resource,285,2026-02-12 10:50:00
4962,220,6,complete_lesson,306,2026-02-13 03:12:00
4963,220,7,complete_lesson,252,2026-02-13 09:39:00
4964,220,7,view_resource,357,2026-02-15 03:05:00
4965,220,8,search_topic,371,2026-02-15 23:21:00
4966,220,9,complete_lesson,97,2026-02-16 15:33:00
4967,220,9,complete_lesson,529,2026-02-18 08:16:00
4968,220,10,view_resource,454,2026-02-19 09:44:00
4969,220,10,complete_lesson,81,2026-02-19 15:29:00
4970,220,11,view_resource,112,2026-02-21 05:17:00
4971,220,11,search_topic,568,2026-02-21 10:30:00
4972,220,12,view_resource,166,2026-02-21 16:07:00
4973,220,13,search_topic,494,2026-02-23 14:14:00
4974,220,13,complete_lesson,245,2026-02-25 07:36:00
4975,220,14,complete_lesson,510,2026-02-25 18:15:00
4976,220,15,search_topic,223,2026-02-26 07:15:00
4977,221,1,search_topic,581,2026-01-27 10:27:00
4978,221,1,search_topic,125,2026-01-29 07:11:00
4979,221,1,view_resource,416,2026-01-30 12:07:00
4980,221,2,search_topic,344,2026-01-31 04:37:00
4981,221,2,search_topic,388,2026-02-01 13:27:00
4982,221,3,search_topic,321,2026-02-03 00:34:00
4983,221,4,view_resource,338,2026-02-03 21:48:00
4984,221,5,view_resource,112,2026-02-04 10:04:00
4985,221,6,view_resource,480,2026-02-05 18:17:00
4986,221,7,search_topic,372,2026-02-07 09:41:00
4987,221,8,complete_lesson,212,2026-02-08 06:27:00
4988,221,9,complete_lesson,342,2026-02-09 12:22:00
4989,221,10,search_topic,309,2026-02-11 03:08:00
4990,221,10,search_topic,390,2026-02-12 13:38:00
4991,221,11,complete_lesson,567,2026-02-13 15:21:00
4992,221,12,complete_lesson,356,2026-02-14 20:36:00
4993,221,13,view_resource,107,2026-02-15 10:32:00
4994,221,14,view_resource,508,2026-02-16 21:43:00
4995,221,14,search_topic,539,2026-02-17 10:44:00
4996,221,15,complete_lesson,242,2026-02-18 10:06:00
4997,221,16,search_topic,163,2026-02-18 15:19:00
4998,221,16,view_resource,508,2026-02-19 21:48:00
4999,221,16,view_resource,465,2026-02-20 10:10:00
5000,221,17,complete_lesson,554,2026-02-21 10:42:00
5001,221,18,search_topic,105,2026-02-22 19:07:00
5002,221,18,search_topic,170,2026-02-23 12:30:00
5003,222,1,complete_lesson,90,2026-02-01 14:06:00
5004,222,2,search_topic,116,2026-02-01 23:05:00
5005,222,3,view_resource,392,2026-02-03 04:36:00
5006,222,4,search_topic,481,2026-02-03 18:14:00
5007,222,5,complete_lesson,135,2026-02-04 08:21:00
5008,222,6,search_topic,92,2026-02-05 23:29:00
5009,222,7,search_topic,454,2026-02-06 17:32:00
5010,222,8,complete_lesson,71,2026-02-07 23:03:00
5011,222,9,complete_lesson,96,2026-02-09 02:15:00
5012,222,10,view_resource,411,2026-02-09 23:07:00
5013,222,11,complete_lesson,466,2026-02-11 13:12:00
5014,222,11,complete_lesson,85,2026-02-12 02:48:00
5015,222,11,complete_lesson,124,2026-02-13 06:27:00
5016,222,12,search_topic,265,2026-02-15 06:20:00
5017,222,12,view_resource,236,2026-02-16 19:21:00
5018,222,13,search_topic,80,2026-02-17 15:08:00
5019,222,14,complete_lesson,151,2026-02-18 05:25:00
5020,222,15,complete_lesson,403,2026-02-18 18:35:00
5021,223,1,view_resource,582,2026-01-27 19:44:00
5022,223,2,search_topic,513,2026-01-28 16:46:00
5023,223,3,search_topic,317,2026-01-28 22:35:00
5024,223,4,search_topic,182,2026-01-30 13:42:00
5025,223,4,search_topic,315,2026-01-31 18:50:00
5026,223,5,search_topic,72,2026-01-31 23:29:00
5027,223,6,view_resource,281,2026-02-01 05:32:00
5028,223,6,search_topic,175,2026-02-01 10:06:00
5029,223,6,search_topic,286,2026-02-01 17:29:00
5030,223,7,search_topic,98,2026-02-03 15:10:00
5031,223,8,search_topic,370,2026-02-03 23:24:00
5032,223,9,complete_lesson,518,2026-02-04 13:23:00
5033,223,10,search_topic,415,2026-02-05 00:14:00
5034,223,11,complete_lesson,581,2026-02-05 14:15:00
5035,223,12,view_resource,458,2026-02-07 14:50:00
5036,224,1,search_topic,503,2026-01-16 17:27:00
5037,224,2,complete_lesson,460,2026-01-18 04:28:00
5038,224,3,search_topic,413,2026-01-20 00:47:00
5039,224,3,search_topic,465,2026-01-20 23:32:00
5040,224,3,view_resource,454,2026-01-22 20:41:00
5041,224,4,view_resource,291,2026-01-23 20:49:00
5042,224,4,search_topic,560,2026-01-25 06:26:00
5043,224,4,view_resource,282,2026-01-26 02:08:00
5044,224,5,complete_lesson,181,2026-01-27 05:18:00
5045,224,6,view_resource,590,2026-01-28 17:36:00
5046,224,7,search_topic,421,2026-01-29 06:14:00
5047,224,7,view_resource,75,2026-01-30 20:23:00
5048,224,8,search_topic,484,2026-02-01 15:41:00
5049,224,9,view_resource,144,2026-02-02 05:39:00
5050,224,10,search_topic,412,2026-02-03 01:29:00
5051,224,11,view_resource,224,2026-02-04 16:00:00
5052,224,12,complete_lesson,142,2026-02-06 04:07:00
5053,225,1,view_resource,455,2026-01-22 21:08:00
5054,225,2,view_resource,344,2026-01-24 06:44:00
5055,225,3,search_topic,282,2026-01-26 06:39:00
5056,225,3,search_topic,501,2026-01-27 01:08:00
5057,225,4,search_topic,558,2026-01-28 21:03:00
5058,225,4,view_resource,112,2026-01-29 17:05:00
5059,225,4,complete_lesson,61,2026-01-30 03:15:00
5060,225,5,view_resource,146,2026-01-31 12:09:00
5061,225,6,search_topic,287,2026-02-01 22:38:00
5062,225,7,view_resource,192,2026-02-02 11:42:00
5063,225,7,complete_lesson,548,2026-02-03 07:22:00
5064,225,8,view_resource,228,2026-02-04 03:44:00
5065,225,9,complete_lesson,598,2026-02-04 18:31:00
5066,225,9,complete_lesson,254,2026-02-06 01:17:00
5067,225,10,complete_lesson,240,2026-02-07 12:00:00
5068,225,10,complete_lesson,533,2026-02-07 17:29:00
5069,225,10,search_topic,312,2026-02-09 17:27:00
5070,225,11,complete_lesson,310,2026-02-11 01:07:00
5071,225,11,view_resource,115,2026-02-12 18:41:00
5072,225,12,search_topic,545,2026-02-14 00:13:00
5073,225,12,search_topic,523,2026-02-14 22:17:00
5074,225,13,search_topic,484,2026-02-16 14:03:00
5075,225,14,search_topic,395,2026-02-17 14:00:00
5076,225,14,view_resource,403,2026-02-19 07:03:00
5077,225,14,complete_lesson,112,2026-02-20 15:45:00
5078,225,15,complete_lesson,261,2026-02-22 02:18:00
5079,225,16,search_topic,565,2026-02-23 00:07:00
5080,225,16,search_topic,217,2026-02-24 09:00:00
5081,226,1,search_topic,321,2026-01-02 10:39:00
5082,226,2,complete_lesson,147,2026-01-03 16:30:00
5083,226,3,view_resource,467,2026-01-04 02:22:00
5084,226,4,complete_lesson,587,2026-01-04 06:06:00
5085,226,5,search_topic,360,2026-01-04 20:04:00
5086,226,6,complete_lesson,588,2026-01-05 22:38:00
5087,226,6,complete_lesson,187,2026-01-06 04:13:00
5088,226,7,complete_lesson,270,2026-01-06 19:02:00
5089,226,8,search_topic,555,2026-01-08 02:19:00
5090,226,9,complete_lesson,553,2026-01-08 14:30:00
5091,226,10,complete_lesson,61,2026-01-10 11:20:00
5092,226,11,view_resource,482,2026-01-12 10:45:00
5093,226,12,complete_lesson,462,2026-01-12 16:05:00
5094,226,12,search_topic,339,2026-01-13 22:20:00
5095,226,12,search_topic,152,2026-01-14 11:21:00
5096,226,13,search_topic,310,2026-01-15 05:00:00
5097,226,14,search_topic,440,2026-01-15 18:05:00
5098,226,15,complete_lesson,271,2026-01-17 02:30:00
5099,226,16,search_topic,571,2026-01-18 17:39:00
5100,226,17,complete_lesson,334,2026-01-20 11:04:00
5101,226,18,search_topic,269,2026-01-21 02:08:00
5102,227,1,complete_lesson,401,2026-01-29 15:25:00
5103,227,2,complete_lesson,125,2026-01-31 08:10:00
5104,227,3,complete_lesson,265,2026-02-01 01:26:00
5105,227,3,view_resource,427,2026-02-01 14:07:00
5106,227,4,search_topic,116,2026-02-03 02:31:00
5107,227,5,view_resource,547,2026-02-03 19:03:00
5108,227,6,complete_lesson,227,2026-02-05 13:02:00
5109,227,7,search_topic,122,2026-02-07 03:29:00
5110,227,8,search_topic,453,2026-02-07 09:12:00
5111,227,8,search_topic,247,2026-02-09 03:20:00
5112,227,8,view_resource,282,2026-02-09 07:01:00
5113,227,9,complete_lesson,328,2026-02-09 19:24:00
5114,227,10,complete_lesson,571,2026-02-11 09:20:00
5115,227,11,search_topic,443,2026-02-12 22:46:00
5116,227,12,search_topic,433,2026-02-14 04:29:00
5117,227,13,view_resource,390,2026-02-14 22:15:00
5118,228,1,view_resource,241,2026-01-06 15:12:00
5119,228,1,view_resource,509,2026-01-07 09:17:00
5120,228,2,search_topic,479,2026-01-08 01:31:00
5121,228,3,complete_lesson,332,2026-01-09 14:24:00
5122,228,4,view_resource,165,2026-01-10 23:02:00
5123,228,5,search_topic,551,2026-01-12 22:30:00
5124,228,5,complete_lesson,86,2026-01-14 03:03:00
5125,228,6,view_resource,61,2026-01-16 00:15:00
5126,228,7,complete_lesson,326,2026-01-17 23:34:00
5127,228,8,search_topic,497,2026-01-18 16:26:00
5128,228,9,view_resource,299,2026-01-19 20:31:00
5129,228,9,complete_lesson,294,2026-01-21 04:38:00
5130,228,10,search_topic,500,2026-01-21 17:40:00
5131,229,1,view_resource,570,2026-01-05 03:35:00
5132,229,1,view_resource,178,2026-01-06 01:12:00
5133,229,2,view_resource,549,2026-01-06 21:09:00
5134,229,3,complete_lesson,521,2026-01-07 05:35:00
5135,229,4,complete_lesson,177,2026-01-08 21:12:00
5136,229,5,complete_lesson,433,2026-01-10 08:37:00
5137,229,5,complete_lesson,596,2026-01-12 03:22:00
5138,229,6,complete_lesson,523,2026-01-14 02:43:00
5139,229,6,search_topic,319,2026-01-14 21:34:00
5140,229,6,complete_lesson,126,2026-01-15 17:23:00
5141,229,7,complete_lesson,302,2026-01-17 03:22:00
5142,229,7,search_topic,340,2026-01-18 23:18:00
5143,229,8,search_topic,591,2026-01-20 18:20:00
5144,229,9,search_topic,251,2026-01-22 08:12:00
5145,229,9,view_resource,391,2026-01-22 14:13:00
5146,229,9,view_resource,508,2026-01-22 18:36:00
5147,229,10,search_topic,289,2026-01-23 00:33:00
5148,229,10,view_resource,540,2026-01-23 23:44:00
5149,229,11,view_resource,476,2026-01-24 17:29:00
5150,229,12,search_topic,80,2026-01-25 20:14:00
5151,229,13,complete_lesson,60,2026-01-26 11:17:00
5152,229,13,complete_lesson,541,2026-01-27 22:18:00
5153,229,13,search_topic,547,2026-01-29 19:38:00
5154,229,14,view_resource,587,2026-01-30 02:04:00
5155,229,15,complete_lesson,575,2026-01-30 07:30:00
5156,229,15,view_resource,359,2026-01-31 08:33:00
5157,229,16,search_topic,87,2026-01-31 20:07:00
5158,229,16,view_resource,246,2026-02-01 05:06:00
5159,229,17,complete_lesson,303,2026-02-02 13:49:00
5160,229,18,complete_lesson,512,2026-02-03 15:30:00
5161,229,18,search_topic,512,2026-02-04 08:40:00
5162,229,18,view_resource,531,2026-02-05 05:08:00
5163,229,19,view_resource,62,2026-02-05 09:27:00
5164,229,19,search_topic,548,2026-02-06 01:41:00
5165,230,1,view_resource,417,2026-01-23 05:45:00
5166,230,1,complete_lesson,519,2026-01-23 21:39:00
5167,230,2,complete_lesson,88,2026-01-24 21:39:00
5168,230,3,search_topic,219,2026-01-25 15:43:00
5169,230,3,view_resource,377,2026-01-26 13:45:00
5170,230,4,view_resource,96,2026-01-26 17:17:00
5171,230,5,search_topic,269,2026-01-27 23:23:00
5172,230,6,complete_lesson,495,2026-01-29 06:29:00
5173,230,7,complete_lesson,424,2026-01-30 11:22:00
5174,230,8,search_topic,512,2026-01-31 09:20:00
5175,230,8,complete_lesson,100,2026-02-02 07:39:00
5176,230,9,search_topic,387,2026-02-03 19:30:00
5177,230,9,complete_lesson,575,2026-02-05 08:32:00
5178,230,9,view_resource,599,2026-02-06 11:49:00
5179,230,10,complete_lesson,370,2026-02-07 09:13:00
5180,230,11,search_topic,177,2026-02-08 22:45:00
5181,230,12,search_topic,342,2026-02-09 07:22:00
5182,230,12,view_resource,379,2026-02-11 05:29:00
5183,230,13,search_topic,549,2026-02-13 02:49:00
5184,231,1,complete_lesson,307,2026-01-29 20:29:00
5185,231,2,search_topic,101,2026-01-31 20:07:00
5186,231,3,view_resource,371,2026-02-01 13:27:00
5187,231,4,view_resource,417,2026-02-03 00:46:00
5188,231,5,search_topic,476,2026-02-04 22:25:00
5189,231,5,view_resource,95,2026-02-06 22:34:00
5190,231,5,search_topic,78,2026-02-08 00:33:00
5191,231,6,search_topic,487,2026-02-09 15:19:00
5192,231,6,complete_lesson,70,2026-02-11 11:07:00
5193,231,6,view_resource,574,2026-02-13 03:22:00
5194,231,7,complete_lesson,165,2026-02-14 15:36:00
5195,231,7,complete_lesson,448,2026-02-14 20:12:00
5196,231,7,complete_lesson,115,2026-02-15 06:44:00
5197,231,8,complete_lesson,297,2026-02-16 12:43:00
5198,231,9,complete_lesson,464,2026-02-17 00:39:00
5199,231,10,search_topic,376,2026-02-18 17:19:00
5200,231,11,complete_lesson,182,2026-02-20 09:21:00
5201,231,11,complete_lesson,567,2026-02-21 03:44:00
5202,231,11,complete_lesson,144,2026-02-22 10:34:00
5203,231,12,complete_lesson,328,2026-02-22 19:01:00
5204,231,12,complete_lesson,413,2026-02-23 05:07:00
5205,231,13,search_topic,352,2026-02-24 23:04:00
5206,231,14,view_resource,284,2026-02-26 22:04:00
5207,231,14,search_topic,556,2026-02-28 07:23:00
5208,231,14,search_topic,256,2026-02-28 19:22:00
5209,231,15,complete_lesson,486,2026-03-01 09:50:00
5210,231,15,complete_lesson,507,2026-03-02 20:34:00
5211,231,15,search_topic,186,2026-03-03 17:38:00
5212,231,16,view_resource,206,2026-03-04 19:23:00
5213,231,16,complete_lesson,185,2026-03-05 08:06:00
5214,231,17,view_resource,430,2026-03-05 12:01:00
5215,231,18,view_resource,582,2026-03-06 17:33:00
5216,231,18,search_topic,73,2026-03-08 14:22:00
5217,231,19,search_topic,248,2026-03-09 06:08:00
5218,232,1,complete_lesson,541,2026-01-13 09:40:00
5219,232,2,search_topic,499,2026-01-14 15:22:00
5220,232,3,search_topic,359,2026-01-16 03:02:00
5221,232,4,view_resource,356,2026-01-17 12:33:00
5222,232,4,view_resource,487,2026-01-19 06:19:00
5223,232,4,search_topic,472,2026-01-20 08:24:00
5224,232,5,complete_lesson,492,2026-01-20 12:22:00
5225,232,5,view_resource,255,2026-01-22 09:46:00
5226,232,5,view_resource,169,2026-01-23 14:20:00
5227,232,6,search_topic,286,2026-01-24 09:38:00
5228,232,7,complete_lesson,346,2026-01-24 19:16:00
5229,232,7,search_topic,119,2026-01-24 23:43:00
5230,232,7,search_topic,434,2026-01-26 17:38:00
5231,232,8,search_topic,156,2026-01-28 15:27:00
5232,232,9,view_resource,82,2026-01-29 00:07:00
5233,232,10,search_topic,449,2026-01-30 12:28:00
5234,232,11,view_resource,206,2026-01-31 01:31:00
5235,232,12,complete_lesson,167,2026-02-01 21:10:00
5236,232,13,view_resource,405,2026-02-03 04:48:00
5237,232,14,complete_lesson,551,2026-02-03 11:11:00
5238,232,15,search_topic,596,2026-02-05 08:46:00
5239,232,16,complete_lesson,488,2026-02-05 23:27:00
5240,232,16,search_topic,155,2026-02-06 06:02:00
5241,232,17,view_resource,542,2026-02-06 20:38:00
5242,232,17,view_resource,347,2026-02-07 03:02:00
5243,232,17,view_resource,218,2026-02-07 19:49:00
5244,233,1,view_resource,553,2026-01-14 21:50:00
5245,233,1,complete_lesson,564,2026-01-16 17:32:00
5246,233,1,complete_lesson,595,2026-01-18 05:05:00
5247,233,2,view_resource,180,2026-01-18 19:29:00
5248,233,3,search_topic,238,2026-01-19 12:01:00
5249,233,4,search_topic,362,2026-01-21 05:19:00
5250,233,5,complete_lesson,378,2026-01-22 00:27:00
5251,233,6,search_topic,237,2026-01-22 07:03:00
5252,233,7,search_topic,307,2026-01-23 12:20:00
5253,233,8,complete_lesson,404,2026-01-25 08:16:00
5254,233,9,complete_lesson,92,2026-01-25 12:11:00
5255,233,10,view_resource,292,2026-01-26 20:01:00
5256,233,11,view_resource,172,2026-01-28 08:02:00
5257,233,12,view_resource,379,2026-01-29 14:25:00
5258,233,13,complete_lesson,230,2026-01-30 14:39:00
5259,233,14,complete_lesson,342,2026-02-01 13:42:00
5260,233,15,complete_lesson,113,2026-02-02 07:15:00
5261,234,1,view_resource,362,2026-01-13 07:30:00
5262,234,2,search_topic,430,2026-01-13 13:49:00
5263,234,3,complete_lesson,482,2026-01-13 17:01:00
5264,234,4,view_resource,433,2026-01-14 19:12:00
5265,234,4,view_resource,430,2026-01-15 22:39:00
5266,234,4,view_resource,213,2026-01-16 18:05:00
5267,234,5,complete_lesson,394,2026-01-18 04:03:00
5268,234,5,view_resource,257,2026-01-19 11:27:00
5269,234,6,view_resource,436,2026-01-20 09:20:00
5270,234,7,search_topic,565,2026-01-20 21:06:00
5271,234,8,complete_lesson,595,2026-01-22 02:11:00
5272,234,9,search_topic,315,2026-01-23 20:44:00
5273,234,9,view_resource,155,2026-01-25 06:46:00
5274,234,9,view_resource,359,2026-01-26 02:06:00
5275,234,10,complete_lesson,282,2026-01-27 05:46:00
5276,234,11,search_topic,330,2026-01-27 13:45:00
5277,234,11,complete_lesson,471,2026-01-29 05:12:00
5278,234,12,view_resource,320,2026-01-30 07:50:00
5279,234,12,complete_lesson,472,2026-01-30 18:45:00
5280,234,12,search_topic,97,2026-02-01 03:43:00
5281,234,13,search_topic,149,2026-02-02 17:21:00
5282,235,1,complete_lesson,72,2026-02-02 03:49:00
5283,235,2,complete_lesson,192,2026-02-04 00:01:00
5284,235,3,complete_lesson,136,2026-02-05 08:43:00
5285,235,4,search_topic,131,2026-02-06 05:43:00
5286,235,5,view_resource,341,2026-02-07 03:02:00
5287,235,6,complete_lesson,189,2026-02-07 10:03:00
5288,235,7,search_topic,416,2026-02-08 22:44:00
5289,235,8,complete_lesson,460,2026-02-09 11:30:00
5290,235,9,view_resource,160,2026-02-10 07:23:00
5291,235,10,complete_lesson,354,2026-02-11 07:44:00
5292,235,11,search_topic,357,2026-02-13 04:09:00
5293,235,12,complete_lesson,106,2026-02-15 00:10:00
5294,235,13,complete_lesson,114,2026-02-16 23:43:00
5295,235,14,complete_lesson,344,2026-02-17 03:10:00
5296,235,15,search_topic,540,2026-02-17 22:35:00
5297,236,1,view_resource,431,2026-01-23 21:35:00
5298,236,2,search_topic,279,2026-01-24 04:20:00
5299,236,2,search_topic,395,2026-01-24 09:11:00
5300,236,3,complete_lesson,233,2026-01-25 06:14:00
5301,236,3,complete_lesson,93,2026-01-25 11:12:00
5302,236,4,search_topic,216,2026-01-26 23:26:00
5303,236,5,search_topic,236,2026-01-27 16:32:00
5304,236,6,search_topic,450,2026-01-28 18:39:00
5305,236,7,search_topic,115,2026-01-28 23:25:00
5306,236,7,view_resource,213,2026-01-30 11:08:00
5307,236,7,search_topic,202,2026-01-30 22:15:00
5308,236,8,complete_lesson,200,2026-01-31 07:28:00
5309,236,9,complete_lesson,178,2026-02-01 14:34:00
5310,236,9,complete_lesson,566,2026-02-01 23:38:00
5311,236,10,view_resource,376,2026-02-03 23:04:00
5312,236,11,complete_lesson,327,2026-02-04 05:43:00
5313,236,12,complete_lesson,111,2026-02-06 00:08:00
5314,236,13,search_topic,62,2026-02-07 01:01:00
5315,236,14,search_topic,289,2026-02-09 00:25:00
5316,236,14,view_resource,531,2026-02-09 22:13:00
5317,236,14,search_topic,161,2026-02-11 00:23:00
5318,236,15,complete_lesson,166,2026-02-11 12:44:00
5319,236,16,complete_lesson,396,2026-02-13 09:38:00
5320,236,17,search_topic,345,2026-02-14 00:17:00
5321,236,18,search_topic,189,2026-02-14 10:39:00
5322,236,18,search_topic,555,2026-02-15 04:00:00
5323,236,18,search_topic,545,2026-02-15 23:47:00
5324,236,19,view_resource,314,2026-02-17 15:20:00
5325,236,19,search_topic,510,2026-02-17 19:17:00
5326,236,19,view_resource,174,2026-02-18 12:23:00
5327,237,1,search_topic,274,2026-01-28 03:22:00
5328,237,2,complete_lesson,336,2026-01-28 11:05:00
5329,237,3,search_topic,344,2026-01-29 06:09:00
5330,237,4,view_resource,516,2026-01-30 20:47:00
5331,237,5,complete_lesson,91,2026-01-31 10:22:00
5332,237,5,complete_lesson,298,2026-02-01 21:28:00
5333,237,6,view_resource,187,2026-02-02 14:01:00
5334,237,7,complete_lesson,119,2026-02-04 06:42:00
5335,237,8,view_resource,408,2026-02-05 17:18:00
5336,237,9,complete_lesson,162,2026-02-07 02:30:00
5337,237,10,view_resource,450,2026-02-07 19:24:00
5338,237,11,view_resource,298,2026-02-09 16:45:00
5339,237,12,search_topic,400,2026-02-10 01:29:00
5340,237,12,view_resource,176,2026-02-10 19:38:00
5341,237,12,complete_lesson,139,2026-02-11 15:21:00
5342,237,13,search_topic,200,2026-02-13 12:47:00
5343,237,13,search_topic,192,2026-02-13 16:48:00
5344,237,13,view_resource,336,2026-02-15 02:22:00
5345,237,14,complete_lesson,309,2026-02-16 01:41:00
5346,237,15,view_resource,84,2026-02-16 08:29:00
5347,237,15,complete_lesson,182,2026-02-17 02:42:00
5348,237,16,search_topic,83,2026-02-17 08:36:00
5349,237,16,view_resource,161,2026-02-18 08:14:00
5350,237,16,complete_lesson,329,2026-02-20 02:33:00
5351,237,17,search_topic,517,2026-02-22 02:34:00
5352,237,17,complete_lesson,326,2026-02-23 00:47:00
5353,237,18,complete_lesson,555,2026-02-24 03:33:00
5354,238,1,search_topic,308,2026-01-09 04:48:00
5355,238,2,view_resource,370,2026-01-09 22:48:00
5356,238,3,complete_lesson,338,2026-01-11 18:23:00
5357,238,4,complete_lesson,98,2026-01-11 22:49:00
5358,238,5,search_topic,276,2026-01-13 00:32:00
5359,238,6,view_resource,348,2026-01-14 08:15:00
5360,238,7,complete_lesson,492,2026-01-15 06:47:00
5361,238,8,view_resource,151,2026-01-17 06:18:00
5362,238,9,view_resource,180,2026-01-18 08:27:00
5363,238,9,view_resource,171,2026-01-20 00:29:00
5364,238,10,search_topic,503,2026-01-20 08:07:00
5365,239,1,view_resource,100,2026-01-21 15:06:00
5366,239,2,complete_lesson,471,2026-01-22 05:20:00
5367,239,3,complete_lesson,344,2026-01-23 09:26:00
5368,239,4,view_resource,317,2026-01-25 06:07:00
5369,239,5,view_resource,307,2026-01-26 18:22:00
5370,239,6,search_topic,220,2026-01-28 17:01:00
5371,239,7,complete_lesson,373,2026-01-30 09:49:00
5372,239,7,complete_lesson,321,2026-01-30 13:25:00
5373,239,8,search_topic,566,2026-01-31 11:15:00
5374,239,9,complete_lesson,488,2026-02-01 16:34:00
5375,239,9,search_topic,106,2026-02-03 08:30:00
5376,239,10,view_resource,493,2026-02-05 00:42:00
5377,239,11,complete_lesson,495,2026-02-05 23:06:00
5378,239,12,view_resource,433,2026-02-07 18:40:00
5379,239,12,search_topic,275,2026-02-08 22:43:00
5380,239,12,view_resource,423,2026-02-10 06:24:00
5381,239,13,search_topic,506,2026-02-11 22:04:00
5382,239,14,complete_lesson,556,2026-02-13 15:48:00
5383,239,14,complete_lesson,548,2026-02-15 13:20:00
5384,239,14,complete_lesson,539,2026-02-16 00:47:00
5385,239,15,complete_lesson,322,2026-02-16 05:11:00
5386,239,15,search_topic,388,2026-02-17 03:21:00
5387,239,15,search_topic,281,2026-02-18 03:19:00
5388,239,16,search_topic,544,2026-02-19 00:26:00
5389,239,16,complete_lesson,338,2026-02-20 23:39:00
5390,239,16,view_resource,409,2026-02-21 03:37:00
5391,239,17,search_topic,206,2026-02-22 13:20:00
5392,239,18,search_topic,339,2026-02-24 01:40:00
5393,239,19,complete_lesson,91,2026-02-25 06:00:00
5394,239,19,search_topic,373,2026-02-27 02:34:00
5395,239,20,view_resource,553,2026-02-28 00:12:00
5396,239,20,view_resource,549,2026-03-01 05:19:00
5397,239,20,complete_lesson,562,2026-03-02 14:44:00
5398,240,1,search_topic,498,2026-01-10 07:13:00
5399,240,2,view_resource,457,2026-01-11 08:12:00
5400,240,3,view_resource,273,2026-01-12 21:47:00
5401,240,4,search_topic,375,2026-01-14 10:03:00
5402,240,5,complete_lesson,239,2026-01-15 20:02:00
5403,240,6,complete_lesson,420,2026-01-16 06:11:00
5404,240,7,complete_lesson,329,2026-01-18 06:48:00
5405,240,8,view_resource,329,2026-01-19 21:23:00
5406,240,9,view_resource,253,2026-01-20 07:36:00
5407,240,10,complete_lesson,503,2026-01-21 10:09:00
5408,240,11,view_resource,272,2026-01-23 02:04:00
5409,240,12,complete_lesson,454,2026-01-24 00:35:00
5410,240,12,search_topic,392,2026-01-25 10:47:00
5411,240,12,view_resource,519,2026-01-26 05:20:00
5412,240,13,view_resource,470,2026-01-26 14:40:00
5413,240,14,search_topic,209,2026-01-27 16:33:00
5414,240,14,search_topic,583,2026-01-29 13:35:00
5415,241,1,complete_lesson,306,2026-01-07 14:04:00
5416,241,2,view_resource,599,2026-01-08 11:23:00
5417,241,2,complete_lesson,569,2026-01-09 19:00:00
5418,241,2,view_resource,361,2026-01-11 09:49:00
5419,241,3,complete_lesson,381,2026-01-13 03:39:00
5420,241,4,search_topic,111,2026-01-14 03:41:00
5421,241,5,view_resource,197,2026-01-14 07:12:00
5422,241,5,complete_lesson,117,2026-01-15 04:39:00
5423,241,5,view_resource,358,2026-01-16 11:11:00
5424,241,6,view_resource,124,2026-01-16 16:08:00
5425,241,6,complete_lesson,583,2026-01-17 01:31:00
5426,241,7,view_resource,548,2026-01-17 19:47:00
5427,241,8,complete_lesson,255,2026-01-18 03:45:00
5428,241,8,complete_lesson,298,2026-01-19 11:50:00
5429,241,8,search_topic,515,2026-01-20 02:37:00
5430,241,9,view_resource,145,2026-01-21 20:50:00
5431,241,10,search_topic,221,2026-01-22 10:40:00
5432,241,10,view_resource,485,2026-01-24 09:46:00
5433,241,11,view_resource,235,2026-01-26 09:09:00
5434,241,12,complete_lesson,542,2026-01-27 04:45:00
5435,241,12,view_resource,93,2026-01-27 12:31:00
5436,242,1,search_topic,476,2026-01-02 10:47:00
5437,242,2,search_topic,340,2026-01-03 15:00:00
5438,242,3,complete_lesson,322,2026-01-05 09:18:00
5439,242,3,complete_lesson,68,2026-01-06 10:33:00
5440,242,4,search_topic,572,2026-01-06 17:24:00
5441,242,4,complete_lesson,324,2026-01-07 04:44:00
5442,242,5,search_topic,159,2026-01-08 15:26:00
5443,242,6,complete_lesson,422,2026-01-08 23:19:00
5444,242,7,view_resource,328,2026-01-10 14:33:00
5445,242,8,view_resource,326,2026-01-11 13:01:00
5446,242,9,complete_lesson,104,2026-01-11 18:46:00
5447,242,9,search_topic,584,2026-01-12 19:08:00
5448,242,9,complete_lesson,582,2026-01-14 01:34:00
5449,242,10,complete_lesson,577,2026-01-14 07:43:00
5450,242,10,view_resource,515,2026-01-15 05:26:00
5451,242,11,view_resource,331,2026-01-17 02:36:00
5452,242,12,search_topic,538,2026-01-19 00:25:00
5453,242,13,complete_lesson,145,2026-01-19 07:30:00
5454,242,14,view_resource,66,2026-01-21 07:50:00
5455,242,15,complete_lesson,431,2026-01-22 03:21:00
5456,242,15,complete_lesson,553,2026-01-23 10:48:00
5457,242,15,view_resource,223,2026-01-24 17:39:00
5458,243,1,search_topic,214,2026-01-15 10:43:00
5459,243,2,search_topic,287,2026-01-16 01:38:00
5460,243,3,search_topic,164,2026-01-18 01:40:00
5461,243,3,search_topic,334,2026-01-20 00:32:00
5462,243,4,search_topic,89,2026-01-21 17:45:00
5463,243,4,complete_lesson,192,2026-01-22 08:47:00
5464,243,5,view_resource,426,2026-01-22 12:19:00
5465,243,5,complete_lesson,232,2026-01-24 10:05:00
5466,243,5,view_resource,528,2026-01-24 17:47:00
5467,243,6,complete_lesson,186,2026-01-25 19:25:00
5468,243,6,complete_lesson,483,2026-01-27 03:41:00
5469,243,6,complete_lesson,466,2026-01-28 19:03:00
5470,243,7,search_topic,559,2026-01-29 22:38:00
5471,243,8,complete_lesson,107,2026-01-30 11:15:00
5472,243,8,search_topic,509,2026-01-30 16:15:00
5473,243,8,search_topic,569,2026-02-01 01:44:00
5474,243,9,view_resource,112,2026-02-02 21:10:00
5475,243,10,view_resource,296,2026-02-03 19:49:00
5476,243,11,search_topic,484,2026-02-04 02:50:00
5477,243,12,search_topic,310,2026-02-05 13:20:00
5478,243,12,complete_lesson,538,2026-02-06 16:11:00
5479,243,12,search_topic,308,2026-02-06 23:47:00
5480,243,13,complete_lesson,495,2026-02-08 20:34:00
5481,244,1,view_resource,181,2026-01-13 06:11:00
5482,244,2,search_topic,580,2026-01-14 07:01:00
5483,244,2,complete_lesson,84,2026-01-14 11:26:00
5484,244,3,view_resource,248,2026-01-14 15:50:00
5485,244,4,complete_lesson,117,2026-01-16 05:43:00
5486,244,5,search_topic,545,2026-01-16 14:07:00
5487,244,6,search_topic,183,2026-01-17 17:17:00
5488,244,7,complete_lesson,164,2026-01-17 22:42:00
5489,244,8,search_topic,442,2026-01-19 18:46:00
5490,244,9,complete_lesson,208,2026-01-20 11:00:00
5491,244,10,complete_lesson,267,2026-01-22 04:48:00
5492,244,11,view_resource,444,2026-01-23 07:47:00
5493,244,12,view_resource,268,2026-01-23 13:20:00
5494,244,13,view_resource,287,2026-01-24 01:23:00
5495,245,1,complete_lesson,259,2026-01-04 06:45:00
5496,245,2,complete_lesson,441,2026-01-06 06:24:00
5497,245,2,search_topic,387,2026-01-07 21:44:00
5498,245,3,view_resource,518,2026-01-08 15:11:00
5499,245,4,search_topic,107,2026-01-09 21:42:00
5500,245,5,search_topic,597,2026-01-10 14:10:00
5501,245,6,complete_lesson,87,2026-01-12 06:11:00
5502,245,7,complete_lesson,311,2026-01-13 17:01:00
5503,245,8,complete_lesson,216,2026-01-15 00:26:00
5504,245,8,complete_lesson,578,2026-01-15 06:12:00
5505,245,9,complete_lesson,258,2026-01-16 12:17:00
5506,245,10,view_resource,531,2026-01-17 01:49:00
5507,245,11,search_topic,537,2026-01-17 23:27:00
5508,245,12,search_topic,483,2026-01-18 03:38:00
5509,245,13,view_resource,493,2026-01-20 02:16:00
5510,245,14,complete_lesson,576,2026-01-20 06:07:00
5511,246,1,view_resource,438,2026-01-18 10:40:00
5512,246,2,search_topic,136,2026-01-19 10:07:00
5513,246,3,search_topic,527,2026-01-21 06:12:00
5514,246,4,complete_lesson,64,2026-01-21 12:11:00
5515,246,5,complete_lesson,105,2026-01-22 08:33:00
5516,246,5,complete_lesson,446,2026-01-23 22:06:00
5517,246,5,complete_lesson,121,2026-01-25 07:39:00
5518,246,6,search_topic,484,2026-01-27 07:31:00
5519,246,6,search_topic,547,2026-01-27 14:10:00
5520,246,6,search_topic,570,2026-01-29 13:04:00
5521,246,7,search_topic,402,2026-01-30 21:05:00
5522,246,8,search_topic,600,2026-01-31 07:19:00
5523,246,9,view_resource,300,2026-02-01 07:10:00
5524,246,10,view_resource,549,2026-02-01 15:08:00
5525,246,11,complete_lesson,312,2026-02-03 09:38:00
5526,247,1,complete_lesson,549,2026-01-25 07:24:00
5527,247,2,complete_lesson,593,2026-01-26 06:33:00
5528,247,3,complete_lesson,361,2026-01-26 10:24:00
5529,247,4,search_topic,384,2026-01-28 04:23:00
5530,247,5,complete_lesson,402,2026-01-29 05:15:00
5531,247,6,view_resource,534,2026-01-29 20:40:00
5532,247,7,view_resource,381,2026-01-30 17:01:00
5533,247,8,search_topic,476,2026-02-01 01:08:00
5534,247,9,search_topic,597,2026-02-01 20:26:00
5535,247,10,view_resource,482,2026-02-03 03:23:00
5536,247,10,complete_lesson,569,2026-02-03 12:33:00
5537,247,11,view_resource,372,2026-02-04 11:01:00
5538,247,12,search_topic,468,2026-02-05 21:48:00
5539,247,13,complete_lesson,97,2026-02-07 04:13:00
5540,247,14,view_resource,66,2026-02-08 22:47:00
5541,247,15,complete_lesson,376,2026-02-10 00:29:00
5542,247,16,search_topic,335,2026-02-10 06:25:00
5543,247,17,search_topic,382,2026-02-12 06:39:00
5544,247,17,search_topic,578,2026-02-12 18:21:00
5545,247,17,complete_lesson,263,2026-02-14 17:40:00
5546,248,1,complete_lesson,120,2026-01-07 15:10:00
5547,248,1,view_resource,180,2026-01-09 05:19:00
5548,248,2,complete_lesson,336,2026-01-09 18:39:00
5549,248,3,complete_lesson,483,2026-01-10 13:29:00
5550,248,3,complete_lesson,122,2026-01-11 01:30:00
5551,248,4,view_resource,481,2026-01-12 12:50:00
5552,248,5,search_topic,570,2026-01-13 04:29:00
5553,248,5,complete_lesson,384,2026-01-14 06:14:00
5554,248,6,complete_lesson,227,2026-01-15 02:00:00
5555,248,7,complete_lesson,340,2026-01-15 20:04:00
5556,248,8,complete_lesson,361,2026-01-17 14:09:00
5557,248,9,search_topic,527,2026-01-18 03:17:00
5558,248,10,search_topic,115,2026-01-20 03:32:00
5559,248,10,search_topic,462,2026-01-21 13:04:00
5560,248,11,view_resource,70,2026-01-23 01:24:00
5561,248,12,complete_lesson,358,2026-01-23 09:32:00
5562,248,12,search_topic,313,2026-01-24 00:46:00
5563,248,12,view_resource,574,2026-01-25 04:42:00
5564,248,13,view_resource,351,2026-01-26 14:17:00
5565,248,13,complete_lesson,540,2026-01-28 07:14:00
5566,248,13,search_topic,327,2026-01-29 23:36:00
5567,248,14,view_resource,353,2026-01-30 10:37:00
5568,248,14,complete_lesson,87,2026-01-31 06:18:00
5569,248,15,view_resource,396,2026-02-02 03:11:00
5570,249,1,complete_lesson,393,2026-01-21 07:11:00
5571,249,2,search_topic,227,2026-01-23 07:46:00
5572,249,3,search_topic,583,2026-01-24 12:45:00
5573,249,4,search_topic,526,2026-01-26 00:47:00
5574,249,4,complete_lesson,85,2026-01-27 11:11:00
5575,249,4,search_topic,471,2026-01-28 14:42:00
5576,249,5,search_topic,267,2026-01-29 22:42:00
5577,249,6,search_topic,113,2026-01-30 02:34:00
5578,249,7,search_topic,307,2026-01-31 14:22:00
5579,249,8,search_topic,255,2026-02-02 12:11:00
5580,249,8,view_resource,458,2026-02-04 05:14:00
5581,249,9,search_topic,289,2026-02-05 08:18:00
5582,249,9,search_topic,217,2026-02-06 11:17:00
5583,249,10,view_resource,383,2026-02-06 21:12:00
5584,249,11,search_topic,565,2026-02-08 07:44:00
5585,249,12,search_topic,516,2026-02-09 01:14:00
5586,249,13,complete_lesson,397,2026-02-10 23:26:00
5587,250,1,search_topic,111,2026-01-16 09:41:00
5588,250,1,view_resource,235,2026-01-16 20:19:00
5589,250,1,search_topic,425,2026-01-18 09:17:00
5590,250,2,search_topic,188,2026-01-18 16:30:00
5591,250,2,search_topic,491,2026-01-19 10:38:00
5592,250,3,search_topic,273,2026-01-20 21:40:00
5593,250,4,complete_lesson,353,2026-01-22 20:07:00
5594,250,4,search_topic,547,2026-01-24 00:30:00
5595,250,4,complete_lesson,227,2026-01-24 16:08:00
5596,250,5,search_topic,257,2026-01-26 14:04:00
5597,250,6,view_resource,444,2026-01-28 08:08:00
5598,250,7,view_resource,344,2026-01-29 12:50:00
5599,250,7,view_resource,564,2026-01-31 04:22:00
5600,250,7,view_resource,483,2026-02-02 02:17:00
5601,250,8,complete_lesson,150,2026-02-04 01:09:00
5602,250,9,view_resource,79,2026-02-04 10:20:00
5603,250,10,complete_lesson,139,2026-02-05 07:11:00
5604,250,11,view_resource,400,2026-02-06 16:47:00
5605,250,12,view_resource,461,2026-02-06 20:09:00
5606,250,13,search_topic,464,2026-02-07 19:27:00
5607,250,13,search_topic,548,2026-02-09 04:20:00
5608,250,13,view_resource,503,2026-02-10 03:17:00
5609,250,14,complete_lesson,496,2026-02-10 16:02:00
5610,250,14,complete_lesson,83,2026-02-12 16:24:00
5611,250,14,complete_lesson,285,2026-02-13 02:21:00
5612,250,15,complete_lesson,600,2026-02-13 16:46:00
5613,250,15,search_topic,267,2026-02-15 12:47:00
5614,250,16,view_resource,111,2026-02-15 23:23:00
5615,250,16,view_resource,503,2026-02-17 04:21:00
5616,250,17,search_topic,540,2026-02-17 15:22:00
5617,250,18,complete_lesson,93,2026-02-19 09:14:00
5618,250,19,view_resource,212,2026-02-21 00:41:00
5619,251,1,search_topic,378,2026-01-23 11:05:00
5620,251,2,view_resource,526,2026-01-24 23:28:00
5621,251,2,complete_lesson,501,2026-01-26 18:39:00
5622,251,2,view_resource,299,2026-01-28 02:50:00
5623,251,3,complete_lesson,400,2026-01-29 10:13:00
5624,251,3,view_resource,281,2026-01-30 12:26:00
5625,251,3,view_resource,127,2026-01-31 20:30:00
5626,251,4,search_topic,246,2026-02-01 04:32:00
5627,251,4,view_resource,305,2026-02-02 09:22:00
5628,251,4,search_topic,345,2026-02-02 18:08:00
5629,251,5,complete_lesson,301,2026-02-04 16:20:00
5630,251,6,search_topic,124,2026-02-05 10:27:00
5631,251,7,complete_lesson,109,2026-02-07 03:31:00
5632,251,7,complete_lesson,121,2026-02-08 10:01:00
5633,251,8,complete_lesson,219,2026-02-08 20:19:00
5634,251,9,search_topic,224,2026-02-10 16:23:00
5635,251,9,search_topic,496,2026-02-12 06:07:00
5636,251,9,search_topic,134,2026-02-12 13:32:00
5637,251,10,view_resource,165,2026-02-14 09:20:00
5638,251,11,complete_lesson,111,2026-02-15 06:15:00
5639,251,11,complete_lesson,217,2026-02-15 11:33:00
5640,251,11,complete_lesson,556,2026-02-17 10:05:00
5641,251,12,view_resource,94,2026-02-19 10:36:00
5642,251,12,search_topic,592,2026-02-19 17:24:00
5643,251,13,search_topic,377,2026-02-21 11:11:00
5644,251,14,search_topic,414,2026-02-23 08:18:00
5645,251,15,view_resource,70,2026-02-24 11:42:00
5646,251,16,view_resource,208,2026-02-25 04:22:00
5647,251,17,complete_lesson,229,2026-02-26 14:23:00
5648,251,18,complete_lesson,263,2026-02-28 12:06:00
5649,252,1,complete_lesson,407,2026-01-16 12:20:00
5650,252,2,view_resource,275,2026-01-16 22:11:00
5651,252,3,complete_lesson,430,2026-01-17 17:50:00
5652,252,3,view_resource,180,2026-01-19 05:21:00
5653,252,4,complete_lesson,300,2026-01-21 04:34:00
5654,252,5,complete_lesson,502,2026-01-21 21:30:00
5655,252,6,complete_lesson,79,2026-01-22 01:50:00
5656,252,7,search_topic,105,2026-01-24 01:31:00
5657,252,8,search_topic,223,2026-01-24 23:17:00
5658,252,9,search_topic,253,2026-01-26 01:04:00
5659,252,10,search_topic,429,2026-01-27 08:18:00
5660,252,11,complete_lesson,196,2026-01-28 12:07:00
5661,252,12,complete_lesson,442,2026-01-30 10:49:00
5662,252,12,view_resource,520,2026-01-30 18:03:00
5663,252,12,complete_lesson,157,2026-01-30 23:32:00
5664,253,1,search_topic,491,2026-01-06 03:37:00
5665,253,1,search_topic,543,2026-01-07 14:50:00
5666,253,2,search_topic,137,2026-01-08 15:39:00
5667,253,2,search_topic,459,2026-01-09 04:29:00
5668,253,2,view_resource,558,2026-01-10 12:00:00
5669,253,3,complete_lesson,218,2026-01-11 13:40:00
5670,253,3,search_topic,270,2026-01-12 02:00:00
5671,253,4,search_topic,455,2026-01-12 23:43:00
5672,253,4,search_topic,445,2026-01-13 16:48:00
5673,253,4,view_resource,329,2026-01-14 23:29:00
5674,253,5,view_resource,132,2026-01-15 15:26:00
5675,253,5,search_topic,446,2026-01-16 04:50:00
5676,253,5,complete_lesson,567,2026-01-17 03:00:00
5677,253,6,complete_lesson,445,2026-01-18 09:12:00
5678,253,7,search_topic,367,2026-01-20 05:46:00
5679,253,7,search_topic,61,2026-01-20 17:07:00
5680,253,8,search_topic,130,2026-01-22 06:45:00
5681,253,8,search_topic,238,2026-01-22 10:37:00
5682,253,8,complete_lesson,583,2026-01-23 15:49:00
5683,253,9,complete_lesson,274,2026-01-25 13:19:00
5684,253,9,view_resource,501,2026-01-26 01:00:00
5685,253,9,view_resource,289,2026-01-27 12:01:00
5686,253,10,complete_lesson,298,2026-01-29 11:18:00
5687,253,11,complete_lesson,397,2026-01-31 04:01:00
5688,253,12,view_resource,127,2026-01-31 19:17:00
5689,253,12,view_resource,293,2026-02-02 05:44:00
5690,253,13,view_resource,194,2026-02-03 13:07:00
5691,253,13,search_topic,176,2026-02-04 06:22:00
5692,253,13,view_resource,565,2026-02-04 11:30:00
5693,253,14,view_resource,484,2026-02-06 01:37:00
5694,253,15,complete_lesson,151,2026-02-07 03:15:00
5695,253,16,view_resource,79,2026-02-08 19:46:00
5696,253,17,search_topic,233,2026-02-09 19:41:00
5697,254,1,search_topic,153,2026-01-14 07:12:00
5698,254,2,search_topic,301,2026-01-15 11:25:00
5699,254,2,complete_lesson,220,2026-01-15 17:48:00
5700,254,3,search_topic,67,2026-01-16 00:23:00
5701,254,4,view_resource,271,2026-01-17 23:27:00
5702,254,4,view_resource,491,2026-01-18 04:42:00
5703,254,4,search_topic,338,2026-01-19 04:26:00
5704,254,5,complete_lesson,162,2026-01-20 07:37:00
5705,254,6,search_topic,213,2026-01-21 12:32:00
5706,254,7,search_topic,489,2026-01-21 21:24:00
5707,254,8,search_topic,430,2026-01-22 15:20:00
5708,254,9,view_resource,88,2026-01-23 15:00:00
5709,254,9,search_topic,446,2026-01-25 06:19:00
5710,254,9,complete_lesson,591,2026-01-26 09:35:00
5711,254,10,view_resource,290,2026-01-27 12:14:00
5712,254,11,complete_lesson,457,2026-01-29 00:03:00
5713,254,11,search_topic,168,2026-01-29 22:02:00
5714,255,1,complete_lesson,167,2026-01-04 16:12:00
5715,255,2,view_resource,558,2026-01-05 21:01:00
5716,255,3,complete_lesson,544,2026-01-07 14:10:00
5717,255,4,view_resource,208,2026-01-08 19:07:00
5718,255,5,search_topic,501,2026-01-09 17:28:00
5719,255,6,complete_lesson,228,2026-01-11 13:50:00
5720,255,7,view_resource,292,2026-01-13 04:26:00
5721,255,8,view_resource,318,2026-01-14 02:32:00
5722,255,9,complete_lesson,362,2026-01-15 12:29:00
5723,255,9,search_topic,437,2026-01-16 05:28:00
5724,255,9,view_resource,208,2026-01-16 09:10:00
5725,255,10,complete_lesson,260,2026-01-17 16:30:00
5726,255,11,view_resource,482,2026-01-19 00:10:00
5727,255,12,view_resource,594,2026-01-20 13:43:00
5728,255,13,view_resource,510,2026-01-20 19:32:00
5729,255,13,view_resource,231,2026-01-21 06:39:00
5730,255,14,complete_lesson,155,2026-01-21 22:22:00
5731,255,15,view_resource,563,2026-01-22 03:27:00
5732,255,15,view_resource,519,2026-01-23 00:11:00
5733,255,15,search_topic,228,2026-01-23 06:15:00
5734,255,16,view_resource,86,2026-01-25 01:02:00
5735,255,17,search_topic,422,2026-01-25 15:23:00
5736,255,17,complete_lesson,351,2026-01-26 01:26:00
5737,255,17,complete_lesson,445,2026-01-26 22:34:00
5738,255,18,complete_lesson,421,2026-01-27 12:47:00
5739,255,18,complete_lesson,313,2026-01-29 11:00:00
5740,255,19,view_resource,234,2026-01-31 03:18:00
5741,255,19,complete_lesson,402,2026-02-01 10:02:00
5742,255,19,view_resource,390,2026-02-01 20:07:00
5743,256,1,complete_lesson,405,2026-01-14 22:14:00
5744,256,2,search_topic,270,2026-01-16 11:12:00
5745,256,2,view_resource,503,2026-01-16 17:19:00
5746,256,2,search_topic,290,2026-01-17 11:47:00
5747,256,3,complete_lesson,471,2026-01-17 21:13:00
5748,256,4,complete_lesson,163,2026-01-18 08:13:00
5749,256,4,complete_lesson,360,2026-01-19 17:02:00
5750,256,4,view_resource,506,2026-01-20 16:13:00
5751,256,5,complete_lesson,272,2026-01-21 11:15:00
5752,256,5,search_topic,385,2026-01-23 08:03:00
5753,256,6,complete_lesson,227,2026-01-24 15:14:00
5754,256,7,complete_lesson,293,2026-01-25 05:19:00
5755,256,8,view_resource,394,2026-01-27 01:24:00
5756,256,9,search_topic,299,2026-01-27 11:31:00
5757,256,10,search_topic,579,2026-01-29 08:22:00
5758,256,11,complete_lesson,148,2026-01-31 05:13:00
5759,256,12,search_topic,306,2026-02-01 02:22:00
5760,256,13,view_resource,598,2026-02-02 16:34:00
5761,257,1,complete_lesson,206,2026-01-13 22:24:00
5762,257,2,view_resource,515,2026-01-15 07:37:00
5763,257,2,view_resource,412,2026-01-16 03:31:00
5764,257,3,view_resource,125,2026-01-17 02:09:00
5765,257,3,complete_lesson,240,2026-01-17 12:25:00
5766,257,4,search_topic,334,2026-01-17 17:36:00
5767,257,4,search_topic,434,2026-01-19 08:20:00
5768,257,4,complete_lesson,442,2026-01-20 20:23:00
5769,257,5,search_topic,98,2026-01-21 16:02:00
5770,257,5,complete_lesson,249,2026-01-23 14:15:00
5771,257,5,complete_lesson,270,2026-01-25 03:34:00
5772,257,6,complete_lesson,266,2026-01-26 17:45:00
5773,257,7,view_resource,266,2026-01-27 02:17:00
5774,257,7,view_resource,63,2026-01-27 06:01:00
5775,257,7,complete_lesson,174,2026-01-29 03:09:00
5776,257,8,search_topic,476,2026-01-30 20:15:00
5777,257,8,search_topic,546,2026-01-31 06:09:00
5778,257,9,complete_lesson,272,2026-02-01 21:08:00
5779,257,9,search_topic,315,2026-02-03 14:48:00
5780,257,9,view_resource,477,2026-02-04 05:47:00
5781,257,10,search_topic,525,2026-02-05 04:25:00
5782,257,11,complete_lesson,316,2026-02-06 22:17:00
5783,257,12,complete_lesson,552,2026-02-08 22:16:00
5784,257,13,search_topic,396,2026-02-10 06:10:00
5785,258,1,search_topic,158,2026-02-01 14:33:00
5786,258,2,complete_lesson,588,2026-02-03 07:04:00
5787,258,3,complete_lesson,161,2026-02-03 21:07:00
5788,258,4,search_topic,458,2026-02-04 11:19:00
5789,258,4,complete_lesson,454,2026-02-06 02:19:00
5790,258,4,view_resource,214,2026-02-06 08:15:00
5791,258,5,view_resource,98,2026-02-07 06:15:00
5792,258,6,complete_lesson,250,2026-02-08 21:37:00
5793,258,7,view_resource,193,2026-02-10 04:22:00
5794,258,7,complete_lesson,252,2026-02-11 13:11:00
5795,258,7,search_topic,305,2026-02-13 10:24:00
5796,258,8,view_resource,482,2026-02-14 17:13:00
5797,258,9,view_resource,547,2026-02-15 22:03:00
5798,258,9,search_topic,338,2026-02-17 01:28:00
5799,258,10,view_resource,343,2026-02-18 12:29:00
5800,258,10,search_topic,585,2026-02-20 00:06:00
5801,258,10,search_topic,230,2026-02-20 16:38:00
5802,259,1,view_resource,419,2026-01-13 11:26:00
5803,259,2,view_resource,400,2026-01-13 22:00:00
5804,259,3,search_topic,63,2026-01-14 06:36:00
5805,259,4,search_topic,91,2026-01-14 20:31:00
5806,259,5,search_topic,69,2026-01-15 10:18:00
5807,259,6,view_resource,533,2026-01-15 21:50:00
5808,259,7,search_topic,141,2026-01-17 09:35:00
5809,259,7,search_topic,542,2026-01-17 21:00:00
5810,259,7,view_resource,127,2026-01-19 00:25:00
5811,259,8,view_resource,212,2026-01-20 00:15:00
5812,259,9,complete_lesson,463,2026-01-21 11:47:00
5813,259,9,search_topic,350,2026-01-22 12:43:00
5814,259,9,view_resource,501,2026-01-22 19:26:00
5815,259,10,view_resource,141,2026-01-24 18:22:00
5816,259,11,complete_lesson,445,2026-01-26 18:12:00
5817,259,12,search_topic,456,2026-01-27 03:11:00
5818,259,12,complete_lesson,329,2026-01-28 11:25:00
5819,259,12,view_resource,487,2026-01-28 16:49:00
5820,259,13,complete_lesson,505,2026-01-30 05:13:00
5821,259,14,complete_lesson,589,2026-02-01 04:15:00
5822,259,14,view_resource,257,2026-02-01 10:24:00
5823,259,14,complete_lesson,401,2026-02-02 04:44:00
5824,259,15,search_topic,117,2026-02-03 20:40:00
5825,259,16,complete_lesson,280,2026-02-04 01:46:00
5826,260,1,complete_lesson,510,2026-01-09 20:12:00
5827,260,2,complete_lesson,556,2026-01-10 02:42:00
5828,260,3,complete_lesson,599,2026-01-11 23:38:00
5829,260,4,view_resource,351,2026-01-13 22:44:00
5830,260,5,search_topic,266,2026-01-15 02:03:00
5831,260,6,view_resource,491,2026-01-16 20:20:00
5832,260,7,search_topic,373,2026-01-17 07:29:00
5833,260,8,complete_lesson,268,2026-01-19 02:15:00
5834,260,8,complete_lesson,473,2026-01-20 15:14:00
5835,260,8,complete_lesson,456,2026-01-21 12:19:00
5836,260,9,view_resource,591,2026-01-23 06:01:00
5837,260,9,view_resource,364,2026-01-24 16:43:00
5838,260,9,view_resource,352,2026-01-26 06:11:00
5839,260,10,complete_lesson,201,2026-01-27 15:27:00
5840,260,10,complete_lesson,481,2026-01-28 14:46:00
5841,260,11,view_resource,527,2026-01-30 11:30:00
5842,261,1,view_resource,304,2026-01-26 10:22:00
5843,261,2,search_topic,177,2026-01-27 04:07:00
5844,261,3,complete_lesson,60,2026-01-29 01:04:00
5845,261,4,view_resource,237,2026-01-29 17:30:00
5846,261,5,search_topic,463,2026-01-31 03:35:00
5847,261,5,complete_lesson,128,2026-01-31 12:17:00
5848,261,5,complete_lesson,600,2026-02-01 17:24:00
5849,261,6,view_resource,70,2026-02-02 22:38:00
5850,261,6,complete_lesson,588,2026-02-03 11:24:00
5851,261,6,complete_lesson,435,2026-02-04 10:33:00
5852,261,7,view_resource,322,2026-02-05 10:14:00
5853,261,8,view_resource,109,2026-02-05 22:16:00
5854,261,9,complete_lesson,579,2026-02-06 13:40:00
5855,261,9,search_topic,226,2026-02-08 03:49:00
5856,261,9,view_resource,355,2026-02-09 05:10:00
5857,261,10,view_resource,233,2026-02-11 00:37:00
5858,261,11,view_resource,380,2026-02-11 23:10:00
5859,261,12,complete_lesson,589,2026-02-12 20:24:00
5860,261,13,search_topic,262,2026-02-13 11:35:00
5861,261,14,view_resource,334,2026-02-15 06:34:00
5862,261,15,search_topic,239,2026-02-16 10:14:00
5863,261,16,view_resource,278,2026-02-16 17:46:00
5864,261,16,complete_lesson,311,2026-02-18 07:08:00
5865,261,17,complete_lesson,438,2026-02-18 19:06:00
5866,261,18,search_topic,123,2026-02-20 02:36:00
5867,261,19,complete_lesson,369,2026-02-21 08:07:00
5868,262,1,complete_lesson,275,2026-01-27 11:29:00
5869,262,1,complete_lesson,244,2026-01-28 04:29:00
5870,262,1,view_resource,492,2026-01-30 00:03:00
5871,262,2,search_topic,350,2026-01-31 12:05:00
5872,262,3,view_resource,534,2026-01-31 20:07:00
5873,262,4,search_topic,201,2026-02-01 20:08:00
5874,262,4,complete_lesson,335,2026-02-02 16:24:00
5875,262,4,search_topic,83,2026-02-03 18:08:00
5876,262,5,search_topic,525,2026-02-05 13:37:00
5877,262,6,complete_lesson,339,2026-02-06 08:26:00
5878,262,7,complete_lesson,77,2026-02-06 20:47:00
5879,262,7,search_topic,275,2026-02-08 13:44:00
5880,262,8,complete_lesson,253,2026-02-09 23:13:00
5881,262,9,view_resource,222,2026-02-11 19:26:00
5882,262,9,complete_lesson,436,2026-02-12 08:05:00
5883,262,10,complete_lesson,513,2026-02-13 07:16:00
5884,262,10,view_resource,308,2026-02-15 07:12:00
5885,262,10,view_resource,419,2026-02-17 00:45:00
5886,262,11,search_topic,251,2026-02-18 02:00:00
5887,262,12,view_resource,581,2026-02-20 01:35:00
5888,262,13,search_topic,502,2026-02-22 00:27:00
5889,262,14,search_topic,78,2026-02-23 13:22:00
5890,262,14,search_topic,387,2026-02-24 11:07:00
5891,262,14,view_resource,220,2026-02-25 15:22:00
5892,262,15,complete_lesson,114,2026-02-26 23:00:00
5893,262,15,view_resource,95,2026-02-28 16:19:00
5894,262,15,view_resource,106,2026-03-01 17:34:00
5895,262,16,view_resource,468,2026-03-03 02:34:00
5896,262,17,complete_lesson,321,2026-03-03 18:01:00
5897,262,17,search_topic,163,2026-03-04 15:14:00
5898,262,18,view_resource,245,2026-03-06 10:47:00
5899,262,18,view_resource,133,2026-03-07 02:03:00
5900,262,18,view_resource,503,2026-03-08 07:45:00
5901,263,1,view_resource,560,2026-01-25 05:06:00
5902,263,2,search_topic,85,2026-01-26 13:16:00
5903,263,3,search_topic,597,2026-01-26 17:36:00
5904,263,4,complete_lesson,362,2026-01-28 09:46:00
5905,263,5,view_resource,446,2026-01-29 13:49:00
5906,263,6,view_resource,277,2026-01-31 11:42:00
5907,263,7,view_resource,449,2026-02-01 07:47:00
5908,263,8,complete_lesson,228,2026-02-02 16:46:00
5909,263,9,view_resource,575,2026-02-02 23:08:00
5910,263,10,complete_lesson,122,2026-02-03 05:03:00
5911,263,10,search_topic,498,2026-02-04 07:03:00
5912,263,10,complete_lesson,520,2026-02-05 08:13:00
5913,263,11,search_topic,387,2026-02-06 02:10:00
5914,263,12,view_resource,81,2026-02-06 23:13:00
5915,263,13,complete_lesson,349,2026-02-08 16:16:00
5916,263,14,view_resource,355,2026-02-09 06:30:00
5917,263,15,search_topic,238,2026-02-09 23:49:00
5918,263,16,complete_lesson,417,2026-02-10 04:29:00
5919,264,1,view_resource,494,2026-01-30 06:37:00
5920,264,1,complete_lesson,204,2026-01-31 19:10:00
5921,264,1,complete_lesson,579,2026-02-01 11:40:00
5922,264,2,view_resource,324,2026-02-03 10:15:00
5923,264,3,search_topic,499,2026-02-05 06:06:00
5924,264,3,search_topic,81,2026-02-05 15:31:00
5925,264,3,complete_lesson,386,2026-02-06 14:07:00
5926,264,4,complete_lesson,169,2026-02-08 00:06:00
5927,264,5,search_topic,524,2026-02-09 16:24:00
5928,264,6,complete_lesson,555,2026-02-10 04:38:00
5929,264,6,complete_lesson,66,2026-02-12 01:25:00
5930,264,7,complete_lesson,163,2026-02-13 08:32:00
5931,264,8,search_topic,403,2026-02-15 02:38:00
5932,264,9,complete_lesson,448,2026-02-15 17:16:00
5933,264,10,view_resource,442,2026-02-17 17:45:00
5934,264,11,search_topic,315,2026-02-18 11:08:00
5935,264,12,search_topic,421,2026-02-19 07:05:00
5936,264,13,complete_lesson,159,2026-02-20 15:11:00
5937,265,1,complete_lesson,559,2026-01-22 17:19:00
5938,265,1,view_resource,153,2026-01-23 06:27:00
5939,265,1,search_topic,412,2026-01-25 02:07:00
5940,265,2,view_resource,77,2026-01-26 14:23:00
5941,265,3,search_topic,257,2026-01-28 14:49:00
5942,265,4,view_resource,329,2026-01-29 16:38:00
5943,265,5,search_topic,570,2026-01-30 16:22:00
5944,265,6,search_topic,326,2026-01-31 14:44:00
5945,265,7,complete_lesson,307,2026-02-01 00:49:00
5946,265,8,view_resource,460,2026-02-01 23:17:00
5947,265,9,search_topic,403,2026-02-03 17:44:00
5948,265,10,complete_lesson,598,2026-02-05 10:00:00
5949,265,11,complete_lesson,593,2026-02-06 04:44:00
5950,265,12,view_resource,512,2026-02-07 09:03:00
5951,265,12,complete_lesson,409,2026-02-08 05:05:00
5952,265,13,view_resource,482,2026-02-10 00:13:00
5953,265,14,view_resource,364,2026-02-10 10:30:00
5954,265,14,search_topic,394,2026-02-11 06:50:00
5955,265,15,view_resource,556,2026-02-12 02:24:00
5956,265,15,complete_lesson,177,2026-02-13 08:36:00
5957,265,16,view_resource,261,2026-02-14 17:28:00
5958,266,1,complete_lesson,181,2026-01-14 11:26:00
5959,266,2,search_topic,421,2026-01-15 06:31:00
5960,266,2,view_resource,171,2026-01-16 12:48:00
5961,266,3,search_topic,141,2026-01-17 21:10:00
5962,266,4,complete_lesson,348,2026-01-18 16:15:00
5963,266,4,complete_lesson,135,2026-01-18 20:42:00
5964,266,4,complete_lesson,454,2026-01-20 04:09:00
5965,266,5,complete_lesson,348,2026-01-20 08:33:00
5966,266,5,view_resource,598,2026-01-21 19:50:00
5967,266,5,search_topic,223,2026-01-23 17:40:00
5968,266,6,search_topic,458,2026-01-24 22:30:00
5969,266,7,complete_lesson,317,2026-01-25 11:30:00
5970,266,8,view_resource,303,2026-01-26 19:15:00
5971,266,8,complete_lesson,104,2026-01-27 23:50:00
5972,266,8,view_resource,183,2026-01-29 14:17:00
5973,266,9,view_resource,527,2026-01-31 14:16:00
5974,266,10,search_topic,218,2026-02-02 00:47:00
5975,266,10,search_topic,124,2026-02-02 16:02:00
5976,266,10,view_resource,269,2026-02-03 23:05:00
5977,266,11,complete_lesson,130,2026-02-05 20:28:00
5978,266,12,search_topic,189,2026-02-07 11:21:00
5979,266,12,search_topic,375,2026-02-07 23:41:00
5980,266,12,search_topic,303,2026-02-09 21:31:00
5981,266,13,search_topic,559,2026-02-10 13:09:00
5982,266,13,search_topic,150,2026-02-12 10:47:00
5983,266,14,search_topic,576,2026-02-13 04:28:00
5984,266,14,search_topic,286,2026-02-14 13:34:00
5985,266,14,search_topic,159,2026-02-15 18:23:00
5986,266,15,complete_lesson,272,2026-02-16 18:49:00
5987,266,16,search_topic,118,2026-02-18 00:00:00
5988,266,17,complete_lesson,220,2026-02-18 23:09:00
5989,266,17,search_topic,158,2026-02-19 05:33:00
5990,266,17,view_resource,132,2026-02-20 06:15:00
5991,266,18,search_topic,368,2026-02-22 02:16:00
5992,266,18,view_resource,238,2026-02-23 12:24:00
5993,267,1,complete_lesson,249,2026-01-12 13:49:00
5994,267,2,view_resource,569,2026-01-12 18:32:00
5995,267,2,complete_lesson,517,2026-01-13 11:30:00
5996,267,2,view_resource,398,2026-01-15 10:28:00
5997,267,3,search_topic,334,2026-01-17 06:23:00
5998,267,3,complete_lesson,173,2026-01-19 00:42:00
5999,267,4,search_topic,352,2026-01-19 21:00:00
6000,267,5,search_topic,100,2026-01-20 09:25:00
6001,267,6,complete_lesson,111,2026-01-20 21:11:00
6002,267,7,complete_lesson,550,2026-01-22 21:19:00
6003,267,7,view_resource,277,2026-01-23 19:29:00
6004,267,8,search_topic,118,2026-01-24 00:48:00
6005,267,8,search_topic,531,2026-01-26 00:31:00
6006,267,8,view_resource,330,2026-01-27 20:01:00
6007,267,9,complete_lesson,527,2026-01-28 20:35:00
6008,267,10,complete_lesson,412,2026-01-29 11:22:00
6009,267,10,complete_lesson,581,2026-01-30 14:24:00
6010,267,10,search_topic,428,2026-02-01 05:49:00
6011,267,11,complete_lesson,597,2026-02-02 09:40:00
6012,267,12,view_resource,115,2026-02-03 21:39:00
6013,267,13,complete_lesson,581,2026-02-04 22:28:00
6014,267,13,search_topic,353,2026-02-05 10:32:00
6015,267,14,complete_lesson,454,2026-02-07 10:37:00
6016,267,15,view_resource,595,2026-02-09 04:44:00
6017,267,15,search_topic,511,2026-02-10 21:27:00
6018,267,16,view_resource,255,2026-02-11 18:35:00
6019,267,16,search_topic,531,2026-02-13 15:21:00
6020,267,16,view_resource,446,2026-02-14 00:22:00
6021,268,1,search_topic,62,2026-01-26 15:13:00
6022,268,2,complete_lesson,337,2026-01-27 01:20:00
6023,268,2,search_topic,373,2026-01-27 21:01:00
6024,268,3,complete_lesson,143,2026-01-29 11:25:00
6025,268,3,search_topic,552,2026-01-31 07:21:00
6026,268,3,search_topic,117,2026-02-01 11:16:00
6027,268,4,search_topic,517,2026-02-03 07:14:00
6028,268,4,complete_lesson,258,2026-02-03 13:08:00
6029,268,5,view_resource,203,2026-02-04 13:10:00
6030,268,6,complete_lesson,493,2026-02-05 14:14:00
6031,268,6,view_resource,234,2026-02-06 14:24:00
6032,268,7,view_resource,171,2026-02-08 01:00:00
6033,268,8,search_topic,301,2026-02-09 18:02:00
6034,268,8,view_resource,240,2026-02-10 14:27:00
6035,268,9,complete_lesson,139,2026-02-11 05:44:00
6036,268,10,view_resource,349,2026-02-12 14:12:00
6037,268,10,view_resource,567,2026-02-13 02:06:00
6038,268,10,complete_lesson,94,2026-02-13 09:42:00
6039,268,11,complete_lesson,457,2026-02-14 13:36:00
6040,268,12,view_resource,444,2026-02-15 06:37:00
6041,268,13,search_topic,567,2026-02-16 11:48:00
6042,268,14,complete_lesson,293,2026-02-17 14:28:00
6043,268,15,search_topic,434,2026-02-18 02:48:00
6044,268,16,view_resource,311,2026-02-19 06:29:00
6045,268,17,search_topic,428,2026-02-19 20:35:00
6046,269,1,search_topic,198,2026-01-16 18:20:00
6047,269,2,view_resource,443,2026-01-17 10:24:00
6048,269,3,complete_lesson,471,2026-01-18 04:35:00
6049,269,3,search_topic,217,2026-01-19 16:15:00
6050,269,3,complete_lesson,364,2026-01-20 12:17:00
6051,269,4,complete_lesson,273,2026-01-20 18:38:00
6052,269,5,complete_lesson,457,2026-01-22 13:50:00
6053,269,6,complete_lesson,86,2026-01-23 12:44:00
6054,269,7,complete_lesson,390,2026-01-24 13:17:00
6055,269,8,complete_lesson,568,2026-01-24 19:00:00
6056,269,9,complete_lesson,305,2026-01-25 11:49:00
6057,269,10,search_topic,540,2026-01-25 21:44:00
6058,269,10,search_topic,140,2026-01-26 16:02:00
6059,269,10,complete_lesson,210,2026-01-28 14:47:00
6060,269,11,view_resource,221,2026-01-29 19:15:00
6061,270,1,complete_lesson,199,2026-01-26 11:41:00
6062,270,2,search_topic,194,2026-01-27 09:01:00
6063,270,3,search_topic,235,2026-01-27 19:16:00
6064,270,4,search_topic,560,2026-01-29 17:14:00
6065,270,5,view_resource,556,2026-01-30 07:24:00
6066,270,6,complete_lesson,352,2026-01-31 20:47:00
6067,270,6,search_topic,525,2026-02-02 10:21:00
6068,270,6,view_resource,341,2026-02-04 03:50:00
6069,270,7,view_resource,303,2026-02-05 12:26:00
6070,270,8,view_resource,491,2026-02-06 13:46:00
6071,270,9,complete_lesson,541,2026-02-07 20:05:00
6072,270,10,complete_lesson,258,2026-02-09 10:18:00
6073,270,11,view_resource,288,2026-02-11 04:38:00
6074,271,1,complete_lesson,88,2026-01-23 23:26:00
6075,271,2,view_resource,158,2026-01-24 21:33:00
6076,271,2,view_resource,249,2026-01-25 20:13:00
6077,271,2,complete_lesson,86,2026-01-26 09:17:00
6078,271,3,search_topic,416,2026-01-28 01:48:00
6079,271,4,complete_lesson,345,2026-01-30 01:43:00
6080,271,4,search_topic,299,2026-01-31 03:37:00
6081,271,4,search_topic,433,2026-02-01 16:00:00
6082,271,5,search_topic,334,2026-02-01 21:29:00
6083,271,5,view_resource,580,2026-02-03 12:06:00
6084,271,5,view_resource,290,2026-02-04 03:39:00
6085,271,6,view_resource,506,2026-02-04 07:12:00
6086,271,7,search_topic,418,2026-02-05 12:40:00
6087,271,7,search_topic,435,2026-02-07 07:09:00
6088,271,8,search_topic,202,2026-02-09 03:21:00
6089,271,8,view_resource,437,2026-02-11 01:10:00
6090,271,8,view_resource,173,2026-02-12 23:03:00
6091,271,9,complete_lesson,133,2026-02-14 01:41:00
6092,271,9,search_topic,579,2026-02-15 08:49:00
6093,271,10,complete_lesson,555,2026-02-15 15:48:00
6094,271,10,view_resource,355,2026-02-16 10:01:00
6095,271,11,search_topic,290,2026-02-16 15:42:00
6096,272,1,search_topic,272,2026-01-21 17:20:00
6097,272,2,search_topic,126,2026-01-22 14:29:00
6098,272,2,view_resource,90,2026-01-24 13:11:00
6099,272,2,view_resource,250,2026-01-25 16:40:00
6100,272,3,complete_lesson,534,2026-01-26 21:47:00
6101,272,4,complete_lesson,298,2026-01-28 01:48:00
6102,272,4,complete_lesson,596,2026-01-29 10:45:00
6103,272,4,view_resource,198,2026-01-29 16:32:00
6104,272,5,complete_lesson,191,2026-01-29 20:44:00
6105,272,5,search_topic,80,2026-01-30 07:49:00
6106,272,5,view_resource,123,2026-01-31 04:22:00
6107,272,6,view_resource,350,2026-02-01 02:14:00
6108,272,6,complete_lesson,356,2026-02-02 20:47:00
6109,272,6,complete_lesson,101,2026-02-03 16:08:00
6110,272,7,view_resource,282,2026-02-04 00:45:00
6111,272,8,view_resource,500,2026-02-05 15:22:00
6112,272,8,complete_lesson,594,2026-02-06 17:36:00
6113,272,9,view_resource,528,2026-02-08 09:20:00
6114,272,10,complete_lesson,185,2026-02-09 03:43:00
6115,272,11,complete_lesson,257,2026-02-10 13:34:00
6116,272,12,complete_lesson,570,2026-02-11 19:39:00
6117,272,13,view_resource,251,2026-02-13 19:41:00
6118,272,14,search_topic,241,2026-02-15 09:31:00
6119,272,15,search_topic,191,2026-02-15 15:30:00
6120,272,15,view_resource,75,2026-02-16 09:13:00
6121,272,16,view_resource,335,2026-02-16 17:01:00
6122,272,17,search_topic,522,2026-02-17 04:05:00
6123,272,17,search_topic,249,2026-02-17 15:17:00
6124,272,17,search_topic,138,2026-02-19 04:29:00
6125,272,18,search_topic,256,2026-02-20 23:31:00
6126,272,18,complete_lesson,326,2026-02-22 00:09:00
6127,272,19,complete_lesson,345,2026-02-23 07:15:00
6128,272,19,view_resource,235,2026-02-23 15:14:00
6129,272,19,complete_lesson,211,2026-02-25 11:33:00
6130,272,20,complete_lesson,529,2026-02-27 06:18:00
6131,272,20,search_topic,197,2026-02-27 14:34:00
6132,273,1,view_resource,255,2026-01-27 19:03:00
6133,273,2,search_topic,314,2026-01-29 11:00:00
6134,273,2,complete_lesson,227,2026-01-30 18:49:00
6135,273,3,complete_lesson,119,2026-01-31 05:07:00
6136,273,3,search_topic,493,2026-02-01 20:01:00
6137,273,4,search_topic,87,2026-02-03 11:03:00
6138,273,5,complete_lesson,81,2026-02-04 21:01:00
6139,273,5,view_resource,283,2026-02-06 10:13:00
6140,273,5,complete_lesson,460,2026-02-08 04:06:00
6141,273,6,view_resource,598,2026-02-08 08:09:00
6142,273,6,view_resource,114,2026-02-08 13:15:00
6143,273,7,search_topic,96,2026-02-09 16:28:00
6144,273,8,search_topic,354,2026-02-10 14:01:00
6145,273,8,complete_lesson,127,2026-02-10 22:25:00
6146,273,9,view_resource,510,2026-02-12 18:25:00
6147,273,9,search_topic,172,2026-02-13 03:03:00
6148,273,9,complete_lesson,565,2026-02-14 02:17:00
6149,273,10,search_topic,155,2026-02-14 11:43:00
6150,273,11,search_topic,101,2026-02-15 12:33:00
6151,273,12,search_topic,195,2026-02-15 22:39:00
6152,273,13,view_resource,262,2026-02-17 12:13:00
6153,273,14,complete_lesson,543,2026-02-18 19:27:00
6154,273,14,view_resource,383,2026-02-19 12:35:00
6155,273,14,complete_lesson,351,2026-02-20 08:38:00
6156,273,15,complete_lesson,105,2026-02-20 12:02:00
6157,273,16,view_resource,63,2026-02-21 23:35:00
6158,273,17,view_resource,474,2026-02-23 11:50:00
6159,273,18,search_topic,422,2026-02-24 20:43:00
6160,273,18,complete_lesson,465,2026-02-26 01:34:00
6161,273,18,complete_lesson,288,2026-02-27 00:00:00
6162,274,1,view_resource,232,2026-01-02 07:21:00
6163,274,1,complete_lesson,167,2026-01-04 07:49:00
6164,274,2,search_topic,369,2026-01-05 11:00:00
6165,274,3,search_topic,384,2026-01-06 00:26:00
6166,274,3,complete_lesson,282,2026-01-07 14:38:00
6167,274,3,complete_lesson,254,2026-01-09 12:12:00
6168,274,4,complete_lesson,146,2026-01-10 06:00:00
6169,274,5,view_resource,446,2026-01-11 00:01:00
6170,274,6,view_resource,539,2026-01-11 07:12:00
6171,274,7,view_resource,76,2026-01-12 20:50:00
6172,274,8,view_resource,267,2026-01-14 07:32:00
6173,274,9,view_resource,174,2026-01-15 07:02:00
6174,274,10,complete_lesson,105,2026-01-15 11:45:00
6175,274,10,complete_lesson,577,2026-01-15 16:11:00
6176,274,10,complete_lesson,192,2026-01-17 00:03:00
6177,274,11,search_topic,397,2026-01-18 15:34:00
6178,274,12,complete_lesson,78,2026-01-20 13:06:00
6179,274,12,view_resource,599,2026-01-21 07:38:00
6180,274,12,complete_lesson,83,2026-01-22 03:17:00
6181,274,13,search_topic,474,2026-01-23 16:00:00
6182,274,14,view_resource,412,2026-01-25 07:08:00
6183,274,15,view_resource,103,2026-01-25 12:00:00
6184,274,16,view_resource,587,2026-01-26 19:05:00
6185,274,16,view_resource,343,2026-01-28 15:30:00
6186,274,16,search_topic,317,2026-01-28 23:28:00
6187,274,17,search_topic,563,2026-01-30 10:02:00
6188,274,18,complete_lesson,287,2026-01-31 12:17:00
6189,274,19,view_resource,116,2026-02-01 04:22:00
6190,274,20,view_resource,386,2026-02-02 05:20:00
6191,274,20,search_topic,121,2026-02-04 01:09:00
6192,275,1,complete_lesson,543,2026-01-20 03:33:00
6193,275,2,complete_lesson,507,2026-01-21 10:24:00
6194,275,3,search_topic,307,2026-01-23 10:24:00
6195,275,3,search_topic,225,2026-01-24 09:06:00
6196,275,3,complete_lesson,267,2026-01-25 17:47:00
6197,275,4,complete_lesson,148,2026-01-26 22:12:00
6198,275,5,view_resource,395,2026-01-27 05:24:00
6199,275,6,complete_lesson,189,2026-01-28 06:22:00
6200,275,6,search_topic,545,2026-01-29 19:20:00
6201,275,6,view_resource,289,2026-01-31 05:31:00
6202,275,7,view_resource,522,2026-01-31 16:33:00
6203,275,8,complete_lesson,424,2026-02-01 04:09:00
6204,275,9,complete_lesson,430,2026-02-02 20:26:00
6205,275,10,complete_lesson,582,2026-02-04 19:02:00
6206,275,10,search_topic,426,2026-02-06 11:29:00
6207,275,11,search_topic,328,2026-02-07 01:22:00
6208,275,12,search_topic,265,2026-02-08 06:11:00
6209,275,12,view_resource,129,2026-02-10 04:15:00
6210,275,13,complete_lesson,123,2026-02-12 04:33:00
6211,276,1,view_resource,421,2026-01-25 12:01:00
6212,276,2,view_resource,85,2026-01-27 09:42:00
6213,276,3,complete_lesson,378,2026-01-28 18:33:00
6214,276,3,search_topic,325,2026-01-29 09:16:00
6215,276,3,search_topic,454,2026-01-29 13:06:00
6216,276,4,search_topic,522,2026-01-31 04:25:00
6217,276,5,complete_lesson,166,2026-02-01 15:43:00
6218,276,6,view_resource,409,2026-02-02 07:24:00
6219,276,7,view_resource,300,2026-02-03 18:03:00
6220,276,8,view_resource,137,2026-02-04 02:14:00
6221,276,9,view_resource,494,2026-02-05 09:40:00
6222,276,10,search_topic,501,2026-02-06 23:20:00
6223,276,11,complete_lesson,245,2026-02-07 07:42:00
6224,276,12,complete_lesson,164,2026-02-08 14:25:00
6225,276,12,search_topic,427,2026-02-09 22:21:00
6226,276,12,complete_lesson,236,2026-02-11 17:38:00
6227,276,13,search_topic,253,2026-02-13 05:32:00
6228,276,13,complete_lesson,409,2026-02-13 13:33:00
6229,276,13,view_resource,127,2026-02-14 01:28:00
6230,276,14,search_topic,401,2026-02-14 16:45:00
6231,276,15,complete_lesson,497,2026-02-16 00:08:00
6232,276,16,complete_lesson,380,2026-02-16 17:35:00
6233,276,17,view_resource,288,2026-02-17 15:27:00
6234,276,18,complete_lesson,473,2026-02-17 21:22:00
6235,277,1,search_topic,519,2026-01-05 16:20:00
6236,277,2,search_topic,188,2026-01-05 20:27:00
6237,277,2,complete_lesson,281,2026-01-07 11:29:00
6238,277,3,search_topic,295,2026-01-08 16:23:00
6239,277,4,search_topic,379,2026-01-10 12:04:00
6240,277,5,view_resource,195,2026-01-10 17:00:00
6241,277,6,complete_lesson,83,2026-01-11 09:33:00
6242,277,7,view_resource,239,2026-01-13 04:33:00
6243,277,7,search_topic,409,2026-01-14 12:47:00
6244,277,7,view_resource,121,2026-01-15 19:14:00
6245,277,8,view_resource,78,2026-01-17 05:37:00
6246,277,9,search_topic,101,2026-01-18 17:44:00
6247,277,9,search_topic,436,2026-01-19 20:11:00
6248,277,9,complete_lesson,140,2026-01-20 22:23:00
6249,277,10,view_resource,99,2026-01-22 18:31:00
6250,277,10,search_topic,336,2026-01-22 23:24:00
6251,277,10,view_resource,181,2026-01-24 12:33:00
6252,277,11,search_topic,170,2026-01-25 23:43:00
6253,277,11,search_topic,193,2026-01-27 01:14:00
6254,278,1,search_topic,108,2026-01-22 09:12:00
6255,278,2,complete_lesson,191,2026-01-23 07:49:00
6256,278,3,complete_lesson,85,2026-01-24 06:14:00
6257,278,3,complete_lesson,592,2026-01-24 11:50:00
6258,278,3,search_topic,281,2026-01-24 21:03:00
6259,278,4,view_resource,333,2026-01-25 14:12:00
6260,278,4,search_topic,483,2026-01-27 01:48:00
6261,278,5,view_resource,427,2026-01-28 02:36:00
6262,278,6,search_topic,77,2026-01-28 17:31:00
6263,278,6,complete_lesson,398,2026-01-30 11:30:00
6264,278,6,complete_lesson,275,2026-01-31 13:40:00
6265,278,7,complete_lesson,356,2026-02-01 14:44:00
6266,278,8,view_resource,585,2026-02-02 06:09:00
6267,278,9,complete_lesson,87,2026-02-03 11:11:00
6268,278,10,complete_lesson,576,2026-02-03 19:26:00
6269,278,11,complete_lesson,207,2026-02-04 15:13:00
6270,278,12,search_topic,392,2026-02-06 08:20:00
6271,278,12,search_topic,106,2026-02-07 20:38:00
6272,278,12,view_resource,144,2026-02-09 06:41:00
6273,278,13,complete_lesson,270,2026-02-10 22:06:00
6274,278,13,search_topic,139,2026-02-11 05:38:00
6275,278,14,view_resource,387,2026-02-13 05:47:00
6276,278,14,search_topic,455,2026-02-13 13:46:00
6277,278,15,complete_lesson,371,2026-02-13 19:04:00
6278,278,16,search_topic,166,2026-02-14 07:50:00
6279,278,16,complete_lesson,394,2026-02-16 00:35:00
6280,278,16,complete_lesson,501,2026-02-18 00:45:00
6281,278,17,search_topic,516,2026-02-20 00:47:00
6282,278,17,view_resource,192,2026-02-20 08:43:00
6283,278,17,complete_lesson,501,2026-02-21 09:43:00
6284,278,18,search_topic,475,2026-02-21 23:03:00
6285,278,19,complete_lesson,365,2026-02-22 07:17:00
6286,278,19,view_resource,61,2026-02-22 16:46:00
6287,279,1,complete_lesson,405,2026-02-01 10:27:00
6288,279,2,search_topic,256,2026-02-02 19:26:00
6289,279,3,view_resource,239,2026-02-03 14:18:00
6290,279,4,search_topic,73,2026-02-05 11:29:00
6291,279,4,search_topic,336,2026-02-07 06:40:00
6292,279,4,view_resource,466,2026-02-08 19:41:00
6293,279,5,complete_lesson,353,2026-02-09 00:43:00
6294,279,6,complete_lesson,531,2026-02-10 17:14:00
6295,279,6,view_resource,442,2026-02-12 05:29:00
6296,279,7,view_resource,385,2026-02-13 08:42:00
6297,279,7,search_topic,372,2026-02-13 20:41:00
6298,279,8,search_topic,225,2026-02-15 18:49:00
6299,279,8,complete_lesson,236,2026-02-16 07:26:00
6300,279,8,view_resource,329,2026-02-17 07:41:00
6301,279,9,complete_lesson,431,2026-02-17 18:02:00
6302,279,9,view_resource,283,2026-02-18 22:47:00
6303,279,9,view_resource,75,2026-02-19 10:43:00
6304,279,10,complete_lesson,314,2026-02-20 09:21:00
6305,279,11,search_topic,201,2026-02-20 14:03:00
6306,279,11,view_resource,189,2026-02-21 02:23:00
6307,279,11,complete_lesson,544,2026-02-21 09:11:00
6308,279,12,search_topic,506,2026-02-23 09:09:00
6309,279,12,view_resource,518,2026-02-24 08:06:00
6310,279,13,complete_lesson,472,2026-02-26 03:38:00
6311,280,1,search_topic,349,2026-01-24 05:19:00
6312,280,2,complete_lesson,68,2026-01-24 11:04:00
6313,280,3,search_topic,201,2026-01-26 03:37:00
6314,280,3,view_resource,174,2026-01-27 18:24:00
6315,280,4,search_topic,542,2026-01-28 23:31:00
6316,280,4,search_topic,558,2026-01-30 22:48:00
6317,280,5,view_resource,172,2026-02-01 11:43:00
6318,280,6,view_resource,566,2026-02-01 23:43:00
6319,280,6,search_topic,470,2026-02-02 23:50:00
6320,280,7,complete_lesson,407,2026-02-04 04:18:00
6321,280,8,complete_lesson,130,2026-02-05 08:33:00
6322,280,8,view_resource,591,2026-02-06 17:08:00
6323,280,8,search_topic,127,2026-02-06 22:46:00
6324,280,9,view_resource,121,2026-02-08 11:41:00
6325,280,9,search_topic,321,2026-02-09 22:40:00
6326,280,10,complete_lesson,376,2026-02-11 03:16:00
6327,280,11,view_resource,476,2026-02-12 12:46:00
6328,280,11,complete_lesson,285,2026-02-14 01:32:00
6329,280,11,complete_lesson,590,2026-02-15 09:03:00
6330,280,12,search_topic,164,2026-02-17 09:10:00
6331,280,13,complete_lesson,183,2026-02-17 19:37:00
6332,280,13,search_topic,420,2026-02-18 20:29:00
6333,280,13,view_resource,531,2026-02-20 18:12:00
6334,280,14,search_topic,442,2026-02-22 02:29:00
6335,280,15,complete_lesson,166,2026-02-22 07:41:00
6336,280,16,search_topic,425,2026-02-22 22:26:00
6337,280,16,complete_lesson,434,2026-02-24 06:29:00
6338,280,16,view_resource,570,2026-02-26 03:20:00
6339,280,17,view_resource,336,2026-02-26 16:37:00
6340,280,17,view_resource,217,2026-02-28 00:49:00
6341,280,18,view_resource,528,2026-03-01 06:40:00
6342,281,1,complete_lesson,108,2026-01-09 09:11:00
6343,281,1,view_resource,442,2026-01-10 15:48:00
6344,281,1,view_resource,410,2026-01-10 22:26:00
6345,281,2,complete_lesson,415,2026-01-11 13:48:00
6346,281,3,complete_lesson,592,2026-01-12 00:34:00
6347,281,3,complete_lesson,316,2026-01-12 21:13:00
6348,281,3,view_resource,94,2026-01-13 17:00:00
6349,281,4,search_topic,94,2026-01-15 07:31:00
6350,281,5,search_topic,537,2026-01-15 22:30:00
6351,281,6,complete_lesson,422,2026-01-17 14:36:00
6352,281,7,complete_lesson,107,2026-01-18 11:32:00
6353,281,8,complete_lesson,400,2026-01-19 01:18:00
6354,281,8,complete_lesson,228,2026-01-20 17:16:00
6355,281,9,search_topic,542,2026-01-22 04:08:00
6356,281,10,view_resource,166,2026-01-23 16:46:00
6357,281,11,view_resource,272,2026-01-24 18:17:00
6358,281,12,complete_lesson,596,2026-01-26 03:49:00
6359,282,1,complete_lesson,316,2026-01-29 19:24:00
6360,282,2,search_topic,435,2026-01-30 09:30:00
6361,282,2,view_resource,261,2026-02-01 05:08:00
6362,282,2,view_resource,364,2026-02-02 22:08:00
6363,282,3,view_resource,111,2026-02-03 04:41:00
6364,282,3,search_topic,435,2026-02-04 23:34:00
6365,282,3,complete_lesson,263,2026-02-05 21:19:00
6366,282,4,view_resource,398,2026-02-07 16:50:00
6367,282,5,complete_lesson,466,2026-02-08 11:08:00
6368,282,6,complete_lesson,148,2026-02-08 15:45:00
6369,282,6,complete_lesson,462,2026-02-10 08:04:00
6370,282,7,complete_lesson,580,2026-02-12 02:29:00
6371,282,7,view_resource,525,2026-02-12 13:39:00
6372,282,8,view_resource,193,2026-02-13 18:12:00
6373,282,9,complete_lesson,459,2026-02-14 14:45:00
6374,282,10,complete_lesson,593,2026-02-16 01:17:00
6375,282,11,view_resource,300,2026-02-17 08:08:00
6376,282,11,view_resource,543,2026-02-18 06:18:00
6377,282,12,complete_lesson,594,2026-02-20 02:25:00
6378,282,13,complete_lesson,487,2026-02-21 16:29:00
6379,283,1,search_topic,266,2026-01-07 12:06:00
6380,283,2,search_topic,96,2026-01-08 22:35:00
6381,283,2,view_resource,174,2026-01-09 16:37:00
6382,283,3,search_topic,239,2026-01-10 07:10:00
6383,283,4,complete_lesson,326,2026-01-11 19:40:00
6384,283,4,view_resource,312,2026-01-13 06:04:00
6385,283,4,search_topic,279,2026-01-14 01:41:00
6386,283,5,view_resource,413,2026-01-15 11:11:00
6387,283,6,search_topic,86,2026-01-17 09:13:00
6388,283,7,complete_lesson,79,2026-01-19 03:11:00
6389,283,8,complete_lesson,190,2026-01-19 16:39:00
6390,283,8,complete_lesson,560,2026-01-21 02:36:00
6391,283,9,view_resource,382,2026-01-22 12:28:00
6392,283,9,view_resource,461,2026-01-23 07:11:00
6393,283,9,search_topic,513,2026-01-25 00:34:00
6394,283,10,view_resource,492,2026-01-26 22:50:00
6395,284,1,view_resource,290,2026-01-30 21:38:00
6396,284,2,complete_lesson,391,2026-01-31 01:41:00
6397,284,3,search_topic,155,2026-02-01 00:18:00
6398,284,4,view_resource,149,2026-02-02 09:16:00
6399,284,5,view_resource,503,2026-02-03 12:13:00
6400,284,6,complete_lesson,529,2026-02-04 13:03:00
6401,284,7,search_topic,137,2026-02-05 16:12:00
6402,284,8,view_resource,262,2026-02-07 00:26:00
6403,284,8,search_topic,415,2026-02-07 21:07:00
6404,284,8,search_topic,64,2026-02-08 07:03:00
6405,284,9,complete_lesson,262,2026-02-10 01:43:00
6406,284,9,search_topic,339,2026-02-11 12:41:00
6407,284,10,search_topic,551,2026-02-12 11:38:00
6408,284,10,search_topic,88,2026-02-13 23:36:00
6409,284,10,complete_lesson,163,2026-02-14 19:48:00
6410,284,11,complete_lesson,75,2026-02-15 22:18:00
6411,284,12,view_resource,390,2026-02-17 08:45:00
6412,285,1,view_resource,127,2026-01-28 15:06:00
6413,285,2,complete_lesson,295,2026-01-30 14:38:00
6414,285,3,complete_lesson,276,2026-02-01 10:35:00
6415,285,4,complete_lesson,204,2026-02-02 10:06:00
6416,285,5,search_topic,320,2026-02-04 00:29:00
6417,285,6,complete_lesson,531,2026-02-04 15:43:00
6418,285,7,search_topic,586,2026-02-06 14:45:00
6419,285,8,complete_lesson,389,2026-02-07 12:35:00
6420,285,9,complete_lesson,173,2026-02-08 04:00:00
6421,285,10,view_resource,386,2026-02-08 13:33:00
6422,285,10,complete_lesson,302,2026-02-09 08:26:00
6423,285,11,search_topic,443,2026-02-11 08:35:00
6424,285,12,search_topic,369,2026-02-12 17:50:00
6425,285,13,complete_lesson,204,2026-02-14 01:47:00
6426,285,14,view_resource,446,2026-02-15 20:22:00
6427,285,15,complete_lesson,324,2026-02-16 20:19:00
6428,285,15,view_resource,207,2026-02-17 16:10:00
6429,286,1,view_resource,326,2026-01-09 07:25:00
6430,286,2,search_topic,338,2026-01-10 05:47:00
6431,286,3,complete_lesson,488,2026-01-11 09:13:00
6432,286,4,search_topic,123,2026-01-11 18:11:00
6433,286,5,complete_lesson,389,2026-01-13 17:40:00
6434,286,6,search_topic,497,2026-01-14 09:19:00
6435,286,7,search_topic,433,2026-01-15 01:11:00
6436,286,7,complete_lesson,479,2026-01-16 18:35:00
6437,286,8,view_resource,205,2026-01-17 23:29:00
6438,286,9,complete_lesson,474,2026-01-18 17:39:00
6439,286,9,view_resource,507,2026-01-20 05:27:00
6440,286,10,view_resource,335,2026-01-21 23:27:00
6441,286,10,search_topic,404,2026-01-22 06:18:00
6442,286,11,view_resource,532,2026-01-23 02:05:00
6443,286,12,view_resource,366,2026-01-24 22:36:00
6444,286,13,complete_lesson,377,2026-01-25 18:04:00
6445,287,1,view_resource,429,2026-02-02 08:19:00
6446,287,2,complete_lesson,536,2026-02-03 11:00:00
6447,287,3,view_resource,111,2026-02-04 20:22:00
6448,287,4,view_resource,60,2026-02-06 12:13:00
6449,287,4,view_resource,349,2026-02-06 17:49:00
6450,287,5,complete_lesson,102,2026-02-07 14:33:00
6451,287,6,view_resource,206,2026-02-09 02:30:00
6452,287,7,view_resource,125,2026-02-09 06:00:00
6453,287,8,complete_lesson,240,2026-02-10 02:11:00
6454,287,9,view_resource,88,2026-02-11 02:34:00
6455,287,9,complete_lesson,359,2026-02-12 21:30:00
6456,287,10,view_resource,275,2026-02-13 19:35:00
6457,288,1,complete_lesson,127,2026-01-16 22:14:00
6458,288,2,search_topic,201,2026-01-17 20:32:00
6459,288,3,complete_lesson,329,2026-01-18 03:13:00
6460,288,4,view_resource,556,2026-01-18 22:07:00
6461,288,4,view_resource,268,2026-01-20 08:32:00
6462,288,4,search_topic,103,2026-01-22 07:02:00
6463,288,5,view_resource,223,2026-01-22 18:45:00
6464,288,5,search_topic,252,2026-01-23 22:14:00
6465,288,6,search_topic,176,2026-01-25 02:07:00
6466,288,7,search_topic,306,2026-01-25 09:25:00
6467,288,8,complete_lesson,520,2026-01-27 08:12:00
6468,288,9,view_resource,131,2026-01-28 10:12:00
6469,288,10,view_resource,595,2026-01-29 08:25:00
6470,288,11,view_resource,297,2026-01-29 22:18:00
6471,288,12,complete_lesson,137,2026-01-30 05:34:00
6472,288,13,search_topic,433,2026-02-01 02:01:00
6473,288,14,search_topic,151,2026-02-02 21:49:00
6474,288,14,view_resource,278,2026-02-04 01:17:00
6475,288,15,search_topic,113,2026-02-04 18:39:00
6476,288,15,search_topic,235,2026-02-06 18:35:00
6477,288,16,view_resource,135,2026-02-07 20:50:00
6478,288,17,search_topic,432,2026-02-09 16:07:00
6479,288,18,complete_lesson,118,2026-02-11 03:27:00
6480,288,18,search_topic,537,2026-02-11 13:50:00
6481,288,19,complete_lesson,115,2026-02-11 23:42:00
6482,288,20,search_topic,136,2026-02-13 17:49:00
6483,288,20,view_resource,113,2026-02-14 10:36:00
6484,288,20,view_resource,116,2026-02-16 06:41:00
6485,289,1,complete_lesson,425,2026-01-18 17:43:00
6486,289,2,complete_lesson,276,2026-01-20 14:37:00
6487,289,3,complete_lesson,238,2026-01-21 16:43:00
6488,289,4,view_resource,370,2026-01-22 22:27:00
6489,289,5,complete_lesson,418,2026-01-23 13:25:00
6490,289,5,search_topic,393,2026-01-24 03:12:00
6491,289,5,complete_lesson,364,2026-01-24 09:46:00
6492,289,6,view_resource,522,2026-01-25 02:02:00
6493,289,7,search_topic,422,2026-01-26 04:16:00
6494,289,8,search_topic,391,2026-01-27 15:07:00
6495,289,9,view_resource,465,2026-01-28 02:21:00
6496,289,9,complete_lesson,405,2026-01-29 20:46:00
6497,289,10,complete_lesson,482,2026-01-31 15:18:00
6498,289,10,complete_lesson,328,2026-02-02 00:26:00
6499,289,11,view_resource,366,2026-02-03 02:06:00
6500,289,12,view_resource,576,2026-02-04 22:27:00
6501,289,12,view_resource,535,2026-02-05 04:29:00
6502,289,12,view_resource,88,2026-02-05 08:10:00
6503,289,13,view_resource,72,2026-02-05 23:39:00
6504,289,14,view_resource,564,2026-02-06 19:26:00
6505,289,14,complete_lesson,583,2026-02-07 14:21:00
6506,289,15,complete_lesson,342,2026-02-09 12:27:00
6507,289,15,search_topic,380,2026-02-11 03:36:00
6508,289,16,search_topic,128,2026-02-12 04:23:00
6509,289,17,search_topic,407,2026-02-13 06:41:00
6510,289,18,search_topic,105,2026-02-13 15:46:00
6511,289,18,search_topic,528,2026-02-15 06:35:00
6512,289,19,view_resource,493,2026-02-16 04:49:00
6513,290,1,search_topic,389,2026-01-13 06:12:00
6514,290,2,search_topic,335,2026-01-13 16:47:00
6515,290,3,search_topic,357,2026-01-14 19:28:00
6516,290,4,view_resource,581,2026-01-15 04:32:00
6517,290,5,complete_lesson,337,2026-01-16 18:14:00
6518,290,6,complete_lesson,378,2026-01-17 09:43:00
6519,290,7,complete_lesson,537,2026-01-19 01:50:00
6520,290,8,search_topic,471,2026-01-20 05:45:00
6521,290,8,view_resource,433,2026-01-22 03:44:00
6522,290,8,search_topic,269,2026-01-22 17:26:00
6523,290,9,view_resource,556,2026-01-23 20:21:00
6524,290,10,complete_lesson,173,2026-01-25 15:27:00
6525,290,10,complete_lesson,89,2026-01-26 19:23:00
6526,290,10,complete_lesson,494,2026-01-27 00:43:00
6527,290,11,view_resource,325,2026-01-28 02:27:00
6528,290,12,complete_lesson,270,2026-01-29 19:05:00
6529,290,12,search_topic,414,2026-01-30 15:10:00
6530,290,13,search_topic,335,2026-02-01 01:13:00
6531,290,14,search_topic,569,2026-02-02 15:50:00
6532,290,15,view_resource,182,2026-02-04 13:04:00
6533,290,16,view_resource,230,2026-02-05 03:33:00
6534,290,16,search_topic,536,2026-02-05 12:02:00
6535,290,16,search_topic,486,2026-02-05 22:35:00
6536,290,17,search_topic,130,2026-02-07 17:38:00
6537,290,18,view_resource,115,2026-02-08 00:31:00
6538,290,19,complete_lesson,587,2026-02-08 19:01:00
6539,290,19,search_topic,421,2026-02-10 10:20:00
6540,290,19,complete_lesson,204,2026-02-10 21:08:00
6541,291,1,view_resource,583,2026-01-03 03:32:00
6542,291,2,search_topic,288,2026-01-04 14:10:00
6543,291,3,view_resource,289,2026-01-06 01:47:00
6544,291,4,search_topic,153,2026-01-07 11:19:00
6545,291,5,view_resource,108,2026-01-07 22:45:00
6546,291,5,search_topic,558,2026-01-09 18:11:00
6547,291,5,complete_lesson,239,2026-01-11 00:45:00
6548,291,6,view_resource,168,2026-01-11 07:42:00
6549,291,7,search_topic,405,2026-01-12 11:08:00
6550,291,7,view_resource,179,2026-01-13 04:02:00
6551,291,7,view_resource,162,2026-01-15 04:44:00
6552,291,8,search_topic,394,2026-01-16 18:49:00
6553,291,8,search_topic,352,2026-01-18 11:18:00
6554,291,9,search_topic,344,2026-01-19 13:03:00
6555,291,9,complete_lesson,210,2026-01-21 07:08:00
6556,291,10,view_resource,170,2026-01-22 18:22:00
6557,291,11,complete_lesson,453,2026-01-24 10:30:00
6558,291,12,complete_lesson,376,2026-01-25 09:17:00
6559,291,13,search_topic,583,2026-01-25 23:16:00
6560,291,14,search_topic,294,2026-01-27 03:49:00
6561,291,15,search_topic,160,2026-01-28 18:36:00
6562,291,16,search_topic,279,2026-01-30 05:19:00
6563,291,16,search_topic,511,2026-01-31 16:03:00
6564,291,16,view_resource,227,2026-02-01 03:34:00
6565,291,17,complete_lesson,160,2026-02-01 20:39:00
6566,291,18,complete_lesson,130,2026-02-03 05:12:00
6567,291,19,complete_lesson,301,2026-02-04 15:40:00
6568,292,1,view_resource,291,2026-01-30 14:27:00
6569,292,2,complete_lesson,424,2026-02-01 03:07:00
6570,292,3,view_resource,600,2026-02-02 09:12:00
6571,292,4,search_topic,588,2026-02-02 16:05:00
6572,292,4,view_resource,336,2026-02-04 14:39:00
6573,292,4,search_topic,300,2026-02-06 05:32:00
6574,292,5,search_topic,386,2026-02-06 21:29:00
6575,292,6,view_resource,515,2026-02-07 19:42:00
6576,292,7,complete_lesson,211,2026-02-09 11:33:00
6577,292,8,search_topic,530,2026-02-09 16:36:00
6578,292,9,search_topic,569,2026-02-10 14:02:00
6579,292,10,search_topic,89,2026-02-12 00:19:00
6580,292,11,search_topic,502,2026-02-12 14:12:00
6581,292,12,search_topic,243,2026-02-13 13:20:00
6582,292,13,view_resource,511,2026-02-15 10:26:00
6583,292,13,complete_lesson,206,2026-02-17 02:16:00
6584,292,14,view_resource,496,2026-02-18 11:25:00
6585,292,14,view_resource,109,2026-02-19 13:47:00
6586,292,14,view_resource,537,2026-02-20 16:22:00
6587,292,15,complete_lesson,542,2026-02-21 04:27:00
6588,292,16,complete_lesson,542,2026-02-22 08:31:00
6589,292,17,search_topic,153,2026-02-23 23:03:00
6590,292,18,view_resource,108,2026-02-25 02:39:00
6591,293,1,view_resource,398,2026-02-02 05:43:00
6592,293,2,view_resource,217,2026-02-02 22:26:00
6593,293,3,complete_lesson,238,2026-02-03 04:07:00
6594,293,4,complete_lesson,404,2026-02-04 20:02:00
6595,293,5,view_resource,364,2026-02-05 14:27:00
6596,293,5,view_resource,271,2026-02-06 16:26:00
6597,293,6,view_resource,321,2026-02-07 06:23:00
6598,293,6,view_resource,231,2026-02-08 13:24:00
6599,293,7,view_resource,344,2026-02-10 00:28:00
6600,293,8,search_topic,104,2026-02-10 13:27:00
6601,293,9,view_resource,444,2026-02-11 16:33:00
6602,293,10,complete_lesson,583,2026-02-12 21:11:00
6603,293,10,view_resource,498,2026-02-14 08:48:00
6604,293,10,view_resource,439,2026-02-14 19:39:00
6605,293,11,complete_lesson,247,2026-02-16 15:34:00
6606,294,1,search_topic,122,2026-01-12 19:05:00
6607,294,2,search_topic,438,2026-01-14 08:28:00
6608,294,3,search_topic,519,2026-01-15 15:27:00
6609,294,4,complete_lesson,196,2026-01-17 07:28:00
6610,294,5,complete_lesson,278,2026-01-19 00:26:00
6611,294,5,complete_lesson,587,2026-01-20 13:34:00
6612,294,5,search_topic,395,2026-01-22 06:47:00
6613,294,6,complete_lesson,245,2026-01-23 19:02:00
6614,294,6,view_resource,401,2026-01-24 19:17:00
6615,294,7,complete_lesson,442,2026-01-26 18:44:00
6616,294,7,view_resource,222,2026-01-27 04:32:00
6617,294,7,search_topic,218,2026-01-28 10:21:00
6618,294,8,view_resource,436,2026-01-28 20:11:00
6619,294,9,complete_lesson,419,2026-01-29 04:22:00
6620,294,10,view_resource,80,2026-01-30 20:46:00
6621,295,1,search_topic,355,2026-01-27 09:46:00
6622,295,2,complete_lesson,287,2026-01-28 20:41:00
6623,295,3,view_resource,153,2026-01-30 09:21:00
6624,295,4,search_topic,330,2026-01-31 20:24:00
6625,295,5,view_resource,547,2026-02-02 11:37:00
6626,295,6,complete_lesson,413,2026-02-03 17:11:00
6627,295,7,complete_lesson,513,2026-02-04 00:20:00
6628,295,8,view_resource,439,2026-02-05 09:10:00
6629,295,9,view_resource,599,2026-02-05 17:29:00
6630,295,9,complete_lesson,123,2026-02-06 12:49:00
6631,295,10,complete_lesson,283,2026-02-07 00:11:00
6632,295,11,view_resource,129,2026-02-07 06:04:00
6633,295,12,complete_lesson,534,2026-02-08 03:23:00
6634,295,13,search_topic,372,2026-02-08 09:45:00
6635,295,14,complete_lesson,174,2026-02-09 00:14:00
6636,296,1,complete_lesson,516,2026-01-04 00:41:00
6637,296,1,view_resource,219,2026-01-04 10:30:00
6638,296,1,search_topic,459,2026-01-05 06:30:00
6639,296,2,search_topic,205,2026-01-05 20:30:00
6640,296,3,complete_lesson,396,2026-01-07 09:50:00
6641,296,4,view_resource,488,2026-01-07 22:37:00
6642,296,5,complete_lesson,575,2026-01-08 09:22:00
6643,296,6,view_resource,77,2026-01-10 08:25:00
6644,296,7,search_topic,485,2026-01-10 20:22:00
6645,296,7,complete_lesson,346,2026-01-12 03:31:00
6646,296,7,search_topic,560,2026-01-13 16:15:00
6647,296,8,search_topic,502,2026-01-13 22:36:00
6648,296,9,complete_lesson,238,2026-01-15 03:14:00
6649,296,9,search_topic,504,2026-01-16 07:09:00
6650,296,10,complete_lesson,185,2026-01-18 03:24:00
6651,296,11,search_topic,574,2026-01-18 23:34:00
6652,296,12,view_resource,521,2026-01-20 08:43:00
6653,296,12,search_topic,276,2026-01-21 10:10:00
6654,297,1,view_resource,539,2026-01-21 16:01:00
6655,297,1,search_topic,356,2026-01-22 20:42:00
6656,297,2,complete_lesson,372,2026-01-24 14:29:00
6657,297,3,view_resource,367,2026-01-24 19:36:00
6658,297,4,search_topic,236,2026-01-25 17:37:00
6659,297,4,complete_lesson,310,2026-01-26 05:37:00
6660,297,4,view_resource,195,2026-01-27 07:01:00
6661,297,5,search_topic,437,2026-01-28 13:31:00
6662,297,5,view_resource,286,2026-01-30 07:06:00
6663,297,5,view_resource,537,2026-02-01 02:10:00
6664,297,6,view_resource,161,2026-02-02 05:31:00
6665,297,7,view_resource,449,2026-02-02 14:41:00
6666,297,8,complete_lesson,533,2026-02-03 11:04:00
6667,297,9,complete_lesson,433,2026-02-03 19:49:00
6668,297,9,search_topic,200,2026-02-04 22:43:00
6669,297,9,search_topic,154,2026-02-06 01:47:00
6670,297,10,complete_lesson,290,2026-02-06 19:42:00
6671,297,10,search_topic,356,2026-02-06 23:41:00
6672,297,11,view_resource,451,2026-02-08 14:38:00
6673,297,12,view_resource,149,2026-02-09 20:31:00
6674,297,12,complete_lesson,294,2026-02-10 15:12:00
6675,297,13,view_resource,502,2026-02-11 00:04:00
6676,297,13,complete_lesson,323,2026-02-11 22:04:00
6677,297,14,search_topic,578,2026-02-12 14:03:00
6678,297,15,complete_lesson,378,2026-02-13 02:47:00
6679,297,16,complete_lesson,560,2026-02-13 22:29:00
6680,297,16,complete_lesson,225,2026-02-14 10:09:00
6681,297,17,view_resource,354,2026-02-16 01:29:00
6682,297,17,search_topic,346,2026-02-17 03:41:00
6683,297,17,search_topic,469,2026-02-17 14:43:00
6684,297,18,search_topic,92,2026-02-18 11:04:00
6685,297,18,complete_lesson,453,2026-02-19 13:42:00
6686,298,1,view_resource,68,2026-01-14 16:48:00
6687,298,2,view_resource,402,2026-01-15 04:08:00
6688,298,3,search_topic,283,2026-01-15 21:44:00
6689,298,4,view_resource,185,2026-01-17 00:36:00
6690,298,5,view_resource,271,2026-01-17 08:27:00
6691,298,6,view_resource,404,2026-01-18 06:45:00
6692,298,7,complete_lesson,131,2026-01-19 00:21:00
6693,298,8,search_topic,585,2026-01-20 23:07:00
6694,298,9,view_resource,398,2026-01-21 20:23:00
6695,298,9,search_topic,494,2026-01-22 10:00:00
6696,298,10,search_topic,204,2026-01-22 19:15:00
6697,298,10,search_topic,547,2026-01-24 01:15:00
6698,298,11,complete_lesson,200,2026-01-24 11:47:00
6699,298,12,search_topic,166,2026-01-25 13:07:00
6700,298,13,complete_lesson,590,2026-01-27 03:29:00
6701,298,14,view_resource,270,2026-01-27 12:44:00
6702,298,15,search_topic,385,2026-01-28 12:31:00
6703,298,16,search_topic,70,2026-01-29 00:05:00
6704,299,1,complete_lesson,235,2026-01-28 22:41:00
6705,299,2,view_resource,510,2026-01-30 00:03:00
6706,299,3,search_topic,356,2026-01-31 08:07:00
6707,299,3,view_resource,90,2026-02-01 08:50:00
6708,299,3,search_topic,521,2026-02-02 17:03:00
6709,299,4,search_topic,414,2026-02-04 14:44:00
6710,299,5,complete_lesson,287,2026-02-05 09:00:00
6711,299,6,search_topic,421,2026-02-06 16:21:00
6712,299,7,complete_lesson,83,2026-02-06 23:21:00
6713,299,7,complete_lesson,425,2026-02-08 03:49:00
6714,299,8,complete_lesson,585,2026-02-08 16:11:00
6715,299,9,complete_lesson,568,2026-02-09 09:33:00
6716,299,10,search_topic,326,2026-02-09 17:38:00
6717,299,10,view_resource,385,2026-02-11 09:13:00
6718,299,11,search_topic,219,2026-02-11 13:50:00
6719,299,12,search_topic,184,2026-02-12 17:13:00
6720,299,13,search_topic,285,2026-02-14 03:15:00
6721,300,1,complete_lesson,400,2026-01-24 09:50:00
6722,300,1,complete_lesson,430,2026-01-24 19:21:00
6723,300,1,view_resource,592,2026-01-26 01:23:00
6724,300,2,view_resource,373,2026-01-27 01:12:00
6725,300,3,search_topic,169,2026-01-29 00:00:00
6726,300,4,complete_lesson,560,2026-01-30 07:38:00
6727,300,5,complete_lesson,200,2026-01-31 05:05:00
6728,300,5,view_resource,412,2026-02-01 16:29:00
6729,300,6,search_topic,190,2026-02-03 14:30:00
6730,300,6,complete_lesson,172,2026-02-04 21:26:00
6731,300,7,search_topic,258,2026-02-06 07:24:00
6732,300,8,view_resource,252,2026-02-07 05:38:00
6733,300,9,search_topic,511,2026-02-08 22:30:00
6734,300,9,complete_lesson,382,2026-02-10 06:31:00
6735,300,10,complete_lesson,282,2026-02-10 17:11:00
6736,300,11,complete_lesson,582,2026-02-11 03:16:00
6737,301,1,view_resource,126,2026-01-23 05:29:00
6738,301,2,search_topic,485,2026-01-24 09:30:00
6739,301,3,complete_lesson,332,2026-01-25 16:32:00
6740,301,4,search_topic,304,2026-01-26 10:09:00
6741,301,5,view_resource,494,2026-01-27 05:27:00
6742,301,5,search_topic,516,2026-01-28 14:24:00
6743,301,5,search_topic,103,2026-01-29 18:24:00
6744,301,6,complete_lesson,511,2026-01-30 13:07:00
6745,301,7,search_topic,317,2026-01-30 23:38:00
6746,301,8,view_resource,72,2026-01-31 10:37:00
6747,301,8,search_topic,311,2026-02-02 08:29:00
6748,301,8,view_resource,557,2026-02-03 20:38:00
6749,301,9,complete_lesson,464,2026-02-04 13:32:00
6750,301,10,complete_lesson,546,2026-02-04 23:18:00
6751,301,11,search_topic,371,2026-02-06 20:28:00
6752,301,12,complete_lesson,548,2026-02-08 07:45:00
6753,301,13,search_topic,115,2026-02-10 01:26:00
6754,301,14,complete_lesson,158,2026-02-10 19:49:00
6755,301,15,search_topic,589,2026-02-11 12:25:00
6756,301,16,complete_lesson,209,2026-02-13 10:49:00
6757,301,16,complete_lesson,121,2026-02-13 15:09:00
6758,301,16,view_resource,327,2026-02-14 09:44:00
6759,301,17,view_resource,288,2026-02-15 17:37:00
6760,302,1,search_topic,487,2026-01-07 09:06:00
6761,302,2,search_topic,549,2026-01-09 05:47:00
6762,302,3,view_resource,519,2026-01-10 12:24:00
6763,302,4,complete_lesson,388,2026-01-12 08:25:00
6764,302,5,search_topic,262,2026-01-13 02:08:00
6765,302,5,complete_lesson,431,2026-01-14 14:35:00
6766,302,5,view_resource,92,2026-01-14 22:17:00
6767,302,6,view_resource,239,2026-01-15 04:33:00
6768,302,7,view_resource,562,2026-01-16 09:04:00
6769,302,8,search_topic,510,2026-01-18 05:43:00
6770,302,9,complete_lesson,540,2026-01-19 10:12:00
6771,302,9,complete_lesson,204,2026-01-21 08:09:00
6772,302,10,complete_lesson,196,2026-01-21 18:45:00
6773,302,11,complete_lesson,491,2026-01-22 19:35:00
6774,302,11,view_resource,341,2026-01-23 04:13:00
6775,302,12,complete_lesson,154,2026-01-24 10:11:00
6776,302,13,complete_lesson,384,2026-01-24 19:06:00
6777,302,14,view_resource,512,2026-01-26 02:18:00
6778,302,14,view_resource,534,2026-01-27 05:43:00
6779,302,14,view_resource,148,2026-01-27 20:19:00
6780,303,1,view_resource,509,2026-01-15 10:14:00
6781,303,2,search_topic,357,2026-01-16 07:38:00
6782,303,2,search_topic,568,2026-01-16 11:18:00
6783,303,2,complete_lesson,493,2026-01-18 07:29:00
6784,303,3,search_topic,484,2026-01-20 01:16:00
6785,303,4,complete_lesson,258,2026-01-21 19:06:00
6786,303,4,view_resource,230,2026-01-22 10:26:00
6787,303,5,complete_lesson,435,2026-01-23 20:27:00
6788,303,5,complete_lesson,395,2026-01-25 07:20:00
6789,303,5,view_resource,64,2026-01-27 07:13:00
6790,303,6,view_resource,213,2026-01-27 12:39:00
6791,303,7,complete_lesson,373,2026-01-28 08:02:00
6792,303,8,complete_lesson,514,2026-01-30 00:36:00
6793,303,9,search_topic,319,2026-01-31 07:19:00
6794,303,10,search_topic,120,2026-02-01 22:20:00
6795,303,11,search_topic,600,2026-02-02 11:07:00
6796,303,12,search_topic,458,2026-02-04 07:11:00
6797,303,13,view_resource,311,2026-02-06 03:18:00
6798,303,14,complete_lesson,594,2026-02-07 18:13:00
6799,303,14,complete_lesson,275,2026-02-09 07:15:00
6800,303,15,complete_lesson,244,2026-02-10 21:03:00
6801,303,16,search_topic,301,2026-02-12 17:20:00
6802,303,17,search_topic,595,2026-02-14 13:49:00
6803,303,17,search_topic,473,2026-02-15 17:49:00
6804,303,17,complete_lesson,240,2026-02-17 15:12:00
6805,304,1,search_topic,217,2026-01-22 06:24:00
6806,304,2,complete_lesson,510,2026-01-23 20:21:00
6807,304,3,search_topic,294,2026-01-25 10:06:00
6808,304,4,search_topic,508,2026-01-25 18:34:00
6809,304,5,view_resource,557,2026-01-27 10:33:00
6810,304,5,complete_lesson,203,2026-01-27 16:26:00
6811,304,5,view_resource,346,2026-01-28 03:15:00
6812,304,6,complete_lesson,173,2026-01-29 07:11:00
6813,304,7,complete_lesson,81,2026-01-30 12:25:00
6814,304,8,search_topic,416,2026-01-31 08:20:00
6815,304,9,complete_lesson,203,2026-02-02 08:15:00
6816,304,9,search_topic,423,2026-02-04 07:17:00
6817,304,9,search_topic,583,2026-02-04 11:23:00
6818,304,10,complete_lesson,380,2026-02-06 03:06:00
6819,304,10,complete_lesson,89,2026-02-06 08:31:00
6820,304,10,complete_lesson,559,2026-02-07 20:27:00
6821,304,11,search_topic,461,2026-02-08 15:44:00
6822,304,11,search_topic,515,2026-02-08 22:21:00
6823,304,12,search_topic,146,2026-02-10 05:02:00
6824,304,13,view_resource,531,2026-02-10 11:01:00
6825,304,14,search_topic,541,2026-02-11 21:02:00
6826,304,15,view_resource,386,2026-02-13 13:44:00
6827,304,16,complete_lesson,588,2026-02-15 10:46:00
6828,304,16,complete_lesson,410,2026-02-15 23:50:00
6829,304,17,search_topic,414,2026-02-17 22:14:00
6830,304,17,view_resource,207,2026-02-18 16:34:00
6831,304,17,complete_lesson,247,2026-02-19 12:37:00
6832,304,18,view_resource,254,2026-02-21 02:11:00
6833,304,19,complete_lesson,263,2026-02-22 05:37:00
6834,305,1,view_resource,553,2026-02-02 06:50:00
6835,305,1,complete_lesson,438,2026-02-03 08:05:00
6836,305,2,view_resource,203,2026-02-04 14:17:00
6837,305,3,view_resource,85,2026-02-06 02:07:00
6838,305,3,search_topic,208,2026-02-07 06:46:00
6839,305,3,search_topic,466,2026-02-08 03:42:00
6840,305,4,complete_lesson,117,2026-02-08 07:27:00
6841,305,5,view_resource,169,2026-02-09 11:14:00
6842,305,5,complete_lesson,422,2026-02-09 21:03:00
6843,305,6,search_topic,338,2026-02-10 17:33:00
6844,305,6,complete_lesson,421,2026-02-10 21:31:00
6845,305,7,search_topic,441,2026-02-12 08:34:00
6846,305,8,view_resource,290,2026-02-13 18:49:00
6847,305,9,search_topic,376,2026-02-14 21:33:00
6848,305,10,search_topic,286,2026-02-15 01:29:00
6849,305,10,complete_lesson,503,2026-02-15 08:47:00
6850,305,11,complete_lesson,441,2026-02-16 10:06:00
6851,305,12,search_topic,314,2026-02-18 02:13:00
6852,305,12,complete_lesson,291,2026-02-18 12:21:00
6853,305,12,view_resource,255,2026-02-19 01:30:00
6854,305,13,view_resource,187,2026-02-20 17:49:00
6855,306,1,view_resource,232,2026-01-13 22:45:00
6856,306,2,view_resource,300,2026-01-15 05:19:00
6857,306,3,view_resource,67,2026-01-15 15:11:00
6858,306,3,complete_lesson,226,2026-01-17 05:35:00
6859,306,3,view_resource,272,2026-01-18 16:31:00
6860,306,4,view_resource,433,2026-01-19 07:24:00
6861,306,4,search_topic,462,2026-01-20 07:24:00
6862,306,4,complete_lesson,101,2026-01-21 21:48:00
6863,306,5,view_resource,178,2026-01-23 19:30:00
6864,306,5,view_resource,154,2026-01-25 05:30:00
6865,306,5,search_topic,401,2026-01-26 02:21:00
6866,306,6,search_topic,340,2026-01-26 09:11:00
6867,306,7,view_resource,415,2026-01-27 22:08:00
6868,306,7,complete_lesson,337,2026-01-29 18:23:00
6869,306,8,view_resource,96,2026-01-31 12:50:00
6870,306,8,view_resource,465,2026-02-01 18:25:00
6871,306,8,complete_lesson,400,2026-02-03 01:35:00
6872,306,9,complete_lesson,503,2026-02-03 19:27:00
6873,306,9,search_topic,106,2026-02-05 13:40:00
6874,306,10,view_resource,498,2026-02-06 01:39:00
6875,306,11,search_topic,461,2026-02-07 00:44:00
6876,306,11,search_topic,299,2026-02-07 23:25:00
6877,306,11,view_resource,443,2026-02-08 16:02:00
6878,306,12,view_resource,413,2026-02-10 12:23:00
6879,306,13,view_resource,364,2026-02-11 02:31:00
6880,306,14,search_topic,172,2026-02-12 10:20:00
6881,307,1,complete_lesson,594,2026-01-18 05:16:00
6882,307,2,search_topic,381,2026-01-20 03:06:00
6883,307,2,search_topic,518,2026-01-22 02:31:00
6884,307,3,search_topic,489,2026-01-23 10:44:00
6885,307,4,view_resource,454,2026-01-24 11:43:00
6886,307,5,view_resource,578,2026-01-25 09:48:00
6887,307,6,search_topic,189,2026-01-26 09:32:00
6888,307,7,view_resource,128,2026-01-27 16:23:00
6889,307,8,search_topic,449,2026-01-29 00:34:00
6890,307,9,complete_lesson,417,2026-01-29 23:39:00
6891,307,10,view_resource,448,2026-01-30 09:07:00
6892,307,11,search_topic,336,2026-01-31 19:50:00
6893,307,11,search_topic,563,2026-02-02 14:18:00
6894,308,1,search_topic,366,2026-01-12 15:28:00
6895,308,2,complete_lesson,394,2026-01-13 12:16:00
6896,308,3,complete_lesson,239,2026-01-14 05:12:00
6897,308,4,search_topic,591,2026-01-14 12:46:00
6898,308,4,view_resource,539,2026-01-15 16:05:00
6899,308,4,view_resource,92,2026-01-16 06:21:00
6900,308,5,view_resource,82,2026-01-17 10:08:00
6901,308,5,complete_lesson,187,2026-01-17 14:07:00
6902,308,5,search_topic,550,2026-01-19 09:36:00
6903,308,6,view_resource,527,2026-01-21 05:39:00
6904,308,7,complete_lesson,272,2026-01-22 12:41:00
6905,308,8,complete_lesson,299,2026-01-22 18:28:00
6906,308,9,view_resource,113,2026-01-24 16:00:00
6907,308,10,view_resource,372,2026-01-25 09:27:00
6908,309,1,view_resource,86,2026-01-26 12:11:00
6909,309,1,complete_lesson,321,2026-01-28 03:50:00
6910,309,2,complete_lesson,357,2026-01-30 00:45:00
6911,309,3,complete_lesson,110,2026-02-01 00:09:00
6912,309,4,view_resource,498,2026-02-02 03:48:00
6913,309,5,search_topic,325,2026-02-03 19:37:00
6914,309,5,search_topic,252,2026-02-04 22:16:00
6915,309,5,complete_lesson,436,2026-02-06 19:15:00
6916,309,6,complete_lesson,389,2026-02-07 03:39:00
6917,309,7,view_resource,587,2026-02-08 05:01:00
6918,309,7,complete_lesson,506,2026-02-09 17:38:00
6919,309,8,view_resource,142,2026-02-11 00:03:00
6920,309,8,view_resource,311,2026-02-11 04:36:00
6921,309,9,search_topic,328,2026-02-12 15:39:00
6922,309,9,view_resource,403,2026-02-12 23:32:00
6923,309,9,complete_lesson,355,2026-02-14 22:14:00
6924,309,10,view_resource,190,2026-02-16 17:27:00
6925,309,11,search_topic,314,2026-02-18 12:02:00
6926,309,12,complete_lesson,490,2026-02-19 04:49:00
6927,309,12,search_topic,215,2026-02-20 11:03:00
6928,309,13,search_topic,107,2026-02-21 11:08:00
6929,309,13,view_resource,226,2026-02-21 19:39:00
6930,309,14,view_resource,158,2026-02-23 12:24:00
6931,309,15,complete_lesson,161,2026-02-24 04:34:00
6932,309,16,search_topic,190,2026-02-24 22:43:00
6933,309,16,complete_lesson,168,2026-02-25 20:29:00
6934,309,17,complete_lesson,565,2026-02-27 15:15:00
6935,309,18,search_topic,162,2026-02-28 00:37:00
6936,309,19,complete_lesson,423,2026-02-28 15:00:00
6937,310,1,search_topic,252,2026-01-28 15:45:00
6938,310,2,search_topic,162,2026-01-30 07:28:00
6939,310,3,view_resource,450,2026-01-31 22:50:00
6940,310,4,search_topic,298,2026-02-02 05:50:00
6941,310,4,complete_lesson,581,2026-02-04 00:12:00
6942,310,5,complete_lesson,461,2026-02-04 04:14:00
6943,310,5,search_topic,170,2026-02-05 20:14:00
6944,310,6,search_topic,531,2026-02-07 16:33:00
6945,310,7,view_resource,96,2026-02-09 14:41:00
6946,310,8,complete_lesson,282,2026-02-11 01:22:00
6947,310,9,search_topic,471,2026-02-12 11:24:00
6948,310,10,search_topic,335,2026-02-14 01:37:00
6949,310,11,complete_lesson,423,2026-02-14 09:02:00
6950,310,12,complete_lesson,432,2026-02-15 18:07:00
6951,310,13,view_resource,106,2026-02-15 23:37:00
6952,310,14,search_topic,398,2026-02-17 08:15:00
6953,310,15,complete_lesson,268,2026-02-18 00:34:00
6954,310,16,view_resource,163,2026-02-18 20:40:00
6955,310,17,view_resource,584,2026-02-20 03:44:00
6956,310,18,search_topic,178,2026-02-22 00:30:00
6957,310,19,complete_lesson,74,2026-02-22 04:08:00
6958,310,19,complete_lesson,339,2026-02-22 13:05:00
6959,310,20,view_resource,481,2026-02-23 19:31:00
6960,311,1,view_resource,352,2026-01-24 23:29:00
6961,311,2,view_resource,524,2026-01-25 21:32:00
6962,311,3,search_topic,469,2026-01-27 00:17:00
6963,311,4,complete_lesson,575,2026-01-28 08:39:00
6964,311,5,complete_lesson,459,2026-01-28 18:43:00
6965,311,5,search_topic,100,2026-01-29 14:12:00
6966,311,5,complete_lesson,75,2026-01-31 01:12:00
6967,311,6,search_topic,139,2026-01-31 11:46:00
6968,311,7,complete_lesson,268,2026-01-31 22:35:00
6969,311,8,search_topic,301,2026-02-02 12:21:00
6970,311,9,complete_lesson,148,2026-02-03 21:19:00
6971,311,9,view_resource,305,2026-02-04 09:36:00
6972,311,9,view_resource,404,2026-02-04 14:26:00
6973,311,10,view_resource,255,2026-02-05 22:35:00
6974,311,10,search_topic,484,2026-02-06 06:18:00
6975,311,11,complete_lesson,262,2026-02-07 05:45:00
6976,311,11,search_topic,90,2026-02-08 08:37:00
6977,311,11,search_topic,180,2026-02-10 05:35:00
6978,311,12,complete_lesson,373,2026-02-11 09:24:00
6979,311,13,view_resource,248,2026-02-11 18:18:00
6980,311,13,complete_lesson,281,2026-02-13 14:31:00
6981,311,14,search_topic,276,2026-02-14 05:05:00
6982,311,15,search_topic,286,2026-02-15 13:28:00
6983,312,1,complete_lesson,355,2026-01-26 22:45:00
6984,312,2,complete_lesson,575,2026-01-27 04:37:00
6985,312,3,search_topic,81,2026-01-27 14:38:00
6986,312,4,complete_lesson,188,2026-01-28 10:26:00
6987,312,5,complete_lesson,231,2026-01-29 02:21:00
6988,312,6,complete_lesson,380,2026-01-29 17:32:00
6989,312,7,complete_lesson,550,2026-01-31 14:08:00
6990,312,8,search_topic,259,2026-02-01 05:50:00
6991,312,9,search_topic,198,2026-02-01 23:44:00
6992,312,10,complete_lesson,183,2026-02-03 20:12:00
6993,312,11,search_topic,420,2026-02-05 14:43:00
6994,312,12,view_resource,349,2026-02-06 01:13:00
6995,312,13,view_resource,221,2026-02-07 06:18:00
6996,312,14,view_resource,449,2026-02-08 11:26:00
6997,312,15,complete_lesson,522,2026-02-10 06:17:00
6998,312,16,search_topic,75,2026-02-11 07:38:00
6999,312,16,view_resource,352,2026-02-11 14:03:00
7000,312,16,search_topic,132,2026-02-13 00:45:00
7001,312,17,view_resource,600,2026-02-13 05:10:00
7002,313,1,search_topic,202,2026-02-02 00:13:00
7003,313,2,view_resource,308,2026-02-03 09:27:00
7004,313,3,complete_lesson,129,2026-02-04 03:44:00
7005,313,4,complete_lesson,309,2026-02-05 22:16:00
7006,313,4,search_topic,539,2026-02-07 20:26:00
7007,313,4,view_resource,460,2026-02-09 04:50:00
7008,313,5,complete_lesson,396,2026-02-09 16:44:00
7009,313,6,view_resource,472,2026-02-10 20:41:00
7010,313,7,search_topic,365,2026-02-11 04:14:00
7011,313,8,view_resource,586,2026-02-12 16:45:00
7012,313,9,search_topic,182,2026-02-13 13:32:00
7013,313,9,view_resource,508,2026-02-13 22:13:00
7014,313,9,search_topic,405,2026-02-15 04:50:00
7015,313,10,complete_lesson,349,2026-02-16 01:35:00
7016,313,11,search_topic,66,2026-02-16 11:41:00
7017,313,12,complete_lesson,148,2026-02-18 08:07:00
7018,313,13,complete_lesson,119,2026-02-20 07:17:00
7019,313,14,view_resource,578,2026-02-22 04:44:00
7020,313,15,view_resource,98,2026-02-23 04:35:00
7021,313,15,complete_lesson,402,2026-02-24 14:12:00
7022,313,15,complete_lesson,275,2026-02-25 11:17:00
7023,314,1,complete_lesson,349,2026-01-17 12:00:00
7024,314,2,view_resource,234,2026-01-19 00:07:00
7025,314,2,view_resource,242,2026-01-20 19:12:00
7026,314,3,view_resource,436,2026-01-22 18:17:00
7027,314,3,view_resource,156,2026-01-23 03:32:00
7028,314,3,search_topic,439,2026-01-24 07:35:00
7029,314,4,view_resource,159,2026-01-25 12:00:00
7030,314,4,view_resource,308,2026-01-26 09:29:00
7031,314,4,complete_lesson,451,2026-01-27 16:25:00
7032,314,5,search_topic,341,2026-01-29 07:21:00
7033,314,6,view_resource,295,2026-01-29 16:31:00
7034,314,6,view_resource,416,2026-01-31 03:45:00
7035,314,7,search_topic,228,2026-02-01 23:44:00
7036,314,8,view_resource,368,2026-02-02 14:03:00
7037,314,8,complete_lesson,450,2026-02-03 08:14:00
7038,314,8,view_resource,395,2026-02-04 17:14:00
7039,314,9,complete_lesson,598,2026-02-04 22:04:00
7040,314,10,view_resource,432,2026-02-05 19:45:00
7041,314,11,complete_lesson,459,2026-02-06 01:46:00
7042,314,12,search_topic,334,2026-02-06 11:24:00
7043,314,13,search_topic,560,2026-02-08 08:42:00
7044,315,1,complete_lesson,203,2026-01-16 11:36:00
7045,315,2,view_resource,376,2026-01-17 07:19:00
7046,315,3,view_resource,473,2026-01-18 01:41:00
7047,315,4,search_topic,361,2026-01-18 05:43:00
7048,315,5,complete_lesson,117,2026-01-18 13:06:00
7049,315,6,complete_lesson,197,2026-01-20 02:44:00
7050,315,7,complete_lesson,112,2026-01-21 18:31:00
7051,315,7,complete_lesson,527,2026-01-23 04:45:00
7052,315,7,complete_lesson,453,2026-01-23 18:06:00
7053,315,8,complete_lesson,174,2026-01-24 22:45:00
7054,315,9,search_topic,78,2026-01-26 09:06:00
7055,315,10,search_topic,250,2026-01-27 12:24:00
7056,315,11,search_topic,303,2026-01-28 21:38:00
7057,315,12,search_topic,487,2026-01-30 18:46:00
7058,315,12,search_topic,588,2026-02-01 06:03:00
7059,315,12,view_resource,346,2026-02-01 22:41:00
7060,315,13,view_resource,63,2026-02-03 12:46:00
7061,315,13,search_topic,282,2026-02-04 07:50:00
7062,315,14,complete_lesson,412,2026-02-05 02:15:00
7063,315,15,complete_lesson,503,2026-02-05 12:29:00
7064,315,16,search_topic,107,2026-02-06 14:11:00
7065,315,17,complete_lesson,460,2026-02-07 23:38:00
7066,315,18,view_resource,594,2026-02-09 15:24:00
7067,315,18,complete_lesson,196,2026-02-10 12:24:00
7068,315,18,complete_lesson,258,2026-02-12 05:26:00
7069,316,1,view_resource,480,2026-01-11 08:05:00
7070,316,2,search_topic,161,2026-01-13 07:28:00
7071,316,2,complete_lesson,150,2026-01-14 04:08:00
7072,316,3,complete_lesson,543,2026-01-14 16:48:00
7073,316,4,complete_lesson,226,2026-01-15 17:34:00
7074,316,4,search_topic,454,2026-01-16 15:22:00
7075,316,5,view_resource,265,2026-01-16 20:17:00
7076,316,5,search_topic,142,2026-01-18 05:31:00
7077,316,6,search_topic,377,2026-01-19 00:37:00
7078,316,7,complete_lesson,77,2026-01-20 14:32:00
7079,316,8,complete_lesson,510,2026-01-22 04:02:00
7080,316,9,search_topic,71,2026-01-22 22:35:00
7081,316,9,complete_lesson,572,2026-01-23 21:32:00
7082,316,10,view_resource,389,2026-01-24 12:32:00
7083,316,11,search_topic,252,2026-01-25 18:47:00
7084,316,12,search_topic,572,2026-01-27 10:33:00
7085,316,13,view_resource,100,2026-01-27 15:37:00
7086,316,13,complete_lesson,554,2026-01-28 17:06:00
7087,316,14,view_resource,414,2026-01-30 13:21:00
7088,316,15,view_resource,322,2026-01-31 14:31:00
7089,316,15,complete_lesson,303,2026-02-01 11:48:00
7090,316,15,complete_lesson,441,2026-02-02 14:23:00
7091,316,16,view_resource,277,2026-02-03 01:14:00
7092,316,17,complete_lesson,461,2026-02-03 06:06:00
7093,316,17,view_resource,64,2026-02-03 11:08:00
7094,316,18,view_resource,292,2026-02-04 08:09:00
7095,316,18,complete_lesson,490,2026-02-05 17:19:00
7096,316,18,complete_lesson,457,2026-02-07 03:16:00
7097,316,19,search_topic,580,2026-02-08 01:15:00
7098,316,20,complete_lesson,507,2026-02-09 03:00:00
7099,316,20,complete_lesson,440,2026-02-10 05:25:00
7100,317,1,complete_lesson,307,2026-01-06 23:34:00
7101,317,2,complete_lesson,153,2026-01-08 20:25:00
7102,317,3,complete_lesson,552,2026-01-09 13:17:00
7103,317,3,view_resource,340,2026-01-10 18:32:00
7104,317,4,complete_lesson,261,2026-01-12 05:13:00
7105,317,5,view_resource,569,2026-01-12 21:19:00
7106,317,6,search_topic,451,2026-01-14 03:22:00
7107,317,7,search_topic,91,2026-01-14 18:08:00
7108,317,7,complete_lesson,239,2026-01-15 18:41:00
7109,317,7,complete_lesson,398,2026-01-16 02:45:00
7110,317,8,view_resource,195,2026-01-17 02:46:00
7111,317,9,search_topic,555,2026-01-18 15:11:00
7112,317,10,complete_lesson,507,2026-01-19 15:24:00
7113,317,10,view_resource,418,2026-01-19 22:14:00
7114,317,11,complete_lesson,438,2026-01-20 08:06:00
7115,317,12,complete_lesson,443,2026-01-21 07:29:00
7116,317,13,view_resource,384,2026-01-22 18:43:00
7117,317,14,complete_lesson,187,2026-01-22 22:45:00
7118,317,15,search_topic,591,2026-01-23 05:47:00
7119,318,1,complete_lesson,517,2026-01-11 22:07:00
7120,318,2,view_resource,129,2026-01-13 19:38:00
7121,318,3,search_topic,328,2026-01-15 15:11:00
7122,318,4,complete_lesson,588,2026-01-17 03:02:00
7123,318,5,complete_lesson,497,2026-01-18 12:41:00
7124,318,6,complete_lesson,461,2026-01-19 21:11:00
7125,318,7,search_topic,122,2026-01-21 11:26:00
7126,318,8,view_resource,486,2026-01-22 10:41:00
7127,318,8,complete_lesson,574,2026-01-23 17:16:00
7128,318,8,complete_lesson,334,2026-01-25 09:02:00
7129,318,9,search_topic,103,2026-01-26 22:13:00
7130,318,10,view_resource,588,2026-01-28 15:45:00
7131,318,11,complete_lesson,158,2026-01-28 21:42:00
7132,318,12,view_resource,392,2026-01-29 06:32:00
7133,318,13,complete_lesson,68,2026-01-31 04:50:00
7134,318,14,view_resource,107,2026-02-01 15:37:00
7135,318,14,view_resource,547,2026-02-02 06:35:00
7136,319,1,complete_lesson,377,2026-01-09 18:23:00
7137,319,2,view_resource,283,2026-01-10 01:36:00
7138,319,3,search_topic,505,2026-01-11 03:20:00
7139,319,4,search_topic,344,2026-01-12 17:02:00
7140,319,5,view_resource,141,2026-01-13 06:41:00
7141,319,6,search_topic,232,2026-01-14 18:06:00
7142,319,6,complete_lesson,173,2026-01-15 11:42:00
7143,319,6,complete_lesson,119,2026-01-16 12:21:00
7144,319,7,search_topic,250,2026-01-18 11:31:00
7145,319,8,complete_lesson,131,2026-01-19 21:44:00
7146,319,9,complete_lesson,275,2026-01-21 21:43:00
7147,319,10,search_topic,499,2026-01-22 11:36:00
7148,319,11,view_resource,161,2026-01-23 18:50:00
7149,319,12,search_topic,547,2026-01-24 20:42:00
7150,319,13,view_resource,562,2026-01-26 20:10:00
7151,319,14,view_resource,509,2026-01-27 11:40:00
7152,319,15,complete_lesson,374,2026-01-29 02:14:00
7153,319,16,search_topic,62,2026-01-30 23:04:00
7154,319,17,complete_lesson,285,2026-02-01 15:03:00
7155,319,18,view_resource,236,2026-02-02 21:46:00
7156,319,18,search_topic,542,2026-02-03 05:50:00
7157,320,1,complete_lesson,301,2026-01-14 11:42:00
7158,320,2,complete_lesson,110,2026-01-16 04:17:00
7159,320,3,view_resource,75,2026-01-17 11:45:00
7160,320,4,search_topic,162,2026-01-18 20:01:00
7161,320,5,view_resource,472,2026-01-19 02:18:00
7162,320,6,view_resource,247,2026-01-20 05:21:00
7163,320,7,complete_lesson,114,2026-01-21 12:41:00
7164,320,8,view_resource,189,2026-01-21 16:03:00
7165,320,8,search_topic,417,2026-01-23 01:41:00
7166,320,9,search_topic,323,2026-01-23 10:01:00
7167,320,10,complete_lesson,466,2026-01-24 09:01:00
7168,320,10,complete_lesson,481,2026-01-26 05:11:00
7169,321,1,view_resource,172,2026-01-10 11:37:00
7170,321,2,search_topic,159,2026-01-11 03:49:00
7171,321,2,view_resource,244,2026-01-12 13:41:00
7172,321,3,view_resource,204,2026-01-13 23:37:00
7173,321,4,complete_lesson,565,2026-01-14 05:25:00
7174,321,5,view_resource,96,2026-01-15 12:49:00
7175,321,5,view_resource,450,2026-01-16 14:40:00
7176,321,6,search_topic,271,2026-01-18 08:31:00
7177,321,7,search_topic,458,2026-01-18 15:36:00
7178,321,7,complete_lesson,419,2026-01-19 00:07:00
7179,321,8,complete_lesson,396,2026-01-20 10:44:00
7180,321,8,view_resource,199,2026-01-22 10:38:00
7181,321,8,complete_lesson,341,2026-01-23 21:34:00
7182,321,9,search_topic,149,2026-01-24 02:35:00
7183,321,9,search_topic,365,2026-01-25 14:44:00
7184,321,10,search_topic,346,2026-01-27 09:30:00
7185,321,11,complete_lesson,98,2026-01-28 17:46:00
7186,322,1,search_topic,558,2026-01-23 01:45:00
7187,322,2,complete_lesson,228,2026-01-24 21:09:00
7188,322,3,view_resource,504,2026-01-26 15:06:00
7189,322,3,search_topic,457,2026-01-26 20:50:00
7190,322,4,search_topic,251,2026-01-27 06:15:00
7191,322,4,view_resource,552,2026-01-28 22:30:00
7192,322,5,complete_lesson,389,2026-01-30 13:36:00
7193,322,5,complete_lesson,197,2026-01-31 05:18:00
7194,322,6,view_resource,546,2026-02-01 22:30:00
7195,322,7,search_topic,451,2026-02-02 18:33:00
7196,322,8,search_topic,216,2026-02-02 23:29:00
7197,322,9,complete_lesson,120,2026-02-03 06:08:00
7198,322,10,view_resource,320,2026-02-04 09:03:00
7199,322,10,view_resource,579,2026-02-05 07:17:00
7200,322,11,view_resource,250,2026-02-06 22:22:00
7201,322,12,complete_lesson,578,2026-02-08 06:00:00
7202,322,13,search_topic,140,2026-02-10 02:15:00
7203,322,13,complete_lesson,522,2026-02-10 11:08:00
7204,322,13,view_resource,238,2026-02-10 21:47:00
7205,323,1,complete_lesson,168,2026-01-31 07:20:00
7206,323,1,search_topic,65,2026-02-02 03:49:00
7207,323,2,view_resource,120,2026-02-02 07:07:00
7208,323,3,view_resource,141,2026-02-03 22:45:00
7209,323,3,search_topic,225,2026-02-04 17:44:00
7210,323,4,complete_lesson,210,2026-02-05 01:33:00
7211,323,4,complete_lesson,355,2026-02-05 23:30:00
7212,323,4,search_topic,377,2026-02-07 03:23:00
7213,323,5,view_resource,271,2026-02-09 03:25:00
7214,323,5,complete_lesson,105,2026-02-10 04:10:00
7215,323,6,view_resource,249,2026-02-11 16:06:00
7216,323,7,view_resource,444,2026-02-12 10:28:00
7217,323,7,search_topic,447,2026-02-13 17:16:00
7218,323,7,search_topic,181,2026-02-14 01:26:00
7219,323,8,complete_lesson,87,2026-02-14 15:07:00
7220,323,8,complete_lesson,423,2026-02-16 03:21:00
7221,323,8,complete_lesson,520,2026-02-17 01:22:00
7222,323,9,search_topic,579,2026-02-18 12:49:00
7223,323,9,search_topic,481,2026-02-18 18:17:00
7224,323,10,complete_lesson,155,2026-02-19 12:08:00
7225,323,11,view_resource,517,2026-02-21 00:35:00
7226,323,11,complete_lesson,327,2026-02-22 21:25:00
7227,323,11,view_resource,143,2026-02-23 01:21:00
7228,323,12,complete_lesson,586,2026-02-23 09:22:00
7229,323,13,view_resource,220,2026-02-24 21:13:00
7230,323,13,complete_lesson,467,2026-02-26 19:11:00
7231,323,13,view_resource,570,2026-02-27 12:07:00
7232,323,14,search_topic,70,2026-02-27 20:24:00
7233,323,14,view_resource,414,2026-02-28 08:03:00
7234,323,14,search_topic,140,2026-03-01 06:14:00
7235,323,15,complete_lesson,466,2026-03-01 10:19:00
7236,323,15,view_resource,360,2026-03-01 21:11:00
7237,323,16,complete_lesson,108,2026-03-03 01:11:00
7238,323,16,search_topic,461,2026-03-03 21:21:00
7239,323,16,complete_lesson,227,2026-03-04 12:15:00
7240,323,17,complete_lesson,494,2026-03-05 07:22:00
7241,324,1,complete_lesson,222,2026-01-21 10:05:00
7242,324,2,search_topic,82,2026-01-21 19:41:00
7243,324,3,complete_lesson,95,2026-01-23 10:38:00
7244,324,4,view_resource,554,2026-01-25 06:05:00
7245,324,5,view_resource,313,2026-01-26 08:37:00
7246,324,6,complete_lesson,149,2026-01-28 01:28:00
7247,324,7,view_resource,584,2026-01-28 06:24:00
7248,324,8,complete_lesson,328,2026-01-29 07:37:00
7249,324,9,complete_lesson,296,2026-01-29 15:25:00
7250,324,10,search_topic,551,2026-01-30 22:19:00
7251,324,10,view_resource,331,2026-02-01 10:46:00
7252,324,10,complete_lesson,503,2026-02-02 09:33:00
7253,324,11,search_topic,77,2026-02-03 09:08:00
7254,325,1,view_resource,217,2026-01-28 05:12:00
7255,325,1,view_resource,269,2026-01-29 01:41:00
7256,325,2,view_resource,237,2026-01-29 07:23:00
7257,325,3,complete_lesson,86,2026-01-30 02:04:00
7258,325,3,view_resource,77,2026-01-31 21:27:00
7259,325,4,search_topic,215,2026-02-02 01:08:00
7260,325,5,search_topic,498,2026-02-03 18:27:00
7261,325,6,search_topic,360,2026-02-05 18:14:00
7262,325,7,view_resource,304,2026-02-06 11:02:00
7263,325,8,complete_lesson,565,2026-02-08 06:14:00
7264,325,8,search_topic,507,2026-02-08 15:50:00
7265,325,8,complete_lesson,204,2026-02-10 02:11:00
7266,325,9,search_topic,185,2026-02-10 20:35:00
7267,325,10,complete_lesson,231,2026-02-11 05:05:00
7268,325,11,search_topic,82,2026-02-11 17:01:00
7269,325,11,search_topic,88,2026-02-12 14:14:00
7270,325,11,search_topic,568,2026-02-13 10:45:00
7271,326,1,search_topic,191,2026-01-10 21:32:00
7272,326,1,view_resource,469,2026-01-11 19:38:00
7273,326,1,view_resource,595,2026-01-12 23:23:00
7274,326,2,search_topic,509,2026-01-14 23:36:00
7275,326,3,complete_lesson,264,2026-01-15 11:22:00
7276,326,4,complete_lesson,317,2026-01-16 16:44:00
7277,326,5,view_resource,344,2026-01-18 06:34:00
7278,326,5,complete_lesson,379,2026-01-19 15:37:00
7279,326,6,view_resource,455,2026-01-21 00:06:00
7280,326,7,complete_lesson,335,2026-01-22 17:08:00
7281,326,8,complete_lesson,386,2026-01-23 20:50:00
7282,326,9,complete_lesson,565,2026-01-25 04:42:00
7283,326,9,search_topic,521,2026-01-26 18:49:00
7284,326,9,search_topic,60,2026-01-28 01:44:00
7285,326,10,complete_lesson,514,2026-01-28 06:43:00
7286,326,11,view_resource,499,2026-01-28 20:43:00
7287,326,11,search_topic,303,2026-01-29 22:50:00
7288,326,12,view_resource,580,2026-01-30 05:39:00
7289,326,12,view_resource,573,2026-01-30 10:18:00
7290,326,12,view_resource,424,2026-01-31 01:39:00
7291,326,13,search_topic,413,2026-02-01 18:07:00
7292,326,14,search_topic,193,2026-02-02 01:13:00
7293,326,15,search_topic,231,2026-02-03 01:40:00
7294,326,16,search_topic,584,2026-02-04 04:17:00
7295,327,1,view_resource,242,2026-01-22 16:40:00
7296,327,2,view_resource,298,2026-01-24 13:20:00
7297,327,3,complete_lesson,395,2026-01-24 23:41:00
7298,327,4,search_topic,111,2026-01-26 16:16:00
7299,327,4,view_resource,203,2026-01-27 16:09:00
7300,327,4,view_resource,82,2026-01-29 04:14:00
7301,327,5,view_resource,512,2026-01-30 02:43:00
7302,327,5,view_resource,475,2026-01-31 05:32:00
7303,327,5,view_resource,412,2026-02-01 17:11:00
7304,327,6,search_topic,496,2026-02-01 22:18:00
7305,327,7,search_topic,512,2026-02-02 16:16:00
7306,327,8,search_topic,248,2026-02-04 03:04:00
7307,327,9,complete_lesson,556,2026-02-06 02:45:00
7308,327,9,search_topic,568,2026-02-07 19:47:00
7309,327,10,view_resource,297,2026-02-08 04:27:00
7310,327,11,complete_lesson,243,2026-02-09 23:38:00
7311,327,11,search_topic,148,2026-02-10 20:27:00
7312,327,12,search_topic,338,2026-02-12 02:08:00
7313,327,12,view_resource,125,2026-02-12 20:29:00
7314,327,13,complete_lesson,322,2026-02-14 20:12:00
7315,327,14,search_topic,403,2026-02-15 09:43:00
7316,327,15,view_resource,345,2026-02-17 06:36:00
7317,327,16,view_resource,179,2026-02-17 10:44:00
7318,327,17,view_resource,222,2026-02-18 00:26:00
7319,327,18,search_topic,573,2026-02-19 00:43:00
7320,327,18,search_topic,398,2026-02-20 21:30:00
7321,327,18,complete_lesson,351,2026-02-21 05:35:00
7322,327,19,complete_lesson,435,2026-02-21 11:12:00
7323,327,20,search_topic,339,2026-02-22 04:47:00
7324,327,20,view_resource,65,2026-02-23 17:24:00
7325,327,20,view_resource,281,2026-02-25 10:38:00
7326,328,1,complete_lesson,454,2026-01-18 09:32:00
7327,328,2,search_topic,87,2026-01-19 17:09:00
7328,328,3,view_resource,118,2026-01-21 06:14:00
7329,328,4,complete_lesson,226,2026-01-21 16:49:00
7330,328,5,search_topic,425,2026-01-23 03:05:00
7331,328,6,search_topic,505,2026-01-23 12:26:00
7332,328,7,complete_lesson,582,2026-01-25 04:44:00
7333,328,8,view_resource,540,2026-01-26 17:10:00
7334,328,8,search_topic,304,2026-01-28 13:39:00
7335,328,9,search_topic,597,2026-01-30 09:43:00
7336,328,10,complete_lesson,176,2026-01-31 04:45:00
7337,328,11,complete_lesson,488,2026-02-02 01:44:00
7338,328,11,complete_lesson,574,2026-02-03 04:33:00
7339,328,11,complete_lesson,79,2026-02-04 03:47:00
7340,328,12,complete_lesson,154,2026-02-05 21:39:00
7341,328,12,search_topic,368,2026-02-06 22:22:00
7342,328,13,search_topic,78,2026-02-07 07:46:00
7343,328,13,search_topic,81,2026-02-09 05:29:00
7344,329,1,view_resource,172,2026-01-15 13:24:00
7345,329,1,search_topic,527,2026-01-16 15:01:00
7346,329,2,search_topic,109,2026-01-18 08:21:00
7347,329,3,complete_lesson,364,2026-01-19 13:39:00
7348,329,4,view_resource,474,2026-01-20 13:28:00
7349,329,5,complete_lesson,508,2026-01-21 01:15:00
7350,329,6,search_topic,109,2026-01-23 00:44:00
7351,329,7,view_resource,271,2026-01-23 11:12:00
7352,329,7,complete_lesson,61,2026-01-25 08:45:00
7353,329,8,complete_lesson,577,2026-01-26 16:46:00
7354,329,9,complete_lesson,199,2026-01-27 23:22:00
7355,329,10,search_topic,191,2026-01-29 21:37:00
7356,329,11,search_topic,288,2026-01-30 04:48:00
7357,329,12,search_topic,441,2026-01-31 03:36:00
7358,329,13,complete_lesson,241,2026-02-01 01:03:00
7359,329,14,complete_lesson,302,2026-02-01 17:35:00
7360,330,1,search_topic,484,2026-01-08 01:34:00
7361,330,2,search_topic,274,2026-01-08 09:05:00
7362,330,3,search_topic,107,2026-01-09 16:21:00
7363,330,4,complete_lesson,404,2026-01-10 01:19:00
7364,330,5,view_resource,259,2026-01-10 11:32:00
7365,330,5,search_topic,134,2026-01-10 15:13:00
7366,330,6,complete_lesson,507,2026-01-12 15:03:00
7367,330,7,complete_lesson,165,2026-01-13 19:44:00
7368,330,8,search_topic,551,2026-01-14 01:06:00
7369,330,9,search_topic,236,2026-01-15 03:37:00
7370,330,10,view_resource,296,2026-01-15 15:22:00
7371,330,11,search_topic,424,2026-01-16 08:45:00
7372,330,12,view_resource,127,2026-01-17 16:46:00
7373,330,13,search_topic,277,2026-01-17 20:04:00
7374,330,14,search_topic,179,2026-01-18 16:04:00
7375,330,15,view_resource,139,2026-01-20 16:48:00
7376,330,16,view_resource,399,2026-01-22 15:39:00
7377,330,17,complete_lesson,470,2026-01-24 08:05:00
7378,330,18,search_topic,245,2026-01-26 02:42:00
7379,330,19,view_resource,68,2026-01-27 15:40:00
7380,331,1,view_resource,563,2026-01-19 12:01:00
7381,331,2,complete_lesson,382,2026-01-20 19:31:00
7382,331,3,view_resource,134,2026-01-22 10:40:00
7383,331,4,search_topic,127,2026-01-24 09:46:00
7384,331,4,search_topic,536,2026-01-25 14:16:00
7385,331,5,search_topic,332,2026-01-26 04:07:00
7386,331,6,complete_lesson,371,2026-01-27 13:17:00
7387,331,6,search_topic,377,2026-01-28 15:31:00
7388,331,7,complete_lesson,203,2026-01-29 11:11:00
7389,331,8,view_resource,284,2026-01-29 23:38:00
7390,331,9,complete_lesson,348,2026-01-30 17:08:00
7391,331,10,complete_lesson,435,2026-01-31 10:03:00
7392,331,11,view_resource,272,2026-01-31 23:22:00
7393,331,12,view_resource,531,2026-02-02 07:15:00
7394,331,12,search_topic,278,2026-02-02 12:34:00
7395,332,1,view_resource,178,2026-01-15 09:12:00
7396,332,2,view_resource,582,2026-01-15 23:04:00
7397,332,2,view_resource,513,2026-01-16 16:35:00
7398,332,2,complete_lesson,407,2026-01-18 11:50:00
7399,332,3,complete_lesson,196,2026-01-19 13:21:00
7400,332,4,search_topic,462,2026-01-20 19:40:00
7401,332,4,complete_lesson,295,2026-01-22 18:18:00
7402,332,4,complete_lesson,479,2026-01-23 05:28:00
7403,332,5,complete_lesson,325,2026-01-24 06:26:00
7404,332,5,complete_lesson,350,2026-01-24 23:29:00
7405,332,6,search_topic,593,2026-01-26 20:09:00
7406,332,7,view_resource,426,2026-01-27 06:12:00
7407,332,8,view_resource,249,2026-01-28 00:41:00
7408,332,8,complete_lesson,130,2026-01-28 06:19:00
7409,332,8,complete_lesson,106,2026-01-29 13:07:00
7410,332,9,search_topic,478,2026-01-31 04:22:00
7411,332,9,search_topic,67,2026-02-01 02:12:00
7412,332,9,search_topic,360,2026-02-03 00:13:00
7413,332,10,view_resource,178,2026-02-04 22:41:00
7414,332,11,view_resource,318,2026-02-05 14:07:00
7415,332,12,view_resource,496,2026-02-06 18:20:00
7416,332,12,complete_lesson,83,2026-02-08 14:37:00
7417,332,13,complete_lesson,398,2026-02-09 05:02:00
7418,332,14,view_resource,466,2026-02-10 08:03:00
7419,332,14,search_topic,392,2026-02-12 05:28:00
7420,332,15,search_topic,273,2026-02-13 03:04:00
7421,332,15,search_topic,574,2026-02-14 08:32:00
7422,332,15,search_topic,213,2026-02-16 01:00:00
7423,332,16,search_topic,74,2026-02-17 07:44:00
7424,332,16,search_topic,244,2026-02-17 12:17:00
7425,332,16,view_resource,92,2026-02-18 14:30:00
7426,333,1,complete_lesson,299,2026-01-27 19:09:00
7427,333,2,view_resource,89,2026-01-28 09:48:00
7428,333,3,search_topic,360,2026-01-30 05:00:00
7429,333,4,search_topic,584,2026-01-30 23:45:00
7430,333,5,search_topic,85,2026-02-01 16:03:00
7431,333,6,complete_lesson,105,2026-02-02 14:31:00
7432,333,7,search_topic,534,2026-02-03 00:19:00
7433,333,8,search_topic,224,2026-02-03 08:42:00
7434,333,9,search_topic,124,2026-02-04 17:25:00
7435,333,10,complete_lesson,301,2026-02-04 21:36:00
7436,333,11,search_topic,162,2026-02-06 14:31:00
7437,333,12,search_topic,369,2026-02-08 06:42:00
7438,333,13,view_resource,503,2026-02-09 17:29:00
7439,333,13,complete_lesson,444,2026-02-10 12:02:00
7440,333,14,complete_lesson,363,2026-02-11 18:35:00
7441,333,15,search_topic,437,2026-02-12 05:13:00
7442,333,16,complete_lesson,594,2026-02-13 04:19:00
7443,334,1,view_resource,237,2026-01-23 19:30:00
7444,334,2,search_topic,595,2026-01-24 00:38:00
7445,334,3,view_resource,146,2026-01-25 22:45:00
7446,334,3,complete_lesson,372,2026-01-26 10:21:00
7447,334,3,complete_lesson,546,2026-01-27 06:14:00
7448,334,4,view_resource,129,2026-01-27 18:39:00
7449,334,4,view_resource,328,2026-01-28 14:01:00
7450,334,5,view_resource,532,2026-01-28 19:17:00
7451,334,6,complete_lesson,227,2026-01-29 16:29:00
7452,334,7,view_resource,386,2026-01-29 23:00:00
7453,334,8,view_resource,555,2026-01-31 06:01:00
7454,334,9,view_resource,178,2026-01-31 19:04:00
7455,334,10,search_topic,306,2026-02-01 00:37:00
7456,334,11,complete_lesson,107,2026-02-01 21:15:00
7457,334,12,search_topic,573,2026-02-03 09:48:00
7458,335,1,search_topic,264,2026-01-19 03:24:00
7459,335,2,complete_lesson,363,2026-01-20 18:44:00
7460,335,3,view_resource,330,2026-01-21 16:32:00
7461,335,4,view_resource,470,2026-01-22 11:10:00
7462,335,5,view_resource,589,2026-01-24 01:41:00
7463,335,6,view_resource,491,2026-01-25 21:10:00
7464,335,7,complete_lesson,267,2026-01-27 17:50:00
7465,335,8,view_resource,468,2026-01-28 07:11:00
7466,335,9,view_resource,566,2026-01-28 22:41:00
7467,335,10,view_resource,588,2026-01-29 06:37:00
7468,335,11,search_topic,337,2026-01-29 15:16:00
7469,335,11,view_resource,256,2026-01-31 13:42:00
7470,335,11,complete_lesson,464,2026-02-01 04:43:00
7471,335,12,search_topic,469,2026-02-01 13:38:00
7472,335,13,complete_lesson,242,2026-02-02 07:45:00
7473,335,14,view_resource,218,2026-02-03 09:20:00
7474,335,15,complete_lesson,329,2026-02-05 04:01:00
7475,335,15,complete_lesson,523,2026-02-06 00:38:00
7476,335,15,complete_lesson,113,2026-02-06 06:17:00
7477,335,16,view_resource,469,2026-02-06 19:08:00
7478,335,17,complete_lesson,450,2026-02-08 15:20:00
7479,335,18,view_resource,384,2026-02-10 08:21:00
7480,335,18,view_resource,573,2026-02-11 02:37:00
7481,336,1,search_topic,358,2026-01-17 18:00:00
7482,336,2,complete_lesson,448,2026-01-19 12:02:00
7483,336,3,view_resource,532,2026-01-21 01:12:00
7484,336,4,search_topic,421,2026-01-22 15:40:00
7485,336,5,view_resource,517,2026-01-23 22:41:00
7486,336,5,search_topic,83,2026-01-24 05:46:00
7487,336,6,complete_lesson,551,2026-01-25 06:35:00
7488,336,7,complete_lesson,326,2026-01-26 12:06:00
7489,336,8,search_topic,562,2026-01-28 00:43:00
7490,336,9,search_topic,587,2026-01-29 11:47:00
7491,336,10,view_resource,69,2026-01-29 23:15:00
7492,336,10,search_topic,551,2026-01-30 16:43:00
7493,336,10,view_resource,260,2026-01-31 16:11:00
7494,336,11,view_resource,254,2026-02-01 10:02:00
7495,336,12,view_resource,438,2026-02-02 05:00:00
7496,336,13,search_topic,170,2026-02-03 20:01:00
7497,336,13,search_topic,533,2026-02-05 15:36:00
7498,336,14,view_resource,206,2026-02-06 03:17:00
7499,336,15,view_resource,489,2026-02-06 20:39:00
7500,336,15,complete_lesson,484,2026-02-07 01:38:00
7501,336,16,search_topic,323,2026-02-07 09:16:00
7502,336,16,complete_lesson,476,2026-02-08 14:34:00
7503,336,16,view_resource,419,2026-02-09 11:45:00
7504,336,17,complete_lesson,402,2026-02-10 01:21:00
7505,336,18,search_topic,368,2026-02-10 07:39:00
7506,336,18,search_topic,546,2026-02-11 01:39:00
7507,336,18,view_resource,177,2026-02-12 12:07:00
7508,336,19,view_resource,332,2026-02-14 10:36:00
7509,337,1,complete_lesson,509,2026-02-02 13:42:00
7510,337,2,view_resource,420,2026-02-04 05:38:00
7511,337,2,search_topic,399,2026-02-06 05:10:00
7512,337,2,view_resource,450,2026-02-07 13:00:00
7513,337,3,search_topic,576,2026-02-09 10:19:00
7514,337,4,complete_lesson,551,2026-02-10 00:02:00
7515,337,4,view_resource,62,2026-02-10 16:16:00
7516,337,5,search_topic,542,2026-02-10 20:16:00
7517,337,6,search_topic,316,2026-02-11 10:46:00
7518,337,6,view_resource,272,2026-02-13 03:39:00
7519,337,6,view_resource,263,2026-02-13 18:36:00
7520,337,7,complete_lesson,438,2026-02-15 04:34:00
7521,337,8,complete_lesson,591,2026-02-16 02:19:00
7522,337,8,complete_lesson,530,2026-02-17 20:46:00
7523,337,9,search_topic,327,2026-02-19 01:42:00
7524,337,10,search_topic,229,2026-02-19 12:38:00
7525,337,10,view_resource,384,2026-02-20 20:04:00
7526,337,11,complete_lesson,89,2026-02-21 01:12:00
7527,337,12,view_resource,383,2026-02-21 10:05:00
7528,337,13,complete_lesson,235,2026-02-22 17:40:00
7529,337,14,complete_lesson,193,2026-02-23 03:01:00
7530,337,14,complete_lesson,247,2026-02-24 15:16:00
7531,337,14,view_resource,161,2026-02-25 06:40:00
7532,337,15,search_topic,131,2026-02-25 12:16:00
7533,337,16,search_topic,537,2026-02-27 07:18:00
7534,337,16,complete_lesson,233,2026-02-28 00:12:00
7535,338,1,complete_lesson,324,2026-01-28 09:17:00
7536,338,2,view_resource,357,2026-01-29 13:30:00
7537,338,2,search_topic,338,2026-01-29 21:11:00
7538,338,2,complete_lesson,153,2026-01-31 04:14:00
7539,338,3,search_topic,279,2026-02-01 02:06:00
7540,338,3,view_resource,532,2026-02-01 22:27:00
7541,338,3,search_topic,545,2026-02-02 13:40:00
7542,338,4,view_resource,404,2026-02-04 11:11:00
7543,338,4,search_topic,220,2026-02-05 06:02:00
7544,338,4,complete_lesson,352,2026-02-05 21:07:00
7545,338,5,complete_lesson,384,2026-02-07 17:16:00
7546,338,5,complete_lesson,510,2026-02-08 05:41:00
7547,338,6,complete_lesson,387,2026-02-09 16:45:00
7548,338,7,search_topic,366,2026-02-10 23:50:00
7549,338,7,view_resource,530,2026-02-12 17:37:00
7550,338,8,complete_lesson,340,2026-02-14 12:16:00
7551,338,9,complete_lesson,85,2026-02-16 08:07:00
7552,338,10,complete_lesson,595,2026-02-17 11:33:00
7553,338,10,complete_lesson,243,2026-02-19 02:42:00
7554,338,10,complete_lesson,94,2026-02-20 16:05:00
7555,339,1,search_topic,475,2026-01-18 08:38:00
7556,339,2,complete_lesson,461,2026-01-19 22:48:00
7557,339,3,complete_lesson,443,2026-01-20 16:12:00
7558,339,3,view_resource,94,2026-01-21 08:16:00
7559,339,4,complete_lesson,517,2026-01-22 13:07:00
7560,339,5,search_topic,558,2026-01-23 04:27:00
7561,339,6,search_topic,548,2026-01-24 04:16:00
7562,339,7,complete_lesson,397,2026-01-25 10:46:00
7563,339,7,search_topic,516,2026-01-25 20:32:00
7564,339,8,search_topic,390,2026-01-26 11:32:00
7565,339,9,search_topic,410,2026-01-27 20:03:00
7566,339,9,view_resource,379,2026-01-28 21:16:00
7567,339,9,search_topic,297,2026-01-30 00:40:00
7568,339,10,complete_lesson,496,2026-01-30 09:27:00
7569,339,10,view_resource,412,2026-01-30 22:26:00
7570,339,11,complete_lesson,188,2026-02-01 14:22:00
7571,339,11,complete_lesson,320,2026-02-03 07:25:00
7572,339,11,complete_lesson,478,2026-02-04 02:48:00
7573,339,12,view_resource,304,2026-02-05 01:19:00
7574,339,12,view_resource,587,2026-02-06 02:17:00
7575,339,12,search_topic,151,2026-02-06 18:34:00
7576,339,13,search_topic,228,2026-02-07 16:18:00
7577,339,13,complete_lesson,499,2026-02-09 12:23:00
7578,340,1,view_resource,81,2026-01-23 23:41:00
7579,340,2,search_topic,488,2026-01-24 05:25:00
7580,340,3,complete_lesson,322,2026-01-25 20:31:00
7581,340,4,complete_lesson,557,2026-01-26 04:01:00
7582,340,4,search_topic,362,2026-01-27 10:02:00
7583,340,4,view_resource,196,2026-01-28 00:14:00
7584,340,5,view_resource,552,2026-01-29 09:46:00
7585,340,6,complete_lesson,231,2026-01-30 14:32:00
7586,340,7,complete_lesson,105,2026-01-30 19:43:00
7587,340,8,view_resource,363,2026-01-31 17:15:00
7588,340,9,complete_lesson,267,2026-02-01 04:44:00
7589,340,10,view_resource,339,2026-02-01 15:12:00
7590,340,11,search_topic,286,2026-02-03 02:22:00
7591,340,12,search_topic,453,2026-02-03 23:17:00
7592,340,13,view_resource,193,2026-02-04 15:22:00
7593,340,14,complete_lesson,280,2026-02-06 04:27:00
7594,340,15,view_resource,142,2026-02-08 02:34:00
7595,340,16,complete_lesson,434,2026-02-09 19:35:00
7596,340,17,search_topic,559,2026-02-11 11:47:00
7597,341,1,complete_lesson,380,2026-01-04 22:41:00
7598,341,1,view_resource,576,2026-01-05 06:16:00
7599,341,2,search_topic,499,2026-01-06 14:49:00
7600,341,3,view_resource,94,2026-01-07 03:32:00
7601,341,4,view_resource,598,2026-01-08 05:32:00
7602,341,4,complete_lesson,399,2026-01-09 20:05:00
7603,341,5,search_topic,389,2026-01-10 09:33:00
7604,341,5,view_resource,415,2026-01-11 07:26:00
7605,341,6,search_topic,481,2026-01-11 20:02:00
7606,341,7,search_topic,564,2026-01-12 00:41:00
7607,341,8,search_topic,252,2026-01-13 13:15:00
7608,341,9,search_topic,202,2026-01-14 14:47:00
7609,341,9,complete_lesson,593,2026-01-15 13:38:00
7610,341,9,complete_lesson,192,2026-01-17 13:21:00
7611,341,10,search_topic,374,2026-01-18 14:37:00
7612,341,10,complete_lesson,225,2026-01-20 05:42:00
7613,341,11,search_topic,200,2026-01-21 04:36:00
7614,341,12,view_resource,314,2026-01-22 10:17:00
7615,341,13,complete_lesson,229,2026-01-23 08:47:00
7616,341,13,view_resource,183,2026-01-24 01:06:00
7617,341,13,view_resource,96,2026-01-24 06:27:00
7618,341,14,complete_lesson,102,2026-01-25 23:08:00
7619,342,1,complete_lesson,575,2026-01-15 06:32:00
7620,342,2,view_resource,419,2026-01-16 06:39:00
7621,342,3,search_topic,505,2026-01-17 19:01:00
7622,342,4,complete_lesson,83,2026-01-18 08:45:00
7623,342,5,complete_lesson,379,2026-01-19 11:11:00
7624,342,6,complete_lesson,238,2026-01-19 20:38:00
7625,342,7,search_topic,354,2026-01-20 17:39:00
7626,342,8,complete_lesson,520,2026-01-21 11:11:00
7627,342,8,complete_lesson,311,2026-01-22 05:17:00
7628,342,8,view_resource,294,2026-01-23 09:46:00
7629,342,9,view_resource,364,2026-01-24 11:20:00
7630,342,10,complete_lesson,387,2026-01-24 18:16:00
7631,342,11,search_topic,457,2026-01-26 01:11:00
7632,342,12,complete_lesson,284,2026-01-28 00:10:00
7633,342,13,complete_lesson,379,2026-01-29 00:10:00
7634,342,13,search_topic,264,2026-01-29 12:24:00
7635,342,13,view_resource,531,2026-01-31 02:30:00
7636,342,14,view_resource,104,2026-02-01 04:19:00
7637,342,15,search_topic,450,2026-02-02 18:44:00
7638,342,15,view_resource,125,2026-02-03 03:19:00
7639,342,15,view_resource,527,2026-02-03 11:50:00
7640,342,16,complete_lesson,232,2026-02-04 23:09:00
7641,342,16,complete_lesson,130,2026-02-05 19:01:00
7642,343,1,view_resource,475,2026-01-17 03:15:00
7643,343,2,search_topic,518,2026-01-17 11:45:00
7644,343,3,search_topic,167,2026-01-17 23:48:00
7645,343,4,complete_lesson,203,2026-01-18 18:43:00
7646,343,5,complete_lesson,580,2026-01-19 00:11:00
7647,343,6,view_resource,143,2026-01-19 07:22:00
7648,343,7,complete_lesson,274,2026-01-21 04:01:00
7649,343,8,complete_lesson,76,2026-01-23 04:09:00
7650,343,8,view_resource,418,2026-01-23 12:49:00
7651,343,8,complete_lesson,254,2026-01-25 11:44:00
7652,343,9,complete_lesson,63,2026-01-25 21:14:00
7653,343,10,view_resource,410,2026-01-26 07:33:00
7654,343,11,view_resource,453,2026-01-27 13:06:00
7655,343,12,view_resource,362,2026-01-28 19:29:00
7656,343,13,complete_lesson,196,2026-01-29 17:01:00
7657,343,13,search_topic,316,2026-01-29 22:04:00
7658,343,13,complete_lesson,368,2026-01-31 00:47:00
7659,343,14,view_resource,158,2026-02-01 10:15:00
7660,343,15,view_resource,519,2026-02-02 17:13:00
7661,343,16,search_topic,99,2026-02-03 14:25:00
7662,343,17,search_topic,256,2026-02-04 03:50:00
7663,344,1,search_topic,322,2026-01-05 10:40:00
7664,344,2,view_resource,324,2026-01-06 04:14:00
7665,344,3,search_topic,581,2026-01-07 03:09:00
7666,344,4,view_resource,404,2026-01-07 17:49:00
7667,344,5,search_topic,67,2026-01-09 01:38:00
7668,344,6,view_resource,407,2026-01-09 12:17:00
7669,344,7,view_resource,144,2026-01-10 23:07:00
7670,344,7,view_resource,94,2026-01-12 19:04:00
7671,344,7,search_topic,347,2026-01-13 18:42:00
7672,344,8,search_topic,275,2026-01-14 12:15:00
7673,344,9,complete_lesson,481,2026-01-14 18:35:00
7674,344,10,view_resource,476,2026-01-16 00:29:00
7675,344,11,complete_lesson,388,2026-01-16 23:06:00
7676,344,12,view_resource,225,2026-01-17 21:12:00
7677,344,12,complete_lesson,379,2026-01-19 01:41:00
7678,344,13,view_resource,467,2026-01-20 22:24:00
7679,344,14,view_resource,143,2026-01-21 21:44:00
7680,345,1,view_resource,424,2026-01-07 21:07:00
7681,345,2,search_topic,326,2026-01-08 08:48:00
7682,345,3,complete_lesson,157,2026-01-10 05:39:00
7683,345,4,complete_lesson,77,2026-01-12 04:21:00
7684,345,5,complete_lesson,483,2026-01-12 14:40:00
7685,345,6,complete_lesson,171,2026-01-13 13:29:00
7686,345,7,complete_lesson,558,2026-01-14 06:25:00
7687,345,8,search_topic,503,2026-01-15 12:45:00
7688,345,9,complete_lesson,159,2026-01-16 05:31:00
7689,345,9,complete_lesson,269,2026-01-17 09:18:00
7690,345,9,search_topic,163,2026-01-19 02:32:00
7691,345,10,search_topic,223,2026-01-20 12:11:00
7692,345,11,search_topic,491,2026-01-20 21:22:00
7693,345,12,search_topic,521,2026-01-22 05:38:00
7694,345,12,view_resource,159,2026-01-22 17:25:00
7695,345,13,complete_lesson,570,2026-01-23 04:08:00
7696,345,14,search_topic,533,2026-01-23 15:33:00
7697,345,14,search_topic,126,2026-01-23 20:13:00
7698,345,14,search_topic,386,2026-01-25 13:08:00
7699,345,15,view_resource,205,2026-01-26 11:22:00
7700,345,15,view_resource,230,2026-01-27 10:17:00
7701,345,16,search_topic,531,2026-01-29 02:49:00
7702,345,16,complete_lesson,523,2026-01-30 17:07:00
7703,345,16,search_topic,179,2026-01-31 14:48:00
7704,346,1,view_resource,427,2026-01-23 05:34:00
7705,346,2,view_resource,162,2026-01-25 01:09:00
7706,346,3,view_resource,334,2026-01-26 16:07:00
7707,346,4,view_resource,389,2026-01-28 15:33:00
7708,346,4,complete_lesson,213,2026-01-30 13:03:00
7709,346,5,search_topic,574,2026-01-31 16:19:00
7710,346,6,complete_lesson,590,2026-02-01 01:06:00
7711,346,7,search_topic,448,2026-02-01 16:48:00
7712,346,8,complete_lesson,206,2026-02-03 03:36:00
7713,346,9,search_topic,545,2026-02-03 20:47:00
7714,346,10,complete_lesson,569,2026-02-05 03:04:00
7715,346,11,view_resource,500,2026-02-06 14:34:00
7716,346,12,search_topic,420,2026-02-08 06:25:00
7717,347,1,complete_lesson,525,2026-01-16 06:00:00
7718,347,2,complete_lesson,404,2026-01-17 00:37:00
7719,347,3,search_topic,273,2026-01-18 21:42:00
7720,347,4,complete_lesson,174,2026-01-20 11:10:00
7721,347,5,search_topic,253,2026-01-21 09:25:00
7722,347,5,view_resource,283,2026-01-22 23:22:00
7723,347,5,complete_lesson,81,2026-01-23 08:21:00
7724,347,6,complete_lesson,369,2026-01-23 21:30:00
7725,347,6,search_topic,454,2026-01-25 01:03:00
7726,347,6,search_topic,176,2026-01-25 18:37:00
7727,347,7,view_resource,119,2026-01-27 16:32:00
7728,347,8,search_topic,250,2026-01-27 23:49:00
7729,347,9,view_resource,238,2026-01-28 16:36:00
7730,347,10,search_topic,415,2026-01-29 09:12:00
7731,347,10,search_topic,192,2026-01-29 13:11:00
7732,347,10,view_resource,514,2026-01-30 02:50:00
7733,347,11,search_topic,389,2026-01-31 12:47:00
7734,348,1,view_resource,291,2026-01-26 17:12:00
7735,348,2,search_topic,305,2026-01-27 23:16:00
7736,348,3,view_resource,79,2026-01-29 14:05:00
7737,348,4,search_topic,526,2026-01-30 06:03:00
7738,348,4,complete_lesson,123,2026-01-30 22:32:00
7739,348,4,complete_lesson,433,2026-02-01 09:24:00
7740,348,5,complete_lesson,355,2026-02-02 21:08:00
7741,348,6,view_resource,562,2026-02-04 14:03:00
7742,348,7,search_topic,275,2026-02-05 15:09:00
7743,348,8,search_topic,136,2026-02-05 21:50:00
7744,348,9,search_topic,569,2026-02-06 10:31:00
7745,348,10,complete_lesson,333,2026-02-07 05:43:00
7746,348,11,complete_lesson,358,2026-02-08 02:42:00
7747,348,12,complete_lesson,571,2026-02-09 13:48:00
7748,348,13,search_topic,127,2026-02-11 11:27:00
7749,348,14,search_topic,515,2026-02-11 20:01:00
7750,348,15,search_topic,216,2026-02-12 19:31:00
7751,348,16,complete_lesson,221,2026-02-14 18:23:00
7752,348,17,complete_lesson,502,2026-02-15 02:07:00
7753,349,1,search_topic,508,2026-02-02 23:06:00
7754,349,2,complete_lesson,435,2026-02-03 04:00:00
7755,349,3,complete_lesson,124,2026-02-03 11:47:00
7756,349,4,view_resource,276,2026-02-04 00:47:00
7757,349,5,complete_lesson,181,2026-02-05 10:30:00
7758,349,6,search_topic,486,2026-02-06 22:49:00
7759,349,6,complete_lesson,104,2026-02-08 01:18:00
7760,349,6,complete_lesson,149,2026-02-09 00:20:00
7761,349,7,complete_lesson,550,2026-02-09 20:37:00
7762,349,8,view_resource,455,2026-02-11 11:36:00
7763,349,8,complete_lesson,362,2026-02-12 01:43:00
7764,349,9,view_resource,121,2026-02-13 22:37:00
7765,349,10,complete_lesson,202,2026-02-14 03:38:00
7766,349,11,complete_lesson,544,2026-02-15 12:47:00
7767,349,12,view_resource,330,2026-02-16 04:44:00
7768,349,12,complete_lesson,285,2026-02-17 08:05:00
7769,349,12,search_topic,575,2026-02-18 07:14:00
7770,349,13,complete_lesson,362,2026-02-19 07:04:00
7771,349,13,complete_lesson,76,2026-02-20 01:37:00
7772,349,13,search_topic,407,2026-02-20 07:15:00
7773,349,14,complete_lesson,63,2026-02-22 05:23:00
7774,349,14,search_topic,94,2026-02-22 17:04:00
7775,349,15,complete_lesson,305,2026-02-24 12:22:00
7776,349,15,search_topic,269,2026-02-25 04:06:00
7777,349,16,search_topic,120,2026-02-26 05:40:00
7778,349,16,complete_lesson,254,2026-02-26 17:16:00
7779,349,17,complete_lesson,438,2026-02-28 16:46:00
7780,349,17,search_topic,346,2026-03-01 09:25:00
7781,349,17,complete_lesson,161,2026-03-02 09:34:00
7782,349,18,complete_lesson,578,2026-03-02 20:36:00
7783,349,19,search_topic,491,2026-03-04 04:10:00
7784,350,1,complete_lesson,307,2026-01-13 17:31:00
7785,350,2,view_resource,306,2026-01-14 09:11:00
7786,350,2,view_resource,566,2026-01-15 18:30:00
7787,350,3,view_resource,108,2026-01-16 09:48:00
7788,350,4,view_resource,411,2026-01-17 10:48:00
7789,350,5,view_resource,562,2026-01-19 01:27:00
7790,350,6,view_resource,414,2026-01-20 14:45:00
7791,350,7,view_resource,368,2026-01-21 04:13:00
7792,350,8,search_topic,345,2026-01-21 12:32:00
7793,350,8,view_resource,556,2026-01-22 23:09:00
7794,350,9,view_resource,65,2026-01-23 15:28:00
7795,350,9,complete_lesson,536,2026-01-24 18:50:00
7796,350,9,view_resource,296,2026-01-25 14:50:00
7797,350,10,search_topic,583,2026-01-27 05:41:00
7798,350,11,complete_lesson,271,2026-01-28 03:43:00
7799,350,12,view_resource,111,2026-01-28 16:16:00
7800,350,13,view_resource,563,2026-01-29 01:28:00
7801,350,14,view_resource,318,2026-01-30 08:18:00
7802,350,14,view_resource,120,2026-01-31 07:29:00
7803,350,14,search_topic,550,2026-02-01 00:29:00
7804,350,15,view_resource,600,2026-02-02 12:10:00
7805,350,16,search_topic,147,2026-02-03 17:13:00
7806,350,17,view_resource,556,2026-02-03 22:43:00
7807,350,17,complete_lesson,205,2026-02-04 21:16:00
7808,350,17,complete_lesson,279,2026-02-05 20:02:00
7809,350,18,view_resource,264,2026-02-07 04:17:00
7810,350,18,complete_lesson,122,2026-02-07 22:31:00
7811,350,18,view_resource,548,2026-02-09 17:06:00
7812,351,1,complete_lesson,111,2026-01-24 14:40:00
7813,351,2,complete_lesson,84,2026-01-26 02:30:00
7814,351,3,view_resource,545,2026-01-26 21:36:00
7815,351,3,search_topic,107,2026-01-28 08:13:00
7816,351,4,search_topic,127,2026-01-28 17:04:00
7817,351,4,view_resource,476,2026-01-29 09:41:00
7818,351,5,complete_lesson,253,2026-01-29 19:00:00
7819,351,5,complete_lesson,389,2026-01-30 14:28:00
7820,351,6,complete_lesson,177,2026-01-31 06:09:00
7821,351,6,view_resource,117,2026-02-01 08:03:00
7822,351,7,view_resource,499,2026-02-01 20:24:00
7823,351,8,view_resource,60,2026-02-02 23:18:00
7824,351,9,complete_lesson,481,2026-02-03 20:28:00
7825,351,9,complete_lesson,78,2026-02-05 13:19:00
7826,351,10,view_resource,485,2026-02-06 07:32:00
7827,351,11,complete_lesson,463,2026-02-07 01:35:00
7828,351,12,view_resource,323,2026-02-08 19:40:00
7829,351,13,view_resource,473,2026-02-09 12:28:00
7830,351,13,complete_lesson,548,2026-02-11 12:34:00
7831,351,14,view_resource,161,2026-02-12 17:25:00
7832,351,14,view_resource,579,2026-02-12 22:13:00
7833,351,15,search_topic,268,2026-02-13 02:33:00
7834,351,16,search_topic,261,2026-02-14 07:27:00
7835,351,16,complete_lesson,458,2026-02-15 01:40:00
7836,351,16,search_topic,486,2026-02-15 11:42:00
7837,352,1,view_resource,479,2026-01-27 13:03:00
7838,352,1,view_resource,154,2026-01-28 23:24:00
7839,352,1,view_resource,183,2026-01-30 03:06:00
7840,352,2,complete_lesson,331,2026-01-31 05:19:00
7841,352,2,complete_lesson,409,2026-02-01 15:36:00
7842,352,3,search_topic,163,2026-02-02 19:06:00
7843,352,3,complete_lesson,310,2026-02-04 02:14:00
7844,352,4,search_topic,237,2026-02-04 20:37:00
7845,352,4,search_topic,138,2026-02-05 13:20:00
7846,352,5,search_topic,249,2026-02-07 09:46:00
7847,352,5,view_resource,453,2026-02-07 19:41:00
7848,352,5,search_topic,548,2026-02-08 23:22:00
7849,352,6,complete_lesson,277,2026-02-10 22:31:00
7850,352,6,complete_lesson,62,2026-02-11 21:48:00
7851,352,7,search_topic,227,2026-02-12 17:13:00
7852,352,7,search_topic,161,2026-02-13 11:26:00
7853,352,7,search_topic,101,2026-02-14 17:16:00
7854,352,8,complete_lesson,297,2026-02-16 09:09:00
7855,352,9,search_topic,444,2026-02-17 20:26:00
7856,352,9,view_resource,472,2026-02-18 14:50:00
7857,352,9,complete_lesson,71,2026-02-18 19:34:00
7858,352,10,search_topic,112,2026-02-19 11:44:00
7859,352,11,search_topic,540,2026-02-21 08:12:00
7860,352,11,search_topic,574,2026-02-21 12:04:00
7861,352,11,search_topic,238,2026-02-23 02:27:00
7862,352,12,search_topic,63,2026-02-24 09:42:00
7863,352,13,complete_lesson,361,2026-02-24 23:26:00
7864,352,14,complete_lesson,503,2026-02-25 23:25:00
7865,352,14,complete_lesson,569,2026-02-27 05:47:00
7866,352,15,view_resource,594,2026-02-27 21:34:00
7867,352,15,view_resource,464,2026-02-28 02:12:00
7868,352,15,search_topic,434,2026-02-28 10:22:00
7869,352,16,search_topic,328,2026-03-01 18:47:00
7870,352,17,complete_lesson,539,2026-03-01 23:41:00
7871,352,17,complete_lesson,457,2026-03-02 06:06:00
7872,353,1,view_resource,573,2026-01-22 17:12:00
7873,353,1,view_resource,561,2026-01-23 01:36:00
7874,353,2,complete_lesson,542,2026-01-23 07:20:00
7875,353,3,search_topic,315,2026-01-23 14:06:00
7876,353,4,view_resource,411,2026-01-24 02:30:00
7877,353,5,search_topic,471,2026-01-24 16:39:00
7878,353,6,search_topic,86,2026-01-24 21:14:00
7879,353,7,complete_lesson,380,2026-01-26 02:44:00
7880,353,7,search_topic,285,2026-01-27 10:24:00
7881,353,7,view_resource,240,2026-01-28 09:24:00
7882,353,8,search_topic,256,2026-01-30 08:05:00
7883,353,8,view_resource,475,2026-01-30 18:44:00
7884,353,9,view_resource,81,2026-02-01 07:24:00
7885,353,9,view_resource,191,2026-02-03 01:36:00
7886,353,10,view_resource,167,2026-02-03 21:36:00
7887,353,11,complete_lesson,600,2026-02-05 11:21:00
7888,353,12,complete_lesson,555,2026-02-06 03:11:00
7889,353,13,search_topic,579,2026-02-07 17:06:00
7890,353,13,complete_lesson,244,2026-02-09 12:14:00
7891,353,13,search_topic,533,2026-02-10 20:04:00
7892,353,14,view_resource,322,2026-02-12 08:08:00
7893,353,15,search_topic,379,2026-02-14 08:10:00
7894,353,15,complete_lesson,196,2026-02-15 07:37:00
7895,353,15,search_topic,456,2026-02-15 20:27:00
7896,353,16,complete_lesson,596,2026-02-16 12:46:00
7897,353,16,view_resource,125,2026-02-18 07:32:00
7898,353,16,complete_lesson,558,2026-02-19 15:36:00
7899,353,17,complete_lesson,131,2026-02-21 11:21:00
7900,353,18,search_topic,529,2026-02-22 08:14:00
7901,353,19,complete_lesson,340,2026-02-24 08:47:00
7902,353,19,search_topic,98,2026-02-25 02:48:00
7903,354,1,complete_lesson,275,2026-01-26 20:33:00
7904,354,2,view_resource,246,2026-01-28 07:26:00
7905,354,3,view_resource,194,2026-01-28 17:42:00
7906,354,3,view_resource,208,2026-01-30 12:46:00
7907,354,3,complete_lesson,389,2026-01-31 06:00:00
7908,354,4,view_resource,365,2026-02-01 18:38:00
7909,354,5,view_resource,438,2026-02-02 10:43:00
7910,354,6,search_topic,452,2026-02-02 23:19:00
7911,354,7,view_resource,544,2026-02-04 03:18:00
7912,354,8,complete_lesson,430,2026-02-05 01:04:00
7913,354,8,view_resource,116,2026-02-06 06:24:00
7914,354,8,complete_lesson,221,2026-02-08 00:43:00
7915,354,9,complete_lesson,460,2026-02-08 09:20:00
7916,354,10,complete_lesson,134,2026-02-10 04:43:00
7917,354,11,search_topic,128,2026-02-10 17:50:00
7918,354,11,search_topic,392,2026-02-11 14:10:00
7919,354,11,complete_lesson,426,2026-02-12 05:32:00
7920,354,12,search_topic,403,2026-02-13 17:12:00
7921,354,13,view_resource,373,2026-02-15 17:35:00
7922,354,13,search_topic,355,2026-02-17 10:11:00
7923,354,13,complete_lesson,346,2026-02-19 06:50:00
7924,354,14,search_topic,434,2026-02-20 10:12:00
7925,354,15,search_topic,78,2026-02-20 22:39:00
7926,354,16,search_topic,152,2026-02-22 07:29:00
7927,354,16,view_resource,271,2026-02-23 01:38:00
7928,355,1,view_resource,421,2026-01-13 01:36:00
7929,355,2,search_topic,166,2026-01-13 14:00:00
7930,355,3,search_topic,581,2026-01-14 09:00:00
7931,355,4,view_resource,200,2026-01-14 18:44:00
7932,355,5,search_topic,586,2026-01-15 18:02:00
7933,355,6,view_resource,132,2026-01-16 17:26:00
7934,355,7,complete_lesson,556,2026-01-16 21:07:00
7935,355,8,search_topic,402,2026-01-17 15:44:00
7936,355,9,complete_lesson,236,2026-01-18 20:47:00
7937,355,10,complete_lesson,80,2026-01-20 19:44:00
7938,355,11,view_resource,377,2026-01-22 02:38:00
7939,355,12,search_topic,76,2026-01-23 05:34:00
7940,355,13,complete_lesson,509,2026-01-24 12:28:00
7941,355,14,search_topic,266,2026-01-26 07:26:00
7942,355,15,search_topic,423,2026-01-27 05:38:00
7943,355,16,view_resource,128,2026-01-28 23:02:00
7944,355,16,complete_lesson,118,2026-01-29 22:00:00
7945,355,16,view_resource,192,2026-01-31 18:33:00
7946,355,17,complete_lesson,346,2026-02-01 12:40:00
7947,356,1,search_topic,263,2026-01-07 14:11:00
7948,356,1,search_topic,372,2026-01-08 20:05:00
7949,356,1,view_resource,212,2026-01-10 18:35:00
7950,356,2,view_resource,148,2026-01-12 11:35:00
7951,356,3,search_topic,355,2026-01-12 19:25:00
7952,356,3,view_resource,518,2026-01-13 00:34:00
7953,356,4,complete_lesson,596,2026-01-14 03:40:00
7954,356,5,view_resource,594,2026-01-15 20:07:00
7955,356,5,view_resource,249,2026-01-16 04:30:00
7956,356,6,view_resource,366,2026-01-17 22:04:00
7957,356,7,complete_lesson,382,2026-01-18 08:26:00
7958,356,8,search_topic,87,2026-01-19 04:22:00
7959,356,9,search_topic,283,2026-01-21 04:46:00
7960,356,9,search_topic,274,2026-01-21 21:21:00
7961,356,10,search_topic,553,2026-01-23 15:00:00
7962,356,11,view_resource,240,2026-01-25 01:16:00
7963,356,12,complete_lesson,168,2026-01-25 13:40:00
7964,356,13,complete_lesson,577,2026-01-26 22:46:00
7965,356,13,complete_lesson,184,2026-01-28 15:39:00
7966,356,13,search_topic,70,2026-01-30 00:32:00
7967,356,14,complete_lesson,575,2026-01-30 16:33:00
7968,356,14,view_resource,342,2026-02-01 05:21:00
7969,356,15,search_topic,489,2026-02-02 10:30:00
7970,356,16,search_topic,86,2026-02-03 06:04:00
7971,356,17,view_resource,490,2026-02-04 05:13:00
7972,356,18,view_resource,257,2026-02-04 10:26:00
7973,357,1,complete_lesson,398,2026-01-26 18:26:00
7974,357,2,view_resource,226,2026-01-27 16:13:00
7975,357,2,search_topic,485,2026-01-27 21:36:00
7976,357,3,view_resource,407,2026-01-29 15:48:00
7977,357,4,complete_lesson,72,2026-01-29 20:27:00
7978,357,4,search_topic,220,2026-01-31 11:09:00
7979,357,4,search_topic,575,2026-02-01 07:45:00
7980,357,5,complete_lesson,117,2026-02-02 02:40:00
7981,357,6,view_resource,224,2026-02-03 06:16:00
7982,357,7,search_topic,578,2026-02-04 19:12:00
7983,357,8,view_resource,553,2026-02-06 02:15:00
7984,357,9,view_resource,130,2026-02-07 17:30:00
7985,357,9,complete_lesson,457,2026-02-08 12:02:00
7986,357,9,search_topic,261,2026-02-10 08:32:00
7987,357,10,complete_lesson,536,2026-02-10 15:15:00
7988,357,11,view_resource,171,2026-02-11 16:01:00
7989,357,12,view_resource,452,2026-02-13 13:31:00
7990,357,13,view_resource,137,2026-02-15 01:20:00
7991,357,14,complete_lesson,542,2026-02-16 20:36:00
7992,357,15,search_topic,197,2026-02-17 01:19:00
7993,357,15,search_topic,497,2026-02-17 17:11:00
7994,357,15,view_resource,168,2026-02-19 10:20:00
7995,357,16,search_topic,332,2026-02-21 01:38:00
7996,357,16,complete_lesson,291,2026-02-22 16:06:00
7997,358,1,complete_lesson,537,2026-01-25 12:14:00
7998,358,2,complete_lesson,494,2026-01-26 21:05:00
7999,358,3,complete_lesson,145,2026-01-28 18:38:00
8000,358,3,search_topic,292,2026-01-30 15:40:00
8001,358,4,search_topic,350,2026-01-31 08:01:00
8002,358,4,search_topic,521,2026-02-02 02:25:00
8003,358,5,complete_lesson,171,2026-02-03 05:16:00
8004,358,5,view_resource,332,2026-02-03 14:48:00
8005,358,6,complete_lesson,412,2026-02-05 10:43:00
8006,358,7,complete_lesson,119,2026-02-06 03:24:00
8007,358,8,view_resource,503,2026-02-06 13:11:00
8008,358,9,search_topic,304,2026-02-07 03:37:00
8009,358,9,view_resource,563,2026-02-07 18:38:00
8010,358,10,view_resource,189,2026-02-08 17:48:00
8011,358,11,view_resource,439,2026-02-10 12:23:00
8012,358,12,view_resource,276,2026-02-11 21:07:00
8013,358,12,complete_lesson,359,2026-02-13 14:45:00
8014,358,12,search_topic,170,2026-02-14 18:28:00
8015,358,13,complete_lesson,265,2026-02-15 23:47:00
8016,358,13,search_topic,581,2026-02-16 05:25:00
8017,358,13,view_resource,213,2026-02-17 19:41:00
8018,358,14,complete_lesson,549,2026-02-18 00:09:00
8019,358,15,search_topic,62,2026-02-18 21:37:00
8020,358,15,complete_lesson,538,2026-02-19 19:39:00
8021,358,16,search_topic,88,2026-02-21 02:08:00
8022,358,17,view_resource,187,2026-02-21 13:45:00
8023,358,17,view_resource,331,2026-02-22 20:26:00
8024,358,17,complete_lesson,433,2026-02-24 20:12:00
8025,358,18,search_topic,485,2026-02-26 19:28:00
8026,358,19,view_resource,216,2026-02-28 02:48:00
8027,358,20,view_resource,432,2026-02-28 07:49:00
8028,358,20,search_topic,326,2026-03-01 23:19:00
8029,358,20,search_topic,133,2026-03-03 14:06:00
8030,359,1,view_resource,539,2026-01-04 12:14:00
8031,359,1,complete_lesson,379,2026-01-06 12:32:00
8032,359,1,complete_lesson,445,2026-01-06 23:23:00
8033,359,2,view_resource,301,2026-01-08 17:13:00
8034,359,3,search_topic,554,2026-01-09 04:26:00
8035,359,4,search_topic,64,2026-01-09 14:15:00
8036,359,5,search_topic,137,2026-01-11 13:04:00
8037,359,5,search_topic,279,2026-01-12 00:07:00
8038,359,6,complete_lesson,251,2026-01-13 20:12:00
8039,359,7,view_resource,149,2026-01-14 00:15:00
8040,359,8,view_resource,509,2026-01-15 02:25:00
8041,359,9,complete_lesson,403,2026-01-15 17:04:00
8042,359,10,search_topic,422,2026-01-16 16:13:00
8043,359,10,view_resource,330,2026-01-18 10:13:00
8044,359,10,complete_lesson,88,2026-01-19 01:05:00
8045,359,11,view_resource,191,2026-01-19 10:42:00
8046,359,12,complete_lesson,127,2026-01-21 10:15:00
8047,359,12,complete_lesson,405,2026-01-22 02:06:00
8048,359,13,search_topic,554,2026-01-22 17:40:00
8049,359,14,search_topic,99,2026-01-23 01:15:00
8050,359,14,search_topic,62,2026-01-24 07:17:00
8051,359,15,complete_lesson,512,2026-01-25 08:38:00
8052,359,16,complete_lesson,535,2026-01-25 15:47:00
8053,359,17,view_resource,564,2026-01-26 18:04:00
8054,359,17,search_topic,220,2026-01-27 09:12:00
8055,359,17,search_topic,133,2026-01-27 13:46:00
8056,359,18,view_resource,245,2026-01-27 22:06:00
8057,359,19,complete_lesson,245,2026-01-29 09:19:00
8058,359,20,view_resource,76,2026-01-29 15:16:00
8059,360,1,search_topic,185,2026-01-28 16:14:00
8060,360,2,search_topic,588,2026-01-29 11:12:00
8061,360,2,view_resource,141,2026-01-30 01:36:00
8062,360,3,search_topic,521,2026-01-31 15:21:00
8063,360,4,search_topic,83,2026-02-01 09:03:00
8064,360,5,search_topic,497,2026-02-02 19:32:00
8065,360,6,complete_lesson,212,2026-02-03 01:27:00
8066,360,6,search_topic,127,2026-02-03 20:38:00
8067,360,6,view_resource,291,2026-02-05 09:43:00
8068,360,7,search_topic,403,2026-02-07 06:06:00
8069,360,8,view_resource,326,2026-02-08 03:34:00
8070,360,9,view_resource,69,2026-02-09 15:17:00
8071,360,9,view_resource,514,2026-02-11 04:44:00
8072,360,9,complete_lesson,392,2026-02-11 08:35:00
8073,360,10,complete_lesson,71,2026-02-13 02:15:00
8074,360,10,complete_lesson,316,2026-02-14 10:19:00
8075,360,10,search_topic,181,2026-02-15 21:03:00
8076,360,11,complete_lesson,596,2026-02-16 15:45:00
8077,360,12,view_resource,176,2026-02-18 13:12:00
8078,360,13,search_topic,266,2026-02-19 09:45:00
8079,360,13,search_topic,413,2026-02-20 15:07:00
8080,361,1,view_resource,337,2026-01-19 10:33:00
8081,361,2,view_resource,85,2026-01-20 08:26:00
8082,361,3,complete_lesson,590,2026-01-22 03:32:00
8083,361,4,view_resource,283,2026-01-23 09:47:00
8084,361,5,view_resource,85,2026-01-24 07:01:00
8085,361,5,search_topic,268,2026-01-25 20:40:00
8086,361,5,search_topic,429,2026-01-26 17:43:00
8087,361,6,complete_lesson,261,2026-01-27 23:42:00
8088,361,7,search_topic,568,2026-01-28 17:15:00
8089,361,8,view_resource,114,2026-01-30 04:31:00
8090,361,9,view_resource,536,2026-01-31 16:43:00
8091,361,10,complete_lesson,283,2026-02-01 16:00:00
8092,361,10,complete_lesson,78,2026-02-03 10:37:00
8093,361,11,search_topic,332,2026-02-05 04:31:00
8094,361,12,complete_lesson,281,2026-02-06 22:40:00
8095,361,13,search_topic,90,2026-02-07 16:46:00
8096,361,14,search_topic,253,2026-02-08 03:04:00
8097,361,15,search_topic,409,2026-02-08 08:22:00
8098,361,16,complete_lesson,108,2026-02-09 00:46:00
8099,362,1,search_topic,501,2026-01-31 09:07:00
8100,362,2,complete_lesson,137,2026-02-01 10:18:00
8101,362,2,complete_lesson,307,2026-02-02 09:28:00
8102,362,2,search_topic,369,2026-02-02 15:13:00
8103,362,3,search_topic,380,2026-02-03 19:28:00
8104,362,4,search_topic,65,2026-02-04 13:39:00
8105,362,5,view_resource,168,2026-02-04 22:43:00
8106,362,5,view_resource,313,2026-02-06 13:49:00
8107,362,5,complete_lesson,147,2026-02-08 13:11:00
8108,362,6,complete_lesson,112,2026-02-09 22:05:00
8109,362,7,search_topic,521,2026-02-10 15:25:00
8110,362,8,complete_lesson,340,2026-02-11 12:30:00
8111,362,9,complete_lesson,272,2026-02-12 17:35:00
8112,362,9,search_topic,67,2026-02-13 11:33:00
8113,362,10,complete_lesson,240,2026-02-14 16:27:00
8114,362,11,view_resource,355,2026-02-16 12:50:00
8115,362,12,complete_lesson,574,2026-02-17 00:44:00
8116,362,13,complete_lesson,302,2026-02-17 10:22:00
8117,362,13,search_topic,301,2026-02-17 16:10:00
8118,362,14,view_resource,442,2026-02-19 01:35:00
8119,362,15,view_resource,367,2026-02-19 21:21:00
8120,362,16,search_topic,61,2026-02-20 04:14:00
8121,363,1,search_topic,160,2026-01-09 03:27:00
8122,363,2,view_resource,119,2026-01-10 06:31:00
8123,363,3,complete_lesson,437,2026-01-11 07:33:00
8124,363,3,complete_lesson,538,2026-01-13 05:21:00
8125,363,4,view_resource,143,2026-01-13 13:02:00
8126,363,5,search_topic,151,2026-01-15 08:28:00
8127,363,6,search_topic,171,2026-01-16 05:21:00
8128,363,7,view_resource,590,2026-01-17 04:42:00
8129,363,8,search_topic,546,2026-01-19 01:37:00
8130,363,8,complete_lesson,212,2026-01-19 23:37:00
8131,363,8,complete_lesson,564,2026-01-20 05:44:00
8132,363,9,search_topic,569,2026-01-20 13:18:00
8133,363,10,complete_lesson,226,2026-01-21 06:30:00
8134,363,11,complete_lesson,182,2026-01-22 06:30:00
8135,363,11,complete_lesson,115,2026-01-23 03:32:00
8136,364,1,search_topic,474,2026-01-19 03:04:00
8137,364,2,search_topic,111,2026-01-20 02:14:00
8138,364,3,search_topic,557,2026-01-20 18:14:00
8139,364,4,view_resource,498,2026-01-21 20:38:00
8140,364,5,search_topic,245,2026-01-22 17:12:00
8141,364,5,complete_lesson,545,2026-01-23 21:24:00
8142,364,6,search_topic,301,2026-01-25 12:30:00
8143,364,6,view_resource,343,2026-01-25 19:31:00
8144,364,6,complete_lesson,562,2026-01-26 00:07:00
8145,364,7,view_resource,498,2026-01-27 17:14:00
8146,364,8,view_resource,335,2026-01-27 23:28:00
8147,364,9,complete_lesson,458,2026-01-29 19:49:00
8148,364,9,search_topic,278,2026-01-31 00:49:00
8149,364,9,view_resource,377,2026-02-01 19:12:00
8150,364,10,search_topic,100,2026-02-02 19:34:00
8151,364,10,complete_lesson,250,2026-02-03 21:36:00
8152,364,11,search_topic,107,2026-02-04 05:15:00
8153,364,12,search_topic,86,2026-02-05 16:48:00
8154,365,1,search_topic,472,2026-01-31 17:15:00
8155,365,1,complete_lesson,454,2026-02-02 01:23:00
8156,365,1,view_resource,260,2026-02-03 13:45:00
8157,365,2,view_resource,244,2026-02-05 03:19:00
8158,365,3,complete_lesson,372,2026-02-05 13:38:00
8159,365,4,search_topic,331,2026-02-06 17:20:00
8160,365,5,complete_lesson,242,2026-02-07 12:27:00
8161,365,5,complete_lesson,297,2026-02-09 01:08:00
8162,365,6,view_resource,269,2026-02-10 17:39:00
8163,365,7,view_resource,448,2026-02-10 21:08:00
8164,365,8,search_topic,423,2026-02-11 04:30:00
8165,365,8,complete_lesson,157,2026-02-13 04:10:00
8166,365,9,view_resource,368,2026-02-15 03:40:00
8167,365,9,complete_lesson,292,2026-02-16 07:24:00
8168,365,10,view_resource,76,2026-02-17 03:18:00
8169,365,11,complete_lesson,548,2026-02-18 00:34:00
8170,365,11,complete_lesson,203,2026-02-19 13:27:00
8171,365,12,view_resource,66,2026-02-20 21:27:00
8172,365,13,view_resource,568,2026-02-22 03:38:00
8173,365,13,search_topic,135,2026-02-22 23:11:00
8174,365,14,view_resource,195,2026-02-23 19:22:00
8175,365,15,search_topic,439,2026-02-25 00:02:00
8176,365,15,view_resource,159,2026-02-26 10:42:00
8177,365,16,view_resource,557,2026-02-27 01:34:00
8178,365,16,search_topic,322,2026-02-28 21:47:00
8179,365,17,search_topic,148,2026-03-02 12:38:00
8180,365,17,search_topic,487,2026-03-03 19:17:00
8181,366,1,search_topic,137,2026-01-26 11:10:00
8182,366,2,search_topic,375,2026-01-28 11:45:00
8183,366,3,view_resource,107,2026-01-29 20:12:00
8184,366,4,search_topic,340,2026-01-30 14:40:00
8185,366,5,complete_lesson,296,2026-01-31 03:33:00
8186,366,5,complete_lesson,274,2026-02-01 02:08:00
8187,366,5,search_topic,503,2026-02-02 00:29:00
8188,366,6,complete_lesson,190,2026-02-02 09:40:00
8189,366,7,search_topic,423,2026-02-03 22:16:00
8190,366,7,search_topic,599,2026-02-05 12:24:00
8191,366,7,view_resource,297,2026-02-06 16:41:00
8192,366,8,view_resource,236,2026-02-07 11:30:00
8193,366,9,complete_lesson,471,2026-02-08 14:16:00
8194,366,9,view_resource,279,2026-02-10 12:40:00
8195,366,10,complete_lesson,244,2026-02-10 19:36:00
8196,366,11,complete_lesson,185,2026-02-11 16:22:00
8197,366,12,complete_lesson,328,2026-02-13 13:18:00
8198,366,13,search_topic,135,2026-02-15 02:24:00
8199,366,14,complete_lesson,208,2026-02-16 03:00:00
8200,366,14,view_resource,504,2026-02-17 18:47:00
8201,366,15,view_resource,237,2026-02-18 03:07:00
8202,366,16,complete_lesson,143,2026-02-18 13:26:00
8203,366,17,complete_lesson,70,2026-02-20 04:49:00
8204,366,18,view_resource,79,2026-02-20 08:01:00
8205,366,18,view_resource,98,2026-02-21 17:10:00
8206,366,18,search_topic,496,2026-02-23 12:29:00
8207,366,19,view_resource,595,2026-02-23 22:21:00
8208,367,1,view_resource,492,2026-01-04 19:19:00
8209,367,2,complete_lesson,500,2026-01-05 02:19:00
8210,367,3,view_resource,266,2026-01-05 13:15:00
8211,367,3,complete_lesson,366,2026-01-06 16:47:00
8212,367,4,view_resource,468,2026-01-08 16:18:00
8213,367,4,search_topic,153,2026-01-10 09:45:00
8214,367,5,view_resource,388,2026-01-11 23:43:00
8215,367,5,complete_lesson,523,2026-01-13 23:27:00
8216,367,6,view_resource,256,2026-01-15 03:44:00
8217,367,7,search_topic,261,2026-01-16 01:11:00
8218,367,7,search_topic,412,2026-01-17 22:21:00
8219,367,7,search_topic,421,2026-01-18 08:21:00
8220,367,8,view_resource,337,2026-01-19 06:10:00
8221,367,9,search_topic,253,2026-01-20 19:48:00
8222,367,10,complete_lesson,62,2026-01-22 04:14:00
8223,367,10,search_topic,492,2026-01-23 09:41:00
8224,367,10,search_topic,425,2026-01-25 01:38:00
8225,367,11,complete_lesson,264,2026-01-25 05:39:00
8226,368,1,complete_lesson,534,2026-01-16 11:27:00
8227,368,2,view_resource,76,2026-01-16 15:35:00
8228,368,2,complete_lesson,443,2026-01-18 00:00:00
8229,368,2,search_topic,588,2026-01-20 00:37:00
8230,368,3,complete_lesson,112,2026-01-21 16:33:00
8231,368,4,search_topic,146,2026-01-22 05:13:00
8232,368,4,view_resource,522,2026-01-22 13:06:00
8233,368,5,view_resource,61,2026-01-22 19:40:00
8234,368,6,view_resource,513,2026-01-24 09:14:00
8235,368,7,view_resource,130,2026-01-26 00:30:00
8236,368,8,view_resource,149,2026-01-27 23:48:00
8237,368,8,view_resource,156,2026-01-28 11:49:00
8238,368,9,view_resource,248,2026-01-30 08:04:00
8239,368,9,complete_lesson,210,2026-01-31 09:19:00
8240,368,10,search_topic,122,2026-02-02 09:35:00
8241,368,11,search_topic,282,2026-02-03 18:48:00
8242,368,12,search_topic,195,2026-02-04 20:19:00
8243,368,12,search_topic,466,2026-02-06 16:17:00
8244,369,1,search_topic,366,2026-01-08 10:24:00
8245,369,2,search_topic,468,2026-01-08 23:34:00
8246,369,3,search_topic,557,2026-01-10 05:32:00
8247,369,4,view_resource,477,2026-01-11 19:23:00
8248,369,4,view_resource,145,2026-01-12 04:46:00
8249,369,4,view_resource,336,2026-01-13 11:05:00
8250,369,5,view_resource,527,2026-01-15 02:25:00
8251,369,6,view_resource,478,2026-01-16 07:04:00
8252,369,7,view_resource,448,2026-01-17 17:38:00
8253,369,8,complete_lesson,279,2026-01-17 23:39:00
8254,369,9,search_topic,459,2026-01-18 03:32:00
8255,369,9,search_topic,186,2026-01-18 16:05:00
8256,369,10,view_resource,563,2026-01-19 13:07:00
8257,369,11,view_resource,376,2026-01-21 05:33:00
8258,369,12,complete_lesson,546,2026-01-22 13:46:00
8259,369,13,search_topic,211,2026-01-23 20:10:00
8260,369,14,view_resource,296,2026-01-24 17:23:00
8261,369,15,view_resource,256,2026-01-25 05:17:00
8262,369,15,complete_lesson,177,2026-01-25 23:03:00
8263,369,15,complete_lesson,118,2026-01-26 17:24:00
8264,369,16,view_resource,382,2026-01-28 15:06:00
8265,369,17,view_resource,346,2026-01-29 21:18:00
8266,369,18,search_topic,347,2026-01-30 11:00:00
8267,369,18,complete_lesson,283,2026-02-01 11:12:00
8268,370,1,complete_lesson,272,2026-01-03 08:35:00
8269,370,2,search_topic,339,2026-01-05 04:12:00
8270,370,2,complete_lesson,488,2026-01-06 13:33:00
8271,370,3,complete_lesson,155,2026-01-07 17:36:00
8272,370,4,complete_lesson,72,2026-01-09 10:37:00
8273,370,5,complete_lesson,264,2026-01-10 17:06:00
8274,370,6,complete_lesson,468,2026-01-11 15:44:00
8275,370,7,view_resource,402,2026-01-12 07:18:00
8276,370,8,complete_lesson,118,2026-01-13 14:30:00
8277,370,9,search_topic,528,2026-01-14 08:14:00
8278,370,10,complete_lesson,153,2026-01-15 17:49:00
8279,370,11,view_resource,276,2026-01-15 23:30:00
8280,370,12,search_topic,365,2026-01-17 06:39:00
8281,370,13,search_topic,389,2026-01-17 12:50:00
8282,370,14,view_resource,428,2026-01-18 01:29:00
8283,370,15,search_topic,237,2026-01-19 20:33:00
8284,370,16,view_resource,448,2026-01-21 01:48:00
8285,370,17,search_topic,105,2026-01-22 11:08:00
8286,370,18,complete_lesson,184,2026-01-23 03:20:00
8287,371,1,search_topic,183,2026-01-13 00:46:00
8288,371,2,complete_lesson,178,2026-01-14 06:43:00
8289,371,3,complete_lesson,418,2026-01-14 21:48:00
8290,371,4,complete_lesson,289,2026-01-16 17:45:00
8291,371,5,view_resource,249,2026-01-17 09:31:00
8292,371,6,view_resource,446,2026-01-18 13:39:00
8293,371,7,view_resource,358,2026-01-19 09:24:00
8294,371,8,complete_lesson,348,2026-01-19 13:34:00
8295,371,9,view_resource,551,2026-01-21 08:32:00
8296,371,10,search_topic,310,2026-01-22 00:23:00
8297,371,10,complete_lesson,173,2026-01-23 19:18:00
8298,371,10,complete_lesson,455,2026-01-24 00:27:00
8299,371,11,search_topic,496,2026-01-25 00:15:00
8300,372,1,search_topic,558,2026-01-29 15:11:00
8301,372,2,view_resource,552,2026-01-30 08:42:00
8302,372,3,view_resource,456,2026-01-31 21:23:00
8303,372,3,view_resource,474,2026-02-02 02:03:00
8304,372,3,view_resource,529,2026-02-02 17:29:00
8305,372,4,search_topic,427,2026-02-03 02:12:00
8306,372,5,complete_lesson,234,2026-02-03 20:18:00
8307,372,5,search_topic,183,2026-02-04 09:01:00
8308,372,5,search_topic,451,2026-02-05 11:50:00
8309,372,6,view_resource,453,2026-02-06 20:33:00
8310,372,7,view_resource,218,2026-02-07 21:33:00
8311,372,8,view_resource,475,2026-02-08 09:16:00
8312,372,9,search_topic,458,2026-02-10 02:49:00
8313,372,10,view_resource,172,2026-02-11 09:12:00
8314,372,11,complete_lesson,345,2026-02-13 09:28:00
8315,372,12,view_resource,184,2026-02-15 08:09:00
8316,372,12,search_topic,454,2026-02-17 04:27:00
8317,372,13,view_resource,240,2026-02-18 22:12:00
8318,372,14,view_resource,531,2026-02-19 20:19:00
8319,372,15,complete_lesson,173,2026-02-21 16:04:00
8320,372,16,view_resource,574,2026-02-23 00:32:00
8321,373,1,search_topic,61,2026-01-10 10:15:00
8322,373,2,search_topic,206,2026-01-12 03:28:00
8323,373,3,complete_lesson,234,2026-01-14 02:22:00
8324,373,4,complete_lesson,153,2026-01-15 14:39:00
8325,373,5,search_topic,548,2026-01-17 06:31:00
8326,373,5,complete_lesson,493,2026-01-19 02:02:00
8327,373,5,search_topic,282,2026-01-19 20:00:00
8328,373,6,complete_lesson,186,2026-01-21 05:09:00
8329,373,7,search_topic,200,2026-01-22 09:50:00
8330,373,8,search_topic,515,2026-01-23 12:11:00
8331,373,9,search_topic,330,2026-01-25 11:27:00
8332,373,10,complete_lesson,124,2026-01-26 23:00:00
8333,374,1,view_resource,219,2026-01-18 23:11:00
8334,374,1,complete_lesson,350,2026-01-20 07:28:00
8335,374,1,complete_lesson,199,2026-01-21 22:40:00
8336,374,2,view_resource,173,2026-01-23 10:39:00
8337,374,3,search_topic,434,2026-01-25 02:07:00
8338,374,3,search_topic,498,2026-01-27 01:03:00
8339,374,3,search_topic,136,2026-01-27 18:22:00
8340,374,4,search_topic,443,2026-01-29 04:09:00
8341,374,4,view_resource,416,2026-01-29 15:06:00
8342,374,5,view_resource,568,2026-01-30 12:32:00
8343,374,5,view_resource,483,2026-01-31 23:25:00
8344,374,6,complete_lesson,179,2026-02-01 06:07:00
8345,374,7,view_resource,476,2026-02-01 11:29:00
8346,374,7,search_topic,540,2026-02-03 01:26:00
8347,374,8,view_resource,361,2026-02-03 22:45:00
8348,374,8,search_topic,236,2026-02-04 02:17:00
8349,374,9,complete_lesson,515,2026-02-04 11:34:00
8350,374,9,view_resource,548,2026-02-05 12:47:00
8351,374,10,search_topic,133,2026-02-05 19:10:00
8352,374,10,complete_lesson,488,2026-02-06 10:44:00
8353,374,11,complete_lesson,248,2026-02-07 06:47:00
8354,374,12,search_topic,293,2026-02-08 00:12:00
8355,374,13,search_topic,186,2026-02-09 07:28:00
8356,374,14,view_resource,492,2026-02-10 00:49:00
8357,374,15,complete_lesson,452,2026-02-10 17:21:00
8358,374,16,search_topic,121,2026-02-10 21:05:00
8359,374,16,view_resource,294,2026-02-12 03:39:00
8360,374,17,view_resource,525,2026-02-12 13:11:00
8361,374,17,search_topic,256,2026-02-12 18:30:00
8362,374,17,view_resource,357,2026-02-13 12:23:00
8363,374,18,complete_lesson,140,2026-02-15 09:32:00
8364,374,18,complete_lesson,196,2026-02-17 00:26:00
8365,374,19,view_resource,479,2026-02-18 20:00:00
8366,374,19,search_topic,479,2026-02-20 08:11:00
8367,374,20,view_resource,142,2026-02-21 16:11:00
8368,374,20,complete_lesson,398,2026-02-22 19:14:00
8369,375,1,search_topic,321,2026-01-25 19:11:00
8370,375,2,search_topic,328,2026-01-27 10:34:00
8371,375,3,complete_lesson,545,2026-01-28 00:43:00
8372,375,4,view_resource,213,2026-01-29 04:15:00
8373,375,4,view_resource,579,2026-01-30 11:35:00
8374,375,4,view_resource,92,2026-01-31 19:18:00
8375,375,5,complete_lesson,600,2026-02-01 05:47:00
8376,375,5,view_resource,580,2026-02-01 16:09:00
8377,375,5,complete_lesson,321,2026-02-03 13:30:00
8378,375,6,view_resource,151,2026-02-05 12:06:00
8379,375,7,search_topic,195,2026-02-05 21:25:00
8380,375,8,complete_lesson,425,2026-02-07 17:45:00
8381,375,9,search_topic,593,2026-02-07 21:09:00
8382,375,10,complete_lesson,305,2026-02-09 03:21:00
8383,375,11,complete_lesson,254,2026-02-09 18:45:00
8384,375,12,view_resource,105,2026-02-10 12:04:00
8385,375,13,search_topic,133,2026-02-11 21:13:00
8386,375,14,complete_lesson,312,2026-02-12 03:45:00
8387,375,15,search_topic,386,2026-02-14 03:13:00
8388,375,15,complete_lesson,177,2026-02-14 21:06:00
8389,375,16,view_resource,566,2026-02-15 19:34:00
8390,375,16,view_resource,529,2026-02-17 02:01:00
8391,375,16,search_topic,143,2026-02-18 21:44:00
8392,375,17,view_resource,509,2026-02-19 07:26:00
8393,375,18,complete_lesson,385,2026-02-20 07:16:00
8394,375,19,view_resource,437,2026-02-21 16:36:00
8395,376,1,complete_lesson,337,2026-02-02 05:13:00
8396,376,2,search_topic,540,2026-02-03 16:37:00
8397,376,3,view_resource,219,2026-02-04 09:43:00
8398,376,4,complete_lesson,594,2026-02-05 00:10:00
8399,376,4,view_resource,596,2026-02-07 00:14:00
8400,376,5,search_topic,358,2026-02-07 14:32:00
8401,376,5,search_topic,472,2026-02-08 19:18:00
8402,376,6,view_resource,209,2026-02-10 07:46:00
8403,376,7,complete_lesson,364,2026-02-11 01:42:00
8404,376,7,view_resource,366,2026-02-11 11:06:00
8405,376,7,complete_lesson,74,2026-02-13 01:32:00
8406,376,8,search_topic,358,2026-02-14 00:44:00
8407,376,9,complete_lesson,354,2026-02-15 07:44:00
8408,376,10,complete_lesson,511,2026-02-16 01:33:00
8409,376,11,complete_lesson,81,2026-02-16 07:27:00
8410,376,12,complete_lesson,66,2026-02-18 07:02:00
8411,376,13,search_topic,574,2026-02-20 03:50:00
8412,376,14,view_resource,78,2026-02-20 16:02:00
8413,376,15,complete_lesson,460,2026-02-21 05:22:00
8414,376,15,search_topic,506,2026-02-21 23:47:00
8415,376,16,complete_lesson,129,2026-02-23 12:05:00
8416,376,17,search_topic,232,2026-02-24 19:43:00
8417,377,1,search_topic,489,2026-01-22 12:20:00
8418,377,1,view_resource,545,2026-01-22 19:42:00
8419,377,2,complete_lesson,533,2026-01-23 15:45:00
8420,377,2,search_topic,153,2026-01-24 10:06:00
8421,377,3,view_resource,370,2026-01-26 01:07:00
8422,377,3,complete_lesson,460,2026-01-26 20:14:00
8423,377,4,view_resource,67,2026-01-28 17:29:00
8424,377,5,complete_lesson,63,2026-01-30 04:33:00
8425,377,5,view_resource,95,2026-01-31 11:23:00
8426,377,5,search_topic,415,2026-02-02 10:03:00
8427,377,6,search_topic,212,2026-02-03 14:14:00
8428,377,7,complete_lesson,425,2026-02-04 21:49:00
8429,377,8,view_resource,535,2026-02-06 07:31:00
8430,377,8,complete_lesson,127,2026-02-06 23:32:00
8431,377,8,search_topic,456,2026-02-07 13:44:00
8432,377,9,complete_lesson,223,2026-02-09 12:46:00
8433,377,9,search_topic,305,2026-02-10 01:00:00
8434,377,9,view_resource,455,2026-02-10 18:48:00
8435,377,10,search_topic,427,2026-02-12 11:21:00
8436,377,10,complete_lesson,506,2026-02-13 05:03:00
8437,377,10,search_topic,165,2026-02-15 05:49:00
8438,377,11,complete_lesson,339,2026-02-15 17:03:00
8439,377,11,search_topic,366,2026-02-15 21:06:00
8440,377,12,search_topic,387,2026-02-17 09:27:00
8441,377,12,complete_lesson,391,2026-02-17 22:32:00
8442,377,12,view_resource,581,2026-02-19 17:29:00
8443,377,13,search_topic,267,2026-02-20 02:41:00
8444,377,13,complete_lesson,171,2026-02-21 04:35:00
8445,377,14,search_topic,292,2026-02-21 08:44:00
8446,377,15,complete_lesson,115,2026-02-23 08:18:00
8447,377,16,view_resource,138,2026-02-24 11:43:00
8448,377,16,search_topic,281,2026-02-24 19:08:00
8449,377,16,view_resource,284,2026-02-25 02:37:00
8450,377,17,search_topic,492,2026-02-26 20:49:00
8451,377,17,search_topic,216,2026-02-27 10:15:00
8452,377,17,search_topic,578,2026-03-01 02:10:00
8453,377,18,search_topic,491,2026-03-02 02:39:00
8454,377,19,complete_lesson,597,2026-03-03 05:01:00
8455,378,1,search_topic,566,2026-01-23 06:14:00
8456,378,1,complete_lesson,339,2026-01-23 13:40:00
8457,378,1,search_topic,450,2026-01-24 05:33:00
8458,378,2,view_resource,208,2026-01-25 22:14:00
8459,378,3,search_topic,329,2026-01-26 11:15:00
8460,378,3,complete_lesson,456,2026-01-28 04:16:00
8461,378,4,search_topic,170,2026-01-28 21:29:00
8462,378,5,search_topic,169,2026-01-30 09:33:00
8463,378,6,complete_lesson,392,2026-01-31 23:35:00
8464,378,7,complete_lesson,254,2026-02-01 15:37:00
8465,378,8,complete_lesson,446,2026-02-03 13:24:00
8466,378,9,search_topic,334,2026-02-04 12:13:00
8467,378,9,search_topic,418,2026-02-04 19:20:00
8468,378,10,view_resource,230,2026-02-05 06:08:00
8469,378,11,complete_lesson,593,2026-02-06 23:29:00
8470,378,12,view_resource,368,2026-02-08 16:32:00
8471,378,13,search_topic,464,2026-02-10 06:04:00
8472,378,13,complete_lesson,510,2026-02-10 14:03:00
8473,378,14,complete_lesson,72,2026-02-11 02:10:00
8474,378,15,search_topic,108,2026-02-12 12:36:00
8475,378,16,complete_lesson,316,2026-02-12 18:37:00
8476,378,16,search_topic,527,2026-02-13 10:47:00
8477,378,16,view_resource,264,2026-02-14 10:37:00
8478,378,17,view_resource,558,2026-02-14 19:06:00
8479,378,18,search_topic,323,2026-02-16 07:49:00
8480,378,19,complete_lesson,593,2026-02-16 18:30:00
8481,378,20,view_resource,107,2026-02-17 11:22:00
8482,379,1,search_topic,348,2026-01-24 00:24:00
8483,379,1,complete_lesson,197,2026-01-24 13:49:00
8484,379,1,complete_lesson,582,2026-01-26 13:39:00
8485,379,2,search_topic,154,2026-01-27 12:32:00
8486,379,3,search_topic,189,2026-01-28 08:21:00
8487,379,3,search_topic,165,2026-01-28 17:01:00
8488,379,4,view_resource,538,2026-01-29 07:24:00
8489,379,4,search_topic,329,2026-01-31 07:23:00
8490,379,4,search_topic,471,2026-02-01 01:10:00
8491,379,5,complete_lesson,400,2026-02-02 11:21:00
8492,379,5,complete_lesson,249,2026-02-02 22:22:00
8493,379,6,search_topic,86,2026-02-03 09:22:00
8494,379,7,search_topic,170,2026-02-04 17:29:00
8495,379,8,search_topic,522,2026-02-05 11:22:00
8496,379,9,complete_lesson,483,2026-02-07 10:45:00
8497,379,9,view_resource,436,2026-02-08 03:14:00
8498,379,10,complete_lesson,522,2026-02-09 08:30:00
8499,379,11,complete_lesson,213,2026-02-10 20:46:00
8500,379,11,search_topic,557,2026-02-11 00:13:00
8501,379,11,complete_lesson,64,2026-02-13 00:46:00
8502,379,12,search_topic,269,2026-02-14 22:13:00
8503,379,12,search_topic,259,2026-02-16 14:26:00
8504,379,13,search_topic,558,2026-02-18 01:03:00
8505,379,14,search_topic,583,2026-02-19 21:35:00
8506,379,14,view_resource,170,2026-02-21 21:02:00
8507,379,14,view_resource,579,2026-02-22 13:03:00
8508,379,15,complete_lesson,464,2026-02-23 02:20:00
8509,379,15,complete_lesson,257,2026-02-24 00:04:00
8510,379,15,search_topic,396,2026-02-24 15:49:00
8511,379,16,complete_lesson,572,2026-02-26 04:15:00
8512,379,16,search_topic,399,2026-02-26 08:34:00
8513,379,17,view_resource,289,2026-02-26 20:31:00
8514,379,18,search_topic,351,2026-02-27 06:38:00
8515,379,18,view_resource,311,2026-03-01 05:04:00
8516,380,1,complete_lesson,92,2026-01-04 17:00:00
8517,380,2,view_resource,404,2026-01-06 11:36:00
8518,380,3,complete_lesson,200,2026-01-06 21:45:00
8519,380,4,view_resource,397,2026-01-08 13:26:00
8520,380,5,search_topic,146,2026-01-10 00:35:00
8521,380,6,view_resource,120,2026-01-10 16:26:00
8522,380,7,view_resource,296,2026-01-12 15:15:00
8523,380,8,view_resource,239,2026-01-13 18:01:00
8524,380,9,search_topic,191,2026-01-15 18:31:00
8525,380,10,view_resource,584,2026-01-16 00:27:00
8526,380,11,view_resource,451,2026-01-16 11:33:00
8527,380,12,view_resource,246,2026-01-16 21:40:00
8528,381,1,view_resource,139,2026-01-08 13:49:00
8529,381,2,view_resource,282,2026-01-09 03:14:00
8530,381,3,search_topic,183,2026-01-10 17:32:00
8531,381,4,search_topic,335,2026-01-11 17:00:00
8532,381,5,view_resource,407,2026-01-12 22:36:00
8533,381,6,complete_lesson,243,2026-01-13 23:08:00
8534,381,7,search_topic,371,2026-01-14 18:06:00
8535,381,7,search_topic,148,2026-01-15 05:19:00
8536,381,7,search_topic,165,2026-01-16 11:44:00
8537,381,8,view_resource,359,2026-01-17 18:43:00
8538,381,9,search_topic,594,2026-01-18 17:42:00
8539,381,10,search_topic,90,2026-01-20 15:10:00
8540,381,11,complete_lesson,208,2026-01-21 06:09:00
8541,381,12,search_topic,189,2026-01-21 23:47:00
8542,381,13,complete_lesson,156,2026-01-23 03:02:00
8543,381,14,search_topic,378,2026-01-23 16:33:00
8544,381,15,view_resource,388,2026-01-23 21:38:00
8545,381,16,complete_lesson,262,2026-01-25 17:49:00
8546,381,17,complete_lesson,178,2026-01-27 08:14:00
8547,381,18,complete_lesson,106,2026-01-29 08:33:00
8548,381,19,search_topic,321,2026-01-30 15:30:00
8549,381,20,complete_lesson,328,2026-01-31 22:17:00
8550,382,1,search_topic,250,2026-01-13 00:05:00
8551,382,2,search_topic,504,2026-01-14 10:31:00
8552,382,3,complete_lesson,585,2026-01-15 20:44:00
8553,382,4,view_resource,81,2026-01-16 22:11:00
8554,382,5,view_resource,111,2026-01-18 10:05:00
8555,382,5,search_topic,409,2026-01-19 01:06:00
8556,382,6,view_resource,324,2026-01-20 02:34:00
8557,382,7,view_resource,542,2026-01-21 04:03:00
8558,382,7,complete_lesson,95,2026-01-22 00:34:00
8559,382,8,search_topic,203,2026-01-23 22:02:00
8560,382,9,view_resource,246,2026-01-24 22:02:00
8561,382,9,complete_lesson,351,2026-01-26 11:13:00
8562,382,10,search_topic,403,2026-01-27 23:08:00
8563,382,11,search_topic,480,2026-01-28 12:03:00
8564,382,11,complete_lesson,409,2026-01-29 06:49:00
8565,382,12,search_topic,351,2026-01-30 14:46:00
8566,382,12,view_resource,578,2026-01-31 21:08:00
8567,382,13,view_resource,416,2026-02-01 22:44:00
8568,382,14,view_resource,310,2026-02-03 15:44:00
8569,382,14,complete_lesson,437,2026-02-04 00:26:00
8570,382,14,view_resource,60,2026-02-04 18:47:00
8571,382,15,search_topic,101,2026-02-06 17:45:00
8572,382,16,complete_lesson,473,2026-02-08 15:14:00
8573,383,1,view_resource,576,2026-01-19 07:38:00
8574,383,1,view_resource,437,2026-01-21 06:02:00
8575,383,1,view_resource,462,2026-01-22 16:43:00
8576,383,2,complete_lesson,471,2026-01-23 22:31:00
8577,383,2,complete_lesson,408,2026-01-24 02:18:00
8578,383,3,complete_lesson,530,2026-01-24 11:14:00
8579,383,4,complete_lesson,218,2026-01-25 02:36:00
8580,383,5,complete_lesson,485,2026-01-25 17:39:00
8581,383,6,complete_lesson,356,2026-01-27 04:46:00
8582,383,7,view_resource,178,2026-01-29 04:47:00
8583,383,8,complete_lesson,279,2026-01-30 14:32:00
8584,383,8,search_topic,162,2026-01-31 15:23:00
8585,383,9,search_topic,116,2026-02-01 18:10:00
8586,383,9,complete_lesson,451,2026-02-03 17:31:00
8587,383,9,view_resource,595,2026-02-05 08:08:00
8588,383,10,view_resource,444,2026-02-06 07:38:00
8589,383,10,search_topic,501,2026-02-08 05:25:00
8590,383,11,complete_lesson,289,2026-02-10 00:24:00
8591,383,12,view_resource,446,2026-02-11 06:07:00
8592,383,12,complete_lesson,566,2026-02-11 12:02:00
8593,383,13,complete_lesson,502,2026-02-12 20:24:00
8594,383,14,view_resource,221,2026-02-14 16:25:00
8595,383,14,view_resource,260,2026-02-15 03:34:00
8596,384,1,search_topic,149,2026-01-11 07:21:00
8597,384,1,view_resource,492,2026-01-12 14:44:00
8598,384,2,search_topic,549,2026-01-14 07:18:00
8599,384,3,complete_lesson,72,2026-01-15 00:36:00
8600,384,4,view_resource,408,2026-01-16 05:38:00
8601,384,4,view_resource,396,2026-01-17 00:45:00
8602,384,5,search_topic,247,2026-01-18 04:31:00
8603,384,5,complete_lesson,148,2026-01-19 23:46:00
8604,384,5,search_topic,511,2026-01-20 05:28:00
8605,384,6,complete_lesson,116,2026-01-22 05:32:00
8606,384,7,search_topic,160,2026-01-23 09:38:00
8607,384,8,complete_lesson,150,2026-01-24 07:10:00
8608,384,8,view_resource,587,2026-01-24 11:15:00
8609,384,9,search_topic,595,2026-01-25 21:05:00
8610,384,9,complete_lesson,114,2026-01-27 08:40:00
8611,384,9,complete_lesson,128,2026-01-28 07:37:00
8612,384,10,search_topic,348,2026-01-29 16:02:00
8613,384,11,search_topic,83,2026-01-30 13:29:00
8614,384,12,search_topic,390,2026-02-01 10:42:00
8615,384,13,search_topic,234,2026-02-02 12:32:00
8616,384,13,view_resource,504,2026-02-03 15:37:00
8617,384,13,view_resource,481,2026-02-03 22:38:00
8618,384,14,view_resource,261,2026-02-04 16:02:00
8619,384,14,complete_lesson,465,2026-02-05 08:15:00
8620,384,15,search_topic,121,2026-02-06 09:00:00
8621,384,15,search_topic,308,2026-02-06 20:33:00
8622,384,15,view_resource,241,2026-02-07 13:38:00
8623,384,16,complete_lesson,517,2026-02-08 08:45:00
8624,384,17,view_resource,284,2026-02-09 19:10:00
8625,384,17,view_resource,521,2026-02-11 09:01:00
8626,384,18,search_topic,395,2026-02-12 05:02:00
8627,384,19,view_resource,549,2026-02-13 15:49:00
8628,385,1,view_resource,390,2026-01-12 15:13:00
8629,385,2,complete_lesson,175,2026-01-14 12:27:00
8630,385,3,search_topic,143,2026-01-15 05:49:00
8631,385,3,search_topic,227,2026-01-17 05:37:00
8632,385,4,complete_lesson,511,2026-01-18 10:36:00
8633,385,5,view_resource,410,2026-01-18 19:49:00
8634,385,6,complete_lesson,599,2026-01-20 00:03:00
8635,385,7,view_resource,138,2026-01-21 15:08:00
8636,385,8,view_resource,379,2026-01-22 09:00:00
8637,385,8,complete_lesson,600,2026-01-23 04:22:00
8638,385,8,search_topic,330,2026-01-23 22:26:00
8639,385,9,view_resource,272,2026-01-25 05:47:00
8640,385,9,view_resource,305,2026-01-25 10:18:00
8641,385,10,search_topic,409,2026-01-26 17:49:00
8642,385,10,search_topic,521,2026-01-28 06:49:00
8643,385,11,search_topic,550,2026-01-28 20:10:00
8644,385,11,complete_lesson,299,2026-01-29 16:16:00
8645,385,12,search_topic,583,2026-01-31 09:36:00
8646,385,12,complete_lesson,110,2026-01-31 13:16:00
8647,385,13,search_topic,429,2026-02-01 07:01:00
8648,385,13,complete_lesson,69,2026-02-02 11:49:00
8649,385,13,search_topic,305,2026-02-03 07:12:00
8650,385,14,search_topic,367,2026-02-04 05:10:00
8651,385,14,search_topic,68,2026-02-04 21:04:00
8652,385,15,search_topic,141,2026-02-05 15:06:00
8653,385,15,complete_lesson,123,2026-02-06 19:28:00
8654,385,16,view_resource,439,2026-02-07 15:18:00
8655,385,16,complete_lesson,66,2026-02-08 06:15:00
8656,386,1,search_topic,100,2026-01-08 20:28:00
8657,386,2,complete_lesson,127,2026-01-10 01:15:00
8658,386,2,search_topic,570,2026-01-10 22:46:00
8659,386,2,search_topic,523,2026-01-11 18:02:00
8660,386,3,complete_lesson,242,2026-01-12 23:33:00
8661,386,4,search_topic,564,2026-01-13 14:16:00
8662,386,5,complete_lesson,531,2026-01-14 15:37:00
8663,386,6,search_topic,230,2026-01-15 04:33:00
8664,386,7,search_topic,365,2026-01-16 01:34:00
8665,386,8,complete_lesson,585,2026-01-18 00:37:00
8666,386,9,search_topic,119,2026-01-18 13:18:00
8667,386,9,view_resource,442,2026-01-19 02:13:00
8668,386,10,complete_lesson,516,2026-01-19 20:05:00
8669,386,11,complete_lesson,254,2026-01-21 07:06:00
8670,386,12,view_resource,496,2026-01-22 21:42:00
8671,386,12,search_topic,516,2026-01-23 23:46:00
8672,386,13,complete_lesson,536,2026-01-24 20:43:00
8673,386,14,view_resource,471,2026-01-25 20:41:00
8674,386,15,search_topic,127,2026-01-27 01:14:00
8675,386,15,complete_lesson,334,2026-01-27 15:48:00
8676,386,15,view_resource,585,2026-01-28 03:36:00
8677,387,1,complete_lesson,372,2026-01-18 08:47:00
8678,387,2,view_resource,61,2026-01-19 08:31:00
8679,387,2,search_topic,243,2026-01-21 03:18:00
8680,387,2,complete_lesson,503,2026-01-22 14:22:00
8681,387,3,complete_lesson,277,2026-01-24 05:02:00
8682,387,4,view_resource,267,2026-01-25 04:19:00
8683,387,5,search_topic,366,2026-01-26 03:31:00
8684,387,5,view_resource,84,2026-01-27 01:17:00
8685,387,5,complete_lesson,171,2026-01-27 23:14:00
8686,387,6,complete_lesson,342,2026-01-29 09:05:00
8687,387,7,complete_lesson,211,2026-01-30 16:07:00
8688,387,7,search_topic,108,2026-02-01 04:26:00
8689,387,7,complete_lesson,215,2026-02-01 18:46:00
8690,387,8,view_resource,532,2026-02-02 20:24:00
8691,387,9,complete_lesson,435,2026-02-03 02:24:00
8692,387,10,view_resource,510,2026-02-04 13:47:00
8693,387,10,complete_lesson,433,2026-02-04 21:20:00
8694,387,11,view_resource,410,2026-02-06 09:01:00
8695,387,12,view_resource,546,2026-02-08 09:09:00
8696,387,13,search_topic,473,2026-02-10 00:11:00
8697,387,13,complete_lesson,142,2026-02-10 10:18:00
8698,387,13,search_topic,150,2026-02-12 01:27:00
8699,387,14,search_topic,270,2026-02-13 21:21:00
8700,387,14,complete_lesson,129,2026-02-15 10:14:00
8701,387,14,complete_lesson,241,2026-02-16 13:02:00
8702,387,15,search_topic,358,2026-02-18 00:48:00
8703,387,15,search_topic,407,2026-02-19 07:13:00
8704,387,16,complete_lesson,124,2026-02-20 15:31:00
8705,387,17,complete_lesson,360,2026-02-21 00:39:00
8706,387,18,view_resource,341,2026-02-22 21:20:00
8707,388,1,search_topic,220,2026-01-04 04:11:00
8708,388,2,view_resource,297,2026-01-04 22:32:00
8709,388,3,view_resource,210,2026-01-06 10:05:00
8710,388,4,search_topic,78,2026-01-06 22:38:00
8711,388,5,view_resource,417,2026-01-07 23:18:00
8712,388,5,search_topic,348,2026-01-08 14:22:00
8713,388,5,search_topic,204,2026-01-10 03:31:00
8714,388,6,search_topic,281,2026-01-11 21:37:00
8715,388,7,view_resource,290,2026-01-12 13:11:00
8716,388,8,complete_lesson,110,2026-01-12 22:27:00
8717,388,9,search_topic,364,2026-01-13 20:19:00
8718,388,10,search_topic,101,2026-01-14 07:20:00
8719,388,11,complete_lesson,167,2026-01-15 06:50:00
8720,388,12,complete_lesson,424,2026-01-16 21:03:00
8721,388,12,view_resource,342,2026-01-17 14:01:00
8722,389,1,complete_lesson,295,2026-01-14 17:21:00
8723,389,2,complete_lesson,265,2026-01-15 22:22:00
8724,389,3,search_topic,382,2026-01-16 09:46:00
8725,389,3,view_resource,486,2026-01-17 07:12:00
8726,389,4,search_topic,583,2026-01-17 17:27:00
8727,389,5,search_topic,423,2026-01-18 05:35:00
8728,389,6,complete_lesson,95,2026-01-19 15:46:00
8729,389,6,search_topic,461,2026-01-20 08:19:00
8730,389,6,view_resource,562,2026-01-21 23:26:00
8731,389,7,search_topic,309,2026-01-22 03:43:00
8732,389,8,complete_lesson,86,2026-01-24 01:30:00
8733,389,9,view_resource,308,2026-01-25 18:29:00
8734,389,9,complete_lesson,70,2026-01-27 00:26:00
8735,389,10,search_topic,432,2026-01-28 18:35:00
8736,389,11,view_resource,597,2026-01-30 03:31:00
8737,389,12,view_resource,431,2026-01-30 20:03:00
8738,389,12,view_resource,491,2026-01-31 18:31:00
8739,389,12,search_topic,193,2026-02-01 11:17:00
8740,389,13,view_resource,485,2026-02-01 15:15:00
8741,389,13,search_topic,562,2026-02-02 03:04:00
8742,389,14,view_resource,258,2026-02-04 02:47:00
8743,389,14,complete_lesson,544,2026-02-06 01:15:00
8744,389,14,complete_lesson,318,2026-02-07 07:44:00
8745,390,1,view_resource,477,2026-01-31 18:32:00
8746,390,2,search_topic,306,2026-02-02 15:24:00
8747,390,3,search_topic,241,2026-02-03 00:12:00
8748,390,3,search_topic,64,2026-02-04 05:39:00
8749,390,4,view_resource,296,2026-02-04 18:46:00
8750,390,4,view_resource,501,2026-02-05 20:30:00
8751,390,4,complete_lesson,533,2026-02-07 17:39:00
8752,390,5,view_resource,485,2026-02-08 19:17:00
8753,390,6,view_resource,495,2026-02-10 19:47:00
8754,390,7,view_resource,551,2026-02-11 10:37:00
8755,390,8,search_topic,205,2026-02-13 08:40:00
8756,390,8,search_topic,485,2026-02-13 17:28:00
8757,390,8,view_resource,92,2026-02-14 05:22:00
8758,390,9,view_resource,141,2026-02-14 12:46:00
8759,390,10,complete_lesson,186,2026-02-15 12:45:00
8760,390,11,view_resource,229,2026-02-16 12:40:00
8761,390,12,complete_lesson,399,2026-02-16 23:47:00
8762,390,13,view_resource,556,2026-02-18 08:35:00
8763,391,1,view_resource,155,2026-01-05 21:48:00
8764,391,2,view_resource,566,2026-01-06 17:30:00
8765,391,3,complete_lesson,305,2026-01-08 09:29:00
8766,391,4,complete_lesson,249,2026-01-08 23:31:00
8767,391,5,search_topic,257,2026-01-09 06:04:00
8768,391,5,view_resource,131,2026-01-11 04:20:00
8769,391,5,view_resource,446,2026-01-12 19:33:00
8770,391,6,search_topic,134,2026-01-14 17:44:00
8771,391,6,view_resource,542,2026-01-16 07:49:00
8772,391,6,complete_lesson,503,2026-01-17 15:42:00
8773,391,7,view_resource,93,2026-01-18 19:35:00
8774,391,8,view_resource,572,2026-01-19 21:46:00
8775,391,8,search_topic,81,2026-01-20 21:50:00
8776,391,8,search_topic,453,2026-01-22 06:43:00
8777,391,9,complete_lesson,537,2026-01-22 13:30:00
8778,391,10,complete_lesson,302,2026-01-24 02:02:00
8779,391,11,complete_lesson,281,2026-01-25 20:12:00
8780,391,12,view_resource,298,2026-01-27 20:38:00
8781,391,13,search_topic,223,2026-01-28 20:21:00
8782,391,14,search_topic,481,2026-01-29 05:43:00
8783,391,14,view_resource,179,2026-01-30 10:35:00
8784,391,15,search_topic,542,2026-02-01 06:08:00
8785,391,15,search_topic,229,2026-02-03 00:14:00
8786,391,15,complete_lesson,543,2026-02-03 19:41:00
8787,391,16,complete_lesson,251,2026-02-04 02:10:00
8788,391,17,view_resource,402,2026-02-05 08:50:00
8789,391,17,view_resource,432,2026-02-06 14:03:00
8790,392,1,search_topic,329,2026-01-27 17:49:00
8791,392,1,view_resource,87,2026-01-29 01:39:00
8792,392,1,search_topic,166,2026-01-29 22:19:00
8793,392,2,view_resource,92,2026-01-31 09:14:00
8794,392,3,view_resource,178,2026-02-01 03:07:00
8795,392,4,view_resource,324,2026-02-02 16:17:00
8796,392,5,complete_lesson,360,2026-02-03 06:05:00
8797,392,6,view_resource,544,2026-02-04 08:44:00
8798,392,7,search_topic,212,2026-02-05 04:23:00
8799,392,8,view_resource,386,2026-02-05 17:41:00
8800,392,9,complete_lesson,543,2026-02-07 03:14:00
8801,392,10,search_topic,503,2026-02-09 02:12:00
8802,392,10,view_resource,506,2026-02-10 10:12:00
8803,392,11,search_topic,327,2026-02-11 22:13:00
8804,392,12,view_resource,68,2026-02-12 15:10:00
8805,392,12,view_resource,140,2026-02-14 06:36:00
8806,392,12,search_topic,120,2026-02-15 07:13:00
8807,393,1,search_topic,579,2026-01-20 10:45:00
8808,393,2,view_resource,491,2026-01-21 05:46:00
8809,393,3,view_resource,521,2026-01-21 17:28:00
8810,393,4,search_topic,223,2026-01-22 04:24:00
8811,393,4,view_resource,336,2026-01-23 01:08:00
8812,393,4,view_resource,589,2026-01-23 22:17:00
8813,393,5,complete_lesson,381,2026-01-24 05:23:00
8814,393,6,view_resource,579,2026-01-25 05:46:00
8815,393,7,search_topic,268,2026-01-25 19:15:00
8816,393,8,view_resource,195,2026-01-26 17:25:00
8817,393,9,complete_lesson,515,2026-01-28 11:24:00
8818,393,9,view_resource,377,2026-01-28 20:16:00
8819,393,9,view_resource,158,2026-01-30 07:36:00
8820,393,10,view_resource,186,2026-01-31 14:30:00
8821,393,11,view_resource,526,2026-02-01 02:43:00
8822,393,12,complete_lesson,425,2026-02-01 22:24:00
8823,393,13,search_topic,145,2026-02-02 20:09:00
8824,393,14,complete_lesson,567,2026-02-04 04:46:00
8825,393,15,complete_lesson,368,2026-02-05 22:46:00
8826,393,15,search_topic,199,2026-02-06 22:43:00
8827,393,16,search_topic,447,2026-02-08 22:17:00
8828,394,1,search_topic,522,2026-01-14 13:23:00
8829,394,2,search_topic,138,2026-01-14 18:37:00
8830,394,3,complete_lesson,591,2026-01-16 15:02:00
8831,394,4,view_resource,496,2026-01-17 13:20:00
8832,394,4,view_resource,356,2026-01-18 23:29:00
8833,394,4,complete_lesson,434,2026-01-20 07:33:00
8834,394,5,search_topic,471,2026-01-21 03:48:00
8835,394,5,search_topic,154,2026-01-21 23:20:00
8836,394,5,search_topic,353,2026-01-23 10:33:00
8837,394,6,complete_lesson,564,2026-01-24 14:48:00
8838,394,7,complete_lesson,337,2026-01-26 07:20:00
8839,394,8,view_resource,452,2026-01-26 13:15:00
8840,394,9,search_topic,545,2026-01-27 04:10:00
8841,394,9,complete_lesson,262,2026-01-28 12:42:00
8842,394,9,search_topic,163,2026-01-30 07:15:00
8843,394,10,complete_lesson,179,2026-01-31 23:13:00
8844,394,10,view_resource,342,2026-02-02 20:24:00
8845,394,10,view_resource,128,2026-02-03 18:17:00
8846,394,11,view_resource,492,2026-02-04 15:44:00
8847,394,11,complete_lesson,562,2026-02-05 22:35:00
8848,394,11,complete_lesson,311,2026-02-07 10:19:00
8849,394,12,search_topic,190,2026-02-08 00:42:00
8850,394,12,view_resource,411,2026-02-09 05:32:00
8851,394,13,complete_lesson,234,2026-02-11 00:31:00
8852,394,13,complete_lesson,434,2026-02-11 07:27:00
8853,394,14,view_resource,543,2026-02-12 15:19:00
8854,394,14,complete_lesson,305,2026-02-12 20:38:00
8855,394,15,search_topic,232,2026-02-13 08:12:00
8856,394,15,search_topic,186,2026-02-13 19:04:00
8857,394,15,complete_lesson,106,2026-02-14 04:47:00
8858,394,16,search_topic,318,2026-02-15 08:37:00
8859,394,17,view_resource,387,2026-02-15 14:26:00
8860,394,17,complete_lesson,209,2026-02-17 00:32:00
8861,394,18,complete_lesson,212,2026-02-17 12:18:00
8862,394,19,complete_lesson,105,2026-02-18 11:01:00
8863,395,1,complete_lesson,444,2026-01-05 14:44:00
8864,395,2,search_topic,133,2026-01-07 03:21:00
8865,395,2,search_topic,145,2026-01-07 21:04:00
8866,395,3,complete_lesson,205,2026-01-09 13:33:00
8867,395,3,complete_lesson,291,2026-01-10 00:28:00
8868,395,3,search_topic,580,2026-01-11 18:36:00
8869,395,4,view_resource,87,2026-01-13 05:00:00
8870,395,5,view_resource,342,2026-01-14 13:28:00
8871,395,5,complete_lesson,350,2026-01-15 14:33:00
8872,395,6,view_resource,560,2026-01-17 08:41:00
8873,395,7,search_topic,278,2026-01-18 02:38:00
8874,395,8,view_resource,564,2026-01-20 02:16:00
8875,395,9,complete_lesson,397,2026-01-20 10:37:00
8876,395,10,complete_lesson,420,2026-01-21 14:22:00
8877,395,11,view_resource,288,2026-01-23 00:36:00
8878,395,12,search_topic,440,2026-01-24 03:29:00
8879,395,13,view_resource,308,2026-01-25 18:04:00
8880,395,14,search_topic,191,2026-01-26 10:42:00
8881,395,14,view_resource,239,2026-01-26 16:42:00
8882,395,15,search_topic,483,2026-01-27 21:24:00
8883,395,16,search_topic,477,2026-01-29 16:36:00
8884,395,17,view_resource,233,2026-01-31 00:11:00
8885,395,17,view_resource,148,2026-02-01 16:49:00
8886,395,17,search_topic,272,2026-02-02 04:17:00
8887,395,18,complete_lesson,254,2026-02-03 20:42:00
8888,395,19,view_resource,188,2026-02-04 18:47:00
8889,395,20,complete_lesson,390,2026-02-05 13:01:00
8890,396,1,search_topic,446,2026-01-13 17:26:00
8891,396,1,view_resource,407,2026-01-14 16:45:00
8892,396,2,complete_lesson,401,2026-01-16 16:12:00
8893,396,3,search_topic,543,2026-01-17 22:15:00
8894,396,4,view_resource,263,2026-01-19 11:39:00
8895,396,5,search_topic,254,2026-01-20 23:14:00
8896,396,5,search_topic,530,2026-01-21 08:35:00
8897,396,5,complete_lesson,277,2026-01-21 19:15:00
8898,396,6,search_topic,68,2026-01-22 13:31:00
8899,396,6,view_resource,303,2026-01-23 10:03:00
8900,396,6,view_resource,81,2026-01-24 16:08:00
8901,396,7,search_topic,235,2026-01-26 07:46:00
8902,396,8,complete_lesson,108,2026-01-27 10:03:00
8903,396,9,search_topic,218,2026-01-29 02:06:00
8904,396,9,complete_lesson,475,2026-01-29 08:23:00
8905,396,10,complete_lesson,265,2026-01-29 14:46:00
8906,396,11,view_resource,452,2026-01-31 10:30:00
8907,396,11,complete_lesson,242,2026-02-01 05:09:00
8908,396,11,complete_lesson,216,2026-02-03 04:38:00
8909,396,12,complete_lesson,325,2026-02-04 07:18:00
8910,396,12,search_topic,353,2026-02-05 01:03:00
8911,396,13,view_resource,506,2026-02-05 05:05:00
8912,396,13,search_topic,452,2026-02-06 17:36:00
8913,397,1,complete_lesson,552,2026-01-14 13:27:00
8914,397,2,view_resource,164,2026-01-15 06:37:00
8915,397,2,view_resource,207,2026-01-16 18:14:00
8916,397,3,view_resource,404,2026-01-17 09:17:00
8917,397,4,view_resource,207,2026-01-19 07:24:00
8918,397,5,view_resource,65,2026-01-21 03:27:00
8919,397,6,view_resource,473,2026-01-22 04:44:00
8920,397,7,view_resource,187,2026-01-22 15:49:00
8921,397,8,search_topic,264,2026-01-24 10:06:00
8922,397,9,complete_lesson,502,2026-01-24 20:17:00
8923,397,10,complete_lesson,413,2026-01-26 18:43:00
8924,397,10,complete_lesson,497,2026-01-28 14:43:00
8925,397,11,complete_lesson,527,2026-01-29 18:26:00
8926,397,11,view_resource,503,2026-01-31 01:27:00
8927,397,11,view_resource,247,2026-02-01 19:15:00
8928,397,12,complete_lesson,247,2026-02-03 19:29:00
8929,397,12,view_resource,361,2026-02-04 17:32:00
8930,397,13,search_topic,455,2026-02-04 23:18:00
8931,397,14,view_resource,330,2026-02-06 22:39:00
8932,397,14,complete_lesson,292,2026-02-07 04:30:00
8933,397,14,view_resource,405,2026-02-07 18:20:00
8934,397,15,view_resource,208,2026-02-08 10:04:00
8935,397,15,view_resource,109,2026-02-08 17:00:00
8936,397,15,search_topic,88,2026-02-10 04:10:00
8937,397,16,view_resource,406,2026-02-10 19:27:00
8938,397,17,view_resource,132,2026-02-11 06:12:00
8939,397,17,search_topic,115,2026-02-12 20:23:00
8940,398,1,search_topic,93,2026-01-13 06:08:00
8941,398,2,view_resource,470,2026-01-14 06:30:00
8942,398,2,complete_lesson,98,2026-01-15 02:33:00
8943,398,3,complete_lesson,564,2026-01-16 05:47:00
8944,398,4,view_resource,476,2026-01-17 18:10:00
8945,398,5,search_topic,179,2026-01-19 04:39:00
8946,398,5,search_topic,258,2026-01-19 20:09:00
8947,398,5,view_resource,65,2026-01-20 13:37:00
8948,398,6,complete_lesson,92,2026-01-21 01:22:00
8949,398,7,search_topic,512,2026-01-22 15:23:00
8950,398,7,complete_lesson,453,2026-01-22 20:09:00
8951,398,8,view_resource,345,2026-01-23 21:14:00
8952,398,9,search_topic,458,2026-01-25 16:45:00
8953,398,9,search_topic,509,2026-01-26 19:11:00
8954,398,10,complete_lesson,401,2026-01-28 16:22:00
8955,398,10,complete_lesson,413,2026-01-29 15:10:00
8956,398,11,complete_lesson,85,2026-01-31 11:36:00
8957,398,12,complete_lesson,140,2026-02-02 04:24:00
8958,398,13,complete_lesson,236,2026-02-02 20:16:00
8959,398,14,complete_lesson,582,2026-02-04 00:44:00
8960,398,15,view_resource,576,2026-02-05 06:24:00
8961,398,15,search_topic,171,2026-02-06 21:27:00
8962,398,16,search_topic,318,2026-02-07 02:14:00
8963,399,1,view_resource,202,2026-01-19 21:28:00
8964,399,2,search_topic,229,2026-01-20 02:41:00
8965,399,3,complete_lesson,559,2026-01-21 10:28:00
8966,399,3,view_resource,79,2026-01-23 04:39:00
8967,399,3,search_topic,516,2026-01-23 15:01:00
8968,399,4,search_topic,479,2026-01-24 23:08:00
8969,399,4,view_resource,205,2026-01-25 04:31:00
8970,399,4,search_topic,415,2026-01-26 11:46:00
8971,399,5,view_resource,451,2026-01-26 23:44:00
8972,399,6,search_topic,359,2026-01-27 14:19:00
8973,399,6,complete_lesson,185,2026-01-28 12:37:00
8974,399,7,search_topic,341,2026-01-29 09:33:00
8975,399,7,search_topic,99,2026-01-30 13:48:00
8976,399,7,complete_lesson,200,2026-02-01 09:11:00
8977,399,8,search_topic,101,2026-02-01 19:28:00
8978,399,9,complete_lesson,232,2026-02-02 17:26:00
8979,399,9,view_resource,286,2026-02-04 13:06:00
8980,399,9,complete_lesson,584,2026-02-05 12:46:00
8981,399,10,view_resource,301,2026-02-06 13:16:00
8982,400,1,complete_lesson,249,2026-01-15 18:36:00
8983,400,2,complete_lesson,68,2026-01-17 04:34:00
8984,400,2,search_topic,582,2026-01-18 23:08:00
8985,400,3,complete_lesson,295,2026-01-19 14:13:00
8986,400,4,search_topic,138,2026-01-20 04:42:00
8987,400,5,search_topic,336,2026-01-20 21:38:00
8988,400,5,view_resource,329,2026-01-21 05:17:00
8989,400,5,complete_lesson,282,2026-01-22 13:50:00
8990,400,6,view_resource,488,2026-01-22 23:10:00
8991,400,7,complete_lesson,117,2026-01-23 15:45:00
8992,400,7,view_resource,149,2026-01-24 02:01:00
8993,400,7,complete_lesson,307,2026-01-25 08:40:00
8994,400,8,search_topic,92,2026-01-27 00:21:00
8995,400,9,complete_lesson,418,2026-01-28 15:09:00
8996,400,10,view_resource,111,2026-01-29 09:41:00
8997,400,10,complete_lesson,130,2026-01-30 16:21:00
8998,400,11,complete_lesson,325,2026-02-01 15:37:00
8999,400,12,search_topic,476,2026-02-03 12:13:00
9000,400,12,search_topic,236,2026-02-05 01:09:00
9001,400,12,search_topic,307,2026-02-05 12:47:00
9002,401,1,search_topic,332,2026-01-19 20:24:00
9003,401,2,complete_lesson,187,2026-01-21 05:43:00
9004,401,3,search_topic,220,2026-01-21 12:47:00
9005,401,4,complete_lesson,389,2026-01-22 20:28:00
9006,401,5,complete_lesson,229,2026-01-24 14:14:00
9007,401,6,view_resource,535,2026-01-25 08:26:00
9008,401,7,view_resource,548,2026-01-27 05:41:00
9009,401,7,search_topic,89,2026-01-28 16:25:00
9010,401,7,view_resource,220,2026-01-29 08:01:00
9011,401,8,search_topic,170,2026-01-29 14:39:00
9012,401,9,search_topic,502,2026-01-30 05:44:00
9013,401,10,view_resource,525,2026-01-30 21:21:00
9014,401,11,search_topic,319,2026-02-01 14:05:00
9015,401,12,complete_lesson,291,2026-02-03 00:17:00
9016,401,13,search_topic,176,2026-02-04 00:11:00
9017,401,14,view_resource,69,2026-02-04 16:38:00
9018,402,1,complete_lesson,549,2026-01-14 08:02:00
9019,402,2,search_topic,72,2026-01-15 09:04:00
9020,402,3,view_resource,480,2026-01-16 03:46:00
9021,402,3,complete_lesson,330,2026-01-17 01:01:00
9022,402,3,view_resource,128,2026-01-18 03:47:00
9023,402,4,complete_lesson,377,2026-01-19 10:39:00
9024,402,4,complete_lesson,595,2026-01-20 20:12:00
9025,402,5,search_topic,475,2026-01-21 23:28:00
9026,402,6,view_resource,401,2026-01-22 19:15:00
9027,402,6,search_topic,349,2026-01-24 16:14:00
9028,402,6,complete_lesson,398,2026-01-25 06:01:00
9029,402,7,view_resource,252,2026-01-25 19:48:00
9030,402,8,search_topic,348,2026-01-26 03:38:00
9031,402,8,complete_lesson,97,2026-01-27 22:44:00
9032,402,8,view_resource,365,2026-01-28 05:43:00
9033,402,9,view_resource,184,2026-01-28 12:22:00
9034,402,9,search_topic,159,2026-01-29 22:14:00
9035,402,9,complete_lesson,438,2026-01-30 13:44:00
9036,402,10,complete_lesson,125,2026-01-31 21:46:00
9037,402,10,complete_lesson,528,2026-02-02 03:09:00
9038,402,10,view_resource,543,2026-02-03 18:33:00
9039,402,11,complete_lesson,210,2026-02-05 12:43:00
9040,402,12,search_topic,199,2026-02-07 03:20:00
9041,402,12,view_resource,474,2026-02-08 21:03:00
9042,402,13,view_resource,368,2026-02-10 02:27:00
9043,403,1,view_resource,159,2026-01-28 02:45:00
9044,403,2,complete_lesson,340,2026-01-29 21:30:00
9045,403,3,view_resource,173,2026-01-30 20:03:00
9046,403,3,complete_lesson,572,2026-01-31 23:39:00
9047,403,4,complete_lesson,500,2026-02-01 12:50:00
9048,403,4,search_topic,512,2026-02-03 01:31:00
9049,403,4,search_topic,106,2026-02-03 07:02:00
9050,403,5,complete_lesson,82,2026-02-05 02:16:00
9051,403,5,search_topic,223,2026-02-05 22:19:00
9052,403,5,search_topic,226,2026-02-07 06:19:00
9053,403,6,view_resource,251,2026-02-07 23:48:00
9054,403,7,search_topic,157,2026-02-08 13:09:00
9055,403,8,view_resource,166,2026-02-09 22:00:00
9056,403,8,complete_lesson,456,2026-02-10 07:45:00
9057,403,8,view_resource,510,2026-02-12 01:13:00
9058,403,9,complete_lesson,448,2026-02-13 09:19:00
9059,403,9,search_topic,237,2026-02-13 19:24:00
9060,403,9,view_resource,115,2026-02-15 17:22:00
9061,403,10,view_resource,147,2026-02-16 05:28:00
9062,403,11,view_resource,529,2026-02-16 10:36:00
9063,403,11,complete_lesson,213,2026-02-16 20:15:00
9064,403,11,complete_lesson,154,2026-02-17 16:22:00
9065,403,12,search_topic,175,2026-02-18 16:42:00
9066,403,13,view_resource,541,2026-02-19 20:50:00
9067,403,14,search_topic,435,2026-02-21 05:17:00
9068,403,14,view_resource,564,2026-02-23 02:15:00
9069,403,14,complete_lesson,578,2026-02-23 12:36:00
9070,403,15,search_topic,279,2026-02-25 05:24:00
9071,403,16,search_topic,196,2026-02-25 19:05:00
9072,403,16,search_topic,127,2026-02-27 00:04:00
9073,404,1,search_topic,277,2026-01-27 21:19:00
9074,404,1,view_resource,220,2026-01-29 04:24:00
9075,404,2,complete_lesson,276,2026-01-30 11:49:00
9076,404,3,search_topic,334,2026-02-01 09:35:00
9077,404,3,view_resource,475,2026-02-02 07:41:00
9078,404,4,search_topic,374,2026-02-03 03:17:00
9079,404,4,complete_lesson,180,2026-02-04 10:36:00
9080,404,5,complete_lesson,206,2026-02-04 16:11:00
9081,404,5,search_topic,423,2026-02-05 15:24:00
9082,404,6,complete_lesson,133,2026-02-07 13:47:00
9083,404,7,search_topic,468,2026-02-08 16:37:00
9084,404,7,view_resource,546,2026-02-10 15:30:00
9085,404,7,search_topic,360,2026-02-10 20:37:00
9086,404,8,complete_lesson,246,2026-02-11 10:32:00
9087,404,9,complete_lesson,325,2026-02-12 23:05:00
9088,404,9,view_resource,207,2026-02-14 01:37:00
9089,404,9,view_resource,396,2026-02-14 06:26:00
9090,404,10,search_topic,385,2026-02-14 16:07:00
9091,404,10,search_topic,567,2026-02-15 04:06:00
9092,404,11,view_resource,524,2026-02-17 01:29:00
9093,404,12,search_topic,247,2026-02-18 17:44:00
9094,404,12,complete_lesson,378,2026-02-19 16:40:00
9095,404,13,complete_lesson,391,2026-02-20 14:45:00
9096,404,14,search_topic,201,2026-02-21 21:41:00
9097,404,15,view_resource,490,2026-02-23 04:26:00
9098,404,15,search_topic,159,2026-02-23 16:21:00
9099,404,16,search_topic,458,2026-02-24 15:27:00
9100,404,17,view_resource,179,2026-02-25 19:06:00
9101,404,17,search_topic,450,2026-02-26 03:16:00
9102,404,17,view_resource,234,2026-02-27 12:39:00
9103,405,1,complete_lesson,132,2026-01-18 03:16:00
9104,405,2,complete_lesson,97,2026-01-18 11:16:00
9105,405,3,complete_lesson,395,2026-01-20 00:10:00
9106,405,4,view_resource,145,2026-01-21 09:04:00
9107,405,5,complete_lesson,279,2026-01-23 06:10:00
9108,405,6,search_topic,106,2026-01-24 13:23:00
9109,405,7,view_resource,63,2026-01-25 19:05:00
9110,405,8,search_topic,181,2026-01-26 18:10:00
9111,405,9,complete_lesson,438,2026-01-27 07:00:00
9112,405,10,search_topic,339,2026-01-29 07:46:00
9113,405,11,complete_lesson,476,2026-01-30 09:32:00
9114,405,12,search_topic,85,2026-01-31 21:05:00
9115,405,13,search_topic,171,2026-02-01 21:03:00
9116,405,13,search_topic,453,2026-02-03 09:33:00
9117,405,13,search_topic,169,2026-02-03 19:44:00
9118,405,14,view_resource,485,2026-02-04 15:23:00
9119,405,15,complete_lesson,517,2026-02-05 15:29:00
9120,405,16,view_resource,118,2026-02-06 17:28:00
9121,405,16,complete_lesson,257,2026-02-07 23:00:00
9122,405,17,view_resource,480,2026-02-09 13:39:00
9123,406,1,view_resource,392,2026-01-21 19:00:00
9124,406,1,view_resource,567,2026-01-22 05:34:00
9125,406,2,view_resource,489,2026-01-22 18:11:00
9126,406,2,search_topic,568,2026-01-24 06:21:00
9127,406,2,complete_lesson,430,2026-01-26 05:00:00
9128,406,3,complete_lesson,376,2026-01-26 21:24:00
9129,406,3,complete_lesson,527,2026-01-28 16:18:00
9130,406,3,search_topic,67,2026-01-29 19:13:00
9131,406,4,view_resource,426,2026-01-31 12:26:00
9132,406,5,search_topic,408,2026-02-01 17:04:00
9133,406,5,view_resource,85,2026-02-02 03:18:00
9134,406,6,complete_lesson,480,2026-02-02 21:20:00
9135,406,7,complete_lesson,65,2026-02-04 03:23:00
9136,406,7,search_topic,127,2026-02-05 01:50:00
9137,406,7,search_topic,504,2026-02-06 11:19:00
9138,406,8,search_topic,518,2026-02-07 12:48:00
9139,406,8,search_topic,154,2026-02-08 04:22:00
9140,406,8,search_topic,410,2026-02-08 12:19:00
9141,406,9,search_topic,375,2026-02-10 02:13:00
9142,406,10,complete_lesson,273,2026-02-11 13:25:00
9143,406,11,view_resource,579,2026-02-13 05:25:00
9144,406,12,complete_lesson,141,2026-02-15 02:46:00
9145,406,12,view_resource,468,2026-02-16 05:28:00
9146,406,12,view_resource,292,2026-02-16 12:49:00
9147,406,13,search_topic,204,2026-02-18 04:26:00
9148,406,13,complete_lesson,312,2026-02-19 19:11:00
9149,407,1,view_resource,153,2026-01-16 22:20:00
9150,407,2,view_resource,555,2026-01-17 14:00:00
9151,407,3,search_topic,222,2026-01-18 15:23:00
9152,407,4,complete_lesson,254,2026-01-18 19:11:00
9153,407,4,view_resource,84,2026-01-20 14:35:00
9154,407,5,view_resource,400,2026-01-22 04:12:00
9155,407,5,search_topic,543,2026-01-23 02:28:00
9156,407,6,complete_lesson,96,2026-01-24 02:12:00
9157,407,7,complete_lesson,129,2026-01-25 05:23:00
9158,407,8,complete_lesson,331,2026-01-25 13:42:00
9159,407,9,view_resource,201,2026-01-26 12:20:00
9160,407,10,complete_lesson,438,2026-01-27 08:14:00
9161,407,11,complete_lesson,369,2026-01-29 03:33:00
9162,407,12,search_topic,558,2026-01-30 16:18:00
9163,407,13,search_topic,178,2026-02-01 04:02:00
9164,407,13,search_topic,504,2026-02-01 18:23:00
9165,407,13,search_topic,88,2026-02-02 01:03:00
9166,407,14,view_resource,541,2026-02-03 08:41:00
9167,407,15,complete_lesson,349,2026-02-04 04:34:00
9168,407,15,search_topic,315,2026-02-04 10:09:00
9169,407,15,view_resource,227,2026-02-04 19:05:00
9170,407,16,complete_lesson,375,2026-02-05 10:01:00
9171,407,17,complete_lesson,552,2026-02-06 04:23:00
9172,407,18,view_resource,386,2026-02-07 04:38:00
9173,407,18,view_resource,221,2026-02-08 14:10:00
9174,407,18,complete_lesson,321,2026-02-09 20:35:00
9175,407,19,complete_lesson,197,2026-02-10 22:26:00
9176,408,1,search_topic,406,2026-01-19 02:14:00
9177,408,2,view_resource,285,2026-01-20 22:33:00
9178,408,3,complete_lesson,402,2026-01-21 18:37:00
9179,408,4,view_resource,288,2026-01-22 04:47:00
9180,408,5,complete_lesson,163,2026-01-22 13:02:00
9181,408,6,view_resource,526,2026-01-23 21:37:00
9182,408,7,search_topic,589,2026-01-24 02:10:00
9183,408,8,view_resource,572,2026-01-24 12:44:00
9184,408,9,search_topic,550,2026-01-26 07:46:00
9185,408,9,view_resource,340,2026-01-26 11:00:00
9186,408,10,complete_lesson,591,2026-01-28 01:09:00
9187,408,11,view_resource,306,2026-01-29 05:11:00
9188,408,12,search_topic,378,2026-01-30 12:23:00
9189,408,13,complete_lesson,367,2026-02-01 04:17:00
9190,409,1,view_resource,478,2026-01-08 16:39:00
9191,409,2,search_topic,191,2026-01-10 02:27:00
9192,409,3,complete_lesson,196,2026-01-11 21:29:00
9193,409,4,search_topic,351,2026-01-12 09:48:00
9194,409,5,view_resource,379,2026-01-13 21:18:00
9195,409,5,view_resource,566,2026-01-14 21:18:00
9196,409,5,search_topic,555,2026-01-15 22:37:00
9197,409,6,complete_lesson,509,2026-01-17 03:21:00
9198,409,7,complete_lesson,546,2026-01-18 23:41:00
9199,409,7,complete_lesson,185,2026-01-20 14:05:00
9200,409,8,view_resource,150,2026-01-21 10:39:00
9201,409,8,view_resource,238,2026-01-22 02:38:00
9202,409,8,search_topic,532,2026-01-23 22:48:00
9203,409,9,search_topic,437,2026-01-24 05:07:00
9204,409,10,complete_lesson,510,2026-01-25 02:10:00
9205,409,11,search_topic,65,2026-01-25 13:16:00
9206,409,11,search_topic,123,2026-01-27 06:13:00
9207,409,12,search_topic,599,2026-01-28 14:02:00
9208,409,13,search_topic,295,2026-01-29 16:12:00
9209,409,13,complete_lesson,389,2026-01-30 00:42:00
9210,409,14,search_topic,537,2026-01-30 05:38:00
9211,409,15,search_topic,545,2026-01-30 12:47:00
9212,409,15,view_resource,406,2026-01-31 04:18:00
9213,410,1,view_resource,583,2026-02-01 05:28:00
9214,410,2,search_topic,453,2026-02-02 14:49:00
9215,410,3,search_topic,176,2026-02-03 09:22:00
9216,410,4,search_topic,360,2026-02-04 16:05:00
9217,410,5,search_topic,459,2026-02-06 06:07:00
9218,410,6,search_topic,184,2026-02-06 14:01:00
9219,410,7,complete_lesson,458,2026-02-07 06:03:00
9220,410,8,complete_lesson,161,2026-02-07 14:40:00
9221,410,9,complete_lesson,584,2026-02-09 09:11:00
9222,410,9,search_topic,126,2026-02-11 00:24:00
9223,410,10,search_topic,181,2026-02-11 22:17:00
9224,410,11,view_resource,302,2026-02-13 04:43:00
9225,410,12,search_topic,374,2026-02-13 11:09:00
9226,410,13,search_topic,426,2026-02-15 09:45:00
9227,410,14,search_topic,68,2026-02-16 12:38:00
9228,410,15,search_topic,94,2026-02-16 17:15:00
9229,410,15,search_topic,218,2026-02-17 09:24:00
9230,410,15,view_resource,115,2026-02-18 04:19:00
9231,410,16,complete_lesson,211,2026-02-19 15:04:00
9232,410,16,view_resource,210,2026-02-21 09:10:00
9233,410,16,search_topic,185,2026-02-22 11:06:00
9234,410,17,view_resource,112,2026-02-24 10:16:00
9235,410,18,view_resource,141,2026-02-26 09:45:00
9236,410,19,search_topic,75,2026-02-26 19:32:00
9237,410,19,view_resource,537,2026-02-27 02:19:00
9238,410,19,search_topic,585,2026-02-28 16:13:00
9239,410,20,search_topic,270,2026-03-01 19:08:00
9240,411,1,view_resource,340,2026-01-14 12:40:00
9241,411,2,complete_lesson,494,2026-01-15 19:41:00
9242,411,3,view_resource,125,2026-01-16 12:32:00
9243,411,3,search_topic,183,2026-01-17 03:43:00
9244,411,4,search_topic,250,2026-01-18 07:50:00
9245,411,5,complete_lesson,427,2026-01-18 15:43:00
9246,411,6,view_resource,215,2026-01-19 21:37:00
9247,411,6,search_topic,300,2026-01-21 09:39:00
9248,411,7,complete_lesson,85,2026-01-22 04:12:00
9249,411,8,view_resource,568,2026-01-23 03:47:00
9250,411,9,complete_lesson,197,2026-01-25 02:34:00
9251,411,10,view_resource,268,2026-01-25 06:50:00
9252,411,11,view_resource,166,2026-01-26 21:06:00
9253,411,12,search_topic,64,2026-01-28 19:23:00
9254,411,13,complete_lesson,542,2026-01-29 07:33:00
9255,411,14,complete_lesson,259,2026-01-30 17:44:00
9256,411,14,view_resource,371,2026-02-01 00:16:00
9257,411,14,search_topic,90,2026-02-01 19:16:00
9258,411,15,complete_lesson,479,2026-02-02 04:32:00
9259,411,15,view_resource,216,2026-02-03 17:41:00
9260,411,16,search_topic,163,2026-02-04 21:30:00
9261,411,16,search_topic,261,2026-02-06 11:05:00
9262,411,16,complete_lesson,260,2026-02-08 08:47:00
9263,411,17,view_resource,415,2026-02-09 06:41:00
9264,412,1,complete_lesson,304,2026-01-19 07:03:00
9265,412,2,complete_lesson,468,2026-01-20 17:01:00
9266,412,3,search_topic,516,2026-01-21 00:01:00
9267,412,3,search_topic,582,2026-01-21 15:27:00
9268,412,3,complete_lesson,307,2026-01-23 12:00:00
9269,412,4,search_topic,423,2026-01-25 04:10:00
9270,412,5,search_topic,505,2026-01-26 09:05:00
9271,412,6,search_topic,353,2026-01-27 19:41:00
9272,412,6,complete_lesson,100,2026-01-29 17:11:00
9273,412,6,search_topic,220,2026-01-30 20:48:00
9274,412,7,search_topic,597,2026-01-31 20:04:00
9275,412,7,complete_lesson,285,2026-02-02 14:30:00
9276,412,7,view_resource,540,2026-02-03 09:19:00
9277,412,8,complete_lesson,138,2026-02-05 01:46:00
9278,412,9,view_resource,515,2026-02-05 11:38:00
9279,412,9,complete_lesson,214,2026-02-06 15:19:00
9280,412,9,complete_lesson,72,2026-02-07 03:14:00
9281,412,10,view_resource,502,2026-02-08 13:41:00
9282,412,10,complete_lesson,196,2026-02-09 07:23:00
9283,412,11,complete_lesson,514,2026-02-10 08:24:00
9284,412,11,view_resource,97,2026-02-12 06:28:00
9285,412,12,search_topic,318,2026-02-13 06:49:00
9286,412,13,complete_lesson,221,2026-02-15 02:08:00
9287,412,14,view_resource,292,2026-02-16 23:28:00
9288,412,15,search_topic,192,2026-02-17 13:35:00
9289,412,15,view_resource,542,2026-02-19 13:46:00
9290,412,16,complete_lesson,594,2026-02-21 13:13:00
9291,412,17,complete_lesson,326,2026-02-23 12:38:00
9292,412,17,complete_lesson,139,2026-02-24 09:42:00
9293,412,17,search_topic,329,2026-02-26 00:02:00
9294,412,18,search_topic,154,2026-02-27 09:14:00
9295,412,18,complete_lesson,284,2026-02-28 01:42:00
9296,412,18,search_topic,396,2026-02-28 19:47:00
9297,413,1,complete_lesson,310,2026-01-24 18:15:00
9298,413,2,search_topic,593,2026-01-25 13:19:00
9299,413,3,view_resource,407,2026-01-25 20:14:00
9300,413,3,search_topic,72,2026-01-27 08:30:00
9301,413,3,complete_lesson,559,2026-01-29 03:33:00
9302,413,4,complete_lesson,305,2026-01-29 18:25:00
9303,413,5,search_topic,105,2026-01-31 04:33:00
9304,413,5,view_resource,204,2026-02-02 02:11:00
9305,413,5,complete_lesson,279,2026-02-03 00:38:00
9306,413,6,view_resource,320,2026-02-04 18:01:00
9307,413,7,complete_lesson,500,2026-02-05 13:50:00
9308,413,8,complete_lesson,81,2026-02-05 23:00:00
9309,413,8,search_topic,518,2026-02-07 00:37:00
9310,413,8,view_resource,559,2026-02-07 10:03:00
9311,413,9,search_topic,349,2026-02-08 01:46:00
9312,413,10,view_resource,579,2026-02-08 14:18:00
9313,413,11,view_resource,543,2026-02-08 22:50:00
9314,413,11,search_topic,389,2026-02-10 17:19:00
9315,413,11,complete_lesson,408,2026-02-11 07:03:00
9316,413,12,complete_lesson,580,2026-02-12 09:08:00
9317,413,12,complete_lesson,264,2026-02-12 17:04:00
9318,414,1,view_resource,277,2026-01-19 21:48:00
9319,414,2,view_resource,336,2026-01-20 04:28:00
9320,414,3,complete_lesson,232,2026-01-20 22:26:00
9321,414,4,search_topic,290,2026-01-22 20:11:00
9322,414,5,search_topic,90,2026-01-24 12:09:00
9323,414,6,complete_lesson,300,2026-01-24 22:20:00
9324,414,7,search_topic,492,2026-01-25 10:43:00
9325,414,7,view_resource,254,2026-01-26 19:29:00
9326,414,7,view_resource,89,2026-01-28 08:01:00
9327,414,8,search_topic,276,2026-01-29 08:27:00
9328,414,9,search_topic,406,2026-01-30 00:20:00
9329,414,9,complete_lesson,363,2026-01-31 19:49:00
9330,414,9,complete_lesson,370,2026-02-01 02:36:00
9331,414,10,view_resource,73,2026-02-02 13:07:00
9332,415,1,view_resource,69,2026-01-19 05:39:00
9333,415,2,complete_lesson,226,2026-01-20 12:38:00
9334,415,3,complete_lesson,536,2026-01-20 17:50:00
9335,415,4,view_resource,265,2026-01-22 05:25:00
9336,415,4,search_topic,302,2026-01-23 15:41:00
9337,415,5,search_topic,513,2026-01-24 15:30:00
9338,415,5,view_resource,452,2026-01-25 04:12:00
9339,415,5,view_resource,161,2026-01-26 03:49:00
9340,415,6,search_topic,409,2026-01-26 15:17:00
9341,415,7,complete_lesson,593,2026-01-28 12:02:00
9342,415,8,complete_lesson,256,2026-01-30 06:34:00
9343,415,9,view_resource,471,2026-01-31 02:18:00
9344,415,10,complete_lesson,344,2026-02-01 04:22:00
9345,415,11,search_topic,587,2026-02-03 01:43:00
9346,415,12,search_topic,487,2026-02-04 08:15:00
9347,415,13,search_topic,184,2026-02-05 01:06:00
9348,415,14,search_topic,400,2026-02-06 00:32:00
9349,415,14,search_topic,572,2026-02-06 22:29:00
9350,415,14,view_resource,269,2026-02-07 02:49:00
9351,415,15,view_resource,477,2026-02-07 07:49:00
9352,415,16,complete_lesson,297,2026-02-07 21:15:00
9353,416,1,view_resource,557,2026-01-07 04:24:00
9354,416,2,view_resource,411,2026-01-08 06:01:00
9355,416,3,complete_lesson,393,2026-01-08 20:22:00
9356,416,3,search_topic,294,2026-01-09 22:27:00
9357,416,3,complete_lesson,133,2026-01-10 03:38:00
9358,416,4,view_resource,190,2026-01-11 23:14:00
9359,416,4,view_resource,250,2026-01-13 10:02:00
9360,416,5,search_topic,68,2026-01-13 23:08:00
9361,416,6,view_resource,245,2026-01-15 13:07:00
9362,416,7,view_resource,91,2026-01-17 09:02:00
9363,416,8,search_topic,567,2026-01-17 14:20:00
9364,416,9,search_topic,555,2026-01-18 02:20:00
9365,416,10,search_topic,542,2026-01-18 13:40:00
9366,416,11,complete_lesson,288,2026-01-20 11:25:00
9367,416,12,view_resource,114,2026-01-21 09:02:00
9368,417,1,view_resource,166,2026-01-13 08:20:00
9369,417,2,complete_lesson,69,2026-01-14 16:49:00
9370,417,3,view_resource,447,2026-01-15 08:32:00
9371,417,4,view_resource,309,2026-01-17 02:15:00
9372,417,5,complete_lesson,324,2026-01-19 00:13:00
9373,417,6,search_topic,561,2026-01-20 00:41:00
9374,417,7,view_resource,417,2026-01-21 18:28:00
9375,417,8,view_resource,147,2026-01-22 16:06:00
9376,417,8,complete_lesson,357,2026-01-24 03:12:00
9377,417,9,search_topic,438,2026-01-25 13:38:00
9378,417,10,complete_lesson,470,2026-01-26 02:41:00
9379,417,11,complete_lesson,308,2026-01-28 02:43:00
9380,417,12,view_resource,593,2026-01-29 03:23:00
9381,417,12,complete_lesson,278,2026-01-29 16:13:00
9382,417,12,complete_lesson,250,2026-01-30 12:42:00
9383,417,13,search_topic,220,2026-01-31 04:24:00
9384,417,13,complete_lesson,275,2026-01-31 22:50:00
9385,417,13,complete_lesson,375,2026-02-01 18:29:00
9386,417,14,view_resource,524,2026-02-03 13:19:00
9387,417,14,complete_lesson,504,2026-02-04 03:25:00
9388,417,14,view_resource,377,2026-02-05 17:29:00
9389,417,15,search_topic,82,2026-02-06 04:24:00
9390,417,15,complete_lesson,370,2026-02-07 06:20:00
9391,417,16,view_resource,215,2026-02-08 12:50:00
9392,417,17,complete_lesson,417,2026-02-09 23:17:00
9393,417,18,complete_lesson,449,2026-02-10 21:03:00
9394,418,1,complete_lesson,182,2026-01-09 22:39:00
9395,418,2,complete_lesson,568,2026-01-10 18:01:00
9396,418,3,view_resource,465,2026-01-11 14:00:00
9397,418,3,view_resource,187,2026-01-13 11:45:00
9398,418,3,view_resource,204,2026-01-14 13:21:00
9399,418,4,search_topic,71,2026-01-15 05:01:00
9400,418,5,view_resource,302,2026-01-16 15:13:00
9401,418,6,view_resource,454,2026-01-18 00:38:00
9402,418,7,view_resource,257,2026-01-18 09:06:00
9403,418,7,complete_lesson,143,2026-01-20 03:31:00
9404,418,8,complete_lesson,565,2026-01-20 11:19:00
9405,418,9,search_topic,377,2026-01-22 10:21:00
9406,418,10,search_topic,549,2026-01-23 11:01:00
9407,418,11,complete_lesson,204,2026-01-25 00:45:00
9408,418,12,complete_lesson,163,2026-01-26 07:11:00
9409,418,12,complete_lesson,421,2026-01-27 21:38:00
9410,418,13,search_topic,368,2026-01-28 14:22:00
9411,418,14,search_topic,436,2026-01-28 20:35:00
9412,418,15,complete_lesson,438,2026-01-29 17:20:00
9413,418,16,view_resource,261,2026-01-29 21:29:00
9414,418,16,view_resource,524,2026-01-30 11:28:00
9415,418,16,complete_lesson,117,2026-01-31 12:50:00
9416,418,17,view_resource,591,2026-01-31 18:49:00
9417,418,17,view_resource,183,2026-02-02 09:25:00
9418,418,18,view_resource,440,2026-02-02 18:38:00
9419,418,19,complete_lesson,478,2026-02-04 09:48:00
9420,418,19,search_topic,355,2026-02-05 21:45:00
9421,419,1,search_topic,327,2026-01-26 13:34:00
9422,419,2,view_resource,314,2026-01-26 18:40:00
9423,419,3,complete_lesson,412,2026-01-28 08:38:00
9424,419,4,view_resource,415,2026-01-29 08:45:00
9425,419,5,view_resource,534,2026-01-30 03:17:00
9426,419,5,complete_lesson,482,2026-01-31 07:18:00
9427,419,6,search_topic,431,2026-02-02 07:26:00
9428,419,6,search_topic,390,2026-02-03 21:03:00
9429,419,7,complete_lesson,283,2026-02-05 04:06:00
9430,419,7,search_topic,447,2026-02-07 00:03:00
9431,419,8,view_resource,577,2026-02-07 07:32:00
9432,419,9,view_resource,220,2026-02-08 11:41:00
9433,419,10,complete_lesson,547,2026-02-10 01:01:00
9434,419,11,view_resource,518,2026-02-11 15:35:00
9435,419,12,view_resource,506,2026-02-12 06:05:00
9436,419,12,complete_lesson,64,2026-02-14 06:11:00
9437,419,12,search_topic,231,2026-02-14 15:25:00
9438,419,13,complete_lesson,507,2026-02-16 05:06:00
9439,419,14,search_topic,258,2026-02-17 00:23:00
9440,419,14,search_topic,408,2026-02-18 11:07:00
9441,419,14,view_resource,548,2026-02-19 07:37:00
9442,419,15,view_resource,463,2026-02-19 20:35:00
9443,419,16,view_resource,191,2026-02-21 19:08:00
9444,419,16,view_resource,403,2026-02-23 03:16:00
9445,419,16,search_topic,249,2026-02-24 08:35:00
9446,420,1,search_topic,494,2026-01-18 11:26:00
9447,420,1,complete_lesson,343,2026-01-19 05:42:00
9448,420,2,view_resource,238,2026-01-19 22:41:00
9449,420,3,view_resource,479,2026-01-20 13:49:00
9450,420,4,search_topic,311,2026-01-21 05:06:00
9451,420,4,search_topic,282,2026-01-22 00:38:00
9452,420,4,complete_lesson,346,2026-01-23 15:08:00
9453,420,5,search_topic,404,2026-01-24 17:40:00
9454,420,5,search_topic,509,2026-01-25 12:41:00
9455,420,6,view_resource,521,2026-01-26 06:05:00
9456,420,7,complete_lesson,460,2026-01-26 11:31:00
9457,420,8,view_resource,403,2026-01-26 20:15:00
9458,420,8,search_topic,196,2026-01-27 14:08:00
9459,420,8,view_resource,180,2026-01-28 21:39:00
9460,420,9,view_resource,456,2026-01-29 20:31:00
9461,420,10,complete_lesson,129,2026-01-31 19:09:00
9462,420,11,search_topic,88,2026-02-02 01:26:00
9463,420,12,complete_lesson,202,2026-02-04 00:24:00
9464,420,13,search_topic,510,2026-02-04 06:19:00
9465,420,14,search_topic,557,2026-02-04 22:05:00
9466,420,14,search_topic,366,2026-02-05 05:09:00
9467,420,14,view_resource,582,2026-02-05 17:11:00
9468,420,15,view_resource,570,2026-02-07 11:14:00
9469,420,15,search_topic,368,2026-02-09 04:42:00
9470,420,16,complete_lesson,289,2026-02-10 10:28:00
9471,420,16,complete_lesson,421,2026-02-11 00:39:00
9472,421,1,view_resource,259,2026-01-13 02:25:00
9473,421,2,search_topic,400,2026-01-14 09:44:00
9474,421,2,search_topic,409,2026-01-14 13:50:00
9475,421,2,search_topic,540,2026-01-14 19:40:00
9476,421,3,complete_lesson,193,2026-01-16 03:50:00
9477,421,4,complete_lesson,221,2026-01-17 04:35:00
9478,421,5,complete_lesson,158,2026-01-18 13:11:00
9479,421,5,complete_lesson,376,2026-01-20 06:23:00
9480,421,6,complete_lesson,447,2026-01-21 20:37:00
9481,421,7,search_topic,583,2026-01-23 01:13:00
9482,421,8,complete_lesson,167,2026-01-24 11:06:00
9483,421,8,search_topic,424,2026-01-25 22:42:00
9484,421,8,search_topic,70,2026-01-27 11:07:00
9485,421,9,search_topic,99,2026-01-28 04:08:00
9486,421,10,search_topic,589,2026-01-28 08:11:00
9487,421,11,search_topic,237,2026-01-30 08:30:00
9488,421,11,view_resource,514,2026-01-31 03:08:00
9489,421,11,complete_lesson,132,2026-02-01 15:26:00
9490,421,12,search_topic,592,2026-02-03 00:07:00
9491,421,13,complete_lesson,580,2026-02-04 21:20:00
9492,421,14,search_topic,354,2026-02-05 16:31:00
9493,421,15,complete_lesson,369,2026-02-07 01:12:00
9494,421,16,complete_lesson,70,2026-02-07 09:32:00
9495,421,16,complete_lesson,132,2026-02-09 04:27:00
9496,421,17,search_topic,283,2026-02-10 00:46:00
9497,421,18,complete_lesson,100,2026-02-11 23:31:00
9498,421,19,view_resource,558,2026-02-13 02:42:00
9499,421,20,complete_lesson,358,2026-02-14 14:03:00
9500,421,20,view_resource,112,2026-02-14 21:29:00
9501,422,1,view_resource,553,2026-01-02 09:00:00
9502,422,1,search_topic,137,2026-01-02 21:43:00
9503,422,2,view_resource,336,2026-01-03 19:17:00
9504,422,2,search_topic,389,2026-01-04 14:19:00
9505,422,3,search_topic,263,2026-01-05 08:36:00
9506,422,4,complete_lesson,174,2026-01-06 01:25:00
9507,422,5,search_topic,199,2026-01-07 03:02:00
9508,422,5,search_topic,527,2026-01-08 21:24:00
9509,422,6,search_topic,134,2026-01-10 07:38:00
9510,422,6,view_resource,493,2026-01-10 16:19:00
9511,422,7,complete_lesson,211,2026-01-11 09:11:00
9512,422,8,complete_lesson,198,2026-01-12 06:31:00
9513,422,9,complete_lesson,380,2026-01-14 00:46:00
9514,422,9,view_resource,267,2026-01-14 10:05:00
9515,422,10,complete_lesson,564,2026-01-14 15:43:00
9516,422,10,search_topic,529,2026-01-15 18:19:00
9517,422,11,search_topic,432,2026-01-16 14:06:00
9518,422,12,complete_lesson,524,2026-01-16 20:31:00
9519,422,13,view_resource,393,2026-01-17 09:35:00
9520,422,14,complete_lesson,475,2026-01-19 03:13:00
9521,423,1,view_resource,582,2026-01-30 06:23:00
9522,423,2,view_resource,539,2026-01-31 13:34:00
9523,423,3,view_resource,517,2026-02-02 08:05:00
9524,423,4,complete_lesson,112,2026-02-02 12:47:00
9525,423,4,search_topic,556,2026-02-03 18:35:00
9526,423,4,complete_lesson,192,2026-02-03 22:49:00
9527,423,5,complete_lesson,109,2026-02-04 17:01:00
9528,423,5,search_topic,224,2026-02-06 10:22:00
9529,423,5,search_topic,240,2026-02-06 19:02:00
9530,423,6,search_topic,526,2026-02-07 06:39:00
9531,423,7,search_topic,135,2026-02-08 14:24:00
9532,423,8,search_topic,153,2026-02-08 18:42:00
9533,423,9,complete_lesson,232,2026-02-09 05:07:00
9534,423,10,search_topic,541,2026-02-11 02:40:00
9535,423,11,complete_lesson,118,2026-02-11 11:04:00
9536,423,12,complete_lesson,511,2026-02-13 07:47:00
9537,423,12,search_topic,537,2026-02-14 10:29:00
9538,423,12,search_topic,281,2026-02-15 02:39:00
9539,423,13,search_topic,300,2026-02-16 06:41:00
9540,424,1,view_resource,251,2026-02-02 09:41:00
9541,424,2,complete_lesson,551,2026-02-04 01:21:00
9542,424,3,search_topic,297,2026-02-04 20:28:00
9543,424,3,complete_lesson,93,2026-02-06 08:07:00
9544,424,3,search_topic,156,2026-02-07 22:37:00
9545,424,4,search_topic,161,2026-02-08 16:11:00
9546,424,5,search_topic,593,2026-02-09 21:03:00
9547,424,5,complete_lesson,312,2026-02-10 16:17:00
9548,424,5,view_resource,582,2026-02-12 05:40:00
9549,424,6,complete_lesson,557,2026-02-14 01:35:00
9550,424,6,view_resource,577,2026-02-14 07:30:00
9551,424,6,search_topic,203,2026-02-14 14:37:00
9552,424,7,complete_lesson,296,2026-02-14 21:26:00
9553,424,8,complete_lesson,444,2026-02-15 02:46:00
9554,424,9,search_topic,484,2026-02-15 17:07:00
9555,424,10,search_topic,322,2026-02-17 10:14:00
9556,424,11,search_topic,399,2026-02-19 09:06:00
9557,425,1,view_resource,391,2026-01-31 14:10:00
9558,425,2,view_resource,480,2026-02-02 12:46:00
9559,425,3,complete_lesson,296,2026-02-02 23:30:00
9560,425,4,view_resource,479,2026-02-03 17:30:00
9561,425,5,search_topic,406,2026-02-04 09:15:00
9562,425,6,complete_lesson,67,2026-02-05 00:03:00
9563,425,7,complete_lesson,327,2026-02-06 05:10:00
9564,425,8,search_topic,543,2026-02-07 08:39:00
9565,425,9,view_resource,349,2026-02-07 20:03:00
9566,425,10,search_topic,510,2026-02-09 10:38:00
9567,425,11,search_topic,453,2026-02-11 08:22:00
9568,425,12,search_topic,367,2026-02-11 12:21:00
9569,425,13,complete_lesson,255,2026-02-12 16:28:00
9570,425,13,view_resource,209,2026-02-14 08:33:00
9571,425,14,complete_lesson,427,2026-02-15 23:06:00
9572,425,15,complete_lesson,524,2026-02-17 01:43:00
9573,425,16,view_resource,357,2026-02-18 21:10:00
9574,425,17,complete_lesson,595,2026-02-19 04:39:00
9575,425,18,complete_lesson,382,2026-02-19 10:47:00
9576,425,18,complete_lesson,208,2026-02-20 19:40:00
9577,425,18,complete_lesson,565,2026-02-21 03:22:00
9578,426,1,search_topic,128,2026-01-30 16:25:00
9579,426,2,complete_lesson,307,2026-01-31 13:37:00
9580,426,3,complete_lesson,505,2026-02-02 06:27:00
9581,426,4,search_topic,576,2026-02-03 21:00:00
9582,426,5,search_topic,302,2026-02-04 20:18:00
9583,426,5,complete_lesson,119,2026-02-05 02:00:00
9584,426,5,complete_lesson,533,2026-02-06 20:07:00
9585,426,6,complete_lesson,113,2026-02-07 17:34:00
9586,426,6,view_resource,287,2026-02-09 15:23:00
9587,426,7,view_resource,518,2026-02-11 04:12:00
9588,426,8,view_resource,103,2026-02-11 12:14:00
9589,426,9,search_topic,501,2026-02-12 19:27:00
9590,426,9,complete_lesson,85,2026-02-13 12:35:00
9591,426,9,complete_lesson,368,2026-02-15 07:11:00
9592,426,10,complete_lesson,386,2026-02-16 01:50:00
9593,426,11,view_resource,165,2026-02-17 21:32:00
9594,426,12,search_topic,588,2026-02-18 08:15:00
9595,426,12,view_resource,233,2026-02-18 23:32:00
9596,426,13,complete_lesson,334,2026-02-20 03:28:00
9597,426,14,search_topic,147,2026-02-20 22:14:00
9598,426,14,complete_lesson,593,2026-02-21 10:40:00
9599,426,15,view_resource,234,2026-02-22 09:21:00
9600,426,16,complete_lesson,423,2026-02-24 02:11:00
9601,426,17,search_topic,133,2026-02-24 21:12:00
9602,426,18,complete_lesson,114,2026-02-26 12:17:00
9603,427,1,complete_lesson,129,2026-01-07 16:37:00
9604,427,2,complete_lesson,306,2026-01-08 02:06:00
9605,427,3,search_topic,535,2026-01-09 03:42:00
9606,427,4,search_topic,518,2026-01-09 19:10:00
9607,427,5,search_topic,211,2026-01-11 17:11:00
9608,427,6,search_topic,450,2026-01-12 08:16:00
9609,427,7,view_resource,471,2026-01-13 12:28:00
9610,427,8,view_resource,391,2026-01-13 21:27:00
9611,427,9,search_topic,112,2026-01-15 11:24:00
9612,427,10,complete_lesson,551,2026-01-16 18:08:00
9613,427,11,search_topic,339,2026-01-17 10:04:00
9614,428,1,search_topic,299,2026-01-26 06:19:00
9615,428,2,view_resource,571,2026-01-27 13:08:00
9616,428,3,view_resource,66,2026-01-27 21:06:00
9617,428,4,view_resource,91,2026-01-29 04:33:00
9618,428,5,view_resource,80,2026-01-29 20:11:00
9619,428,5,view_resource,556,2026-01-30 13:47:00
9620,428,6,search_topic,433,2026-02-01 11:50:00
9621,428,7,view_resource,118,2026-02-03 01:09:00
9622,428,8,search_topic,331,2026-02-03 14:38:00
9623,428,8,search_topic,275,2026-02-05 11:39:00
9624,428,9,view_resource,204,2026-02-06 02:29:00
9625,428,10,search_topic,134,2026-02-06 21:35:00
9626,428,11,search_topic,555,2026-02-08 14:09:00
9627,428,11,view_resource,72,2026-02-09 10:12:00
9628,428,11,view_resource,515,2026-02-11 06:10:00
9629,428,12,complete_lesson,600,2026-02-12 21:31:00
9630,428,13,search_topic,531,2026-02-14 18:18:00
9631,429,1,view_resource,263,2026-01-21 07:38:00
9632,429,1,view_resource,552,2026-01-22 12:05:00
9633,429,1,view_resource,285,2026-01-23 12:35:00
9634,429,2,search_topic,550,2026-01-23 23:15:00
9635,429,3,view_resource,482,2026-01-25 22:40:00
9636,429,3,view_resource,333,2026-01-27 00:08:00
9637,429,4,view_resource,471,2026-01-27 14:11:00
9638,429,5,view_resource,248,2026-01-28 02:12:00
9639,429,5,search_topic,560,2026-01-29 01:29:00
9640,429,6,search_topic,330,2026-01-29 16:50:00
9641,429,7,search_topic,426,2026-01-30 18:10:00
9642,429,7,search_topic,596,2026-01-31 22:08:00
9643,429,8,view_resource,358,2026-02-01 04:31:00
9644,429,9,view_resource,155,2026-02-02 18:01:00
9645,429,10,view_resource,398,2026-02-04 15:26:00
9646,430,1,search_topic,562,2026-01-20 22:09:00
9647,430,2,search_topic,236,2026-01-22 06:30:00
9648,430,3,complete_lesson,225,2026-01-22 15:36:00
9649,430,4,view_resource,565,2026-01-23 10:35:00
9650,430,4,search_topic,489,2026-01-23 14:42:00
9651,430,5,complete_lesson,451,2026-01-23 18:02:00
9652,430,6,complete_lesson,557,2026-01-25 03:01:00
9653,430,7,view_resource,296,2026-01-26 20:19:00
9654,430,8,view_resource,364,2026-01-27 19:49:00
9655,430,9,search_topic,436,2026-01-29 05:35:00
9656,430,10,complete_lesson,251,2026-01-30 14:16:00
9657,430,11,search_topic,435,2026-02-01 04:24:00
9658,430,12,view_resource,130,2026-02-01 19:41:00
9659,431,1,search_topic,428,2026-01-09 20:05:00
9660,431,2,view_resource,252,2026-01-11 01:42:00
9661,431,3,view_resource,589,2026-01-11 05:33:00
9662,431,4,search_topic,130,2026-01-12 08:24:00
9663,431,5,complete_lesson,268,2026-01-13 23:07:00
9664,431,5,search_topic,354,2026-01-15 03:23:00
9665,431,6,complete_lesson,521,2026-01-16 06:42:00
9666,431,6,view_resource,551,2026-01-17 00:42:00
9667,431,7,view_resource,538,2026-01-17 22:48:00
9668,431,7,complete_lesson,446,2026-01-19 00:44:00
9669,431,7,view_resource,489,2026-01-20 08:05:00
9670,431,8,complete_lesson,374,2026-01-22 07:50:00
9671,431,8,complete_lesson,90,2026-01-24 01:41:00
9672,431,9,complete_lesson,126,2026-01-25 21:44:00
9673,431,10,complete_lesson,580,2026-01-26 10:25:00
9674,432,1,view_resource,351,2026-01-22 06:17:00
9675,432,2,view_resource,129,2026-01-24 05:39:00
9676,432,3,search_topic,144,2026-01-25 11:35:00
9677,432,3,complete_lesson,222,2026-01-27 02:03:00
9678,432,3,view_resource,481,2026-01-28 21:23:00
9679,432,4,complete_lesson,525,2026-01-30 19:24:00
9680,432,5,complete_lesson,417,2026-02-01 10:29:00
9681,432,5,view_resource,594,2026-02-03 03:11:00
9682,432,5,search_topic,176,2026-02-04 13:17:00
9683,432,6,search_topic,526,2026-02-05 20:34:00
9684,432,7,view_resource,228,2026-02-07 02:26:00
9685,432,8,search_topic,287,2026-02-08 08:25:00
9686,432,9,view_resource,218,2026-02-08 14:05:00
9687,432,10,search_topic,345,2026-02-09 14:45:00
9688,432,10,complete_lesson,411,2026-02-11 11:12:00
9689,432,10,view_resource,352,2026-02-11 21:08:00
9690,432,11,complete_lesson,321,2026-02-12 06:01:00
9691,432,12,view_resource,117,2026-02-12 23:17:00
9692,432,12,search_topic,189,2026-02-14 03:48:00
9693,432,13,complete_lesson,200,2026-02-16 03:05:00
9694,432,14,view_resource,513,2026-02-17 01:47:00
9695,432,14,search_topic,136,2026-02-18 07:33:00
9696,432,14,view_resource,297,2026-02-20 01:25:00
9697,432,15,view_resource,379,2026-02-21 22:39:00
9698,432,16,search_topic,215,2026-02-23 07:02:00
9699,432,17,complete_lesson,226,2026-02-25 06:32:00
9700,432,18,view_resource,552,2026-02-25 11:40:00
9701,432,18,view_resource,220,2026-02-25 17:22:00
9702,432,18,view_resource,153,2026-02-25 23:28:00
9703,432,19,search_topic,486,2026-02-27 18:04:00
9704,432,19,complete_lesson,152,2026-02-28 09:27:00
9705,432,19,complete_lesson,339,2026-03-01 15:08:00
9706,432,20,search_topic,456,2026-03-01 20:50:00
9707,432,20,complete_lesson,293,2026-03-03 02:26:00
9708,432,20,complete_lesson,234,2026-03-04 22:15:00
9709,433,1,view_resource,266,2026-01-28 09:05:00
9710,433,2,view_resource,180,2026-01-29 07:45:00
9711,433,3,complete_lesson,377,2026-01-29 14:20:00
9712,433,3,search_topic,80,2026-01-31 03:33:00
9713,433,4,view_resource,291,2026-01-31 12:20:00
9714,433,4,search_topic,402,2026-02-02 05:05:00
9715,433,4,complete_lesson,113,2026-02-02 09:01:00
9716,433,5,search_topic,387,2026-02-02 13:20:00
9717,433,6,search_topic,217,2026-02-02 22:25:00
9718,433,6,search_topic,484,2026-02-03 03:37:00
9719,433,6,search_topic,575,2026-02-04 05:08:00
9720,433,7,search_topic,192,2026-02-05 04:30:00
9721,433,8,view_resource,461,2026-02-05 23:36:00
9722,433,9,view_resource,567,2026-02-06 06:20:00
9723,433,10,search_topic,148,2026-02-06 12:47:00
9724,433,11,complete_lesson,88,2026-02-07 12:21:00
9725,434,1,complete_lesson,175,2026-01-23 21:08:00
9726,434,2,view_resource,169,2026-01-24 16:47:00
9727,434,3,search_topic,598,2026-01-26 11:12:00
9728,434,4,search_topic,346,2026-01-26 16:21:00
9729,434,5,complete_lesson,460,2026-01-28 13:12:00
9730,434,6,view_resource,592,2026-01-28 17:04:00
9731,434,7,view_resource,305,2026-01-29 10:27:00
9732,434,8,view_resource,401,2026-01-30 21:11:00
9733,434,9,search_topic,514,2026-01-31 05:41:00
9734,434,10,search_topic,536,2026-02-01 13:16:00
9735,434,11,search_topic,320,2026-02-02 00:18:00
9736,435,1,view_resource,402,2026-01-14 05:23:00
9737,435,2,search_topic,308,2026-01-15 09:25:00
9738,435,3,search_topic,566,2026-01-16 16:28:00
9739,435,4,search_topic,62,2026-01-17 15:45:00
9740,435,5,complete_lesson,275,2026-01-18 17:27:00
9741,435,6,complete_lesson,248,2026-01-20 07:29:00
9742,435,7,search_topic,368,2026-01-20 15:37:00
9743,435,8,search_topic,262,2026-01-21 19:39:00
9744,435,8,view_resource,453,2026-01-22 21:12:00
9745,435,9,search_topic,476,2026-01-24 18:02:00
9746,435,10,search_topic,248,2026-01-26 17:30:00
9747,435,11,search_topic,67,2026-01-27 13:46:00
9748,435,12,search_topic,581,2026-01-29 05:45:00
9749,436,1,complete_lesson,568,2026-01-31 14:05:00
9750,436,2,view_resource,221,2026-02-01 05:41:00
9751,436,3,search_topic,573,2026-02-01 18:40:00
9752,436,3,search_topic,450,2026-02-02 04:15:00
9753,436,4,view_resource,404,2026-02-04 03:12:00
9754,436,5,view_resource,371,2026-02-05 23:32:00
9755,436,6,view_resource,78,2026-02-06 19:39:00
9756,436,7,complete_lesson,514,2026-02-08 08:37:00
9757,436,7,complete_lesson,232,2026-02-10 02:10:00
9758,436,7,view_resource,198,2026-02-11 07:08:00
9759,436,8,search_topic,303,2026-02-13 00:01:00
9760,436,8,complete_lesson,386,2026-02-14 00:24:00
9761,436,9,view_resource,505,2026-02-14 14:06:00
9762,436,10,complete_lesson,285,2026-02-16 08:47:00
9763,436,10,complete_lesson,554,2026-02-16 18:38:00
9764,436,10,view_resource,185,2026-02-18 03:16:00
9765,436,11,search_topic,350,2026-02-18 08:32:00
9766,436,11,view_resource,410,2026-02-18 15:30:00
9767,436,11,complete_lesson,263,2026-02-20 04:43:00
9768,436,12,view_resource,523,2026-02-20 18:02:00
9769,436,13,search_topic,298,2026-02-21 17:38:00
9770,436,13,view_resource,158,2026-02-23 16:24:00
9771,436,14,view_resource,294,2026-02-25 14:38:00
9772,436,14,complete_lesson,577,2026-02-27 01:30:00
9773,436,15,complete_lesson,326,2026-02-27 09:16:00
9774,436,15,view_resource,237,2026-02-27 19:40:00
9775,436,15,view_resource,421,2026-02-28 00:40:00
9776,436,16,search_topic,582,2026-03-01 18:05:00
9777,436,17,complete_lesson,247,2026-03-03 03:42:00
9778,436,17,view_resource,522,2026-03-04 03:19:00
9779,436,18,search_topic,242,2026-03-05 17:38:00
9780,436,18,view_resource,375,2026-03-07 09:09:00
9781,437,1,complete_lesson,564,2026-01-16 04:11:00
9782,437,1,view_resource,312,2026-01-17 08:46:00
9783,437,1,search_topic,575,2026-01-17 18:40:00
9784,437,2,view_resource,502,2026-01-19 12:41:00
9785,437,3,complete_lesson,144,2026-01-20 09:37:00
9786,437,4,search_topic,546,2026-01-20 14:17:00
9787,437,5,search_topic,526,2026-01-20 20:10:00
9788,437,6,search_topic,163,2026-01-22 14:07:00
9789,437,7,view_resource,480,2026-01-23 14:42:00
9790,437,8,search_topic,464,2026-01-25 01:47:00
9791,437,8,search_topic,254,2026-01-26 09:38:00
9792,437,8,view_resource,211,2026-01-28 05:47:00
9793,437,9,search_topic,349,2026-01-28 18:29:00
9794,437,10,complete_lesson,517,2026-01-29 11:30:00
9795,437,11,view_resource,274,2026-01-30 05:15:00
9796,437,12,view_resource,191,2026-01-30 20:27:00
9797,437,13,search_topic,461,2026-01-31 15:39:00
9798,437,14,search_topic,570,2026-02-02 13:02:00
9799,437,15,view_resource,424,2026-02-03 06:28:00
9800,437,16,search_topic,425,2026-02-03 17:02:00
9801,437,17,complete_lesson,390,2026-02-04 04:34:00
9802,437,17,search_topic,568,2026-02-05 20:17:00
9803,438,1,complete_lesson,497,2026-01-20 06:25:00
9804,438,1,search_topic,514,2026-01-20 14:47:00
9805,438,2,complete_lesson,153,2026-01-22 05:15:00
9806,438,2,view_resource,177,2026-01-22 11:27:00
9807,438,2,complete_lesson,250,2026-01-23 14:43:00
9808,438,3,complete_lesson,346,2026-01-25 09:31:00
9809,438,3,complete_lesson,390,2026-01-26 11:31:00
9810,438,4,complete_lesson,306,2026-01-28 03:11:00
9811,438,4,complete_lesson,180,2026-01-29 17:31:00
9812,438,4,view_resource,569,2026-01-30 05:03:00
9813,438,5,complete_lesson,278,2026-01-30 09:24:00
9814,438,6,view_resource,171,2026-01-31 00:02:00
9815,438,7,complete_lesson,284,2026-02-01 11:18:00
9816,438,8,view_resource,86,2026-02-03 11:35:00
9817,438,9,view_resource,298,2026-02-04 08:44:00
9818,438,10,complete_lesson,211,2026-02-04 14:04:00
9819,438,10,view_resource,429,2026-02-04 21:07:00
9820,438,10,search_topic,239,2026-02-06 03:35:00
9821,438,11,view_resource,445,2026-02-06 15:46:00
9822,438,11,search_topic,280,2026-02-08 03:17:00
9823,438,11,complete_lesson,221,2026-02-09 11:25:00
9824,438,12,complete_lesson,134,2026-02-10 13:29:00
9825,439,1,view_resource,133,2026-01-10 12:06:00
9826,439,2,view_resource,146,2026-01-12 00:21:00
9827,439,3,complete_lesson,534,2026-01-13 16:09:00
9828,439,4,complete_lesson,508,2026-01-15 09:25:00
9829,439,5,complete_lesson,324,2026-01-16 17:31:00
9830,439,5,complete_lesson,352,2026-01-17 03:37:00
9831,439,5,search_topic,600,2026-01-18 13:39:00
9832,439,6,view_resource,577,2026-01-19 02:50:00
9833,439,7,search_topic,341,2026-01-21 01:30:00
9834,439,7,complete_lesson,329,2026-01-22 09:48:00
9835,439,7,complete_lesson,145,2026-01-23 17:38:00
9836,439,8,search_topic,328,2026-01-24 20:28:00
9837,439,8,view_resource,128,2026-01-26 03:10:00
9838,439,8,view_resource,492,2026-01-26 18:30:00
9839,439,9,view_resource,259,2026-01-28 10:22:00
9840,439,10,view_resource,248,2026-01-28 18:41:00
9841,439,11,search_topic,146,2026-01-30 09:45:00
9842,439,12,view_resource,182,2026-02-01 09:15:00
9843,439,12,search_topic,282,2026-02-02 10:40:00
9844,439,13,search_topic,513,2026-02-03 02:43:00
9845,439,14,view_resource,471,2026-02-03 23:41:00
9846,439,15,view_resource,535,2026-02-04 20:38:00
9847,439,15,complete_lesson,198,2026-02-05 07:13:00
9848,439,15,search_topic,319,2026-02-06 17:09:00
9849,439,16,complete_lesson,420,2026-02-07 04:07:00
9850,439,16,search_topic,212,2026-02-08 18:22:00
9851,439,17,view_resource,182,2026-02-10 13:25:00
9852,439,17,view_resource,168,2026-02-11 00:44:00
9853,439,17,search_topic,568,2026-02-12 11:16:00
9854,439,18,complete_lesson,198,2026-02-13 05:43:00
9855,439,18,view_resource,571,2026-02-15 04:35:00
9856,439,19,view_resource,493,2026-02-17 00:42:00
9857,439,20,view_resource,465,2026-02-17 07:08:00
9858,440,1,view_resource,474,2026-01-14 19:33:00
9859,440,2,search_topic,353,2026-01-16 18:00:00
9860,440,3,complete_lesson,579,2026-01-18 16:18:00
9861,440,4,search_topic,359,2026-01-20 04:30:00
9862,440,5,complete_lesson,303,2026-01-20 19:44:00
9863,440,6,search_topic,277,2026-01-21 16:39:00
9864,440,7,search_topic,439,2026-01-23 06:49:00
9865,440,8,search_topic,409,2026-01-24 05:24:00
9866,440,9,search_topic,445,2026-01-25 16:18:00
9867,440,10,view_resource,369,2026-01-27 07:39:00
9868,440,11,search_topic,545,2026-01-28 10:50:00
9869,440,12,view_resource,547,2026-01-29 12:39:00
9870,440,13,view_resource,339,2026-01-30 03:04:00
9871,440,14,complete_lesson,538,2026-01-31 09:43:00
9872,440,15,complete_lesson,256,2026-02-01 13:35:00
9873,440,16,search_topic,288,2026-02-01 19:23:00
9874,441,1,complete_lesson,70,2026-01-14 23:40:00
9875,441,1,view_resource,305,2026-01-15 15:30:00
9876,441,1,search_topic,503,2026-01-17 04:35:00
9877,441,2,view_resource,521,2026-01-19 02:32:00
9878,441,3,complete_lesson,391,2026-01-20 21:23:00
9879,441,4,complete_lesson,391,2026-01-22 21:02:00
9880,441,5,search_topic,326,2026-01-23 18:25:00
9881,441,6,complete_lesson,548,2026-01-24 11:45:00
9882,441,6,search_topic,428,2026-01-25 19:38:00
9883,441,6,search_topic,336,2026-01-27 07:49:00
9884,441,7,search_topic,523,2026-01-28 15:41:00
9885,441,7,complete_lesson,528,2026-01-30 03:03:00
9886,441,7,search_topic,351,2026-01-30 11:00:00
9887,441,8,complete_lesson,301,2026-02-01 00:23:00
9888,441,9,view_resource,177,2026-02-02 01:26:00
9889,441,10,search_topic,589,2026-02-04 01:47:00
9890,441,11,search_topic,386,2026-02-05 22:42:00
9891,441,12,search_topic,378,2026-02-06 09:00:00
9892,441,13,complete_lesson,318,2026-02-08 00:41:00
9893,441,14,complete_lesson,86,2026-02-09 17:26:00
9894,441,15,complete_lesson,122,2026-02-10 18:07:00
9895,442,1,complete_lesson,407,2026-01-17 18:46:00
9896,442,2,complete_lesson,116,2026-01-19 00:28:00
9897,442,3,complete_lesson,545,2026-01-20 17:43:00
9898,442,4,view_resource,579,2026-01-20 21:08:00
9899,442,4,view_resource,397,2026-01-21 16:33:00
9900,442,5,view_resource,542,2026-01-23 03:00:00
9901,442,6,search_topic,215,2026-01-24 07:30:00
9902,442,7,complete_lesson,386,2026-01-25 02:31:00
9903,442,8,search_topic,513,2026-01-25 14:23:00
9904,442,9,search_topic,406,2026-01-27 01:14:00
9905,442,10,view_resource,367,2026-01-28 11:08:00
9906,442,10,search_topic,306,2026-01-28 22:32:00
9907,442,10,view_resource,532,2026-01-29 17:29:00
9908,442,11,search_topic,126,2026-01-30 20:26:00
9909,442,11,complete_lesson,448,2026-02-01 17:15:00
9910,442,11,complete_lesson,466,2026-02-03 11:45:00
9911,442,12,view_resource,529,2026-02-04 23:41:00
9912,442,13,complete_lesson,590,2026-02-05 10:43:00
9913,442,14,complete_lesson,292,2026-02-06 09:12:00
9914,442,15,view_resource,460,2026-02-07 22:50:00
9915,442,16,view_resource,116,2026-02-09 17:05:00
9916,443,1,view_resource,470,2026-01-18 15:44:00
9917,443,2,complete_lesson,419,2026-01-19 08:46:00
9918,443,3,search_topic,175,2026-01-20 09:50:00
9919,443,3,complete_lesson,63,2026-01-21 04:44:00
9920,443,4,search_topic,389,2026-01-21 13:02:00
9921,443,4,view_resource,326,2026-01-23 13:10:00
9922,443,4,view_resource,355,2026-01-24 19:50:00
9923,443,5,view_resource,443,2026-01-26 10:17:00
9924,443,6,complete_lesson,297,2026-01-27 16:34:00
9925,443,7,search_topic,442,2026-01-27 22:37:00
9926,443,8,complete_lesson,557,2026-01-28 12:43:00
9927,443,9,search_topic,127,2026-01-30 05:08:00
9928,443,10,view_resource,312,2026-01-31 20:36:00
9929,443,11,search_topic,232,2026-02-01 20:31:00
9930,443,12,search_topic,551,2026-02-02 19:14:00
9931,443,12,complete_lesson,422,2026-02-03 07:03:00
9932,443,13,search_topic,522,2026-02-05 07:12:00
9933,443,14,complete_lesson,162,2026-02-05 12:21:00
9934,443,14,complete_lesson,289,2026-02-07 00:11:00
9935,443,14,complete_lesson,397,2026-02-07 17:19:00
9936,443,15,search_topic,158,2026-02-08 17:43:00
9937,443,16,search_topic,292,2026-02-09 23:35:00
9938,443,17,view_resource,391,2026-02-11 21:06:00
9939,443,17,complete_lesson,261,2026-02-13 20:19:00
9940,443,17,complete_lesson,467,2026-02-14 07:39:00
9941,443,18,view_resource,315,2026-02-16 07:09:00
9942,443,18,view_resource,481,2026-02-16 11:33:00
9943,443,19,search_topic,469,2026-02-17 05:42:00
9944,444,1,search_topic,141,2026-01-30 18:44:00
9945,444,2,view_resource,60,2026-02-01 12:26:00
9946,444,3,search_topic,486,2026-02-03 01:01:00
9947,444,4,view_resource,436,2026-02-04 23:19:00
9948,444,5,view_resource,318,2026-02-06 12:36:00
9949,444,5,search_topic,287,2026-02-06 20:44:00
9950,444,6,view_resource,435,2026-02-08 09:05:00
9951,444,7,view_resource,499,2026-02-09 06:40:00
9952,444,8,view_resource,490,2026-02-11 00:30:00
9953,444,9,search_topic,263,2026-02-12 23:50:00
9954,444,10,complete_lesson,597,2026-02-13 19:02:00
9955,444,10,search_topic,423,2026-02-14 01:08:00
9956,444,10,search_topic,450,2026-02-14 23:08:00
9957,444,11,complete_lesson,380,2026-02-15 07:02:00
9958,444,12,search_topic,400,2026-02-15 19:23:00
9959,444,13,complete_lesson,61,2026-02-16 11:37:00
9960,444,14,view_resource,579,2026-02-16 15:36:00
9961,444,15,complete_lesson,265,2026-02-17 12:49:00
9962,444,16,search_topic,114,2026-02-17 18:03:00
9963,444,16,complete_lesson,476,2026-02-18 16:31:00
9964,444,16,complete_lesson,534,2026-02-19 15:44:00
9965,444,17,view_resource,598,2026-02-20 09:18:00
9966,444,17,search_topic,189,2026-02-21 01:16:00
9967,444,17,view_resource,546,2026-02-21 22:31:00
9968,444,18,view_resource,260,2026-02-23 21:05:00
9969,444,18,complete_lesson,90,2026-02-25 08:47:00
9970,444,18,complete_lesson,503,2026-02-25 12:17:00
9971,445,1,search_topic,502,2026-01-05 17:34:00
9972,445,1,search_topic,216,2026-01-07 11:43:00
9973,445,2,search_topic,502,2026-01-09 00:14:00
9974,445,2,search_topic,299,2026-01-10 11:32:00
9975,445,2,complete_lesson,252,2026-01-11 23:27:00
9976,445,3,view_resource,472,2026-01-13 21:48:00
9977,445,4,complete_lesson,182,2026-01-14 19:49:00
9978,445,4,complete_lesson,530,2026-01-15 01:27:00
9979,445,4,complete_lesson,300,2026-01-15 09:20:00
9980,445,5,view_resource,64,2026-01-16 21:07:00
9981,445,5,complete_lesson,112,2026-01-17 15:22:00
9982,445,6,view_resource,213,2026-01-17 23:08:00
9983,445,6,search_topic,166,2026-01-18 11:00:00
9984,445,7,view_resource,308,2026-01-19 05:06:00
9985,445,7,complete_lesson,427,2026-01-19 17:32:00
9986,445,8,view_resource,121,2026-01-21 06:11:00
9987,445,8,complete_lesson,212,2026-01-22 22:37:00
9988,445,8,search_topic,98,2026-01-23 21:04:00
9989,445,9,view_resource,508,2026-01-24 22:18:00
9990,445,9,search_topic,275,2026-01-26 00:08:00
9991,445,10,complete_lesson,463,2026-01-26 22:20:00
9992,445,10,search_topic,109,2026-01-27 16:11:00
9993,445,10,view_resource,175,2026-01-28 05:17:00
9994,445,11,complete_lesson,549,2026-01-28 21:33:00
9995,445,12,complete_lesson,440,2026-01-30 00:45:00
9996,445,13,complete_lesson,202,2026-01-30 10:45:00
9997,445,14,view_resource,583,2026-01-30 19:24:00
9998,445,15,view_resource,123,2026-01-31 21:38:00
9999,445,16,view_resource,519,2026-02-01 22:39:00
10000,445,16,search_topic,392,2026-02-02 02:24:00
10001,445,17,view_resource,431,2026-02-02 14:14:00
10002,445,17,complete_lesson,534,2026-02-04 01:47:00
10003,445,18,view_resource,147,2026-02-04 07:05:00
10004,445,19,view_resource,423,2026-02-04 21:05:00
10005,446,1,complete_lesson,468,2026-01-08 23:48:00
10006,446,1,view_resource,236,2026-01-09 11:45:00
10007,446,2,complete_lesson,251,2026-01-10 23:40:00
10008,446,3,search_topic,328,2026-01-12 18:37:00
10009,446,4,search_topic,115,2026-01-13 01:00:00
10010,446,4,view_resource,64,2026-01-14 10:28:00
10011,446,4,complete_lesson,131,2026-01-14 20:10:00
10012,446,5,complete_lesson,264,2026-01-15 04:06:00
10013,446,5,complete_lesson,124,2026-01-16 05:01:00
10014,446,5,view_resource,123,2026-01-17 08:05:00
10015,446,6,search_topic,341,2026-01-19 05:10:00
10016,446,7,search_topic,74,2026-01-19 14:47:00
10017,446,8,search_topic,381,2026-01-21 03:22:00
10018,446,9,complete_lesson,472,2026-01-21 20:05:00
10019,446,9,search_topic,234,2026-01-23 15:17:00
10020,446,9,search_topic,481,2026-01-25 08:18:00
10021,446,10,view_resource,94,2026-01-27 00:30:00
10022,446,10,view_resource,354,2026-01-27 23:11:00
10023,446,11,view_resource,218,2026-01-29 13:29:00
10024,446,12,search_topic,127,2026-01-30 18:20:00
10025,446,12,view_resource,529,2026-02-01 15:39:00
10026,446,13,view_resource,471,2026-02-03 06:36:00
10027,446,14,search_topic,70,2026-02-03 21:03:00
10028,446,15,search_topic,559,2026-02-04 07:43:00
10029,446,16,complete_lesson,536,2026-02-05 00:49:00
10030,446,16,search_topic,493,2026-02-05 21:25:00
10031,446,16,view_resource,432,2026-02-06 20:06:00
10032,446,17,view_resource,456,2026-02-08 20:12:00
10033,447,1,view_resource,415,2026-01-16 15:02:00
10034,447,1,view_resource,126,2026-01-16 21:02:00
10035,447,2,view_resource,245,2026-01-18 00:33:00
10036,447,3,complete_lesson,263,2026-01-19 20:17:00
10037,447,3,view_resource,308,2026-01-20 15:02:00
10038,447,4,search_topic,175,2026-01-21 14:38:00
10039,447,4,view_resource,271,2026-01-22 07:13:00
10040,447,5,complete_lesson,572,2026-01-22 17:02:00
10041,447,5,search_topic,584,2026-01-22 23:27:00
10042,447,5,search_topic,579,2026-01-24 00:23:00
10043,447,6,search_topic,310,2026-01-24 11:50:00
10044,447,7,complete_lesson,264,2026-01-24 16:30:00
10045,447,8,search_topic,301,2026-01-25 02:21:00
10046,447,9,search_topic,105,2026-01-26 04:14:00
10047,447,10,view_resource,233,2026-01-28 01:09:00
10048,447,10,view_resource,395,2026-01-28 22:49:00
10049,447,10,complete_lesson,371,2026-01-30 03:35:00
10050,447,11,view_resource,240,2026-01-31 03:20:00
10051,447,12,search_topic,433,2026-02-01 08:09:00
10052,447,13,view_resource,467,2026-02-03 08:03:00
10053,447,13,view_resource,551,2026-02-04 20:01:00
10054,447,13,search_topic,268,2026-02-05 03:24:00
10055,448,1,complete_lesson,375,2026-01-05 23:28:00
10056,448,2,complete_lesson,240,2026-01-07 00:36:00
10057,448,3,view_resource,290,2026-01-07 23:10:00
10058,448,4,search_topic,94,2026-01-09 01:45:00
10059,448,5,search_topic,369,2026-01-09 12:04:00
10060,448,5,view_resource,489,2026-01-10 11:31:00
10061,448,5,view_resource,600,2026-01-11 11:44:00
10062,448,6,view_resource,468,2026-01-12 13:38:00
10063,448,6,complete_lesson,440,2026-01-13 11:15:00
10064,448,7,search_topic,319,2026-01-15 11:28:00
10065,448,8,view_resource,452,2026-01-15 18:49:00
10066,448,9,complete_lesson,503,2026-01-17 17:03:00
10067,448,9,search_topic,537,2026-01-18 04:25:00
10068,448,10,complete_lesson,297,2026-01-20 02:44:00
10069,448,10,complete_lesson,451,2026-01-22 01:22:00
10070,448,11,view_resource,198,2026-01-22 15:12:00
10071,448,12,search_topic,143,2026-01-23 20:16:00
10072,448,12,search_topic,538,2026-01-25 06:29:00
10073,448,12,complete_lesson,194,2026-01-27 00:20:00
10074,448,13,search_topic,448,2026-01-27 08:41:00
10075,448,14,search_topic,537,2026-01-28 21:08:00
10076,448,15,complete_lesson,312,2026-01-29 04:11:00
10077,448,15,view_resource,477,2026-01-29 21:31:00
10078,448,15,search_topic,391,2026-01-31 03:47:00
10079,448,16,complete_lesson,531,2026-01-31 16:31:00
10080,448,16,view_resource,289,2026-01-31 20:20:00
10081,448,16,search_topic,479,2026-02-01 20:50:00
10082,448,17,view_resource,195,2026-02-03 06:36:00
10083,448,17,complete_lesson,302,2026-02-04 16:27:00
10084,449,1,view_resource,122,2026-01-15 19:11:00
10085,449,2,search_topic,158,2026-01-17 19:23:00
10086,449,3,complete_lesson,181,2026-01-19 19:06:00
10087,449,4,view_resource,72,2026-01-20 05:34:00
10088,449,5,view_resource,61,2026-01-21 19:47:00
10089,449,6,search_topic,331,2026-01-23 03:02:00
10090,449,7,search_topic,253,2026-01-23 09:33:00
10091,449,8,view_resource,184,2026-01-25 07:35:00
10092,449,9,view_resource,116,2026-01-26 02:16:00
10093,449,9,view_resource,524,2026-01-27 13:31:00
10094,449,10,complete_lesson,509,2026-01-27 18:33:00
10095,449,11,complete_lesson,193,2026-01-29 07:02:00
10096,449,12,search_topic,91,2026-01-30 21:40:00
10097,449,12,complete_lesson,416,2026-02-01 12:00:00
10098,449,13,search_topic,123,2026-02-02 04:36:00
10099,449,14,view_resource,407,2026-02-03 13:05:00
10100,449,15,complete_lesson,371,2026-02-05 07:44:00
10101,449,16,search_topic,264,2026-02-05 15:09:00
10102,449,16,view_resource,429,2026-02-07 13:32:00
10103,449,17,search_topic,390,2026-02-09 03:31:00
10104,449,18,view_resource,350,2026-02-09 18:01:00
10105,449,18,view_resource,526,2026-02-11 06:49:00
10106,450,1,complete_lesson,325,2026-01-28 17:38:00
10107,450,2,view_resource,428,2026-01-29 02:27:00
10108,450,3,view_resource,75,2026-01-30 14:11:00
10109,450,4,search_topic,100,2026-01-31 18:50:00
10110,450,5,search_topic,338,2026-02-02 11:15:00
10111,450,5,view_resource,97,2026-02-04 02:23:00
10112,450,5,view_resource,532,2026-02-06 01:39:00
10113,450,6,search_topic,441,2026-02-06 08:16:00
10114,450,7,view_resource,316,2026-02-07 20:34:00
10115,450,8,view_resource,542,2026-02-09 13:32:00
10116,450,9,view_resource,376,2026-02-11 06:09:00
10117,450,10,view_resource,232,2026-02-12 18:45:00
10118,450,11,search_topic,586,2026-02-14 11:01:00
10119,450,12,view_resource,354,2026-02-15 02:38:00
10120,451,1,search_topic,213,2026-01-03 03:35:00
10121,451,1,view_resource,323,2026-01-04 05:32:00
10122,451,2,view_resource,403,2026-01-05 23:25:00
10123,451,2,complete_lesson,599,2026-01-06 15:47:00
10124,451,3,complete_lesson,435,2026-01-08 05:34:00
10125,451,4,complete_lesson,145,2026-01-08 18:31:00
10126,451,5,view_resource,385,2026-01-09 14:31:00
10127,451,6,search_topic,562,2026-01-10 00:06:00
10128,451,7,search_topic,103,2026-01-10 13:22:00
10129,451,8,search_topic,147,2026-01-12 01:07:00
10130,451,8,search_topic,212,2026-01-13 20:43:00
10131,451,8,search_topic,499,2026-01-15 05:47:00
10132,451,9,search_topic,500,2026-01-16 00:41:00
10133,451,9,search_topic,465,2026-01-17 06:43:00
10134,451,9,search_topic,481,2026-01-18 07:49:00
10135,451,10,search_topic,73,2026-01-18 13:09:00
10136,451,11,view_resource,535,2026-01-18 23:23:00
10137,451,12,complete_lesson,255,2026-01-20 08:20:00
10138,451,12,complete_lesson,215,2026-01-21 07:42:00
10139,451,12,complete_lesson,326,2026-01-23 05:21:00
10140,451,13,search_topic,281,2026-01-24 20:03:00
10141,451,14,search_topic,513,2026-01-25 04:47:00
10142,452,1,complete_lesson,139,2026-01-25 02:34:00
10143,452,2,search_topic,474,2026-01-25 17:22:00
10144,452,2,view_resource,108,2026-01-26 09:43:00
10145,452,3,view_resource,484,2026-01-27 00:46:00
10146,452,4,view_resource,65,2026-01-28 22:36:00
10147,452,4,view_resource,119,2026-01-30 15:47:00
10148,452,4,view_resource,253,2026-01-31 10:43:00
10149,452,5,search_topic,573,2026-01-31 22:44:00
10150,452,6,search_topic,514,2026-02-01 07:08:00
10151,452,6,complete_lesson,208,2026-02-02 20:16:00
10152,452,6,complete_lesson,196,2026-02-03 03:34:00
10153,452,7,complete_lesson,166,2026-02-04 23:37:00
10154,452,8,view_resource,345,2026-02-05 23:08:00
10155,452,9,view_resource,597,2026-02-07 23:03:00
10156,452,10,complete_lesson,104,2026-02-08 19:09:00
10157,452,11,complete_lesson,427,2026-02-09 14:09:00
10158,452,11,complete_lesson,359,2026-02-10 12:05:00
10159,452,12,search_topic,172,2026-02-10 19:49:00
10160,452,13,complete_lesson,113,2026-02-12 10:03:00
10161,452,13,search_topic,532,2026-02-14 00:40:00
10162,452,13,complete_lesson,310,2026-02-14 19:27:00
10163,452,14,view_resource,355,2026-02-15 22:10:00
10164,452,14,search_topic,352,2026-02-16 15:46:00
10165,452,14,search_topic,368,2026-02-17 17:24:00
10166,452,15,view_resource,183,2026-02-18 23:17:00
10167,452,16,view_resource,65,2026-02-19 23:25:00
10168,452,17,search_topic,228,2026-02-20 14:26:00
10169,452,18,complete_lesson,509,2026-02-21 18:13:00
10170,452,19,search_topic,573,2026-02-22 16:30:00
10171,453,1,view_resource,69,2026-01-03 22:01:00
10172,453,2,view_resource,293,2026-01-04 22:40:00
10173,453,3,search_topic,301,2026-01-05 09:33:00
10174,453,4,view_resource,439,2026-01-05 21:46:00
10175,453,5,view_resource,457,2026-01-07 21:24:00
10176,453,6,search_topic,336,2026-01-08 15:47:00
10177,453,7,search_topic,461,2026-01-09 17:50:00
10178,453,8,complete_lesson,76,2026-01-10 02:20:00
10179,453,9,search_topic,513,2026-01-11 00:25:00
10180,453,10,search_topic,355,2026-01-12 04:45:00
10181,454,1,view_resource,416,2026-01-26 04:47:00
10182,454,1,complete_lesson,172,2026-01-27 10:10:00
10183,454,2,complete_lesson,287,2026-01-28 17:49:00
10184,454,2,complete_lesson,585,2026-01-29 14:07:00
10185,454,2,complete_lesson,309,2026-01-29 22:42:00
10186,454,3,search_topic,421,2026-01-30 14:45:00
10187,454,4,search_topic,162,2026-01-31 23:26:00
10188,454,5,view_resource,401,2026-02-01 04:06:00
10189,454,6,view_resource,533,2026-02-01 20:01:00
10190,454,7,search_topic,107,2026-02-03 16:40:00
10191,454,8,complete_lesson,483,2026-02-04 21:00:00
10192,454,9,view_resource,82,2026-02-06 13:42:00
10193,454,10,search_topic,298,2026-02-07 12:24:00
10194,454,10,search_topic,315,2026-02-08 13:46:00
10195,454,10,search_topic,222,2026-02-10 08:30:00
10196,454,11,complete_lesson,189,2026-02-10 13:47:00
10197,454,12,complete_lesson,476,2026-02-12 02:36:00
10198,454,13,complete_lesson,114,2026-02-12 11:07:00
10199,454,14,complete_lesson,441,2026-02-13 19:01:00
10200,454,15,search_topic,60,2026-02-15 05:17:00
10201,455,1,complete_lesson,210,2026-01-31 08:24:00
10202,455,2,search_topic,506,2026-02-01 09:20:00
10203,455,2,complete_lesson,167,2026-02-01 22:04:00
10204,455,3,view_resource,329,2026-02-03 10:40:00
10205,455,3,search_topic,225,2026-02-04 23:30:00
10206,455,4,view_resource,426,2026-02-06 07:32:00
10207,455,5,complete_lesson,449,2026-02-07 17:21:00
10208,455,6,complete_lesson,400,2026-02-09 09:29:00
10209,455,7,view_resource,335,2026-02-10 12:38:00
10210,455,8,view_resource,302,2026-02-12 06:44:00
10211,455,9,search_topic,449,2026-02-13 01:01:00
10212,455,9,view_resource,575,2026-02-14 04:15:00
10213,455,9,view_resource,564,2026-02-14 10:32:00
10214,455,10,complete_lesson,481,2026-02-16 08:26:00
10215,455,11,search_topic,433,2026-02-16 18:04:00
10216,455,12,view_resource,295,2026-02-18 18:33:00
10217,456,1,view_resource,364,2026-01-30 16:31:00
10218,456,2,complete_lesson,97,2026-01-31 18:38:00
10219,456,3,complete_lesson,298,2026-02-02 12:33:00
10220,456,3,complete_lesson,387,2026-02-04 01:16:00
10221,456,3,view_resource,359,2026-02-05 13:49:00
10222,456,4,search_topic,330,2026-02-06 18:46:00
10223,456,5,search_topic,254,2026-02-08 07:47:00
10224,456,6,complete_lesson,117,2026-02-08 15:23:00
10225,456,7,complete_lesson,511,2026-02-09 05:24:00
10226,456,7,complete_lesson,80,2026-02-10 02:01:00
10227,456,7,view_resource,60,2026-02-11 03:28:00
10228,456,8,search_topic,215,2026-02-11 07:24:00
10229,456,9,search_topic,68,2026-02-11 14:00:00
10230,456,10,search_topic,101,2026-02-13 00:13:00
10231,456,11,complete_lesson,288,2026-02-13 13:05:00
10232,456,12,view_resource,550,2026-02-13 19:13:00
10233,456,13,view_resource,230,2026-02-14 21:46:00
10234,456,13,view_resource,86,2026-02-15 15:20:00
10235,456,13,view_resource,411,2026-02-16 21:14:00
10236,456,14,view_resource,541,2026-02-18 18:48:00
10237,457,1,complete_lesson,493,2026-01-15 09:41:00
10238,457,2,search_topic,335,2026-01-16 21:20:00
10239,457,3,search_topic,160,2026-01-18 18:19:00
10240,457,4,search_topic,125,2026-01-19 08:01:00
10241,457,5,complete_lesson,403,2026-01-21 06:21:00
10242,457,5,view_resource,556,2026-01-21 10:38:00
10243,457,6,view_resource,599,2026-01-23 03:10:00
10244,457,7,view_resource,407,2026-01-23 14:29:00
10245,457,8,search_topic,438,2026-01-23 19:14:00
10246,457,9,complete_lesson,302,2026-01-24 14:22:00
10247,457,10,search_topic,391,2026-01-25 18:09:00
10248,457,11,search_topic,384,2026-01-27 09:15:00
10249,457,12,complete_lesson,373,2026-01-28 22:13:00
10250,457,13,view_resource,550,2026-01-30 05:20:00
10251,457,14,search_topic,403,2026-01-31 19:35:00
10252,457,15,search_topic,487,2026-02-01 10:32:00
10253,457,16,view_resource,518,2026-02-02 06:29:00
10254,457,17,view_resource,306,2026-02-02 22:09:00
10255,458,1,search_topic,388,2026-01-12 07:19:00
10256,458,2,complete_lesson,213,2026-01-13 00:15:00
10257,458,3,complete_lesson,130,2026-01-14 08:48:00
10258,458,3,complete_lesson,507,2026-01-15 10:13:00
10259,458,3,view_resource,572,2026-01-16 00:26:00
10260,458,4,complete_lesson,314,2026-01-17 02:09:00
10261,458,5,search_topic,135,2026-01-18 14:44:00
10262,458,5,complete_lesson,600,2026-01-20 10:04:00
10263,458,5,complete_lesson,598,2026-01-21 19:49:00
10264,458,6,view_resource,360,2026-01-22 18:21:00
10265,458,7,view_resource,99,2026-01-24 02:49:00
10266,458,7,complete_lesson,196,2026-01-24 18:08:00
10267,458,7,search_topic,236,2026-01-26 04:17:00
10268,458,8,complete_lesson,576,2026-01-27 23:35:00
10269,458,9,search_topic,370,2026-01-29 22:04:00
10270,458,10,search_topic,132,2026-01-31 00:32:00
10271,459,1,view_resource,179,2026-01-09 13:37:00
10272,459,2,search_topic,311,2026-01-10 01:25:00
10273,459,3,complete_lesson,317,2026-01-11 15:16:00
10274,459,4,view_resource,193,2026-01-12 10:49:00
10275,459,5,complete_lesson,351,2026-01-14 01:37:00
10276,459,6,view_resource,574,2026-01-15 05:19:00
10277,459,7,view_resource,113,2026-01-16 00:29:00
10278,459,7,search_topic,65,2026-01-16 05:28:00
10279,459,7,search_topic,351,2026-01-16 11:28:00
10280,459,8,search_topic,453,2026-01-16 15:01:00
10281,459,8,search_topic,225,2026-01-18 07:23:00
10282,459,9,search_topic,199,2026-01-19 03:05:00
10283,459,10,complete_lesson,150,2026-01-19 10:37:00
10284,459,11,search_topic,576,2026-01-20 00:05:00
10285,459,12,view_resource,209,2026-01-21 23:21:00
10286,459,13,search_topic,489,2026-01-22 03:23:00
10287,459,14,view_resource,524,2026-01-23 01:48:00
10288,459,14,search_topic,439,2026-01-24 12:07:00
10289,459,15,search_topic,572,2026-01-25 07:30:00
10290,459,16,complete_lesson,190,2026-01-27 06:38:00
10291,459,16,complete_lesson,203,2026-01-27 14:28:00
10292,459,16,search_topic,347,2026-01-28 22:25:00
10293,459,17,complete_lesson,522,2026-01-30 02:30:00
10294,459,18,search_topic,204,2026-01-30 20:10:00
10295,459,19,search_topic,331,2026-01-31 04:22:00
10296,459,19,search_topic,68,2026-02-02 04:07:00
10297,459,20,view_resource,573,2026-02-02 18:15:00
10298,460,1,search_topic,356,2026-01-08 13:01:00
10299,460,2,search_topic,520,2026-01-09 22:08:00
10300,460,3,search_topic,525,2026-01-10 12:25:00
10301,460,3,search_topic,517,2026-01-10 21:23:00
10302,460,4,search_topic,412,2026-01-12 10:35:00
10303,460,5,search_topic,422,2026-01-12 18:21:00
10304,460,5,view_resource,142,2026-01-14 13:34:00
10305,460,5,search_topic,301,2026-01-16 02:15:00
10306,460,6,search_topic,310,2026-01-16 13:34:00
10307,460,7,view_resource,326,2026-01-16 20:16:00
10308,460,8,view_resource,564,2026-01-17 11:06:00
10309,460,9,complete_lesson,301,2026-01-17 22:10:00
10310,460,10,complete_lesson,256,2026-01-19 10:12:00
10311,460,11,view_resource,316,2026-01-20 04:49:00
10312,460,12,search_topic,330,2026-01-21 08:23:00
10313,461,1,search_topic,513,2026-01-26 10:09:00
10314,461,2,search_topic,160,2026-01-27 02:01:00
10315,461,3,search_topic,255,2026-01-28 10:46:00
10316,461,4,search_topic,413,2026-01-28 20:08:00
10317,461,4,complete_lesson,548,2026-01-30 15:22:00
10318,461,4,complete_lesson,120,2026-01-31 05:00:00
10319,461,5,complete_lesson,335,2026-02-01 21:21:00
10320,461,5,search_topic,91,2026-02-03 16:18:00
10321,461,6,complete_lesson,499,2026-02-04 08:44:00
10322,461,7,complete_lesson,77,2026-02-05 23:44:00
10323,461,8,view_resource,304,2026-02-06 05:25:00
10324,461,9,search_topic,104,2026-02-08 05:27:00
10325,461,9,search_topic,570,2026-02-08 17:28:00
10326,461,10,view_resource,181,2026-02-10 03:30:00
10327,461,10,complete_lesson,363,2026-02-10 18:16:00
10328,461,11,view_resource,556,2026-02-11 11:04:00
10329,461,12,search_topic,473,2026-02-13 05:25:00
10330,461,13,view_resource,291,2026-02-13 14:39:00
10331,461,14,search_topic,175,2026-02-14 10:02:00
10332,461,15,search_topic,165,2026-02-14 22:27:00
10333,461,16,view_resource,553,2026-02-15 21:37:00
10334,461,17,search_topic,265,2026-02-16 17:12:00
10335,461,18,view_resource,356,2026-02-17 04:17:00
10336,461,19,search_topic,566,2026-02-18 08:25:00
10337,462,1,view_resource,113,2026-01-21 11:49:00
10338,462,2,search_topic,242,2026-01-22 04:30:00
10339,462,3,search_topic,231,2026-01-23 09:28:00
10340,462,3,complete_lesson,523,2026-01-24 20:19:00
10341,462,3,complete_lesson,306,2026-01-25 14:00:00
10342,462,4,view_resource,285,2026-01-27 04:25:00
10343,462,5,view_resource,587,2026-01-28 23:09:00
10344,462,6,complete_lesson,272,2026-01-29 07:50:00
10345,462,7,complete_lesson,473,2026-01-30 10:15:00
10346,462,8,complete_lesson,384,2026-01-31 23:09:00
10347,462,8,search_topic,256,2026-02-02 13:02:00
10348,462,9,search_topic,192,2026-02-03 08:45:00
10349,462,9,search_topic,218,2026-02-04 08:50:00
10350,462,9,view_resource,446,2026-02-05 22:06:00
10351,462,10,view_resource,75,2026-02-06 20:13:00
10352,462,11,view_resource,125,2026-02-07 18:38:00
10353,462,12,complete_lesson,123,2026-02-09 17:44:00
10354,462,13,complete_lesson,223,2026-02-10 23:09:00
10355,462,13,view_resource,229,2026-02-12 06:08:00
10356,462,13,search_topic,107,2026-02-13 12:00:00
10357,462,14,complete_lesson,504,2026-02-15 04:26:00
10358,463,1,view_resource,274,2026-01-30 08:04:00
10359,463,2,complete_lesson,278,2026-01-31 16:02:00
10360,463,2,view_resource,70,2026-02-01 17:05:00
10361,463,2,view_resource,82,2026-02-02 14:44:00
10362,463,3,search_topic,240,2026-02-04 13:33:00
10363,463,4,view_resource,545,2026-02-05 06:07:00
10364,463,4,view_resource,171,2026-02-07 05:33:00
10365,463,4,view_resource,538,2026-02-08 15:39:00
10366,463,5,search_topic,70,2026-02-10 04:11:00
10367,463,6,search_topic,576,2026-02-10 12:24:00
10368,463,7,complete_lesson,304,2026-02-11 18:10:00
10369,463,7,complete_lesson,227,2026-02-13 08:35:00
10370,463,7,view_resource,123,2026-02-14 10:42:00
10371,463,8,complete_lesson,437,2026-02-14 18:44:00
10372,463,9,view_resource,308,2026-02-16 02:08:00
10373,463,9,complete_lesson,488,2026-02-17 00:32:00
10374,463,10,search_topic,67,2026-02-17 22:37:00
10375,463,10,search_topic,108,2026-02-18 17:06:00
10376,463,10,complete_lesson,417,2026-02-19 03:48:00
10377,463,11,complete_lesson,573,2026-02-19 22:29:00
10378,463,12,view_resource,195,2026-02-21 22:39:00
10379,463,13,search_topic,556,2026-02-22 18:26:00
10380,463,13,view_resource,569,2026-02-23 13:46:00
10381,463,13,view_resource,506,2026-02-24 04:43:00
10382,463,14,view_resource,465,2026-02-26 02:43:00
10383,463,14,search_topic,108,2026-02-27 21:09:00
10384,463,15,search_topic,265,2026-03-01 03:33:00
10385,463,16,view_resource,330,2026-03-02 04:42:00
10386,463,17,search_topic,362,2026-03-02 10:39:00
10387,463,18,complete_lesson,411,2026-03-03 19:25:00
10388,463,19,view_resource,482,2026-03-05 03:33:00
10389,463,19,complete_lesson,145,2026-03-06 17:21:00
10390,464,1,view_resource,120,2026-01-17 19:41:00
10391,464,1,view_resource,173,2026-01-18 22:25:00
10392,464,1,view_resource,301,2026-01-19 04:34:00
10393,464,2,view_resource,133,2026-01-19 19:24:00
10394,464,3,view_resource,529,2026-01-21 08:50:00
10395,464,4,view_resource,306,2026-01-22 19:41:00
10396,464,4,search_topic,113,2026-01-24 11:50:00
10397,464,4,search_topic,390,2026-01-25 00:40:00
10398,464,5,view_resource,554,2026-01-26 04:31:00
10399,464,6,search_topic,584,2026-01-26 09:18:00
10400,464,7,view_resource,75,2026-01-28 09:03:00
10401,464,8,complete_lesson,382,2026-01-30 03:48:00
10402,464,9,complete_lesson,195,2026-01-31 23:21:00
10403,464,10,complete_lesson,278,2026-02-02 10:14:00
10404,464,10,complete_lesson,383,2026-02-03 23:36:00
10405,464,10,view_resource,453,2026-02-05 07:16:00
10406,465,1,search_topic,69,2026-01-12 01:24:00
10407,465,1,view_resource,180,2026-01-13 02:41:00
10408,465,1,search_topic,241,2026-01-13 22:22:00
10409,465,2,complete_lesson,405,2026-01-14 22:22:00
10410,465,3,view_resource,506,2026-01-15 09:26:00
10411,465,3,view_resource,288,2026-01-15 17:48:00
10412,465,4,view_resource,256,2026-01-17 08:05:00
10413,465,4,view_resource,75,2026-01-19 04:34:00
10414,465,4,search_topic,120,2026-01-20 06:28:00
10415,465,5,view_resource,522,2026-01-22 03:01:00
10416,465,6,complete_lesson,452,2026-01-22 14:36:00
10417,465,7,view_resource,200,2026-01-23 15:50:00
10418,465,7,complete_lesson,488,2026-01-24 05:13:00
10419,465,7,view_resource,381,2026-01-25 08:19:00
10420,465,8,search_topic,247,2026-01-25 13:47:00
10421,465,8,search_topic,72,2026-01-25 20:45:00
10422,465,8,search_topic,237,2026-01-26 07:15:00
10423,465,9,search_topic,552,2026-01-26 11:18:00
10424,465,10,complete_lesson,435,2026-01-27 20:32:00
10425,466,1,search_topic,423,2026-01-23 14:07:00
10426,466,1,complete_lesson,110,2026-01-24 17:14:00
10427,466,2,view_resource,112,2026-01-25 17:27:00
10428,466,3,view_resource,443,2026-01-26 05:17:00
10429,466,4,view_resource,331,2026-01-27 01:41:00
10430,466,5,search_topic,322,2026-01-28 06:18:00
10431,466,5,search_topic,83,2026-01-29 03:50:00
10432,466,6,complete_lesson,122,2026-01-29 13:12:00
10433,466,7,search_topic,310,2026-01-30 20:50:00
10434,466,8,search_topic,73,2026-01-31 13:27:00
10435,466,8,complete_lesson,571,2026-02-01 10:32:00
10436,466,8,view_resource,300,2026-02-01 18:34:00
10437,466,9,complete_lesson,512,2026-02-03 06:04:00
10438,466,9,view_resource,393,2026-02-04 01:36:00
10439,466,9,search_topic,168,2026-02-05 10:05:00
10440,466,10,complete_lesson,161,2026-02-07 01:17:00
10441,466,11,search_topic,263,2026-02-08 16:25:00
10442,467,1,search_topic,263,2026-01-23 10:06:00
10443,467,2,complete_lesson,332,2026-01-24 04:04:00
10444,467,3,view_resource,203,2026-01-25 04:45:00
10445,467,4,complete_lesson,202,2026-01-25 08:23:00
10446,467,5,complete_lesson,364,2026-01-25 14:20:00
10447,467,6,search_topic,599,2026-01-27 01:14:00
10448,467,7,view_resource,262,2026-01-28 07:05:00
10449,467,7,search_topic,593,2026-01-30 02:29:00
10450,467,7,search_topic,119,2026-01-30 15:31:00
10451,467,8,search_topic,389,2026-01-31 05:15:00
10452,467,9,view_resource,126,2026-01-31 23:04:00
10453,467,9,view_resource,128,2026-02-01 15:31:00
10454,467,10,complete_lesson,300,2026-02-03 01:01:00
10455,467,11,view_resource,140,2026-02-03 16:13:00
10456,467,12,complete_lesson,436,2026-02-04 02:31:00
10457,467,13,search_topic,329,2026-02-05 07:25:00
10458,467,13,search_topic,177,2026-02-07 07:49:00
10459,467,13,view_resource,423,2026-02-08 18:31:00
10460,467,14,search_topic,397,2026-02-09 05:48:00
10461,467,14,view_resource,78,2026-02-10 18:38:00
10462,467,15,complete_lesson,536,2026-02-12 04:47:00
10463,467,16,complete_lesson,196,2026-02-12 15:06:00
10464,467,17,complete_lesson,69,2026-02-13 07:23:00
10465,467,18,complete_lesson,339,2026-02-15 02:05:00
10466,467,18,search_topic,122,2026-02-17 00:25:00
10467,467,19,view_resource,398,2026-02-18 21:39:00
10468,467,19,search_topic,120,2026-02-19 18:12:00
10469,467,20,complete_lesson,322,2026-02-20 19:33:00
10470,468,1,view_resource,66,2026-01-19 17:49:00
10471,468,2,complete_lesson,63,2026-01-19 23:11:00
10472,468,3,view_resource,128,2026-01-21 11:45:00
10473,468,3,search_topic,481,2026-01-22 09:19:00
10474,468,3,complete_lesson,340,2026-01-23 15:46:00
10475,468,4,view_resource,451,2026-01-25 09:41:00
10476,468,5,complete_lesson,63,2026-01-26 23:38:00
10477,468,5,view_resource,82,2026-01-27 12:40:00
10478,468,6,search_topic,216,2026-01-28 11:18:00
10479,468,7,search_topic,564,2026-01-28 22:50:00
10480,468,8,view_resource,262,2026-01-30 21:25:00
10481,468,9,view_resource,185,2026-01-31 16:22:00
10482,468,9,view_resource,391,2026-02-01 02:29:00
10483,468,10,search_topic,582,2026-02-01 18:10:00
10484,468,11,view_resource,461,2026-02-02 04:00:00
10485,468,11,search_topic,263,2026-02-03 10:49:00
10486,468,11,view_resource,580,2026-02-03 15:07:00
10487,469,1,complete_lesson,246,2026-01-14 07:15:00
10488,469,2,complete_lesson,152,2026-01-15 02:31:00
10489,469,2,view_resource,415,2026-01-15 17:45:00
10490,469,3,search_topic,173,2026-01-16 19:02:00
10491,469,4,view_resource,386,2026-01-17 04:24:00
10492,469,5,search_topic,472,2026-01-17 19:03:00
10493,469,5,view_resource,539,2026-01-19 09:20:00
10494,469,6,view_resource,585,2026-01-19 13:32:00
10495,469,6,view_resource,332,2026-01-21 11:31:00
10496,469,6,complete_lesson,348,2026-01-22 17:12:00
10497,469,7,complete_lesson,475,2026-01-24 14:18:00
10498,469,8,view_resource,129,2026-01-26 02:09:00
10499,469,9,view_resource,489,2026-01-27 04:40:00
10500,469,9,view_resource,439,2026-01-28 22:39:00
10501,469,9,search_topic,405,2026-01-29 03:19:00
10502,469,10,view_resource,283,2026-01-29 16:08:00
10503,469,11,view_resource,135,2026-01-31 13:38:00
10504,469,12,view_resource,182,2026-02-02 05:33:00
10505,469,12,search_topic,245,2026-02-02 20:21:00
10506,469,13,search_topic,243,2026-02-03 18:40:00
10507,469,14,complete_lesson,79,2026-02-05 09:20:00
10508,469,15,search_topic,432,2026-02-06 16:11:00
10509,469,16,view_resource,539,2026-02-07 13:31:00
10510,469,17,view_resource,551,2026-02-09 10:50:00
10511,469,18,search_topic,559,2026-02-09 17:37:00
10512,469,18,search_topic,67,2026-02-10 17:13:00
10513,469,19,search_topic,596,2026-02-11 23:07:00
10514,469,19,search_topic,452,2026-02-12 23:11:00
10515,469,19,search_topic,458,2026-02-13 18:36:00
10516,469,20,search_topic,60,2026-02-14 01:20:00
10517,469,20,search_topic,423,2026-02-14 19:43:00
10518,469,20,complete_lesson,269,2026-02-15 16:33:00
10519,470,1,search_topic,558,2026-01-07 07:30:00
10520,470,2,search_topic,497,2026-01-08 10:15:00
10521,470,2,search_topic,114,2026-01-08 15:01:00
10522,470,2,view_resource,431,2026-01-08 22:14:00
10523,470,3,view_resource,251,2026-01-10 15:46:00
10524,470,4,complete_lesson,459,2026-01-11 15:44:00
10525,470,5,search_topic,263,2026-01-13 01:18:00
10526,470,5,search_topic,154,2026-01-14 18:36:00
10527,470,5,view_resource,423,2026-01-16 16:03:00
10528,470,6,search_topic,357,2026-01-16 23:29:00
10529,470,7,view_resource,147,2026-01-17 09:06:00
10530,470,8,search_topic,320,2026-01-17 20:49:00
10531,470,8,search_topic,327,2026-01-18 12:48:00
10532,470,9,search_topic,283,2026-01-20 00:37:00
10533,470,9,view_resource,290,2026-01-20 15:08:00
10534,470,10,view_resource,399,2026-01-22 10:27:00
10535,470,11,view_resource,278,2026-01-23 23:05:00
10536,470,12,complete_lesson,500,2026-01-24 12:45:00
10537,470,12,complete_lesson,324,2026-01-25 00:46:00
10538,470,13,view_resource,555,2026-01-26 21:07:00
10539,470,13,complete_lesson,344,2026-01-28 15:00:00
10540,470,13,view_resource,588,2026-01-30 11:11:00
10541,470,14,search_topic,293,2026-01-31 15:02:00
10542,470,15,complete_lesson,436,2026-02-01 23:24:00
10543,470,15,search_topic,243,2026-02-02 05:13:00
10544,470,16,complete_lesson,443,2026-02-03 04:37:00
10545,470,17,complete_lesson,546,2026-02-04 22:12:00
10546,470,17,search_topic,186,2026-02-06 16:12:00
10547,470,18,view_resource,351,2026-02-08 05:19:00
10548,471,1,view_resource,283,2026-01-17 22:31:00
10549,471,2,view_resource,242,2026-01-19 17:13:00
10550,471,3,complete_lesson,573,2026-01-20 06:47:00
10551,471,3,view_resource,118,2026-01-20 14:28:00
10552,471,4,search_topic,489,2026-01-21 23:10:00
10553,471,5,complete_lesson,528,2026-01-22 05:50:00
10554,471,6,search_topic,69,2026-01-23 18:23:00
10555,471,7,view_resource,579,2026-01-24 13:20:00
10556,471,8,complete_lesson,214,2026-01-26 08:38:00
10557,471,9,view_resource,254,2026-01-27 23:23:00
10558,471,10,view_resource,84,2026-01-29 11:39:00
10559,471,11,view_resource,272,2026-01-30 19:32:00
10560,471,12,search_topic,308,2026-01-31 03:39:00
10561,471,12,search_topic,177,2026-02-01 15:48:00
10562,471,13,view_resource,137,2026-02-03 15:02:00
10563,471,14,view_resource,170,2026-02-04 00:05:00
10564,472,1,search_topic,363,2026-01-07 09:48:00
10565,472,2,view_resource,261,2026-01-09 05:29:00
10566,472,3,complete_lesson,100,2026-01-10 22:29:00
10567,472,4,complete_lesson,589,2026-01-12 09:24:00
10568,472,5,complete_lesson,114,2026-01-12 20:11:00
10569,472,6,complete_lesson,440,2026-01-14 06:02:00
10570,472,7,search_topic,119,2026-01-15 21:05:00
10571,472,7,view_resource,374,2026-01-17 02:43:00
10572,472,8,view_resource,302,2026-01-18 16:36:00
10573,472,8,complete_lesson,453,2026-01-19 17:25:00
10574,472,8,complete_lesson,395,2026-01-19 23:47:00
10575,472,9,search_topic,565,2026-01-20 03:38:00
10576,472,10,view_resource,315,2026-01-21 10:06:00
10577,472,11,search_topic,535,2026-01-22 08:28:00
10578,472,11,view_resource,70,2026-01-24 06:19:00
10579,472,11,complete_lesson,265,2026-01-25 00:32:00
10580,473,1,view_resource,398,2026-01-20 00:09:00
10581,473,2,complete_lesson,376,2026-01-20 15:01:00
10582,473,3,complete_lesson,426,2026-01-21 05:16:00
10583,473,4,search_topic,67,2026-01-22 04:00:00
10584,473,5,view_resource,302,2026-01-22 18:14:00
10585,473,6,search_topic,411,2026-01-23 19:30:00
10586,473,7,search_topic,112,2026-01-25 00:17:00
10587,473,8,complete_lesson,205,2026-01-25 17:00:00
10588,473,9,complete_lesson,155,2026-01-27 08:35:00
10589,473,9,view_resource,242,2026-01-28 17:11:00
10590,473,9,complete_lesson,297,2026-01-29 03:43:00
10591,473,10,complete_lesson,594,2026-01-31 00:34:00
10592,473,11,view_resource,124,2026-02-01 07:40:00
10593,474,1,view_resource,302,2026-01-12 22:17:00
10594,474,2,view_resource,478,2026-01-13 20:14:00
10595,474,3,search_topic,167,2026-01-14 08:37:00
10596,474,4,complete_lesson,333,2026-01-16 06:39:00
10597,474,4,complete_lesson,83,2026-01-16 16:14:00
10598,474,5,view_resource,411,2026-01-17 03:11:00
10599,474,6,complete_lesson,557,2026-01-17 14:03:00
10600,474,6,view_resource,352,2026-01-19 12:14:00
10601,474,7,complete_lesson,572,2026-01-19 16:44:00
10602,474,8,complete_lesson,382,2026-01-21 15:34:00
10603,474,9,complete_lesson,188,2026-01-22 15:13:00
10604,474,10,view_resource,63,2026-01-23 18:17:00
10605,474,10,complete_lesson,70,2026-01-25 05:00:00
10606,474,11,complete_lesson,479,2026-01-27 00:25:00
10607,474,12,complete_lesson,384,2026-01-27 22:21:00
10608,475,1,search_topic,68,2026-01-26 02:47:00
10609,475,2,complete_lesson,527,2026-01-27 23:01:00
10610,475,3,view_resource,584,2026-01-29 04:30:00
10611,475,4,complete_lesson,284,2026-01-30 10:32:00
10612,475,5,view_resource,172,2026-01-30 15:00:00
10613,475,5,view_resource,312,2026-01-30 23:12:00
10614,475,5,search_topic,477,2026-02-01 13:23:00
10615,475,6,search_topic,187,2026-02-02 05:28:00
10616,475,7,search_topic,74,2026-02-02 20:34:00
10617,475,8,view_resource,482,2026-02-03 20:00:00
10618,475,9,search_topic,449,2026-02-04 16:02:00
10619,475,10,complete_lesson,513,2026-02-06 13:50:00
10620,475,11,view_resource,235,2026-02-07 16:24:00
10621,475,12,complete_lesson,165,2026-02-08 17:48:00
10622,475,13,complete_lesson,294,2026-02-10 00:16:00
10623,475,14,complete_lesson,322,2026-02-11 13:03:00
10624,476,1,search_topic,565,2026-01-22 23:09:00
10625,476,2,search_topic,223,2026-01-23 20:22:00
10626,476,3,view_resource,165,2026-01-24 00:29:00
10627,476,4,search_topic,555,2026-01-25 00:05:00
10628,476,5,view_resource,516,2026-01-26 12:11:00
10629,476,6,view_resource,93,2026-01-28 04:35:00
10630,476,7,search_topic,583,2026-01-29 06:44:00
10631,476,8,view_resource,351,2026-01-29 16:32:00
10632,476,8,search_topic,126,2026-01-31 09:37:00
10633,476,8,search_topic,87,2026-02-01 05:23:00
10634,476,9,complete_lesson,277,2026-02-02 19:24:00
10635,476,9,complete_lesson,465,2026-02-03 03:13:00
10636,476,9,complete_lesson,185,2026-02-04 07:42:00
10637,476,10,complete_lesson,394,2026-02-05 17:05:00
10638,476,11,view_resource,574,2026-02-06 01:13:00
10639,476,11,search_topic,494,2026-02-06 23:36:00
10640,476,11,complete_lesson,440,2026-02-07 07:42:00
10641,476,12,view_resource,389,2026-02-08 18:03:00
10642,476,12,view_resource,493,2026-02-09 17:08:00
10643,476,13,view_resource,384,2026-02-10 02:41:00
10644,476,14,search_topic,501,2026-02-11 20:14:00
10645,476,15,view_resource,112,2026-02-13 09:21:00
10646,476,16,view_resource,309,2026-02-14 14:19:00
10647,476,17,search_topic,552,2026-02-15 11:48:00
10648,476,17,view_resource,304,2026-02-16 04:46:00
10649,477,1,view_resource,131,2026-01-21 10:16:00
10650,477,2,complete_lesson,414,2026-01-23 05:26:00
10651,477,3,view_resource,105,2026-01-23 23:41:00
10652,477,4,search_topic,415,2026-01-24 15:33:00
10653,477,5,complete_lesson,317,2026-01-25 09:19:00
10654,477,6,search_topic,380,2026-01-25 21:10:00
10655,477,7,complete_lesson,354,2026-01-26 15:14:00
10656,477,8,complete_lesson,479,2026-01-27 22:33:00
10657,477,9,search_topic,285,2026-01-28 15:34:00
10658,477,10,complete_lesson,595,2026-01-30 00:48:00
10659,477,11,view_resource,474,2026-01-31 07:47:00
10660,478,1,search_topic,218,2026-01-12 07:05:00
10661,478,2,view_resource,298,2026-01-14 02:39:00
10662,478,3,complete_lesson,385,2026-01-16 02:43:00
10663,478,4,view_resource,587,2026-01-17 04:41:00
10664,478,4,view_resource,448,2026-01-17 18:02:00
10665,478,5,search_topic,455,2026-01-18 15:47:00
10666,478,6,complete_lesson,208,2026-01-19 14:26:00
10667,478,7,search_topic,573,2026-01-21 08:27:00
10668,478,8,search_topic,536,2026-01-22 06:46:00
10669,478,9,view_resource,568,2026-01-24 01:25:00
10670,478,9,complete_lesson,591,2026-01-25 07:03:00
10671,478,9,complete_lesson,167,2026-01-25 11:17:00
10672,478,10,view_resource,210,2026-01-25 20:39:00
10673,478,11,complete_lesson,377,2026-01-27 04:09:00
10674,478,12,search_topic,336,2026-01-28 21:39:00
10675,478,12,search_topic,384,2026-01-29 07:37:00
10676,478,13,search_topic,316,2026-01-30 03:39:00
10677,479,1,view_resource,422,2026-02-01 15:35:00
10678,479,1,search_topic,289,2026-02-02 00:49:00
10679,479,2,view_resource,391,2026-02-02 18:11:00
10680,479,3,view_resource,536,2026-02-04 18:44:00
10681,479,4,complete_lesson,482,2026-02-05 18:13:00
10682,479,5,complete_lesson,174,2026-02-06 17:11:00
10683,479,5,complete_lesson,147,2026-02-08 11:12:00
10684,479,5,view_resource,305,2026-02-10 01:36:00
10685,479,6,complete_lesson,466,2026-02-11 23:46:00
10686,479,7,view_resource,514,2026-02-12 11:11:00
10687,479,8,view_resource,106,2026-02-14 09:15:00
10688,479,8,complete_lesson,129,2026-02-15 11:22:00
10689,479,9,view_resource,177,2026-02-17 02:45:00
10690,479,10,view_resource,391,2026-02-17 21:09:00
10691,479,10,complete_lesson,84,2026-02-19 02:10:00
10692,479,10,view_resource,71,2026-02-20 03:47:00
10693,479,11,view_resource,570,2026-02-21 19:30:00
10694,479,12,view_resource,225,2026-02-23 01:29:00
10695,479,12,complete_lesson,255,2026-02-23 05:45:00
10696,479,12,search_topic,331,2026-02-23 17:41:00
10697,479,13,complete_lesson,220,2026-02-25 06:01:00
10698,479,14,view_resource,518,2026-02-26 17:38:00
10699,479,15,view_resource,170,2026-02-28 12:09:00
10700,479,15,search_topic,223,2026-03-02 00:08:00
10701,479,15,view_resource,528,2026-03-03 17:33:00
10702,479,16,view_resource,199,2026-03-05 02:45:00
10703,479,16,view_resource,384,2026-03-07 00:27:00
10704,479,16,view_resource,254,2026-03-08 07:22:00
10705,479,17,search_topic,556,2026-03-08 19:04:00
10706,480,1,complete_lesson,489,2026-01-25 17:49:00
10707,480,1,view_resource,417,2026-01-26 20:49:00
10708,480,1,view_resource,398,2026-01-27 08:50:00
10709,480,2,search_topic,593,2026-01-29 06:40:00
10710,480,3,search_topic,421,2026-01-29 13:09:00
10711,480,4,complete_lesson,505,2026-01-30 02:14:00
10712,480,5,view_resource,256,2026-01-31 01:22:00
10713,480,5,view_resource,249,2026-01-31 15:07:00
10714,480,6,view_resource,85,2026-01-31 20:50:00
10715,480,7,view_resource,571,2026-02-01 17:04:00
10716,480,8,complete_lesson,240,2026-02-02 05:33:00
10717,480,9,complete_lesson,329,2026-02-03 14:32:00
10718,480,10,search_topic,436,2026-02-05 10:14:00
10719,480,11,complete_lesson,417,2026-02-07 01:14:00
10720,480,11,complete_lesson,504,2026-02-08 05:01:00
10721,480,12,view_resource,85,2026-02-09 21:50:00
10722,480,12,complete_lesson,155,2026-02-11 09:47:00
10723,480,12,search_topic,172,2026-02-12 16:25:00
10724,480,13,complete_lesson,455,2026-02-13 07:07:00
10725,480,13,complete_lesson,452,2026-02-14 05:08:00
10726,480,13,complete_lesson,71,2026-02-16 03:39:00
10727,480,14,complete_lesson,141,2026-02-18 00:35:00
10728,480,15,search_topic,291,2026-02-18 11:32:00
10729,481,1,view_resource,355,2026-01-27 21:06:00
10730,481,1,complete_lesson,387,2026-01-28 20:36:00
10731,481,1,complete_lesson,338,2026-01-30 04:11:00
10732,481,2,search_topic,72,2026-01-31 03:39:00
10733,481,3,search_topic,509,2026-02-01 17:26:00
10734,481,4,search_topic,594,2026-02-03 17:12:00
10735,481,5,view_resource,440,2026-02-05 06:21:00
10736,481,6,search_topic,104,2026-02-06 18:17:00
10737,481,7,view_resource,224,2026-02-07 22:34:00
10738,481,8,complete_lesson,335,2026-02-08 17:12:00
10739,481,8,complete_lesson,234,2026-02-10 01:40:00
10740,481,8,view_resource,383,2026-02-11 13:25:00
10741,481,9,search_topic,198,2026-02-13 00:48:00
10742,481,10,view_resource,566,2026-02-13 07:27:00
10743,481,11,search_topic,578,2026-02-14 17:31:00
10744,481,12,complete_lesson,480,2026-02-15 20:49:00
10745,481,13,search_topic,542,2026-02-17 06:27:00
10746,481,13,search_topic,144,2026-02-17 22:16:00
10747,481,14,complete_lesson,347,2026-02-19 20:18:00
10748,481,14,view_resource,143,2026-02-20 16:06:00
10749,481,14,search_topic,112,2026-02-22 06:27:00
10750,481,15,search_topic,61,2026-02-23 14:30:00
10751,482,1,view_resource,555,2026-01-13 20:05:00
10752,482,2,view_resource,481,2026-01-15 00:15:00
10753,482,3,view_resource,369,2026-01-16 03:42:00
10754,482,3,search_topic,84,2026-01-16 18:33:00
10755,482,3,complete_lesson,571,2026-01-17 17:04:00
10756,482,4,search_topic,93,2026-01-19 00:41:00
10757,482,4,view_resource,322,2026-01-19 04:45:00
10758,482,4,search_topic,480,2026-01-19 17:06:00
10759,482,5,search_topic,231,2026-01-20 05:07:00
10760,482,6,complete_lesson,203,2026-01-21 05:17:00
10761,482,6,search_topic,445,2026-01-23 05:43:00
10762,482,6,complete_lesson,563,2026-01-23 17:25:00
10763,482,7,search_topic,276,2026-01-24 08:01:00
10764,482,8,search_topic,418,2026-01-25 20:41:00
10765,482,9,search_topic,174,2026-01-26 00:01:00
10766,482,10,complete_lesson,453,2026-01-27 19:32:00
10767,482,10,search_topic,524,2026-01-29 11:11:00
10768,482,10,search_topic,132,2026-01-30 00:45:00
10769,482,11,complete_lesson,451,2026-01-30 09:25:00
10770,482,11,complete_lesson,288,2026-02-01 07:08:00
10771,482,11,complete_lesson,575,2026-02-01 16:09:00
10772,482,12,search_topic,370,2026-02-03 16:18:00
10773,482,12,view_resource,496,2026-02-04 16:36:00
10774,482,12,search_topic,582,2026-02-05 17:02:00
10775,482,13,search_topic,261,2026-02-06 14:01:00
10776,482,13,view_resource,375,2026-02-07 06:21:00
10777,482,14,complete_lesson,400,2026-02-07 22:31:00
10778,482,15,complete_lesson,289,2026-02-08 07:41:00
10779,482,15,search_topic,223,2026-02-08 11:49:00
10780,482,16,search_topic,506,2026-02-10 08:44:00
10781,483,1,search_topic,594,2026-01-18 08:27:00
10782,483,2,search_topic,67,2026-01-18 21:37:00
10783,483,3,view_resource,554,2026-01-19 10:03:00
10784,483,4,complete_lesson,220,2026-01-20 13:46:00
10785,483,5,search_topic,175,2026-01-22 04:47:00
10786,483,5,view_resource,81,2026-01-23 04:35:00
10787,483,6,view_resource,144,2026-01-24 08:31:00
10788,483,7,view_resource,342,2026-01-26 03:50:00
10789,483,7,view_resource,419,2026-01-26 13:07:00
10790,483,7,search_topic,406,2026-01-26 17:13:00
10791,483,8,search_topic,152,2026-01-27 14:35:00
10792,483,8,complete_lesson,152,2026-01-28 17:07:00
10793,483,8,complete_lesson,206,2026-01-30 14:21:00
10794,483,9,view_resource,254,2026-01-30 23:23:00
10795,483,10,search_topic,417,2026-02-01 02:10:00
10796,483,11,complete_lesson,121,2026-02-02 20:16:00
10797,483,12,search_topic,503,2026-02-04 01:39:00
10798,483,12,complete_lesson,89,2026-02-05 04:09:00
10799,483,13,search_topic,333,2026-02-06 20:27:00
10800,484,1,search_topic,498,2026-01-28 09:49:00
10801,484,1,search_topic,88,2026-01-30 07:29:00
10802,484,2,complete_lesson,534,2026-01-31 17:19:00
10803,484,3,complete_lesson,586,2026-02-02 13:15:00
10804,484,4,view_resource,457,2026-02-03 02:29:00
10805,484,4,view_resource,235,2026-02-03 06:37:00
10806,484,4,search_topic,296,2026-02-04 09:23:00
10807,484,5,view_resource,210,2026-02-06 04:01:00
10808,484,6,complete_lesson,250,2026-02-06 17:41:00
10809,484,7,search_topic,141,2026-02-07 03:48:00
10810,484,8,search_topic,553,2026-02-08 04:00:00
10811,484,9,search_topic,514,2026-02-09 19:50:00
10812,484,10,view_resource,600,2026-02-10 20:15:00
10813,484,11,view_resource,297,2026-02-11 06:25:00
10814,484,12,complete_lesson,133,2026-02-12 00:40:00
10815,484,13,complete_lesson,315,2026-02-12 12:06:00
10816,484,13,complete_lesson,446,2026-02-13 10:12:00
10817,484,14,view_resource,513,2026-02-14 00:13:00
10818,484,15,complete_lesson,334,2026-02-15 23:25:00
10819,484,15,view_resource,318,2026-02-16 03:13:00
10820,484,15,search_topic,223,2026-02-16 17:47:00
10821,484,16,search_topic,561,2026-02-17 16:17:00
10822,484,17,complete_lesson,284,2026-02-17 22:50:00
10823,485,1,view_resource,135,2026-01-03 04:47:00
10824,485,1,view_resource,422,2026-01-04 14:02:00
10825,485,2,search_topic,275,2026-01-05 04:01:00
10826,485,3,search_topic,243,2026-01-06 00:26:00
10827,485,4,search_topic,402,2026-01-06 23:11:00
10828,485,5,complete_lesson,320,2026-01-08 04:04:00
10829,485,5,search_topic,307,2026-01-09 12:09:00
10830,485,6,view_resource,365,2026-01-10 03:39:00
10831,485,7,view_resource,519,2026-01-10 11:43:00
10832,485,8,view_resource,558,2026-01-10 23:43:00
10833,485,9,complete_lesson,558,2026-01-11 16:47:00
10834,485,9,view_resource,341,2026-01-12 17:35:00
10835,485,10,search_topic,187,2026-01-14 01:08:00
10836,485,11,view_resource,290,2026-01-14 22:42:00
10837,485,12,search_topic,361,2026-01-15 23:42:00
10838,485,13,complete_lesson,202,2026-01-17 17:24:00
10839,485,14,view_resource,147,2026-01-18 09:39:00
10840,485,15,complete_lesson,163,2026-01-20 09:23:00
10841,485,16,view_resource,130,2026-01-22 03:25:00
10842,485,16,complete_lesson,285,2026-01-22 14:33:00
10843,485,16,complete_lesson,465,2026-01-24 06:34:00
10844,485,17,search_topic,398,2026-01-24 21:04:00
10845,485,17,complete_lesson,79,2026-01-25 10:33:00
10846,485,17,search_topic,266,2026-01-27 06:08:00
10847,485,18,complete_lesson,487,2026-01-28 06:38:00
10848,485,19,search_topic,478,2026-01-29 03:21:00
10849,485,20,view_resource,417,2026-01-29 14:14:00
10850,486,1,view_resource,167,2026-01-31 21:20:00
10851,486,2,complete_lesson,316,2026-02-02 21:21:00
10852,486,3,view_resource,398,2026-02-04 01:21:00
10853,486,4,view_resource,327,2026-02-04 11:02:00
10854,486,5,search_topic,508,2026-02-04 23:17:00
10855,486,6,complete_lesson,243,2026-02-05 18:41:00
10856,486,7,complete_lesson,283,2026-02-07 08:40:00
10857,486,7,search_topic,457,2026-02-08 08:47:00
10858,486,8,complete_lesson,578,2026-02-10 02:12:00
10859,486,9,view_resource,322,2026-02-11 14:07:00
10860,486,10,view_resource,561,2026-02-12 22:46:00
10861,486,11,view_resource,441,2026-02-13 18:35:00
10862,486,11,view_resource,501,2026-02-15 17:08:00
10863,486,11,view_resource,503,2026-02-15 21:36:00
10864,486,12,complete_lesson,507,2026-02-17 01:34:00
10865,486,13,complete_lesson,399,2026-02-18 02:26:00
10866,486,14,search_topic,540,2026-02-19 09:07:00
10867,486,14,view_resource,60,2026-02-21 03:33:00
10868,486,15,search_topic,480,2026-02-23 03:03:00
10869,486,16,complete_lesson,224,2026-02-23 14:50:00
10870,486,16,search_topic,125,2026-02-24 19:11:00
10871,486,17,complete_lesson,363,2026-02-24 23:18:00
10872,486,17,view_resource,149,2026-02-26 17:43:00
10873,487,1,complete_lesson,258,2026-01-09 23:17:00
10874,487,2,search_topic,589,2026-01-11 08:38:00
10875,487,3,search_topic,285,2026-01-12 18:41:00
10876,487,4,complete_lesson,497,2026-01-14 05:16:00
10877,487,4,complete_lesson,332,2026-01-15 15:35:00
10878,487,4,search_topic,563,2026-01-16 23:04:00
10879,487,5,search_topic,181,2026-01-17 09:24:00
10880,487,6,view_resource,447,2026-01-19 09:37:00
10881,487,7,complete_lesson,103,2026-01-21 09:30:00
10882,487,8,complete_lesson,116,2026-01-23 06:33:00
10883,487,8,view_resource,321,2026-01-25 00:43:00
10884,487,9,complete_lesson,231,2026-01-26 15:26:00
10885,487,10,view_resource,565,2026-01-28 10:38:00
10886,487,11,complete_lesson,581,2026-01-30 10:46:00
10887,487,12,complete_lesson,567,2026-01-31 20:03:00
10888,487,13,complete_lesson,567,2026-02-01 11:48:00
10889,487,14,complete_lesson,377,2026-02-03 03:47:00
10890,487,15,view_resource,524,2026-02-04 14:35:00
10891,487,16,complete_lesson,203,2026-02-06 03:29:00
10892,487,17,view_resource,364,2026-02-06 18:47:00
10893,487,18,view_resource,512,2026-02-08 16:10:00
10894,487,19,view_resource,598,2026-02-09 20:22:00
10895,488,1,view_resource,77,2026-02-02 05:41:00
10896,488,2,view_resource,206,2026-02-03 19:03:00
10897,488,2,view_resource,333,2026-02-03 23:08:00
10898,488,2,search_topic,61,2026-02-04 16:19:00
10899,488,3,complete_lesson,68,2026-02-06 15:24:00
10900,488,4,search_topic,497,2026-02-07 07:13:00
10901,488,4,view_resource,397,2026-02-09 07:42:00
10902,488,5,search_topic,96,2026-02-10 12:18:00
10903,488,5,search_topic,175,2026-02-12 01:15:00
10904,488,5,search_topic,74,2026-02-13 13:07:00
10905,488,6,view_resource,365,2026-02-14 04:23:00
10906,488,7,view_resource,341,2026-02-15 05:38:00
10907,488,7,view_resource,506,2026-02-15 11:24:00
10908,488,8,complete_lesson,159,2026-02-17 10:00:00
10909,488,9,search_topic,107,2026-02-18 04:23:00
10910,488,10,search_topic,574,2026-02-18 11:49:00
10911,488,11,complete_lesson,196,2026-02-19 23:04:00
10912,488,12,search_topic,135,2026-02-21 00:19:00
10913,488,12,search_topic,581,2026-02-21 09:42:00
10914,488,12,view_resource,514,2026-02-21 22:41:00
10915,488,13,view_resource,81,2026-02-23 19:48:00
10916,488,14,search_topic,545,2026-02-24 18:34:00
10917,488,14,complete_lesson,482,2026-02-26 13:22:00
10918,488,14,view_resource,462,2026-02-26 18:08:00
10919,488,15,complete_lesson,239,2026-02-27 09:03:00
10920,488,16,search_topic,117,2026-03-01 06:41:00
10921,488,16,search_topic,573,2026-03-02 19:16:00
10922,488,17,view_resource,583,2026-03-04 05:37:00
10923,488,18,complete_lesson,380,2026-03-06 05:09:00
10924,488,18,search_topic,550,2026-03-07 00:40:00
10925,488,18,complete_lesson,160,2026-03-08 23:15:00
10926,488,19,view_resource,485,2026-03-10 17:13:00
10927,489,1,complete_lesson,489,2026-01-25 19:10:00
10928,489,2,complete_lesson,66,2026-01-26 04:33:00
10929,489,3,search_topic,406,2026-01-27 07:30:00
10930,489,4,view_resource,354,2026-01-27 17:25:00
10931,489,4,search_topic,108,2026-01-28 13:22:00
10932,489,4,view_resource,571,2026-01-30 03:47:00
10933,489,5,view_resource,241,2026-01-31 19:39:00
10934,489,6,complete_lesson,213,2026-01-31 23:38:00
10935,489,7,view_resource,301,2026-02-01 10:42:00
10936,489,8,search_topic,155,2026-02-02 18:18:00
10937,489,9,view_resource,193,2026-02-04 12:49:00
10938,489,10,complete_lesson,98,2026-02-05 10:37:00
10939,489,11,search_topic,476,2026-02-06 06:08:00
10940,489,11,view_resource,181,2026-02-07 15:03:00
10941,489,11,view_resource,236,2026-02-08 13:11:00
10942,489,12,search_topic,564,2026-02-09 04:01:00
10943,489,13,complete_lesson,508,2026-02-09 10:43:00
10944,490,1,search_topic,598,2026-01-14 03:08:00
10945,490,2,search_topic,563,2026-01-15 23:01:00
10946,490,3,complete_lesson,564,2026-01-16 06:37:00
10947,490,3,view_resource,120,2026-01-16 18:28:00
10948,490,3,search_topic,513,2026-01-18 00:41:00
10949,490,4,search_topic,588,2026-01-18 10:34:00
10950,490,4,view_resource,498,2026-01-19 11:50:00
10951,490,4,search_topic,100,2026-01-20 09:11:00
10952,490,5,search_topic,200,2026-01-21 20:12:00
10953,490,6,search_topic,210,2026-01-22 18:06:00
10954,490,7,search_topic,123,2026-01-24 08:42:00
10955,490,7,search_topic,443,2026-01-25 08:18:00
10956,490,8,search_topic,491,2026-01-25 21:23:00
10957,490,8,search_topic,390,2026-01-26 20:07:00
10958,490,9,complete_lesson,295,2026-01-28 10:12:00
10959,490,10,search_topic,434,2026-01-29 02:40:00
10960,490,11,complete_lesson,533,2026-01-29 11:03:00
10961,490,12,complete_lesson,166,2026-01-30 01:35:00
10962,490,13,search_topic,277,2026-01-31 13:26:00
10963,490,14,view_resource,291,2026-02-01 10:28:00
10964,490,14,view_resource,445,2026-02-02 15:34:00
10965,490,15,complete_lesson,519,2026-02-04 13:12:00
10966,490,15,view_resource,254,2026-02-05 09:42:00
10967,490,15,complete_lesson,259,2026-02-06 12:20:00
10968,490,16,view_resource,505,2026-02-08 01:24:00
10969,490,16,complete_lesson,282,2026-02-10 01:15:00
10970,490,16,complete_lesson,158,2026-02-10 13:37:00
10971,491,1,complete_lesson,150,2026-01-08 19:37:00
10972,491,2,complete_lesson,255,2026-01-10 02:00:00
10973,491,3,search_topic,469,2026-01-11 12:47:00
10974,491,4,complete_lesson,351,2026-01-13 11:33:00
10975,491,5,complete_lesson,306,2026-01-14 17:42:00
10976,491,6,complete_lesson,576,2026-01-16 13:20:00
10977,491,7,view_resource,366,2026-01-17 02:21:00
10978,491,8,complete_lesson,147,2026-01-18 15:20:00
10979,491,9,complete_lesson,175,2026-01-19 20:18:00
10980,491,9,search_topic,421,2026-01-20 13:26:00
10981,491,9,view_resource,494,2026-01-21 11:30:00
10982,491,10,complete_lesson,241,2026-01-22 14:38:00
10983,491,10,view_resource,387,2026-01-23 06:44:00
10984,491,10,view_resource,85,2026-01-24 12:24:00
10985,492,1,search_topic,410,2026-01-04 19:48:00
10986,492,2,view_resource,460,2026-01-05 20:21:00
10987,492,3,search_topic,453,2026-01-06 23:39:00
10988,492,4,search_topic,129,2026-01-07 03:38:00
10989,492,5,search_topic,242,2026-01-07 13:09:00
10990,492,6,search_topic,203,2026-01-08 12:19:00
10991,492,7,search_topic,242,2026-01-10 01:07:00
10992,492,8,complete_lesson,74,2026-01-10 16:38:00
10993,492,9,search_topic,302,2026-01-11 11:37:00
10994,492,10,view_resource,195,2026-01-12 20:05:00
10995,492,11,search_topic,588,2026-01-13 22:31:00
10996,492,12,view_resource,339,2026-01-14 11:42:00
10997,492,12,search_topic,100,2026-01-14 16:45:00
10998,492,12,search_topic,161,2026-01-16 12:17:00
10999,492,13,complete_lesson,344,2026-01-17 14:32:00
11000,492,13,search_topic,260,2026-01-19 09:38:00
11001,493,1,view_resource,100,2026-01-09 15:31:00
11002,493,2,view_resource,477,2026-01-09 22:38:00
11003,493,2,view_resource,502,2026-01-11 07:23:00
11004,493,2,search_topic,226,2026-01-11 18:39:00
11005,493,3,complete_lesson,157,2026-01-12 08:24:00
11006,493,4,view_resource,308,2026-01-13 08:37:00
11007,493,5,view_resource,142,2026-01-13 16:48:00
11008,493,6,view_resource,170,2026-01-15 12:34:00
11009,493,7,search_topic,338,2026-01-17 08:46:00
11010,493,7,complete_lesson,375,2026-01-18 09:26:00
11011,493,8,complete_lesson,505,2026-01-19 17:30:00
11012,493,9,view_resource,361,2026-01-21 09:09:00
11013,493,10,complete_lesson,200,2026-01-22 07:31:00
11014,493,11,search_topic,528,2026-01-23 18:38:00
11015,493,12,search_topic,422,2026-01-24 20:24:00
11016,493,13,search_topic,261,2026-01-26 06:40:00
11017,493,14,complete_lesson,383,2026-01-26 23:23:00
11018,493,14,view_resource,122,2026-01-28 22:32:00
11019,494,1,search_topic,209,2026-01-17 18:22:00
11020,494,2,view_resource,149,2026-01-18 05:11:00
11021,494,3,view_resource,215,2026-01-18 17:34:00
11022,494,3,complete_lesson,323,2026-01-19 05:03:00
11023,494,3,complete_lesson,183,2026-01-19 18:39:00
11024,494,4,search_topic,72,2026-01-19 23:50:00
11025,494,5,search_topic,340,2026-01-20 12:33:00
11026,494,6,complete_lesson,348,2026-01-21 13:10:00
11027,494,7,search_topic,72,2026-01-22 15:48:00
11028,494,8,search_topic,319,2026-01-23 16:31:00
11029,494,9,view_resource,263,2026-01-25 08:38:00
11030,494,10,view_resource,590,2026-01-25 17:39:00
11031,494,11,complete_lesson,170,2026-01-26 06:02:00
11032,494,12,view_resource,586,2026-01-28 02:48:00
11033,494,13,search_topic,369,2026-01-29 23:19:00
11034,494,14,complete_lesson,328,2026-01-30 06:11:00
11035,494,15,search_topic,437,2026-01-31 00:27:00
11036,494,15,complete_lesson,533,2026-01-31 18:09:00
11037,494,15,view_resource,406,2026-02-01 13:22:00
11038,495,1,view_resource,493,2026-01-31 16:38:00
11039,495,2,search_topic,74,2026-02-02 10:42:00
11040,495,3,complete_lesson,310,2026-02-02 16:29:00
11041,495,3,view_resource,191,2026-02-03 04:14:00
11042,495,4,search_topic,600,2026-02-03 18:04:00
11043,495,5,view_resource,591,2026-02-04 03:44:00
11044,495,5,search_topic,445,2026-02-04 17:02:00
11045,495,6,view_resource,487,2026-02-05 00:00:00
11046,495,7,complete_lesson,586,2026-02-06 13:22:00
11047,495,7,complete_lesson,535,2026-02-08 02:46:00
11048,495,7,view_resource,308,2026-02-08 10:38:00
11049,495,8,complete_lesson,553,2026-02-09 18:37:00
11050,495,9,search_topic,145,2026-02-10 07:25:00
11051,495,10,search_topic,154,2026-02-11 21:49:00
11052,495,11,search_topic,101,2026-02-13 04:10:00
11053,495,12,complete_lesson,269,2026-02-13 22:46:00
11054,495,13,search_topic,589,2026-02-14 14:29:00
11055,495,13,complete_lesson,293,2026-02-16 02:09:00
11056,495,13,complete_lesson,295,2026-02-16 17:36:00
11057,495,14,view_resource,319,2026-02-17 06:41:00
11058,495,15,view_resource,491,2026-02-19 01:04:00
11059,495,15,view_resource,158,2026-02-20 13:35:00
11060,495,15,search_topic,522,2026-02-22 00:03:00
11061,495,16,complete_lesson,216,2026-02-23 09:18:00
11062,495,17,complete_lesson,79,2026-02-25 08:47:00
11063,495,17,view_resource,596,2026-02-25 16:50:00
11064,495,18,complete_lesson,473,2026-02-26 04:03:00
11065,495,18,complete_lesson,293,2026-02-26 21:14:00
11066,495,18,search_topic,217,2026-02-28 14:00:00
11067,495,19,view_resource,298,2026-03-01 06:41:00
11068,495,20,search_topic,327,2026-03-01 12:48:00
11069,495,20,complete_lesson,269,2026-03-01 19:14:00
11070,495,20,view_resource,298,2026-03-02 13:12:00
11071,496,1,view_resource,111,2026-01-19 05:37:00
11072,496,2,search_topic,156,2026-01-19 19:15:00
11073,496,3,complete_lesson,407,2026-01-20 17:50:00
11074,496,4,complete_lesson,428,2026-01-22 08:27:00
11075,496,5,complete_lesson,346,2026-01-23 01:30:00
11076,496,6,complete_lesson,489,2026-01-23 20:32:00
11077,496,7,search_topic,448,2026-01-24 13:47:00
11078,496,8,view_resource,183,2026-01-26 10:00:00
11079,496,9,complete_lesson,86,2026-01-27 03:15:00
11080,496,10,complete_lesson,374,2026-01-27 23:13:00
11081,496,11,complete_lesson,174,2026-01-29 09:08:00
11082,496,12,complete_lesson,291,2026-01-31 06:21:00
11083,496,13,view_resource,434,2026-02-01 17:43:00
11084,496,13,complete_lesson,575,2026-02-01 23:16:00
11085,496,14,complete_lesson,326,2026-02-02 07:08:00
11086,496,15,search_topic,538,2026-02-03 00:11:00
11087,496,15,search_topic,438,2026-02-04 10:28:00
11088,496,16,complete_lesson,213,2026-02-04 23:32:00
11089,496,17,search_topic,68,2026-02-06 05:40:00
11090,496,18,complete_lesson,339,2026-02-06 15:27:00
11091,496,18,complete_lesson,411,2026-02-06 23:30:00
11092,496,19,search_topic,215,2026-02-07 16:45:00
11093,497,1,view_resource,423,2026-01-11 02:25:00
11094,497,2,search_topic,361,2026-01-11 06:36:00
11095,497,3,complete_lesson,72,2026-01-12 03:06:00
11096,497,3,search_topic,499,2026-01-13 18:16:00
11097,497,4,search_topic,160,2026-01-15 16:23:00
11098,497,5,search_topic,207,2026-01-16 19:15:00
11099,497,6,view_resource,404,2026-01-17 00:04:00
11100,497,7,complete_lesson,539,2026-01-18 06:19:00
11101,497,7,view_resource,505,2026-01-19 21:21:00
11102,497,7,view_resource,122,2026-01-21 01:10:00
11103,497,8,view_resource,106,2026-01-23 01:40:00
11104,497,9,complete_lesson,198,2026-01-24 01:32:00
11105,497,9,view_resource,92,2026-01-25 00:36:00
11106,497,10,complete_lesson,289,2026-01-26 09:47:00
11107,497,10,search_topic,80,2026-01-27 11:30:00
11108,497,11,view_resource,468,2026-01-28 00:21:00
11109,497,12,complete_lesson,404,2026-01-29 12:29:00
11110,497,13,search_topic,177,2026-01-30 17:22:00
11111,497,14,search_topic,154,2026-02-01 17:14:00
11112,497,14,complete_lesson,528,2026-02-01 21:12:00
11113,497,15,complete_lesson,592,2026-02-03 18:32:00
11114,497,16,view_resource,249,2026-02-04 21:01:00
11115,497,17,complete_lesson,579,2026-02-06 18:43:00
11116,497,17,search_topic,408,2026-02-08 15:48:00
11117,497,17,view_resource,170,2026-02-09 20:36:00
11118,498,1,view_resource,592,2026-01-23 11:25:00
11119,498,2,view_resource,252,2026-01-25 08:05:00
11120,498,3,view_resource,530,2026-01-27 08:49:00
11121,498,4,view_resource,151,2026-01-28 19:04:00
11122,498,5,search_topic,207,2026-01-29 01:19:00
11123,498,6,view_resource,187,2026-01-30 21:44:00
11124,498,7,search_topic,65,2026-02-01 11:09:00
11125,498,8,complete_lesson,179,2026-02-03 05:44:00
11126,498,9,complete_lesson,323,2026-02-04 12:39:00
11127,498,10,search_topic,140,2026-02-05 19:02:00
11128,498,11,view_resource,516,2026-02-06 19:16:00
11129,499,1,complete_lesson,216,2026-01-18 08:26:00
11130,499,1,search_topic,335,2026-01-19 23:18:00
11131,499,1,complete_lesson,113,2026-01-20 18:25:00
11132,499,2,view_resource,395,2026-01-21 16:45:00
11133,499,2,view_resource,60,2026-01-23 09:11:00
11134,499,2,complete_lesson,195,2026-01-24 19:33:00
11135,499,3,complete_lesson,439,2026-01-25 11:49:00
11136,499,4,search_topic,395,2026-01-26 04:24:00
11137,499,5,search_topic,407,2026-01-27 01:12:00
11138,499,6,complete_lesson,600,2026-01-28 08:32:00
11139,499,7,search_topic,200,2026-01-29 20:41:00
11140,499,7,complete_lesson,360,2026-01-31 10:10:00
11141,499,7,view_resource,579,2026-02-01 02:09:00
11142,499,8,complete_lesson,92,2026-02-02 03:26:00
11143,499,8,complete_lesson,113,2026-02-03 16:50:00
11144,499,8,complete_lesson,538,2026-02-05 15:06:00
11145,499,9,view_resource,170,2026-02-07 10:46:00
11146,499,10,search_topic,108,2026-02-07 23:03:00
11147,499,10,view_resource,65,2026-02-09 01:09:00
11148,499,10,search_topic,526,2026-02-11 01:50:00
11149,499,11,view_resource,156,2026-02-11 07:50:00
11150,499,11,view_resource,552,2026-02-12 08:06:00
11151,499,12,search_topic,275,2026-02-13 04:27:00
11152,499,13,view_resource,194,2026-02-14 01:06:00
11153,499,13,complete_lesson,430,2026-02-14 12:06:00
11154,499,14,search_topic,369,2026-02-16 04:37:00
11155,499,15,complete_lesson,183,2026-02-16 13:30:00
11156,499,16,view_resource,267,2026-02-18 13:23:00
11157,500,1,view_resource,529,2026-01-10 14:50:00
11158,500,2,search_topic,316,2026-01-11 21:50:00
11159,500,3,search_topic,530,2026-01-13 21:13:00
11160,500,4,view_resource,471,2026-01-14 11:42:00
11161,500,5,view_resource,258,2026-01-16 05:41:00
11162,500,5,view_resource,422,2026-01-16 23:50:00
11163,500,6,complete_lesson,519,2026-01-17 06:25:00
11164,500,7,complete_lesson,86,2026-01-19 03:38:00
11165,500,8,complete_lesson,414,2026-01-19 23:24:00
11166,500,8,search_topic,229,2026-01-21 11:20:00
11167,500,9,complete_lesson,503,2026-01-22 21:39:00
11168,500,9,search_topic,589,2026-01-23 22:14:00
11169,500,10,view_resource,447,2026-01-24 05:20:00
