id,student_id,topic_id,text,timestamp
1,1,2,Good topic structure and smooth difficulty curve.,2026-01-07 19:00:00
2,1,4,Struggled with the quiz questions on this topic.,2026-01-08 18:00:00
3,1,7,Need more examples and visual explanations.,2026-01-13 05:00:00
4,1,11,Clear explanation! Really enjoyed this section.,2026-01-16 18:00:00
5,2,3,I had trouble understanding the step-by-step logic.,2026-01-11 16:00:00
6,2,5,Need more examples and visual explanations.,2026-01-17 15:00:00
7,2,8,"Great overview, ready for the next challenge.",2026-01-23 19:00:00
8,2,9,Struggled with the quiz questions on this topic.,2026-01-28 11:00:00
9,2,11,Clear explanation! Really enjoyed this section.,2026-02-02 02:00:00
10,2,12,The prerequisites for this concept were tricky for me.,2026-02-02 07:00:00
11,3,14,Need more examples and visual explanations.,2026-02-03 07:00:00
12,3,18,Need more examples and visual explanations.,2026-02-10 17:00:00
13,4,2,Good topic structure and smooth difficulty curve.,2026-01-24 09:00:00
14,4,3,I felt confused by the math behind this topic.,2026-01-29 01:00:00
15,4,6,Struggled with the quiz questions on this topic.,2026-02-01 09:00:00
16,4,8,Understood everything on the first try.,2026-02-02 16:00:00
17,5,5,The prerequisites for this concept were tricky for me.,2026-02-01 21:00:00
18,5,8,I felt confused by the math behind this topic.,2026-02-06 17:00:00
19,5,12,Understood everything on the first try.,2026-02-12 20:00:00
20,6,3,The examples made this concept easy to understand.,2026-01-14 01:00:00
21,6,5,Clear explanation! Really enjoyed this section.,2026-01-18 18:00:00
22,6,6,"Great overview, ready for the next challenge.",2026-01-23 09:00:00
23,6,7,The prerequisites for this concept were tricky for me.,2026-01-23 18:00:00
24,6,12,The examples made this concept easy to understand.,2026-01-30 13:00:00
25,6,13,Clear explanation! Really enjoyed this section.,2026-01-31 18:00:00
26,6,14,"Great overview, ready for the next challenge.",2026-02-02 16:00:00
27,7,2,Understood everything on the first try.,2026-01-16 18:00:00
28,7,8,Understood everything on the first try.,2026-01-29 20:00:00
29,8,6,"Great overview, ready for the next challenge.",2026-02-10 00:00:00
30,8,10,Struggled with the quiz questions on this topic.,2026-02-16 22:00:00
31,9,7,I had trouble understanding the step-by-step logic.,2026-01-23 15:00:00
32,9,11,Struggled with the quiz questions on this topic.,2026-01-28 20:00:00
33,10,3,I felt confused by the math behind this topic.,2026-02-04 18:00:00
34,10,5,I had trouble understanding the step-by-step logic.,2026-02-11 11:00:00
35,10,10,"Great overview, ready for the next challenge.",2026-02-27 14:00:00
36,10,11,Struggled with the quiz questions on this topic.,2026-02-28 23:00:00
37,10,16,The prerequisites for this concept were tricky for me.,2026-03-11 09:00:00
38,10,18,Need more examples and visual explanations.,2026-03-13 20:00:00
39,11,2,Good topic structure and smooth difficulty curve.,2026-01-24 21:00:00
40,11,3,Understood everything on the first try.,2026-01-28 14:00:00
41,11,12,Understood everything on the first try.,2026-02-06 09:00:00
42,11,18,Good topic structure and smooth difficulty curve.,2026-02-13 04:00:00
43,12,1,Good topic structure and smooth difficulty curve.,2026-01-31 18:00:00
44,12,2,The examples made this concept easy to understand.,2026-02-02 14:00:00
45,12,5,Need more examples and visual explanations.,2026-02-09 10:00:00
46,12,6,Need more examples and visual explanations.,2026-02-13 16:00:00
47,12,8,Good topic structure and smooth difficulty curve.,2026-02-18 17:00:00
48,12,9,The prerequisites for this concept were tricky for me.,2026-02-20 10:00:00
49,12,11,Clear explanation! Really enjoyed this section.,2026-02-22 11:00:00
50,13,2,Struggled with the quiz questions on this topic.,2026-01-31 00:00:00
51,13,4,I felt confused by the math behind this topic.,2026-02-04 19:00:00
52,13,8,The examples made this concept easy to understand.,2026-02-12 07:00:00
53,13,11,"Great overview, ready for the next challenge.",2026-02-17 15:00:00
54,13,17,I had trouble understanding the step-by-step logic.,2026-03-01 01:00:00
55,13,18,The prerequisites for this concept were tricky for me.,2026-03-03 15:00:00
56,13,19,Need more examples and visual explanations.,2026-03-07 04:00:00
57,14,1,"Great overview, ready for the next challenge.",2026-01-23 22:00:00
58,14,3,I felt confused by the math behind this topic.,2026-01-29 02:00:00
59,14,6,Clear explanation! Really enjoyed this section.,2026-02-01 02:00:00
60,14,8,Understood everything on the first try.,2026-02-02 18:00:00
61,14,9,Struggled with the quiz questions on this topic.,2026-02-03 15:00:00
62,14,10,Clear explanation! Really enjoyed this section.,2026-02-04 01:00:00
63,15,8,I had trouble understanding the step-by-step logic.,2026-01-30 15:00:00
64,15,11,Clear explanation! Really enjoyed this section.,2026-02-04 10:00:00
65,15,12,Good topic structure and smooth difficulty curve.,2026-02-04 22:00:00
66,16,1,The examples made this concept easy to understand.,2026-01-31 06:00:00
67,16,7,I had trouble understanding the step-by-step logic.,2026-02-05 04:00:00
68,16,8,"Great overview, ready for the next challenge.",2026-02-06 17:00:00
69,16,9,I had trouble understanding the step-by-step logic.,2026-02-08 17:00:00
70,16,10,Understood everything on the first try.,2026-02-09 13:00:00
71,16,14,I felt confused by the math behind this topic.,2026-02-14 04:00:00
72,16,17,Understood everything on the first try.,2026-02-20 07:00:00
73,16,18,Understood everything on the first try.,2026-02-21 22:00:00
74,16,19,"Great overview, ready for the next challenge.",2026-02-23 14:00:00
75,17,1,The examples made this concept easy to understand.,2026-01-03 23:00:00
76,17,2,Good topic structure and smooth difficulty curve.,2026-01-05 02:00:00
77,17,6,Understood everything on the first try.,2026-01-08 21:00:00
78,17,8,Struggled with the quiz questions on this topic.,2026-01-11 13:00:00
79,17,13,Struggled with the quiz questions on this topic.,2026-01-21 00:00:00
80,17,14,Understood everything on the first try.,2026-01-21 15:00:00
81,18,3,The examples made this concept easy to understand.,2026-02-02 07:00:00
82,18,8,"Great overview, ready for the next challenge.",2026-02-11 14:00:00
83,18,9,Need more examples and visual explanations.,2026-02-11 20:00:00
84,18,14,The prerequisites for this concept were tricky for me.,2026-02-20 05:00:00
85,19,1,"Great overview, ready for the next challenge.",2026-01-31 09:00:00
86,19,8,Need more examples and visual explanations.,2026-02-07 23:00:00
87,19,9,Clear explanation! Really enjoyed this section.,2026-02-08 18:00:00
88,20,1,I felt confused by the math behind this topic.,2026-01-26 01:00:00
89,20,4,"Great overview, ready for the next challenge.",2026-02-01 04:00:00
90,20,5,Understood everything on the first try.,2026-02-02 01:00:00
91,20,16,Good topic structure and smooth difficulty curve.,2026-02-24 15:00:00
92,20,18,Clear explanation! Really enjoyed this section.,2026-02-28 10:00:00
93,21,4,Good topic structure and smooth difficulty curve.,2026-01-15 07:00:00
94,21,7,"Great overview, ready for the next challenge.",2026-01-22 06:00:00
95,22,2,Clear explanation! Really enjoyed this section.,2026-01-31 15:00:00
96,22,4,Clear explanation! Really enjoyed this section.,2026-02-03 21:00:00
97,22,9,The prerequisites for this concept were tricky for me.,2026-02-09 02:00:00
98,23,1,Understood everything on the first try.,2026-01-27 02:00:00
99,23,4,Need more examples and visual explanations.,2026-01-31 02:00:00
100,23,5,Struggled with the quiz questions on this topic.,2026-02-02 11:00:00
101,23,7,Good topic structure and smooth difficulty curve.,2026-02-03 21:00:00
102,23,8,The prerequisites for this concept were tricky for me.,2026-02-05 20:00:00
103,23,9,I felt confused by the math behind this topic.,2026-02-07 06:00:00
104,23,11,Struggled with the quiz questions on this topic.,2026-02-08 23:00:00
105,24,1,Need more examples and visual explanations.,2026-01-16 17:00:00
106,24,2,Good topic structure and smooth difficulty curve.,2026-01-17 20:00:00
107,24,6,Clear explanation! Really enjoyed this section.,2026-01-23 21:00:00
108,24,7,Clear explanation! Really enjoyed this section.,2026-01-25 00:00:00
109,24,11,The examples made this concept easy to understand.,2026-01-29 21:00:00
110,24,12,"Great overview, ready for the next challenge.",2026-01-31 13:00:00
111,24,14,Need more examples and visual explanations.,2026-02-02 17:00:00
112,25,5,I had trouble understanding the step-by-step logic.,2026-01-30 12:00:00
113,25,7,Need more examples and visual explanations.,2026-02-02 10:00:00
114,25,10,I felt confused by the math behind this topic.,2026-02-08 12:00:00
115,26,3,Need more examples and visual explanations.,2026-01-14 13:00:00
116,26,4,Need more examples and visual explanations.,2026-01-15 06:00:00
117,26,8,Need more examples and visual explanations.,2026-01-20 16:00:00
118,26,9,I had trouble understanding the step-by-step logic.,2026-01-22 14:00:00
119,26,11,Good topic structure and smooth difficulty curve.,2026-01-27 02:00:00
120,26,12,"Great overview, ready for the next challenge.",2026-01-28 14:00:00
121,26,13,The prerequisites for this concept were tricky for me.,2026-02-01 09:00:00
122,26,15,The examples made this concept easy to understand.,2026-02-06 14:00:00
123,26,17,"Great overview, ready for the next challenge.",2026-02-07 18:00:00
124,26,19,The examples made this concept easy to understand.,2026-02-09 19:00:00
125,27,1,The examples made this concept easy to understand.,2026-01-11 19:00:00
126,27,9,Need more examples and visual explanations.,2026-01-20 04:00:00
127,27,11,Understood everything on the first try.,2026-01-22 06:00:00
128,27,18,Good topic structure and smooth difficulty curve.,2026-01-31 10:00:00
129,28,1,I had trouble understanding the step-by-step logic.,2026-01-23 02:00:00
130,28,3,Struggled with the quiz questions on this topic.,2026-01-26 06:00:00
131,28,4,Need more examples and visual explanations.,2026-01-27 15:00:00
132,28,6,"Great overview, ready for the next challenge.",2026-02-01 02:00:00
133,28,7,Clear explanation! Really enjoyed this section.,2026-02-02 21:00:00
134,28,10,Need more examples and visual explanations.,2026-02-09 02:00:00
135,29,1,Good topic structure and smooth difficulty curve.,2026-01-21 13:00:00
136,29,6,I felt confused by the math behind this topic.,2026-01-29 14:00:00
137,29,9,Good topic structure and smooth difficulty curve.,2026-02-02 19:00:00
138,29,13,The prerequisites for this concept were tricky for me.,2026-02-11 19:00:00
139,29,15,Understood everything on the first try.,2026-02-12 19:00:00
140,29,17,"Great overview, ready for the next challenge.",2026-02-18 04:00:00
141,29,18,I felt confused by the math behind this topic.,2026-02-20 06:00:00
142,30,4,Clear explanation! Really enjoyed this section.,2026-02-04 10:00:00
143,30,5,Need more examples and visual explanations.,2026-02-06 03:00:00
144,30,8,Understood everything on the first try.,2026-02-10 05:00:00
145,30,10,I had trouble understanding the step-by-step logic.,2026-02-14 03:00:00
146,30,16,Good topic structure and smooth difficulty curve.,2026-02-24 13:00:00
147,31,1,The examples made this concept easy to understand.,2026-02-02 22:00:00
148,31,2,Need more examples and visual explanations.,2026-02-04 05:00:00
149,31,6,"Great overview, ready for the next challenge.",2026-02-13 01:00:00
150,31,7,The examples made this concept easy to understand.,2026-02-17 15:00:00
151,31,8,I felt confused by the math behind this topic.,2026-02-18 01:00:00
152,31,9,"Great overview, ready for the next challenge.",2026-02-19 22:00:00
153,31,17,Good topic structure and smooth difficulty curve.,2026-03-04 11:00:00
154,31,20,Struggled with the quiz questions on this topic.,2026-03-11 11:00:00
155,32,1,Good topic structure and smooth difficulty curve.,2026-01-04 23:00:00
156,32,3,Struggled with the quiz questions on this topic.,2026-01-06 01:00:00
157,32,4,"Great overview, ready for the next challenge.",2026-01-07 05:00:00
158,32,8,The examples made this concept easy to understand.,2026-01-10 19:00:00
159,32,10,"Great overview, ready for the next challenge.",2026-01-12 04:00:00
160,32,15,Understood everything on the first try.,2026-01-17 13:00:00
161,32,16,The prerequisites for this concept were tricky for me.,2026-01-17 19:00:00
162,32,19,Clear explanation! Really enjoyed this section.,2026-01-24 05:00:00
163,33,1,"Great overview, ready for the next challenge.",2026-01-07 20:00:00
164,33,3,Clear explanation! Really enjoyed this section.,2026-01-08 16:00:00
165,33,8,Good topic structure and smooth difficulty curve.,2026-01-17 14:00:00
166,33,10,The examples made this concept easy to understand.,2026-01-22 13:00:00
167,33,12,Need more examples and visual explanations.,2026-01-24 04:00:00
168,33,13,I felt confused by the math behind this topic.,2026-01-25 06:00:00
169,33,14,I had trouble understanding the step-by-step logic.,2026-01-26 09:00:00
170,34,2,The prerequisites for this concept were tricky for me.,2026-01-27 18:00:00
171,34,3,Struggled with the quiz questions on this topic.,2026-01-29 00:00:00
172,34,4,Need more examples and visual explanations.,2026-01-31 18:00:00
173,34,5,I felt confused by the math behind this topic.,2026-02-02 19:00:00
174,34,6,Clear explanation! Really enjoyed this section.,2026-02-04 02:00:00
175,34,10,I had trouble understanding the step-by-step logic.,2026-02-09 21:00:00
176,34,12,The prerequisites for this concept were tricky for me.,2026-02-13 07:00:00
177,34,15,The examples made this concept easy to understand.,2026-02-15 20:00:00
178,34,16,The prerequisites for this concept were tricky for me.,2026-02-16 22:00:00
179,35,1,The prerequisites for this concept were tricky for me.,2026-01-14 03:00:00
180,35,3,I had trouble understanding the step-by-step logic.,2026-01-16 14:00:00
181,35,5,Need more examples and visual explanations.,2026-01-23 20:00:00
182,35,8,Clear explanation! Really enjoyed this section.,2026-01-26 16:00:00
183,35,9,The prerequisites for this concept were tricky for me.,2026-01-27 14:00:00
184,35,10,"Great overview, ready for the next challenge.",2026-01-27 22:00:00
185,35,11,The examples made this concept easy to understand.,2026-01-31 15:00:00
186,36,3,Good topic structure and smooth difficulty curve.,2026-01-10 13:00:00
187,36,4,I felt confused by the math behind this topic.,2026-01-10 20:00:00
188,36,5,Need more examples and visual explanations.,2026-01-12 02:00:00
189,36,6,The prerequisites for this concept were tricky for me.,2026-01-13 18:00:00
190,36,8,Struggled with the quiz questions on this topic.,2026-01-18 17:00:00
191,36,11,Struggled with the quiz questions on this topic.,2026-01-23 03:00:00
192,36,12,Understood everything on the first try.,2026-01-23 08:00:00
193,36,14,Struggled with the quiz questions on this topic.,2026-01-25 20:00:00
194,37,1,The examples made this concept easy to understand.,2026-01-24 08:00:00
195,37,2,The examples made this concept easy to understand.,2026-01-25 08:00:00
196,37,3,Struggled with the quiz questions on this topic.,2026-01-26 05:00:00
197,37,6,Understood everything on the first try.,2026-02-01 00:00:00
198,37,9,The prerequisites for this concept were tricky for me.,2026-02-06 17:00:00
199,37,10,Understood everything on the first try.,2026-02-07 02:00:00
200,37,12,Need more examples and visual explanations.,2026-02-08 15:00:00
201,37,14,Understood everything on the first try.,2026-02-13 13:00:00
202,38,11,Clear explanation! Really enjoyed this section.,2026-01-19 22:00:00
203,38,13,Struggled with the quiz questions on this topic.,2026-01-23 01:00:00
204,39,4,I had trouble understanding the step-by-step logic.,2026-01-14 00:00:00
205,39,12,Struggled with the quiz questions on this topic.,2026-01-30 03:00:00
206,39,15,The prerequisites for this concept were tricky for me.,2026-02-03 15:00:00
207,40,3,Good topic structure and smooth difficulty curve.,2026-01-22 16:00:00
208,40,7,Understood everything on the first try.,2026-01-27 09:00:00
209,40,8,The examples made this concept easy to understand.,2026-01-28 14:00:00
210,40,12,Struggled with the quiz questions on this topic.,2026-02-04 17:00:00
211,40,13,Understood everything on the first try.,2026-02-08 11:00:00
212,41,1,The examples made this concept easy to understand.,2026-01-28 14:00:00
213,41,3,Understood everything on the first try.,2026-01-31 03:00:00
214,41,4,"Great overview, ready for the next challenge.",2026-01-31 12:00:00
215,41,7,Clear explanation! Really enjoyed this section.,2026-02-03 12:00:00
216,41,11,Understood everything on the first try.,2026-02-09 11:00:00
217,41,13,Good topic structure and smooth difficulty curve.,2026-02-11 07:00:00
218,41,15,The examples made this concept easy to understand.,2026-02-13 15:00:00
219,42,1,"Great overview, ready for the next challenge.",2026-01-16 10:00:00
220,42,2,Clear explanation! Really enjoyed this section.,2026-01-19 17:00:00
221,42,5,The examples made this concept easy to understand.,2026-01-29 19:00:00
222,42,7,Struggled with the quiz questions on this topic.,2026-02-01 15:00:00
223,42,11,Good topic structure and smooth difficulty curve.,2026-02-06 01:00:00
224,43,1,Understood everything on the first try.,2026-01-27 17:00:00
225,43,7,Good topic structure and smooth difficulty curve.,2026-02-01 04:00:00
226,43,9,The examples made this concept easy to understand.,2026-02-02 09:00:00
227,43,12,Understood everything on the first try.,2026-02-04 14:00:00
228,43,15,Understood everything on the first try.,2026-02-08 15:00:00
229,44,1,"Great overview, ready for the next challenge.",2026-01-13 15:00:00
230,44,3,The examples made this concept easy to understand.,2026-01-14 08:00:00
231,44,4,Understood everything on the first try.,2026-01-14 20:00:00
232,44,6,Understood everything on the first try.,2026-01-18 18:00:00
233,44,7,Struggled with the quiz questions on this topic.,2026-01-21 09:00:00
234,44,8,"Great overview, ready for the next challenge.",2026-01-23 09:00:00
235,44,9,The examples made this concept easy to understand.,2026-01-24 06:00:00
236,44,10,I felt confused by the math behind this topic.,2026-01-24 23:00:00
237,44,11,I felt confused by the math behind this topic.,2026-01-25 08:00:00
238,44,14,Need more examples and visual explanations.,2026-01-30 03:00:00
239,44,17,"Great overview, ready for the next challenge.",2026-02-05 03:00:00
240,44,18,Understood everything on the first try.,2026-02-06 01:00:00
241,45,3,Clear explanation! Really enjoyed this section.,2026-01-18 18:00:00
242,45,4,The examples made this concept easy to understand.,2026-01-21 12:00:00
243,45,7,Understood everything on the first try.,2026-01-26 11:00:00
244,45,12,I had trouble understanding the step-by-step logic.,2026-02-03 06:00:00
245,45,14,Understood everything on the first try.,2026-02-06 09:00:00
246,45,18,Good topic structure and smooth difficulty curve.,2026-02-15 18:00:00
247,46,2,The examples made this concept easy to understand.,2026-01-10 20:00:00
248,46,5,I had trouble understanding the step-by-step logic.,2026-01-17 10:00:00
249,46,9,I had trouble understanding the step-by-step logic.,2026-01-20 09:00:00
250,46,10,The examples made this concept easy to understand.,2026-01-21 02:00:00
251,46,11,Struggled with the quiz questions on this topic.,2026-01-23 22:00:00
252,46,14,Need more examples and visual explanations.,2026-01-28 21:00:00
253,47,1,Understood everything on the first try.,2026-01-23 16:00:00
254,47,4,I had trouble understanding the step-by-step logic.,2026-01-28 08:00:00
255,47,6,I had trouble understanding the step-by-step logic.,2026-02-03 06:00:00
256,47,7,Understood everything on the first try.,2026-02-05 05:00:00
257,47,10,The prerequisites for this concept were tricky for me.,2026-02-08 08:00:00
258,47,11,Understood everything on the first try.,2026-02-10 00:00:00
259,47,13,"Great overview, ready for the next challenge.",2026-02-11 12:00:00
260,47,14,The prerequisites for this concept were tricky for me.,2026-02-11 19:00:00
261,47,15,Clear explanation! Really enjoyed this section.,2026-02-13 08:00:00
262,47,16,The prerequisites for this concept were tricky for me.,2026-02-13 15:00:00
263,47,19,I felt confused by the math behind this topic.,2026-02-20 18:00:00
264,48,1,I had trouble understanding the step-by-step logic.,2026-01-17 22:00:00
265,48,2,Good topic structure and smooth difficulty curve.,2026-01-20 17:00:00
266,48,4,I had trouble understanding the step-by-step logic.,2026-01-24 18:00:00
267,48,7,"Great overview, ready for the next challenge.",2026-01-30 04:00:00
268,48,8,Understood everything on the first try.,2026-01-30 10:00:00
269,48,12,I had trouble understanding the step-by-step logic.,2026-02-02 04:00:00
270,48,18,The prerequisites for this concept were tricky for me.,2026-02-08 22:00:00
271,49,2,Clear explanation! Really enjoyed this section.,2026-01-13 12:00:00
272,49,8,Understood everything on the first try.,2026-01-22 18:00:00
273,49,10,I felt confused by the math behind this topic.,2026-01-24 16:00:00
274,50,3,Clear explanation! Really enjoyed this section.,2026-01-30 13:00:00
275,50,4,Struggled with the quiz questions on this topic.,2026-01-31 01:00:00
276,50,7,"Great overview, ready for the next challenge.",2026-02-01 13:00:00
277,50,9,I had trouble understanding the step-by-step logic.,2026-02-06 07:00:00
278,51,5,Clear explanation! Really enjoyed this section.,2026-02-02 05:00:00
279,51,7,Good topic structure and smooth difficulty curve.,2026-02-02 21:00:00
280,51,8,"Great overview, ready for the next challenge.",2026-02-03 19:00:00
281,51,9,I had trouble understanding the step-by-step logic.,2026-02-05 06:00:00
282,51,10,The examples made this concept easy to understand.,2026-02-07 10:00:00
283,51,14,Struggled with the quiz questions on this topic.,2026-02-12 17:00:00
284,52,1,Good topic structure and smooth difficulty curve.,2026-02-02 16:00:00
285,52,5,The prerequisites for this concept were tricky for me.,2026-02-08 19:00:00
286,52,6,I had trouble understanding the step-by-step logic.,2026-02-09 22:00:00
287,52,7,Good topic structure and smooth difficulty curve.,2026-02-12 18:00:00
288,52,11,Need more examples and visual explanations.,2026-02-19 08:00:00
289,52,13,"Great overview, ready for the next challenge.",2026-02-25 09:00:00
290,52,14,I felt confused by the math behind this topic.,2026-02-28 11:00:00
291,52,15,Struggled with the quiz questions on this topic.,2026-03-04 03:00:00
292,52,16,I felt confused by the math behind this topic.,2026-03-08 09:00:00
293,52,17,Struggled with the quiz questions on this topic.,2026-03-11 15:00:00
294,53,4,Need more examples and visual explanations.,2026-01-07 11:00:00
295,53,8,"Great overview, ready for the next challenge.",2026-01-17 17:00:00
296,53,15,Clear explanation! Really enjoyed this section.,2026-01-28 23:00:00
297,53,16,Struggled with the quiz questions on this topic.,2026-01-31 04:00:00
298,53,17,Struggled with the quiz questions on this topic.,2026-01-31 14:00:00
299,54,1,Clear explanation! Really enjoyed this section.,2026-01-30 09:00:00
300,54,4,Good topic structure and smooth difficulty curve.,2026-02-04 14:00:00
301,54,7,Need more examples and visual explanations.,2026-02-12 02:00:00
302,54,8,The prerequisites for this concept were tricky for me.,2026-02-14 19:00:00
303,54,9,I felt confused by the math behind this topic.,2026-02-17 16:00:00
304,54,10,Need more examples and visual explanations.,2026-02-19 22:00:00
305,55,3,The examples made this concept easy to understand.,2026-02-02 02:00:00
306,55,14,Good topic structure and smooth difficulty curve.,2026-02-17 01:00:00
307,55,18,"Great overview, ready for the next challenge.",2026-02-22 19:00:00
308,56,4,I felt confused by the math behind this topic.,2026-01-17 12:00:00
309,56,7,The prerequisites for this concept were tricky for me.,2026-01-23 06:00:00
310,56,9,Struggled with the quiz questions on this topic.,2026-01-27 01:00:00
311,56,11,The prerequisites for this concept were tricky for me.,2026-01-30 15:00:00
312,57,1,Understood everything on the first try.,2026-01-21 12:00:00
313,57,2,"Great overview, ready for the next challenge.",2026-01-22 05:00:00
314,57,7,Struggled with the quiz questions on this topic.,2026-01-27 21:00:00
315,57,11,Good topic structure and smooth difficulty curve.,2026-01-31 07:00:00
316,57,13,Clear explanation! Really enjoyed this section.,2026-02-02 09:00:00
317,57,14,"Great overview, ready for the next challenge.",2026-02-02 18:00:00
318,57,15,I had trouble understanding the step-by-step logic.,2026-02-03 03:00:00
319,58,3,"Great overview, ready for the next challenge.",2026-01-15 17:00:00
320,58,4,"Great overview, ready for the next challenge.",2026-01-17 13:00:00
321,58,8,"Great overview, ready for the next challenge.",2026-01-27 02:00:00
322,58,11,"Great overview, ready for the next challenge.",2026-01-30 23:00:00
323,58,16,Struggled with the quiz questions on this topic.,2026-02-05 18:00:00
324,58,17,Clear explanation! Really enjoyed this section.,2026-02-08 10:00:00
325,58,18,Understood everything on the first try.,2026-02-09 19:00:00
326,59,1,Understood everything on the first try.,2026-01-22 06:00:00
327,59,10,Need more examples and visual explanations.,2026-02-09 14:00:00
328,60,3,The prerequisites for this concept were tricky for me.,2026-02-05 14:00:00
329,60,9,I had trouble understanding the step-by-step logic.,2026-02-12 08:00:00
330,61,3,"Great overview, ready for the next challenge.",2026-01-08 12:00:00
331,61,6,"Great overview, ready for the next challenge.",2026-01-12 10:00:00
332,61,11,Good topic structure and smooth difficulty curve.,2026-01-22 13:00:00
333,62,2,"Great overview, ready for the next challenge.",2026-02-02 10:00:00
334,62,3,Need more examples and visual explanations.,2026-02-04 17:00:00
335,62,4,Understood everything on the first try.,2026-02-05 21:00:00
336,62,8,Clear explanation! Really enjoyed this section.,2026-02-10 15:00:00
337,62,9,Need more examples and visual explanations.,2026-02-12 14:00:00
338,62,13,Struggled with the quiz questions on this topic.,2026-02-20 03:00:00
339,62,14,The prerequisites for this concept were tricky for me.,2026-02-21 22:00:00
340,63,3,Struggled with the quiz questions on this topic.,2026-01-10 02:00:00
341,63,6,I had trouble understanding the step-by-step logic.,2026-01-12 17:00:00
342,63,8,The prerequisites for this concept were tricky for me.,2026-01-17 03:00:00
343,64,1,Understood everything on the first try.,2026-01-19 17:00:00
344,64,2,I had trouble understanding the step-by-step logic.,2026-01-21 10:00:00
345,64,6,Struggled with the quiz questions on this topic.,2026-01-25 05:00:00
346,64,10,The examples made this concept easy to understand.,2026-02-01 17:00:00
347,64,16,I felt confused by the math behind this topic.,2026-02-10 11:00:00
348,64,17,Clear explanation! Really enjoyed this section.,2026-02-13 17:00:00
349,64,19,I had trouble understanding the step-by-step logic.,2026-02-16 11:00:00
350,64,20,The prerequisites for this concept were tricky for me.,2026-02-18 15:00:00
351,65,6,Good topic structure and smooth difficulty curve.,2026-01-14 20:00:00
352,65,9,Good topic structure and smooth difficulty curve.,2026-01-18 18:00:00
353,65,12,Good topic structure and smooth difficulty curve.,2026-01-20 12:00:00
354,65,13,Understood everything on the first try.,2026-01-21 03:00:00
355,65,15,I had trouble understanding the step-by-step logic.,2026-01-26 00:00:00
356,65,19,The examples made this concept easy to understand.,2026-01-31 12:00:00
357,66,1,Need more examples and visual explanations.,2026-01-07 06:00:00
358,66,4,I felt confused by the math behind this topic.,2026-01-14 18:00:00
359,66,6,The prerequisites for this concept were tricky for me.,2026-01-17 06:00:00
360,66,13,Need more examples and visual explanations.,2026-02-01 10:00:00
361,66,15,Struggled with the quiz questions on this topic.,2026-02-03 16:00:00
362,66,16,Clear explanation! Really enjoyed this section.,2026-02-04 05:00:00
363,66,17,Need more examples and visual explanations.,2026-02-04 18:00:00
364,66,18,Good topic structure and smooth difficulty curve.,2026-02-06 02:00:00
365,67,6,"Great overview, ready for the next challenge.",2026-01-22 12:00:00
366,67,8,The examples made this concept easy to understand.,2026-01-24 18:00:00
367,67,13,The examples made this concept easy to understand.,2026-01-31 18:00:00
368,67,14,Clear explanation! Really enjoyed this section.,2026-02-02 05:00:00
369,68,7,Need more examples and visual explanations.,2026-02-12 12:00:00
370,68,8,"Great overview, ready for the next challenge.",2026-02-15 19:00:00
371,68,9,Clear explanation! Really enjoyed this section.,2026-02-17 23:00:00
372,68,12,I felt confused by the math behind this topic.,2026-02-23 06:00:00
373,69,5,Understood everything on the first try.,2026-01-16 16:00:00
374,69,7,I had trouble understanding the step-by-step logic.,2026-01-21 14:00:00
375,69,8,Good topic structure and smooth difficulty curve.,2026-01-23 01:00:00
376,69,9,Understood everything on the first try.,2026-01-24 18:00:00
377,69,10,"Great overview, ready for the next challenge.",2026-01-27 04:00:00
378,69,12,"Great overview, ready for the next challenge.",2026-01-28 16:00:00
379,70,3,"Great overview, ready for the next challenge.",2026-01-26 20:00:00
380,70,5,I had trouble understanding the step-by-step logic.,2026-01-30 18:00:00
381,70,9,Need more examples and visual explanations.,2026-02-05 03:00:00
382,70,12,Need more examples and visual explanations.,2026-02-08 21:00:00
383,70,13,The prerequisites for this concept were tricky for me.,2026-02-11 18:00:00
384,71,2,I felt confused by the math behind this topic.,2026-01-25 17:00:00
385,71,8,I felt confused by the math behind this topic.,2026-02-02 18:00:00
386,71,13,Need more examples and visual explanations.,2026-02-08 17:00:00
387,72,1,Clear explanation! Really enjoyed this section.,2026-01-25 20:00:00
388,72,2,Good topic structure and smooth difficulty curve.,2026-01-27 05:00:00
389,72,3,Understood everything on the first try.,2026-01-29 05:00:00
390,72,11,The examples made this concept easy to understand.,2026-02-09 02:00:00
391,72,12,"Great overview, ready for the next challenge.",2026-02-11 06:00:00
392,73,8,The examples made this concept easy to understand.,2026-01-23 23:00:00
393,73,11,Understood everything on the first try.,2026-01-29 09:00:00
394,73,12,Struggled with the quiz questions on this topic.,2026-01-31 06:00:00
395,73,13,Struggled with the quiz questions on this topic.,2026-02-01 14:00:00
396,74,5,Struggled with the quiz questions on this topic.,2026-02-02 22:00:00
397,74,8,I had trouble understanding the step-by-step logic.,2026-02-10 17:00:00
398,74,9,Need more examples and visual explanations.,2026-02-13 03:00:00
399,74,16,Struggled with the quiz questions on this topic.,2026-02-24 17:00:00
400,74,18,Struggled with the quiz questions on this topic.,2026-02-26 04:00:00
401,75,2,Need more examples and visual explanations.,2026-01-27 01:00:00
402,75,3,I had trouble understanding the step-by-step logic.,2026-01-28 10:00:00
403,75,10,I had trouble understanding the step-by-step logic.,2026-02-08 16:00:00
404,75,13,Struggled with the quiz questions on this topic.,2026-02-12 22:00:00
405,76,1,Struggled with the quiz questions on this topic.,2026-01-18 00:00:00
406,76,4,The prerequisites for this concept were tricky for me.,2026-01-23 10:00:00
407,76,8,Need more examples and visual explanations.,2026-01-27 19:00:00
408,76,10,"Great overview, ready for the next challenge.",2026-02-04 11:00:00
409,76,13,Need more examples and visual explanations.,2026-02-09 09:00:00
410,77,3,Understood everything on the first try.,2026-01-12 07:00:00
411,77,4,I felt confused by the math behind this topic.,2026-01-14 18:00:00
412,77,5,"Great overview, ready for the next challenge.",2026-01-15 05:00:00
413,77,9,Struggled with the quiz questions on this topic.,2026-01-23 01:00:00
414,77,11,I felt confused by the math behind this topic.,2026-01-25 15:00:00
415,77,12,The prerequisites for this concept were tricky for me.,2026-01-29 14:00:00
416,77,18,I had trouble understanding the step-by-step logic.,2026-02-11 01:00:00
417,77,19,Need more examples and visual explanations.,2026-02-13 01:00:00
418,77,20,Need more examples and visual explanations.,2026-02-14 03:00:00
419,78,1,Good topic structure and smooth difficulty curve.,2026-01-13 04:00:00
420,78,5,I had trouble understanding the step-by-step logic.,2026-01-19 17:00:00
421,78,10,Clear explanation! Really enjoyed this section.,2026-01-23 20:00:00
422,78,12,The examples made this concept easy to understand.,2026-01-25 20:00:00
423,78,16,Clear explanation! Really enjoyed this section.,2026-01-31 10:00:00
424,78,18,Need more examples and visual explanations.,2026-02-03 11:00:00
425,79,2,The examples made this concept easy to understand.,2026-01-27 13:00:00
426,79,3,Clear explanation! Really enjoyed this section.,2026-01-28 10:00:00
427,79,10,"Great overview, ready for the next challenge.",2026-02-09 17:00:00
428,80,1,Good topic structure and smooth difficulty curve.,2026-01-09 12:00:00
429,80,6,Good topic structure and smooth difficulty curve.,2026-01-12 19:00:00
430,80,7,The examples made this concept easy to understand.,2026-01-13 16:00:00
431,80,8,The examples made this concept easy to understand.,2026-01-14 14:00:00
432,80,12,Good topic structure and smooth difficulty curve.,2026-01-19 04:00:00
433,80,13,Good topic structure and smooth difficulty curve.,2026-01-20 20:00:00
434,80,16,The examples made this concept easy to understand.,2026-01-25 11:00:00
435,81,1,I felt confused by the math behind this topic.,2026-01-27 21:00:00
436,81,2,I had trouble understanding the step-by-step logic.,2026-01-31 16:00:00
437,81,3,Struggled with the quiz questions on this topic.,2026-02-03 04:00:00
438,81,8,The examples made this concept easy to understand.,2026-02-15 23:00:00
439,81,12,I had trouble understanding the step-by-step logic.,2026-02-22 22:00:00
440,81,13,I felt confused by the math behind this topic.,2026-02-25 17:00:00
441,81,14,The prerequisites for this concept were tricky for me.,2026-02-27 08:00:00
442,81,15,The prerequisites for this concept were tricky for me.,2026-02-27 18:00:00
443,81,16,The prerequisites for this concept were tricky for me.,2026-03-01 14:00:00
444,82,1,The prerequisites for this concept were tricky for me.,2026-01-15 09:00:00
445,82,7,Clear explanation! Really enjoyed this section.,2026-01-24 03:00:00
446,82,8,The examples made this concept easy to understand.,2026-01-28 04:00:00
447,82,12,Struggled with the quiz questions on this topic.,2026-02-04 00:00:00
448,82,13,The examples made this concept easy to understand.,2026-02-05 01:00:00
449,83,7,The prerequisites for this concept were tricky for me.,2026-01-28 14:00:00
450,83,10,Clear explanation! Really enjoyed this section.,2026-02-03 10:00:00
451,83,11,Good topic structure and smooth difficulty curve.,2026-02-03 18:00:00
452,83,15,Need more examples and visual explanations.,2026-02-12 06:00:00
453,83,16,Struggled with the quiz questions on this topic.,2026-02-13 20:00:00
454,84,3,Understood everything on the first try.,2026-01-13 06:00:00
455,84,4,The prerequisites for this concept were tricky for me.,2026-01-13 12:00:00
456,85,12,The examples made this concept easy to understand.,2026-02-02 23:00:00
457,85,14,The examples made this concept easy to understand.,2026-02-09 07:00:00
458,85,17,The examples made this concept easy to understand.,2026-02-13 23:00:00
459,85,20,"Great overview, ready for the next challenge.",2026-02-17 04:00:00
460,87,2,I felt confused by the math behind this topic.,2026-01-17 05:00:00
461,87,3,Understood everything on the first try.,2026-01-18 23:00:00
462,87,5,The prerequisites for this concept were tricky for me.,2026-01-23 11:00:00
463,87,7,The prerequisites for this concept were tricky for me.,2026-01-28 02:00:00
464,88,2,I felt confused by the math behind this topic.,2026-02-05 21:00:00
465,88,3,Clear explanation! Really enjoyed this section.,2026-02-07 00:00:00
466,88,6,Good topic structure and smooth difficulty curve.,2026-02-11 21:00:00
467,88,7,"Great overview, ready for the next challenge.",2026-02-16 05:00:00
468,88,14,Struggled with the quiz questions on this topic.,2026-02-26 17:00:00
469,88,18,I felt confused by the math behind this topic.,2026-03-01 23:00:00
470,89,1,The examples made this concept easy to understand.,2026-01-27 08:00:00
471,89,2,I felt confused by the math behind this topic.,2026-01-31 15:00:00
472,89,5,I had trouble understanding the step-by-step logic.,2026-02-06 08:00:00
473,89,6,I felt confused by the math behind this topic.,2026-02-06 21:00:00
474,89,7,I felt confused by the math behind this topic.,2026-02-07 03:00:00
475,90,3,Good topic structure and smooth difficulty curve.,2026-01-18 08:00:00
476,90,5,I felt confused by the math behind this topic.,2026-01-22 17:00:00
477,90,6,Good topic structure and smooth difficulty curve.,2026-01-24 09:00:00
478,90,12,The examples made this concept easy to understand.,2026-02-02 17:00:00
479,91,4,"Great overview, ready for the next challenge.",2026-02-06 22:00:00
480,91,7,Clear explanation! Really enjoyed this section.,2026-02-10 09:00:00
481,91,9,"Great overview, ready for the next challenge.",2026-02-13 12:00:00
482,92,1,Clear explanation! Really enjoyed this section.,2026-01-16 00:00:00
483,92,5,I had trouble understanding the step-by-step logic.,2026-01-24 23:00:00
484,92,8,Good topic structure and smooth difficulty curve.,2026-01-30 20:00:00
485,92,12,Struggled with the quiz questions on this topic.,2026-02-06 06:00:00
486,92,13,I had trouble understanding the step-by-step logic.,2026-02-06 10:00:00
487,92,14,The examples made this concept easy to understand.,2026-02-08 22:00:00
488,93,1,The prerequisites for this concept were tricky for me.,2026-01-28 19:00:00
489,93,6,Clear explanation! Really enjoyed this section.,2026-02-07 02:00:00
490,93,9,Understood everything on the first try.,2026-02-09 11:00:00
491,93,10,Good topic structure and smooth difficulty curve.,2026-02-12 13:00:00
492,94,2,Need more examples and visual explanations.,2026-01-09 02:00:00
493,94,4,Clear explanation! Really enjoyed this section.,2026-01-13 04:00:00
494,94,9,Struggled with the quiz questions on this topic.,2026-01-22 05:00:00
495,95,2,The prerequisites for this concept were tricky for me.,2026-01-23 19:00:00
496,95,3,Need more examples and visual explanations.,2026-01-25 23:00:00
497,95,12,I felt confused by the math behind this topic.,2026-02-09 09:00:00
498,95,14,The prerequisites for this concept were tricky for me.,2026-02-13 05:00:00
499,95,17,Struggled with the quiz questions on this topic.,2026-02-20 22:00:00
500,95,20,I had trouble understanding the step-by-step logic.,2026-02-25 20:00:00
501,96,4,Need more examples and visual explanations.,2026-01-15 23:00:00
502,96,6,Good topic structure and smooth difficulty curve.,2026-01-18 02:00:00
503,96,8,I felt confused by the math behind this topic.,2026-01-21 10:00:00
504,97,1,The examples made this concept easy to understand.,2026-01-17 14:00:00
505,97,4,Struggled with the quiz questions on this topic.,2026-01-21 00:00:00
506,97,8,"Great overview, ready for the next challenge.",2026-01-26 11:00:00
507,97,12,Clear explanation! Really enjoyed this section.,2026-01-30 15:00:00
508,97,15,"Great overview, ready for the next challenge.",2026-02-05 23:00:00
509,97,17,Good topic structure and smooth difficulty curve.,2026-02-07 10:00:00
510,98,1,Clear explanation! Really enjoyed this section.,2026-01-21 03:00:00
511,98,6,The examples made this concept easy to understand.,2026-01-26 19:00:00
512,98,7,Struggled with the quiz questions on this topic.,2026-01-28 01:00:00
513,98,8,The examples made this concept easy to understand.,2026-01-28 15:00:00
514,98,10,I had trouble understanding the step-by-step logic.,2026-02-02 23:00:00
515,99,1,The examples made this concept easy to understand.,2026-01-07 02:00:00
516,99,2,Understood everything on the first try.,2026-01-08 09:00:00
517,99,3,Struggled with the quiz questions on this topic.,2026-01-09 10:00:00
518,99,4,"Great overview, ready for the next challenge.",2026-01-11 20:00:00
519,99,5,Struggled with the quiz questions on this topic.,2026-01-12 18:00:00
520,99,6,"Great overview, ready for the next challenge.",2026-01-13 13:00:00
521,99,9,Good topic structure and smooth difficulty curve.,2026-01-22 12:00:00
522,100,2,Struggled with the quiz questions on this topic.,2026-01-29 05:00:00
523,100,4,The prerequisites for this concept were tricky for me.,2026-02-01 08:00:00
524,100,5,The prerequisites for this concept were tricky for me.,2026-02-03 05:00:00
525,100,6,The examples made this concept easy to understand.,2026-02-04 13:00:00
526,100,8,Struggled with the quiz questions on this topic.,2026-02-05 06:00:00
527,100,9,"Great overview, ready for the next challenge.",2026-02-05 12:00:00
528,100,17,Clear explanation! Really enjoyed this section.,2026-02-17 06:00:00
529,101,4,Clear explanation! Really enjoyed this section.,2026-02-04 11:00:00
530,101,5,"Great overview, ready for the next challenge.",2026-02-05 08:00:00
531,101,6,I felt confused by the math behind this topic.,2026-02-06 23:00:00
532,101,9,"Great overview, ready for the next challenge.",2026-02-10 09:00:00
533,101,10,Clear explanation! Really enjoyed this section.,2026-02-12 01:00:00
534,101,15,Understood everything on the first try.,2026-02-17 15:00:00
535,101,18,I felt confused by the math behind this topic.,2026-02-22 06:00:00
536,101,19,The examples made this concept easy to understand.,2026-02-23 10:00:00
537,102,1,Understood everything on the first try.,2026-01-26 02:00:00
538,102,10,Struggled with the quiz questions on this topic.,2026-02-09 13:00:00
539,102,12,Clear explanation! Really enjoyed this section.,2026-02-12 08:00:00
540,103,1,"Great overview, ready for the next challenge.",2026-01-30 08:00:00
541,103,5,Struggled with the quiz questions on this topic.,2026-02-01 16:00:00
542,103,6,The prerequisites for this concept were tricky for me.,2026-02-01 23:00:00
543,103,7,Clear explanation! Really enjoyed this section.,2026-02-02 18:00:00
544,103,10,Good topic structure and smooth difficulty curve.,2026-02-08 22:00:00
545,103,12,The examples made this concept easy to understand.,2026-02-10 11:00:00
546,103,13,I had trouble understanding the step-by-step logic.,2026-02-12 03:00:00
547,104,3,The prerequisites for this concept were tricky for me.,2026-01-19 08:00:00
548,104,5,"Great overview, ready for the next challenge.",2026-01-20 05:00:00
549,104,7,Struggled with the quiz questions on this topic.,2026-01-22 21:00:00
550,104,9,Good topic structure and smooth difficulty curve.,2026-01-25 16:00:00
551,104,10,Struggled with the quiz questions on this topic.,2026-01-27 09:00:00
552,105,1,"Great overview, ready for the next challenge.",2026-01-11 07:00:00
553,105,4,I felt confused by the math behind this topic.,2026-01-17 21:00:00
554,105,11,"Great overview, ready for the next challenge.",2026-01-26 22:00:00
555,106,2,Clear explanation! Really enjoyed this section.,2026-01-26 13:00:00
556,106,4,"Great overview, ready for the next challenge.",2026-01-30 00:00:00
557,106,8,I had trouble understanding the step-by-step logic.,2026-02-02 02:00:00
558,106,11,Good topic structure and smooth difficulty curve.,2026-02-04 09:00:00
559,107,2,I felt confused by the math behind this topic.,2026-02-03 11:00:00
560,107,8,I felt confused by the math behind this topic.,2026-02-08 16:00:00
561,107,16,Good topic structure and smooth difficulty curve.,2026-02-22 20:00:00
562,107,18,I felt confused by the math behind this topic.,2026-02-26 17:00:00
563,108,1,Understood everything on the first try.,2026-01-25 16:00:00
564,108,2,Understood everything on the first try.,2026-01-28 08:00:00
565,108,3,Good topic structure and smooth difficulty curve.,2026-01-29 13:00:00
566,108,6,Need more examples and visual explanations.,2026-02-05 18:00:00
567,108,7,The examples made this concept easy to understand.,2026-02-07 15:00:00
568,108,8,I felt confused by the math behind this topic.,2026-02-10 12:00:00
569,108,9,Need more examples and visual explanations.,2026-02-10 23:00:00
570,108,11,"Great overview, ready for the next challenge.",2026-02-11 19:00:00
571,108,12,I felt confused by the math behind this topic.,2026-02-13 13:00:00
572,108,15,Struggled with the quiz questions on this topic.,2026-02-19 18:00:00
573,108,18,Struggled with the quiz questions on this topic.,2026-02-27 23:00:00
574,108,19,Good topic structure and smooth difficulty curve.,2026-02-28 15:00:00
575,109,2,The examples made this concept easy to understand.,2026-01-13 05:00:00
576,109,4,Clear explanation! Really enjoyed this section.,2026-01-20 02:00:00
577,109,6,"Great overview, ready for the next challenge.",2026-01-22 02:00:00
578,109,10,Struggled with the quiz questions on this topic.,2026-01-31 11:00:00
579,109,19,I felt confused by the math behind this topic.,2026-02-12 23:00:00
580,110,2,"Great overview, ready for the next challenge.",2026-01-17 17:00:00
581,110,5,Good topic structure and smooth difficulty curve.,2026-01-21 21:00:00
582,110,7,Clear explanation! Really enjoyed this section.,2026-01-26 01:00:00
583,110,9,The prerequisites for this concept were tricky for me.,2026-01-29 23:00:00
584,110,11,Clear explanation! Really enjoyed this section.,2026-02-01 01:00:00
585,111,2,Need more examples and visual explanations.,2026-01-06 20:00:00
586,111,9,The prerequisites for this concept were tricky for me.,2026-01-16 00:00:00
587,111,11,"Great overview, ready for the next challenge.",2026-01-20 14:00:00
588,111,13,Clear explanation! Really enjoyed this section.,2026-01-23 06:00:00
589,111,14,Struggled with the quiz questions on this topic.,2026-01-24 11:00:00
590,111,16,I felt confused by the math behind this topic.,2026-01-26 20:00:00
591,111,18,Clear explanation! Really enjoyed this section.,2026-01-29 00:00:00
592,112,3,The examples made this concept easy to understand.,2026-02-04 13:00:00
593,112,6,"Great overview, ready for the next challenge.",2026-02-06 19:00:00
594,113,3,Need more examples and visual explanations.,2026-01-17 05:00:00
595,113,5,I felt confused by the math behind this topic.,2026-01-17 13:00:00
596,113,6,Clear explanation! Really enjoyed this section.,2026-01-18 17:00:00
597,113,7,Need more examples and visual explanations.,2026-01-20 06:00:00
598,113,8,Need more examples and visual explanations.,2026-01-21 23:00:00
599,113,11,Clear explanation! Really enjoyed this section.,2026-01-26 06:00:00
600,113,12,Good topic structure and smooth difficulty curve.,2026-01-27 06:00:00
601,113,13,I felt confused by the math behind this topic.,2026-01-28 22:00:00
602,114,3,The prerequisites for this concept were tricky for me.,2026-01-26 01:00:00
603,115,5,"Great overview, ready for the next challenge.",2026-01-28 23:00:00
604,115,10,Understood everything on the first try.,2026-02-02 05:00:00
605,115,13,"Great overview, ready for the next challenge.",2026-02-04 13:00:00
606,115,14,Need more examples and visual explanations.,2026-02-08 02:00:00
607,116,6,The examples made this concept easy to understand.,2026-01-14 12:00:00
608,116,7,Struggled with the quiz questions on this topic.,2026-01-15 05:00:00
609,116,9,I felt confused by the math behind this topic.,2026-01-20 02:00:00
610,116,10,I had trouble understanding the step-by-step logic.,2026-01-23 06:00:00
611,116,13,Understood everything on the first try.,2026-01-27 06:00:00
612,116,14,Need more examples and visual explanations.,2026-01-28 04:00:00
613,117,1,Struggled with the quiz questions on this topic.,2026-01-08 10:00:00
614,117,3,I felt confused by the math behind this topic.,2026-01-13 05:00:00
615,117,10,The prerequisites for this concept were tricky for me.,2026-01-30 07:00:00
616,117,11,I felt confused by the math behind this topic.,2026-01-31 13:00:00
617,117,14,Understood everything on the first try.,2026-02-04 21:00:00
618,117,16,Struggled with the quiz questions on this topic.,2026-02-08 08:00:00
619,118,1,Clear explanation! Really enjoyed this section.,2026-01-16 10:00:00
620,118,2,The examples made this concept easy to understand.,2026-01-17 23:00:00
621,118,7,"Great overview, ready for the next challenge.",2026-01-23 05:00:00
622,118,9,Understood everything on the first try.,2026-01-25 09:00:00
623,118,10,Clear explanation! Really enjoyed this section.,2026-01-25 17:00:00
624,119,3,Good topic structure and smooth difficulty curve.,2026-02-03 14:00:00
625,119,5,I felt confused by the math behind this topic.,2026-02-07 07:00:00
626,119,6,The examples made this concept easy to understand.,2026-02-09 07:00:00
627,119,9,Struggled with the quiz questions on this topic.,2026-02-14 22:00:00
628,119,10,Struggled with the quiz questions on this topic.,2026-02-15 23:00:00
629,119,13,"Great overview, ready for the next challenge.",2026-02-22 04:00:00
630,119,15,Good topic structure and smooth difficulty curve.,2026-02-23 09:00:00
631,120,1,I felt confused by the math behind this topic.,2026-01-26 10:00:00
632,120,2,Understood everything on the first try.,2026-01-27 05:00:00
633,120,4,Understood everything on the first try.,2026-01-30 07:00:00
634,120,6,Understood everything on the first try.,2026-02-01 19:00:00
635,120,8,I had trouble understanding the step-by-step logic.,2026-02-03 22:00:00
636,120,11,Struggled with the quiz questions on this topic.,2026-02-06 18:00:00
637,120,12,The prerequisites for this concept were tricky for me.,2026-02-07 03:00:00
638,120,13,Understood everything on the first try.,2026-02-07 17:00:00
639,121,2,The examples made this concept easy to understand.,2026-01-27 06:00:00
640,122,2,Struggled with the quiz questions on this topic.,2026-01-04 07:00:00
641,122,6,Good topic structure and smooth difficulty curve.,2026-01-12 16:00:00
642,122,8,The prerequisites for this concept were tricky for me.,2026-01-16 20:00:00
643,122,11,The prerequisites for this concept were tricky for me.,2026-01-24 14:00:00
644,122,14,The prerequisites for this concept were tricky for me.,2026-01-29 07:00:00
645,122,16,I had trouble understanding the step-by-step logic.,2026-02-01 19:00:00
646,123,3,The examples made this concept easy to understand.,2026-01-09 21:00:00
647,123,9,"Great overview, ready for the next challenge.",2026-01-22 06:00:00
648,123,11,Understood everything on the first try.,2026-01-23 04:00:00
649,124,4,Understood everything on the first try.,2026-01-21 08:00:00
650,124,5,I had trouble understanding the step-by-step logic.,2026-01-23 05:00:00
651,124,8,"Great overview, ready for the next challenge.",2026-01-25 23:00:00
652,124,9,Understood everything on the first try.,2026-01-29 07:00:00
653,124,18,Struggled with the quiz questions on this topic.,2026-02-08 12:00:00
654,125,1,The examples made this concept easy to understand.,2026-01-20 17:00:00
655,125,4,The examples made this concept easy to understand.,2026-01-26 02:00:00
656,125,5,Good topic structure and smooth difficulty curve.,2026-01-26 19:00:00
657,125,6,The examples made this concept easy to understand.,2026-01-27 01:00:00
658,125,7,Understood everything on the first try.,2026-01-28 11:00:00
659,125,9,"Great overview, ready for the next challenge.",2026-01-29 02:00:00
660,125,10,Struggled with the quiz questions on this topic.,2026-01-30 13:00:00
661,125,15,Clear explanation! Really enjoyed this section.,2026-01-31 20:00:00
662,125,16,The examples made this concept easy to understand.,2026-02-01 15:00:00
663,125,19,Struggled with the quiz questions on this topic.,2026-02-05 13:00:00
664,126,1,Struggled with the quiz questions on this topic.,2026-02-01 22:00:00
665,126,3,Understood everything on the first try.,2026-02-05 05:00:00
666,126,4,Need more examples and visual explanations.,2026-02-06 11:00:00
667,126,13,Clear explanation! Really enjoyed this section.,2026-02-21 05:00:00
668,126,14,Good topic structure and smooth difficulty curve.,2026-02-24 15:00:00
669,126,17,The examples made this concept easy to understand.,2026-03-01 03:00:00
670,127,10,The prerequisites for this concept were tricky for me.,2026-02-02 17:00:00
671,127,11,Clear explanation! Really enjoyed this section.,2026-02-04 07:00:00
672,128,7,The examples made this concept easy to understand.,2026-02-12 01:00:00
673,128,8,I had trouble understanding the step-by-step logic.,2026-02-13 07:00:00
674,128,10,"Great overview, ready for the next challenge.",2026-02-14 12:00:00
675,128,12,"Great overview, ready for the next challenge.",2026-02-18 14:00:00
676,128,14,I felt confused by the math behind this topic.,2026-02-24 16:00:00
677,128,15,I felt confused by the math behind this topic.,2026-02-25 18:00:00
678,129,10,Good topic structure and smooth difficulty curve.,2026-02-08 21:00:00
679,129,11,The examples made this concept easy to understand.,2026-02-09 14:00:00
680,130,5,Clear explanation! Really enjoyed this section.,2026-01-08 19:00:00
681,130,6,"Great overview, ready for the next challenge.",2026-01-10 21:00:00
682,130,7,"Great overview, ready for the next challenge.",2026-01-11 20:00:00
683,130,10,The examples made this concept easy to understand.,2026-01-15 04:00:00
684,130,11,Need more examples and visual explanations.,2026-01-16 03:00:00
685,130,12,I felt confused by the math behind this topic.,2026-01-18 20:00:00
686,130,15,"Great overview, ready for the next challenge.",2026-01-23 03:00:00
687,130,16,Understood everything on the first try.,2026-01-24 06:00:00
688,131,1,The prerequisites for this concept were tricky for me.,2026-01-23 09:00:00
689,131,2,Clear explanation! Really enjoyed this section.,2026-01-26 16:00:00
690,131,5,The examples made this concept easy to understand.,2026-01-29 21:00:00
691,131,12,Need more examples and visual explanations.,2026-02-07 17:00:00
692,131,14,Good topic structure and smooth difficulty curve.,2026-02-11 13:00:00
693,132,1,Good topic structure and smooth difficulty curve.,2026-01-18 17:00:00
694,132,4,"Great overview, ready for the next challenge.",2026-01-21 23:00:00
695,132,5,Good topic structure and smooth difficulty curve.,2026-01-24 15:00:00
696,132,6,The examples made this concept easy to understand.,2026-01-26 03:00:00
697,132,9,Understood everything on the first try.,2026-01-29 11:00:00
698,132,11,Good topic structure and smooth difficulty curve.,2026-02-02 22:00:00
699,132,12,The prerequisites for this concept were tricky for me.,2026-02-03 23:00:00
700,132,14,Understood everything on the first try.,2026-02-04 17:00:00
701,133,1,"Great overview, ready for the next challenge.",2026-01-26 00:00:00
702,133,2,The examples made this concept easy to understand.,2026-01-27 21:00:00
703,133,3,The examples made this concept easy to understand.,2026-01-28 20:00:00
704,133,5,"Great overview, ready for the next challenge.",2026-01-30 05:00:00
705,133,11,Good topic structure and smooth difficulty curve.,2026-02-06 19:00:00
706,133,12,Good topic structure and smooth difficulty curve.,2026-02-08 01:00:00
707,133,14,Need more examples and visual explanations.,2026-02-11 04:00:00
708,134,2,"Great overview, ready for the next challenge.",2026-01-05 15:00:00
709,134,5,Clear explanation! Really enjoyed this section.,2026-01-11 23:00:00
710,134,7,I had trouble understanding the step-by-step logic.,2026-01-14 03:00:00
711,134,8,Struggled with the quiz questions on this topic.,2026-01-17 13:00:00
712,134,17,Clear explanation! Really enjoyed this section.,2026-02-03 11:00:00
713,135,4,Understood everything on the first try.,2026-01-24 14:00:00
714,135,7,The prerequisites for this concept were tricky for me.,2026-01-30 00:00:00
715,135,8,I felt confused by the math behind this topic.,2026-01-30 22:00:00
716,135,12,I had trouble understanding the step-by-step logic.,2026-02-07 16:00:00
717,135,13,I had trouble understanding the step-by-step logic.,2026-02-08 12:00:00
718,135,14,Good topic structure and smooth difficulty curve.,2026-02-09 06:00:00
719,136,2,"Great overview, ready for the next challenge.",2026-01-13 03:00:00
720,136,3,Clear explanation! Really enjoyed this section.,2026-01-13 16:00:00
721,136,5,Need more examples and visual explanations.,2026-01-15 18:00:00
722,136,6,"Great overview, ready for the next challenge.",2026-01-17 15:00:00
723,136,7,I had trouble understanding the step-by-step logic.,2026-01-20 09:00:00
724,137,5,Understood everything on the first try.,2026-01-16 23:00:00
725,137,8,Understood everything on the first try.,2026-01-21 20:00:00
726,137,9,The prerequisites for this concept were tricky for me.,2026-01-22 20:00:00
727,137,13,The examples made this concept easy to understand.,2026-01-25 19:00:00
728,137,14,Good topic structure and smooth difficulty curve.,2026-01-27 21:00:00
729,137,15,Clear explanation! Really enjoyed this section.,2026-01-29 05:00:00
730,137,16,The prerequisites for this concept were tricky for me.,2026-01-30 19:00:00
731,137,18,The prerequisites for this concept were tricky for me.,2026-02-03 21:00:00
732,137,19,Clear explanation! Really enjoyed this section.,2026-02-05 16:00:00
733,138,1,"Great overview, ready for the next challenge.",2026-01-14 18:00:00
734,138,7,The prerequisites for this concept were tricky for me.,2026-01-24 13:00:00
735,139,1,Need more examples and visual explanations.,2026-01-15 10:00:00
736,139,4,Understood everything on the first try.,2026-01-18 02:00:00
737,139,5,Need more examples and visual explanations.,2026-01-18 23:00:00
738,139,8,Understood everything on the first try.,2026-01-21 23:00:00
739,140,3,Clear explanation! Really enjoyed this section.,2026-01-27 14:00:00
740,140,8,Clear explanation! Really enjoyed this section.,2026-02-06 12:00:00
741,140,10,I felt confused by the math behind this topic.,2026-02-09 02:00:00
742,140,11,The examples made this concept easy to understand.,2026-02-09 09:00:00
743,140,12,I had trouble understanding the step-by-step logic.,2026-02-10 22:00:00
744,141,2,Good topic structure and smooth difficulty curve.,2026-01-11 00:00:00
745,141,5,Good topic structure and smooth difficulty curve.,2026-01-17 16:00:00
746,141,6,The examples made this concept easy to understand.,2026-01-18 08:00:00
747,141,7,Need more examples and visual explanations.,2026-01-19 11:00:00
748,141,11,I had trouble understanding the step-by-step logic.,2026-01-23 03:00:00
749,142,1,Good topic structure and smooth difficulty curve.,2026-01-18 16:00:00
750,142,2,Clear explanation! Really enjoyed this section.,2026-01-20 15:00:00
751,142,7,Good topic structure and smooth difficulty curve.,2026-01-27 09:00:00
752,142,12,Clear explanation! Really enjoyed this section.,2026-02-08 13:00:00
753,143,1,Good topic structure and smooth difficulty curve.,2026-01-14 09:00:00
754,144,1,Good topic structure and smooth difficulty curve.,2026-01-09 16:00:00
755,144,3,Good topic structure and smooth difficulty curve.,2026-01-12 06:00:00
756,144,6,"Great overview, ready for the next challenge.",2026-01-19 00:00:00
757,144,8,The examples made this concept easy to understand.,2026-01-22 05:00:00
758,144,11,I felt confused by the math behind this topic.,2026-01-25 01:00:00
759,144,13,I had trouble understanding the step-by-step logic.,2026-01-27 09:00:00
760,144,14,"Great overview, ready for the next challenge.",2026-01-31 01:00:00
761,144,19,I felt confused by the math behind this topic.,2026-02-08 18:00:00
762,145,1,Understood everything on the first try.,2026-01-19 07:00:00
763,145,2,Understood everything on the first try.,2026-01-19 11:00:00
764,145,7,"Great overview, ready for the next challenge.",2026-01-27 07:00:00
765,145,10,Clear explanation! Really enjoyed this section.,2026-01-30 22:00:00
766,145,11,I felt confused by the math behind this topic.,2026-02-01 05:00:00
767,146,1,Good topic structure and smooth difficulty curve.,2026-01-10 11:00:00
768,146,4,The examples made this concept easy to understand.,2026-01-15 05:00:00
769,146,5,The examples made this concept easy to understand.,2026-01-19 13:00:00
770,146,7,"Great overview, ready for the next challenge.",2026-01-20 17:00:00
771,146,12,Good topic structure and smooth difficulty curve.,2026-01-24 20:00:00
772,146,15,Good topic structure and smooth difficulty curve.,2026-01-29 07:00:00
773,147,1,Clear explanation! Really enjoyed this section.,2026-01-13 06:00:00
774,147,3,Need more examples and visual explanations.,2026-01-16 06:00:00
775,147,6,Clear explanation! Really enjoyed this section.,2026-01-18 12:00:00
776,147,7,Need more examples and visual explanations.,2026-01-18 21:00:00
777,147,8,"Great overview, ready for the next challenge.",2026-01-20 00:00:00
778,147,9,Clear explanation! Really enjoyed this section.,2026-01-21 03:00:00
779,147,12,I felt confused by the math behind this topic.,2026-01-24 23:00:00
780,147,15,The prerequisites for this concept were tricky for me.,2026-01-27 23:00:00
781,147,16,Clear explanation! Really enjoyed this section.,2026-01-29 22:00:00
782,148,1,Struggled with the quiz questions on this topic.,2026-01-07 10:00:00
783,148,4,Understood everything on the first try.,2026-01-14 09:00:00
784,148,5,Understood everything on the first try.,2026-01-18 03:00:00
785,148,6,The examples made this concept easy to understand.,2026-01-18 13:00:00
786,148,7,Need more examples and visual explanations.,2026-01-20 18:00:00
787,148,9,The examples made this concept easy to understand.,2026-01-24 11:00:00
788,148,10,I felt confused by the math behind this topic.,2026-01-24 22:00:00
789,148,11,I had trouble understanding the step-by-step logic.,2026-01-25 21:00:00
790,148,16,"Great overview, ready for the next challenge.",2026-02-04 20:00:00
791,149,8,"Great overview, ready for the next challenge.",2026-02-01 03:00:00
792,149,14,Need more examples and visual explanations.,2026-02-09 07:00:00
793,149,16,The prerequisites for this concept were tricky for me.,2026-02-11 08:00:00
794,150,8,Good topic structure and smooth difficulty curve.,2026-02-02 14:00:00
795,150,11,Good topic structure and smooth difficulty curve.,2026-02-06 21:00:00
796,150,13,Understood everything on the first try.,2026-02-09 06:00:00
797,150,17,Understood everything on the first try.,2026-02-17 19:00:00
798,151,2,"Great overview, ready for the next challenge.",2026-01-11 21:00:00
799,151,6,I felt confused by the math behind this topic.,2026-01-17 14:00:00
800,152,2,Good topic structure and smooth difficulty curve.,2026-01-06 13:00:00
801,152,3,Good topic structure and smooth difficulty curve.,2026-01-06 21:00:00
802,152,4,Clear explanation! Really enjoyed this section.,2026-01-08 15:00:00
803,152,11,Clear explanation! Really enjoyed this section.,2026-01-17 09:00:00
804,152,13,Understood everything on the first try.,2026-01-19 09:00:00
805,152,14,The prerequisites for this concept were tricky for me.,2026-01-20 08:00:00
806,153,1,Clear explanation! Really enjoyed this section.,2026-01-24 06:00:00
807,153,3,Struggled with the quiz questions on this topic.,2026-01-27 12:00:00
808,153,8,The prerequisites for this concept were tricky for me.,2026-01-31 14:00:00
809,153,10,The examples made this concept easy to understand.,2026-02-03 06:00:00
810,153,11,"Great overview, ready for the next challenge.",2026-02-03 15:00:00
811,153,16,I had trouble understanding the step-by-step logic.,2026-02-11 17:00:00
812,153,18,Struggled with the quiz questions on this topic.,2026-02-14 22:00:00
813,153,19,The examples made this concept easy to understand.,2026-02-17 17:00:00
814,154,1,The examples made this concept easy to understand.,2026-02-01 16:00:00
815,154,9,The prerequisites for this concept were tricky for me.,2026-02-11 12:00:00
816,154,10,Clear explanation! Really enjoyed this section.,2026-02-14 14:00:00
817,155,6,"Great overview, ready for the next challenge.",2026-02-04 20:00:00
818,155,15,I felt confused by the math behind this topic.,2026-02-21 17:00:00
819,156,1,Good topic structure and smooth difficulty curve.,2026-02-01 05:00:00
820,156,2,Good topic structure and smooth difficulty curve.,2026-02-01 15:00:00
821,156,3,Clear explanation! Really enjoyed this section.,2026-02-02 12:00:00
822,156,8,Struggled with the quiz questions on this topic.,2026-02-07 12:00:00
823,156,9,"Great overview, ready for the next challenge.",2026-02-08 23:00:00
824,156,12,Good topic structure and smooth difficulty curve.,2026-02-14 23:00:00
825,156,13,The examples made this concept easy to understand.,2026-02-16 20:00:00
826,156,15,Good topic structure and smooth difficulty curve.,2026-02-19 10:00:00
827,156,16,I felt confused by the math behind this topic.,2026-02-21 23:00:00
828,156,18,"Great overview, ready for the next challenge.",2026-02-24 12:00:00
829,157,2,"Great overview, ready for the next challenge.",2026-01-22 22:00:00
830,157,7,Need more examples and visual explanations.,2026-02-02 08:00:00
831,157,13,I felt confused by the math behind this topic.,2026-02-15 15:00:00
832,157,14,Need more examples and visual explanations.,2026-02-16 01:00:00
833,158,2,Need more examples and visual explanations.,2026-01-13 03:00:00
834,158,6,The examples made this concept easy to understand.,2026-01-19 02:00:00
835,158,15,Good topic structure and smooth difficulty curve.,2026-02-01 03:00:00
836,159,4,Struggled with the quiz questions on this topic.,2026-01-08 18:00:00
837,159,7,Understood everything on the first try.,2026-01-13 12:00:00
838,159,9,Clear explanation! Really enjoyed this section.,2026-01-16 01:00:00
839,159,14,"Great overview, ready for the next challenge.",2026-01-23 00:00:00
840,160,2,I had trouble understanding the step-by-step logic.,2026-01-24 19:00:00
841,160,4,Clear explanation! Really enjoyed this section.,2026-01-28 14:00:00
842,160,6,Clear explanation! Really enjoyed this section.,2026-02-01 15:00:00
843,160,10,Need more examples and visual explanations.,2026-02-10 03:00:00
844,160,11,I had trouble understanding the step-by-step logic.,2026-02-11 17:00:00
845,160,15,I felt confused by the math behind this topic.,2026-02-18 17:00:00
846,161,1,I felt confused by the math behind this topic.,2026-01-25 09:00:00
847,161,3,Understood everything on the first try.,2026-01-30 07:00:00
848,161,5,I had trouble understanding the step-by-step logic.,2026-02-02 18:00:00
849,161,6,The examples made this concept easy to understand.,2026-02-03 02:00:00
850,161,7,The prerequisites for this concept were tricky for me.,2026-02-05 02:00:00
851,161,12,The prerequisites for this concept were tricky for me.,2026-02-14 04:00:00
852,162,1,The examples made this concept easy to understand.,2026-01-31 14:00:00
853,162,2,Understood everything on the first try.,2026-02-02 06:00:00
854,162,5,The examples made this concept easy to understand.,2026-02-07 01:00:00
855,162,7,Good topic structure and smooth difficulty curve.,2026-02-09 18:00:00
856,162,8,The examples made this concept easy to understand.,2026-02-10 12:00:00
857,162,10,The examples made this concept easy to understand.,2026-02-13 02:00:00
858,162,11,I felt confused by the math behind this topic.,2026-02-14 02:00:00
859,163,2,Good topic structure and smooth difficulty curve.,2026-01-12 17:00:00
860,163,5,Need more examples and visual explanations.,2026-01-16 04:00:00
861,163,7,I felt confused by the math behind this topic.,2026-01-20 15:00:00
862,163,8,Good topic structure and smooth difficulty curve.,2026-01-22 00:00:00
863,163,10,Clear explanation! Really enjoyed this section.,2026-01-25 13:00:00
864,163,14,Need more examples and visual explanations.,2026-02-04 05:00:00
865,164,7,Need more examples and visual explanations.,2026-01-13 11:00:00
866,164,10,Clear explanation! Really enjoyed this section.,2026-01-20 11:00:00
867,164,12,Clear explanation! Really enjoyed this section.,2026-01-25 01:00:00
868,164,16,Need more examples and visual explanations.,2026-01-28 16:00:00
869,164,19,Need more examples and visual explanations.,2026-02-06 00:00:00
870,165,3,Need more examples and visual explanations.,2026-01-25 06:00:00
871,165,4,Good topic structure and smooth difficulty curve.,2026-01-29 11:00:00
872,165,5,Clear explanation! Really enjoyed this section.,2026-01-30 10:00:00
873,165,7,Struggled with the quiz questions on this topic.,2026-02-02 00:00:00
874,165,10,Good topic structure and smooth difficulty curve.,2026-02-04 10:00:00
875,165,14,Struggled with the quiz questions on this topic.,2026-02-10 14:00:00
876,165,15,Clear explanation! Really enjoyed this section.,2026-02-12 11:00:00
877,165,17,"Great overview, ready for the next challenge.",2026-02-15 00:00:00
878,166,11,Struggled with the quiz questions on this topic.,2026-02-04 19:00:00
879,167,3,The examples made this concept easy to understand.,2026-01-21 20:00:00
880,167,4,Good topic structure and smooth difficulty curve.,2026-01-26 03:00:00
881,167,5,The prerequisites for this concept were tricky for me.,2026-01-27 23:00:00
882,167,6,"Great overview, ready for the next challenge.",2026-01-29 15:00:00
883,167,7,Good topic structure and smooth difficulty curve.,2026-01-31 05:00:00
884,167,10,Clear explanation! Really enjoyed this section.,2026-02-05 13:00:00
885,167,11,Understood everything on the first try.,2026-02-06 07:00:00
886,168,2,Good topic structure and smooth difficulty curve.,2026-02-03 16:00:00
887,168,4,I had trouble understanding the step-by-step logic.,2026-02-05 17:00:00
888,169,1,Clear explanation! Really enjoyed this section.,2026-01-26 17:00:00
889,169,3,Clear explanation! Really enjoyed this section.,2026-01-28 08:00:00
890,169,6,Good topic structure and smooth difficulty curve.,2026-01-30 10:00:00
891,169,8,"Great overview, ready for the next challenge.",2026-02-02 15:00:00
892,169,9,Good topic structure and smooth difficulty curve.,2026-02-02 20:00:00
893,169,11,"Great overview, ready for the next challenge.",2026-02-05 03:00:00
894,170,4,Understood everything on the first try.,2026-02-05 16:00:00
895,170,8,Understood everything on the first try.,2026-02-11 06:00:00
896,170,10,"Great overview, ready for the next challenge.",2026-02-14 14:00:00
897,170,12,The examples made this concept easy to understand.,2026-02-19 08:00:00
898,170,13,Understood everything on the first try.,2026-02-20 06:00:00
899,170,16,The prerequisites for this concept were tricky for me.,2026-03-03 10:00:00
900,171,1,The prerequisites for this concept were tricky for me.,2026-01-29 04:00:00
901,171,2,Need more examples and visual explanations.,2026-01-31 03:00:00
902,171,5,Clear explanation! Really enjoyed this section.,2026-02-07 09:00:00
903,171,10,Clear explanation! Really enjoyed this section.,2026-02-24 03:00:00
904,171,15,Struggled with the quiz questions on this topic.,2026-03-06 09:00:00
905,171,17,Struggled with the quiz questions on this topic.,2026-03-11 03:00:00
906,172,5,Understood everything on the first try.,2026-01-18 06:00:00
907,172,8,Clear explanation! Really enjoyed this section.,2026-01-21 20:00:00
908,172,10,The examples made this concept easy to understand.,2026-01-25 05:00:00
909,172,12,Good topic structure and smooth difficulty curve.,2026-01-27 18:00:00
910,172,18,Struggled with the quiz questions on this topic.,2026-02-07 13:00:00
911,173,1,Understood everything on the first try.,2026-01-26 19:00:00
912,173,3,Clear explanation! Really enjoyed this section.,2026-01-29 20:00:00
913,173,11,The examples made this concept easy to understand.,2026-02-12 10:00:00
914,173,13,"Great overview, ready for the next challenge.",2026-02-14 15:00:00
915,174,7,"Great overview, ready for the next challenge.",2026-02-02 16:00:00
916,174,8,The examples made this concept easy to understand.,2026-02-03 20:00:00
917,174,9,Good topic structure and smooth difficulty curve.,2026-02-07 03:00:00
918,175,3,"Great overview, ready for the next challenge.",2026-01-16 01:00:00
919,175,4,I had trouble understanding the step-by-step logic.,2026-01-16 10:00:00
920,175,8,Need more examples and visual explanations.,2026-01-22 15:00:00
921,175,10,"Great overview, ready for the next challenge.",2026-01-26 03:00:00
922,175,11,The prerequisites for this concept were tricky for me.,2026-01-26 23:00:00
923,176,3,Understood everything on the first try.,2026-01-25 13:00:00
924,176,5,"Great overview, ready for the next challenge.",2026-01-30 14:00:00
925,176,6,Good topic structure and smooth difficulty curve.,2026-02-01 11:00:00
926,176,9,The examples made this concept easy to understand.,2026-02-06 16:00:00
927,177,4,Need more examples and visual explanations.,2026-01-18 02:00:00
928,177,6,Struggled with the quiz questions on this topic.,2026-01-20 13:00:00
929,177,7,The prerequisites for this concept were tricky for me.,2026-01-21 22:00:00
930,177,11,The examples made this concept easy to understand.,2026-01-24 22:00:00
931,177,15,Understood everything on the first try.,2026-01-31 14:00:00
932,177,16,The prerequisites for this concept were tricky for me.,2026-02-02 03:00:00
933,177,18,Good topic structure and smooth difficulty curve.,2026-02-05 23:00:00
934,178,1,The prerequisites for this concept were tricky for me.,2026-01-20 18:00:00
935,178,8,Good topic structure and smooth difficulty curve.,2026-02-07 15:00:00
936,178,9,"Great overview, ready for the next challenge.",2026-02-08 12:00:00
937,178,10,"Great overview, ready for the next challenge.",2026-02-10 11:00:00
938,178,12,I had trouble understanding the step-by-step logic.,2026-02-13 05:00:00
939,178,13,I felt confused by the math behind this topic.,2026-02-14 06:00:00
940,179,3,The prerequisites for this concept were tricky for me.,2026-01-23 12:00:00
941,179,7,Clear explanation! Really enjoyed this section.,2026-01-29 13:00:00
942,179,9,I felt confused by the math behind this topic.,2026-02-01 13:00:00
943,179,12,The prerequisites for this concept were tricky for me.,2026-02-08 02:00:00
944,180,4,Good topic structure and smooth difficulty curve.,2026-01-14 04:00:00
945,180,7,Need more examples and visual explanations.,2026-01-18 03:00:00
946,180,8,Good topic structure and smooth difficulty curve.,2026-01-18 14:00:00
947,180,13,I felt confused by the math behind this topic.,2026-01-24 19:00:00
948,180,16,The prerequisites for this concept were tricky for me.,2026-01-28 16:00:00
949,181,3,I felt confused by the math behind this topic.,2026-01-18 20:00:00
950,181,17,Struggled with the quiz questions on this topic.,2026-02-16 07:00:00
951,182,1,Understood everything on the first try.,2026-01-22 09:00:00
952,182,3,Struggled with the quiz questions on this topic.,2026-01-24 21:00:00
953,182,8,Good topic structure and smooth difficulty curve.,2026-01-29 23:00:00
954,182,11,Good topic structure and smooth difficulty curve.,2026-02-02 13:00:00
955,183,2,"Great overview, ready for the next challenge.",2026-01-28 22:00:00
956,183,4,Good topic structure and smooth difficulty curve.,2026-02-02 19:00:00
957,183,5,I had trouble understanding the step-by-step logic.,2026-02-03 20:00:00
958,183,7,I had trouble understanding the step-by-step logic.,2026-02-06 01:00:00
959,183,9,The examples made this concept easy to understand.,2026-02-10 22:00:00
960,183,10,"Great overview, ready for the next challenge.",2026-02-12 12:00:00
961,183,13,Struggled with the quiz questions on this topic.,2026-02-21 16:00:00
962,183,14,The prerequisites for this concept were tricky for me.,2026-02-21 22:00:00
963,183,17,Clear explanation! Really enjoyed this section.,2026-02-25 09:00:00
964,183,18,I had trouble understanding the step-by-step logic.,2026-02-27 07:00:00
965,184,5,The examples made this concept easy to understand.,2026-01-24 03:00:00
966,184,6,Struggled with the quiz questions on this topic.,2026-01-26 18:00:00
967,184,10,Need more examples and visual explanations.,2026-02-02 21:00:00
968,184,13,The prerequisites for this concept were tricky for me.,2026-02-06 19:00:00
969,185,3,"Great overview, ready for the next challenge.",2026-01-21 13:00:00
970,185,4,Understood everything on the first try.,2026-01-22 14:00:00
971,185,5,I felt confused by the math behind this topic.,2026-01-24 09:00:00
972,185,8,Understood everything on the first try.,2026-01-28 21:00:00
973,186,1,I had trouble understanding the step-by-step logic.,2026-01-30 11:00:00
974,186,2,Clear explanation! Really enjoyed this section.,2026-01-30 22:00:00
975,186,9,Good topic structure and smooth difficulty curve.,2026-02-13 04:00:00
976,186,12,The examples made this concept easy to understand.,2026-02-17 01:00:00
977,187,2,Need more examples and visual explanations.,2026-01-06 17:00:00
978,187,4,Struggled with the quiz questions on this topic.,2026-01-08 21:00:00
979,187,5,I felt confused by the math behind this topic.,2026-01-09 13:00:00
980,187,11,I had trouble understanding the step-by-step logic.,2026-01-26 08:00:00
981,187,12,The prerequisites for this concept were tricky for me.,2026-01-29 11:00:00
982,188,1,"Great overview, ready for the next challenge.",2026-01-17 23:00:00
983,188,2,Struggled with the quiz questions on this topic.,2026-01-18 13:00:00
984,188,5,The prerequisites for this concept were tricky for me.,2026-01-25 15:00:00
985,188,7,I had trouble understanding the step-by-step logic.,2026-01-28 21:00:00
986,188,12,Understood everything on the first try.,2026-02-06 04:00:00
987,189,1,"Great overview, ready for the next challenge.",2026-01-13 23:00:00
988,189,4,Good topic structure and smooth difficulty curve.,2026-01-16 20:00:00
989,189,6,"Great overview, ready for the next challenge.",2026-01-20 10:00:00
990,189,8,Need more examples and visual explanations.,2026-01-22 12:00:00
991,189,11,Struggled with the quiz questions on this topic.,2026-01-27 21:00:00
992,190,1,Clear explanation! Really enjoyed this section.,2026-01-26 00:00:00
993,190,10,"Great overview, ready for the next challenge.",2026-02-06 05:00:00
994,190,11,Understood everything on the first try.,2026-02-07 03:00:00
995,190,12,Clear explanation! Really enjoyed this section.,2026-02-07 10:00:00
996,191,1,"Great overview, ready for the next challenge.",2026-01-15 21:00:00
997,191,4,Clear explanation! Really enjoyed this section.,2026-01-20 01:00:00
998,192,3,I had trouble understanding the step-by-step logic.,2026-02-03 07:00:00
999,192,9,I felt confused by the math behind this topic.,2026-02-14 08:00:00
1000,192,11,I felt confused by the math behind this topic.,2026-02-16 11:00:00
1001,193,2,The examples made this concept easy to understand.,2026-01-24 01:00:00
1002,193,3,"Great overview, ready for the next challenge.",2026-01-26 01:00:00
1003,193,16,I felt confused by the math behind this topic.,2026-02-17 18:00:00
1004,193,18,I had trouble understanding the step-by-step logic.,2026-02-20 04:00:00
1005,194,2,Good topic structure and smooth difficulty curve.,2026-02-04 03:00:00
1006,194,7,Understood everything on the first try.,2026-02-11 02:00:00
1007,194,10,Clear explanation! Really enjoyed this section.,2026-02-14 10:00:00
1008,194,11,Clear explanation! Really enjoyed this section.,2026-02-15 17:00:00
1009,194,13,I had trouble understanding the step-by-step logic.,2026-02-19 04:00:00
1010,195,3,Good topic structure and smooth difficulty curve.,2026-02-06 18:00:00
1011,195,10,"Great overview, ready for the next challenge.",2026-02-20 20:00:00
1012,195,15,Struggled with the quiz questions on this topic.,2026-03-04 15:00:00
1013,196,5,"Great overview, ready for the next challenge.",2026-02-05 10:00:00
1014,196,9,I had trouble understanding the step-by-step logic.,2026-02-08 15:00:00
1015,197,1,Clear explanation! Really enjoyed this section.,2026-01-14 20:00:00
1016,197,2,The prerequisites for this concept were tricky for me.,2026-01-20 00:00:00
1017,197,3,I had trouble understanding the step-by-step logic.,2026-01-20 23:00:00
1018,197,4,Clear explanation! Really enjoyed this section.,2026-01-22 16:00:00
1019,197,5,Struggled with the quiz questions on this topic.,2026-01-23 20:00:00
1020,197,10,I had trouble understanding the step-by-step logic.,2026-02-01 14:00:00
1021,197,12,I had trouble understanding the step-by-step logic.,2026-02-05 08:00:00
1022,197,13,I felt confused by the math behind this topic.,2026-02-07 03:00:00
1023,197,15,Clear explanation! Really enjoyed this section.,2026-02-10 02:00:00
1024,197,16,The prerequisites for this concept were tricky for me.,2026-02-11 20:00:00
1025,197,17,Struggled with the quiz questions on this topic.,2026-02-14 19:00:00
1026,197,18,I had trouble understanding the step-by-step logic.,2026-02-15 22:00:00
1027,197,19,Struggled with the quiz questions on this topic.,2026-02-16 07:00:00
1028,197,20,I felt confused by the math behind this topic.,2026-02-19 06:00:00
1029,198,4,The prerequisites for this concept were tricky for me.,2026-02-04 02:00:00
1030,198,6,Clear explanation! Really enjoyed this section.,2026-02-09 06:00:00
1031,198,10,Clear explanation! Really enjoyed this section.,2026-02-20 21:00:00
1032,199,2,The prerequisites for this concept were tricky for me.,2026-01-31 23:00:00
1033,199,6,The prerequisites for this concept were tricky for me.,2026-02-05 01:00:00
1034,199,9,"Great overview, ready for the next challenge.",2026-02-13 14:00:00
1035,199,12,I felt confused by the math behind this topic.,2026-02-18 04:00:00
1036,199,13,I felt confused by the math behind this topic.,2026-02-19 20:00:00
1037,200,3,Good topic structure and smooth difficulty curve.,2026-01-29 11:00:00
1038,200,6,The prerequisites for this concept were tricky for me.,2026-02-04 05:00:00
1039,200,8,The prerequisites for this concept were tricky for me.,2026-02-08 13:00:00
1040,200,10,The prerequisites for this concept were tricky for me.,2026-02-13 01:00:00
1041,200,13,Need more examples and visual explanations.,2026-02-16 13:00:00
1042,200,14,Struggled with the quiz questions on this topic.,2026-02-17 11:00:00
1043,201,3,"Great overview, ready for the next challenge.",2026-01-08 18:00:00
1044,201,6,Clear explanation! Really enjoyed this section.,2026-01-14 21:00:00
1045,201,7,Need more examples and visual explanations.,2026-01-15 02:00:00
1046,201,10,Understood everything on the first try.,2026-01-18 14:00:00
1047,201,11,The examples made this concept easy to understand.,2026-01-21 18:00:00
1048,201,17,I had trouble understanding the step-by-step logic.,2026-02-03 00:00:00
1049,201,18,Understood everything on the first try.,2026-02-06 15:00:00
1050,202,5,I felt confused by the math behind this topic.,2026-02-04 23:00:00
1051,202,11,"Great overview, ready for the next challenge.",2026-02-13 19:00:00
1052,202,14,"Great overview, ready for the next challenge.",2026-02-16 08:00:00
1053,202,16,I had trouble understanding the step-by-step logic.,2026-02-19 08:00:00
1054,202,18,The prerequisites for this concept were tricky for me.,2026-02-21 17:00:00
1055,203,4,"Great overview, ready for the next challenge.",2026-01-16 10:00:00
1056,203,6,Good topic structure and smooth difficulty curve.,2026-01-18 01:00:00
1057,203,10,Good topic structure and smooth difficulty curve.,2026-01-20 20:00:00
1058,203,14,Clear explanation! Really enjoyed this section.,2026-01-28 09:00:00
1059,204,3,Good topic structure and smooth difficulty curve.,2026-01-26 18:00:00
1060,204,5,The prerequisites for this concept were tricky for me.,2026-01-30 13:00:00
1061,204,13,The examples made this concept easy to understand.,2026-02-13 17:00:00
1062,204,15,I felt confused by the math behind this topic.,2026-02-16 15:00:00
1063,204,17,I had trouble understanding the step-by-step logic.,2026-02-21 15:00:00
1064,205,3,"Great overview, ready for the next challenge.",2026-01-24 12:00:00
1065,205,6,Clear explanation! Really enjoyed this section.,2026-01-28 10:00:00
1066,205,8,Clear explanation! Really enjoyed this section.,2026-02-03 19:00:00
1067,205,10,Understood everything on the first try.,2026-02-08 05:00:00
1068,205,11,Understood everything on the first try.,2026-02-09 01:00:00
1069,206,3,Understood everything on the first try.,2026-01-09 13:00:00
1070,206,4,"Great overview, ready for the next challenge.",2026-01-10 01:00:00
1071,206,8,I had trouble understanding the step-by-step logic.,2026-01-17 19:00:00
1072,206,14,Good topic structure and smooth difficulty curve.,2026-01-25 06:00:00
1073,206,15,Clear explanation! Really enjoyed this section.,2026-01-27 00:00:00
1074,207,7,The examples made this concept easy to understand.,2026-01-19 16:00:00
1075,207,8,The examples made this concept easy to understand.,2026-01-20 14:00:00
1076,207,13,"Great overview, ready for the next challenge.",2026-01-24 20:00:00
1077,208,1,Understood everything on the first try.,2026-01-08 10:00:00
1078,208,2,I felt confused by the math behind this topic.,2026-01-09 01:00:00
1079,208,4,The examples made this concept easy to understand.,2026-01-15 09:00:00
1080,208,7,I felt confused by the math behind this topic.,2026-01-19 16:00:00
1081,208,13,Need more examples and visual explanations.,2026-02-03 01:00:00
1082,208,15,The prerequisites for this concept were tricky for me.,2026-02-05 22:00:00
1083,209,3,The examples made this concept easy to understand.,2026-01-24 13:00:00
1084,209,5,The examples made this concept easy to understand.,2026-01-26 12:00:00
1085,209,8,The prerequisites for this concept were tricky for me.,2026-01-30 11:00:00
1086,209,10,Struggled with the quiz questions on this topic.,2026-02-03 06:00:00
1087,209,12,Clear explanation! Really enjoyed this section.,2026-02-06 00:00:00
1088,209,13,The examples made this concept easy to understand.,2026-02-06 12:00:00
1089,209,14,"Great overview, ready for the next challenge.",2026-02-07 02:00:00
1090,209,17,Need more examples and visual explanations.,2026-02-09 15:00:00
1091,210,1,"Great overview, ready for the next challenge.",2026-01-09 03:00:00
1092,210,2,"Great overview, ready for the next challenge.",2026-01-10 03:00:00
1093,210,5,Clear explanation! Really enjoyed this section.,2026-01-13 19:00:00
1094,210,7,Clear explanation! Really enjoyed this section.,2026-01-15 00:00:00
1095,210,9,Need more examples and visual explanations.,2026-01-15 22:00:00
1096,210,12,I had trouble understanding the step-by-step logic.,2026-01-23 14:00:00
1097,210,14,Clear explanation! Really enjoyed this section.,2026-01-28 06:00:00
1098,211,2,Struggled with the quiz questions on this topic.,2026-01-22 00:00:00
1099,211,11,"Great overview, ready for the next challenge.",2026-02-06 05:00:00
1100,211,12,Struggled with the quiz questions on this topic.,2026-02-07 03:00:00
1101,211,14,Struggled with the quiz questions on this topic.,2026-02-10 15:00:00
1102,212,4,Clear explanation! Really enjoyed this section.,2026-02-06 20:00:00
1103,212,5,I had trouble understanding the step-by-step logic.,2026-02-07 10:00:00
1104,212,7,Good topic structure and smooth difficulty curve.,2026-02-10 16:00:00
1105,212,13,Struggled with the quiz questions on this topic.,2026-02-21 15:00:00
1106,212,14,Need more examples and visual explanations.,2026-02-21 19:00:00
1107,213,6,Need more examples and visual explanations.,2026-02-01 21:00:00
1108,213,7,The prerequisites for this concept were tricky for me.,2026-02-03 23:00:00
1109,213,8,"Great overview, ready for the next challenge.",2026-02-05 04:00:00
1110,213,9,The prerequisites for this concept were tricky for me.,2026-02-05 12:00:00
1111,213,12,Good topic structure and smooth difficulty curve.,2026-02-11 06:00:00
1112,213,13,I had trouble understanding the step-by-step logic.,2026-02-14 16:00:00
1113,213,14,The examples made this concept easy to understand.,2026-02-16 11:00:00
1114,213,15,I felt confused by the math behind this topic.,2026-02-16 18:00:00
1115,213,18,I had trouble understanding the step-by-step logic.,2026-02-21 16:00:00
1116,214,8,Understood everything on the first try.,2026-01-21 22:00:00
1117,215,3,Need more examples and visual explanations.,2026-01-15 00:00:00
1118,215,4,I had trouble understanding the step-by-step logic.,2026-01-15 08:00:00
1119,215,5,Need more examples and visual explanations.,2026-01-17 09:00:00
1120,215,8,Need more examples and visual explanations.,2026-01-25 10:00:00
1121,216,7,"Great overview, ready for the next challenge.",2026-01-20 12:00:00
1122,216,8,The examples made this concept easy to understand.,2026-01-21 18:00:00
1123,216,9,Struggled with the quiz questions on this topic.,2026-01-22 12:00:00
1124,216,13,Understood everything on the first try.,2026-01-28 18:00:00
1125,216,16,Need more examples and visual explanations.,2026-02-03 01:00:00
1126,217,1,Good topic structure and smooth difficulty curve.,2026-01-07 00:00:00
1127,217,4,Good topic structure and smooth difficulty curve.,2026-01-11 15:00:00
1128,217,11,Understood everything on the first try.,2026-01-25 07:00:00
1129,218,4,Need more examples and visual explanations.,2026-01-17 02:00:00
1130,218,5,Need more examples and visual explanations.,2026-01-19 22:00:00
1131,218,7,Need more examples and visual explanations.,2026-01-22 03:00:00
1132,218,8,The examples made this concept easy to understand.,2026-01-23 10:00:00
1133,218,9,Struggled with the quiz questions on this topic.,2026-01-27 12:00:00
1134,218,10,Clear explanation! Really enjoyed this section.,2026-01-29 08:00:00
1135,218,11,Struggled with the quiz questions on this topic.,2026-02-02 16:00:00
1136,218,13,Struggled with the quiz questions on this topic.,2026-02-07 07:00:00
1137,218,14,Good topic structure and smooth difficulty curve.,2026-02-08 12:00:00
1138,218,16,Need more examples and visual explanations.,2026-02-11 23:00:00
1139,219,2,"Great overview, ready for the next challenge.",2026-01-22 01:00:00
1140,219,7,The prerequisites for this concept were tricky for me.,2026-01-27 14:00:00
1141,219,16,Struggled with the quiz questions on this topic.,2026-02-10 07:00:00
1142,219,19,Clear explanation! Really enjoyed this section.,2026-02-16 23:00:00
1143,219,20,I had trouble understanding the step-by-step logic.,2026-02-18 03:00:00
1144,220,3,I felt confused by the math behind this topic.,2026-02-05 14:00:00
1145,220,4,Need more examples and visual explanations.,2026-02-07 06:00:00
1146,220,5,I had trouble understanding the step-by-step logic.,2026-02-10 08:00:00
1147,220,9,I had trouble understanding the step-by-step logic.,2026-02-18 09:00:00
1148,221,8,Good topic structure and smooth difficulty curve.,2026-02-08 07:00:00
1149,221,11,I had trouble understanding the step-by-step logic.,2026-02-13 16:00:00
1150,221,13,I felt confused by the math behind this topic.,2026-02-15 11:00:00
1151,221,17,I felt confused by the math behind this topic.,2026-02-21 11:00:00
1152,222,4,I had trouble understanding the step-by-step logic.,2026-02-03 19:00:00
1153,222,8,"Great overview, ready for the next challenge.",2026-02-08 00:00:00
1154,222,11,Good topic structure and smooth difficulty curve.,2026-02-13 07:00:00
1155,222,13,Need more examples and visual explanations.,2026-02-17 16:00:00
1156,222,14,Understood everything on the first try.,2026-02-18 06:00:00
1157,222,15,The prerequisites for this concept were tricky for me.,2026-02-18 19:00:00
1158,223,7,Clear explanation! Really enjoyed this section.,2026-02-03 16:00:00
1159,223,8,The examples made this concept easy to understand.,2026-02-04 00:00:00
1160,225,4,"Great overview, ready for the next challenge.",2026-01-30 04:00:00
1161,225,9,Need more examples and visual explanations.,2026-02-06 02:00:00
1162,225,16,I felt confused by the math behind this topic.,2026-02-24 10:00:00
1163,226,3,Clear explanation! Really enjoyed this section.,2026-01-04 03:00:00
1164,226,9,Clear explanation! Really enjoyed this section.,2026-01-08 15:00:00
1165,226,12,The prerequisites for this concept were tricky for me.,2026-01-14 12:00:00
1166,226,14,"Great overview, ready for the next challenge.",2026-01-15 19:00:00
1167,227,3,I had trouble understanding the step-by-step logic.,2026-02-01 15:00:00
1168,227,9,I felt confused by the math behind this topic.,2026-02-09 20:00:00
1169,227,10,The prerequisites for this concept were tricky for me.,2026-02-11 10:00:00
1170,228,3,I had trouble understanding the step-by-step logic.,2026-01-09 15:00:00
1171,228,4,I felt confused by the math behind this topic.,2026-01-11 00:00:00
1172,228,8,Understood everything on the first try.,2026-01-18 17:00:00
1173,229,1,I had trouble understanding the step-by-step logic.,2026-01-06 02:00:00
1174,229,6,Struggled with the quiz questions on this topic.,2026-01-15 18:00:00
1175,229,8,Understood everything on the first try.,2026-01-20 19:00:00
1176,229,11,"Great overview, ready for the next challenge.",2026-01-24 18:00:00
1177,229,14,Need more examples and visual explanations.,2026-01-30 03:00:00
1178,229,17,I had trouble understanding the step-by-step logic.,2026-02-02 14:00:00
1179,229,18,Struggled with the quiz questions on this topic.,2026-02-05 06:00:00
1180,230,1,The prerequisites for this concept were tricky for me.,2026-01-23 22:00:00
1181,230,3,I felt confused by the math behind this topic.,2026-01-26 14:00:00
1182,230,8,Good topic structure and smooth difficulty curve.,2026-02-02 08:00:00
1183,230,9,I felt confused by the math behind this topic.,2026-02-06 12:00:00
1184,230,10,Understood everything on the first try.,2026-02-07 10:00:00
1185,230,11,"Great overview, ready for the next challenge.",2026-02-08 23:00:00
1186,231,2,Need more examples and visual explanations.,2026-01-31 21:00:00
1187,231,3,Struggled with the quiz questions on this topic.,2026-02-01 14:00:00
1188,231,6,Understood everything on the first try.,2026-02-13 04:00:00
1189,231,8,I had trouble understanding the step-by-step logic.,2026-02-16 13:00:00
1190,231,10,I felt confused by the math behind this topic.,2026-02-18 18:00:00
1191,231,14,Understood everything on the first try.,2026-02-28 20:00:00
1192,231,17,Need more examples and visual explanations.,2026-03-05 13:00:00
1193,231,18,I felt confused by the math behind this topic.,2026-03-08 15:00:00
1194,232,2,Good topic structure and smooth difficulty curve.,2026-01-14 16:00:00
1195,232,6,"Great overview, ready for the next challenge.",2026-01-24 10:00:00
1196,232,7,"Great overview, ready for the next challenge.",2026-01-26 18:00:00
1197,232,10,Understood everything on the first try.,2026-01-30 13:00:00
1198,232,15,Good topic structure and smooth difficulty curve.,2026-02-05 09:00:00
1199,233,3,Clear explanation! Really enjoyed this section.,2026-01-19 13:00:00
1200,233,8,Need more examples and visual explanations.,2026-01-25 09:00:00
1201,233,12,Good topic structure and smooth difficulty curve.,2026-01-29 15:00:00
1202,234,4,Good topic structure and smooth difficulty curve.,2026-01-16 19:00:00
1203,234,6,"Great overview, ready for the next challenge.",2026-01-20 10:00:00
1204,234,11,I had trouble understanding the step-by-step logic.,2026-01-29 06:00:00
1205,234,12,The examples made this concept easy to understand.,2026-02-01 04:00:00
1206,234,13,The examples made this concept easy to understand.,2026-02-02 18:00:00
1207,235,1,Clear explanation! Really enjoyed this section.,2026-02-02 04:00:00
1208,235,4,Understood everything on the first try.,2026-02-06 06:00:00
1209,235,6,Clear explanation! Really enjoyed this section.,2026-02-07 11:00:00
1210,235,8,Understood everything on the first try.,2026-02-09 12:00:00
1211,235,10,The examples made this concept easy to understand.,2026-02-11 08:00:00
1212,235,14,"Great overview, ready for the next challenge.",2026-02-17 04:00:00
1213,236,1,Understood everything on the first try.,2026-01-23 22:00:00
1214,236,5,I felt confused by the math behind this topic.,2026-01-27 17:00:00
1215,236,7,The prerequisites for this concept were tricky for me.,2026-01-30 23:00:00
1216,236,8,The examples made this concept easy to understand.,2026-01-31 08:00:00
1217,236,9,"Great overview, ready for the next challenge.",2026-02-02 00:00:00
1218,236,10,Struggled with the quiz questions on this topic.,2026-02-04 00:00:00
1219,236,12,Struggled with the quiz questions on this topic.,2026-02-06 01:00:00
1220,237,1,Clear explanation! Really enjoyed this section.,2026-01-28 04:00:00
1221,237,5,Struggled with the quiz questions on this topic.,2026-02-01 22:00:00
1222,237,11,I felt confused by the math behind this topic.,2026-02-09 17:00:00
1223,237,12,The prerequisites for this concept were tricky for me.,2026-02-11 16:00:00
1224,237,15,Understood everything on the first try.,2026-02-17 03:00:00
1225,237,16,I had trouble understanding the step-by-step logic.,2026-02-20 03:00:00
1226,237,18,The prerequisites for this concept were tricky for me.,2026-02-24 04:00:00
1227,238,2,Good topic structure and smooth difficulty curve.,2026-01-09 23:00:00
1228,238,4,Need more examples and visual explanations.,2026-01-11 23:00:00
1229,238,7,The examples made this concept easy to understand.,2026-01-15 07:00:00
1230,238,8,Clear explanation! Really enjoyed this section.,2026-01-17 07:00:00
1231,238,10,Understood everything on the first try.,2026-01-20 09:00:00
1232,239,2,"Great overview, ready for the next challenge.",2026-01-22 06:00:00
1233,239,4,Good topic structure and smooth difficulty curve.,2026-01-25 07:00:00
1234,239,7,Good topic structure and smooth difficulty curve.,2026-01-30 14:00:00
1235,239,8,Understood everything on the first try.,2026-01-31 12:00:00
1236,239,9,The examples made this concept easy to understand.,2026-02-03 09:00:00
1237,239,14,"Great overview, ready for the next challenge.",2026-02-16 01:00:00
1238,239,15,"Great overview, ready for the next challenge.",2026-02-18 04:00:00
1239,240,1,Understood everything on the first try.,2026-01-10 08:00:00
1240,240,2,Understood everything on the first try.,2026-01-11 09:00:00
1241,240,7,Clear explanation! Really enjoyed this section.,2026-01-18 07:00:00
1242,241,4,I felt confused by the math behind this topic.,2026-01-14 04:00:00
1243,241,9,I had trouble understanding the step-by-step logic.,2026-01-21 21:00:00
1244,241,10,Need more examples and visual explanations.,2026-01-24 10:00:00
1245,241,11,I felt confused by the math behind this topic.,2026-01-26 10:00:00
1246,241,12,I felt confused by the math behind this topic.,2026-01-27 13:00:00
1247,242,3,I had trouble understanding the step-by-step logic.,2026-01-06 11:00:00
1248,242,5,Good topic structure and smooth difficulty curve.,2026-01-08 16:00:00
1249,242,6,The examples made this concept easy to understand.,2026-01-09 00:00:00
1250,242,8,Need more examples and visual explanations.,2026-01-11 14:00:00
1251,242,13,Understood everything on the first try.,2026-01-19 08:00:00
1252,243,5,I had trouble understanding the step-by-step logic.,2026-01-24 18:00:00
1253,243,6,Clear explanation! Really enjoyed this section.,2026-01-28 20:00:00
1254,243,9,Need more examples and visual explanations.,2026-02-02 22:00:00
1255,243,12,I felt confused by the math behind this topic.,2026-02-07 00:00:00
1256,244,2,The examples made this concept easy to understand.,2026-01-14 12:00:00
1257,244,4,The examples made this concept easy to understand.,2026-01-16 06:00:00
1258,244,7,Clear explanation! Really enjoyed this section.,2026-01-17 23:00:00
1259,244,8,Struggled with the quiz questions on this topic.,2026-01-19 19:00:00
1260,244,12,"Great overview, ready for the next challenge.",2026-01-23 14:00:00
1261,245,4,I had trouble understanding the step-by-step logic.,2026-01-09 22:00:00
1262,245,9,Good topic structure and smooth difficulty curve.,2026-01-16 13:00:00
1263,245,10,Good topic structure and smooth difficulty curve.,2026-01-17 02:00:00
1264,245,11,Understood everything on the first try.,2026-01-18 00:00:00
1265,246,5,I felt confused by the math behind this topic.,2026-01-25 08:00:00
1266,246,8,Clear explanation! Really enjoyed this section.,2026-01-31 08:00:00
1267,246,10,The examples made this concept easy to understand.,2026-02-01 16:00:00
1268,247,4,The prerequisites for this concept were tricky for me.,2026-01-28 05:00:00
1269,247,6,Understood everything on the first try.,2026-01-29 21:00:00
1270,247,7,The examples made this concept easy to understand.,2026-01-30 18:00:00
1271,247,9,I had trouble understanding the step-by-step logic.,2026-02-01 21:00:00
1272,247,12,Clear explanation! Really enjoyed this section.,2026-02-05 22:00:00
1273,247,16,Understood everything on the first try.,2026-02-10 07:00:00
1274,247,17,Need more examples and visual explanations.,2026-02-14 18:00:00
1275,248,1,I had trouble understanding the step-by-step logic.,2026-01-09 06:00:00
1276,248,2,Understood everything on the first try.,2026-01-09 19:00:00
1277,248,4,I had trouble understanding the step-by-step logic.,2026-01-12 13:00:00
1278,248,7,The examples made this concept easy to understand.,2026-01-15 21:00:00
1279,248,10,Struggled with the quiz questions on this topic.,2026-01-21 14:00:00
1280,248,13,I had trouble understanding the step-by-step logic.,2026-01-30 00:00:00
1281,249,1,Understood everything on the first try.,2026-01-21 08:00:00
1282,249,3,I had trouble understanding the step-by-step logic.,2026-01-24 13:00:00
1283,249,9,The prerequisites for this concept were tricky for me.,2026-02-06 12:00:00
1284,250,2,I felt confused by the math behind this topic.,2026-01-19 11:00:00
1285,250,4,The examples made this concept easy to understand.,2026-01-24 17:00:00
1286,250,5,"Great overview, ready for the next challenge.",2026-01-26 15:00:00
1287,250,6,Good topic structure and smooth difficulty curve.,2026-01-28 09:00:00
1288,250,7,Understood everything on the first try.,2026-02-02 03:00:00
1289,250,13,Clear explanation! Really enjoyed this section.,2026-02-10 04:00:00
1290,250,14,I felt confused by the math behind this topic.,2026-02-13 03:00:00
1291,250,16,Good topic structure and smooth difficulty curve.,2026-02-17 05:00:00
1292,251,6,Clear explanation! Really enjoyed this section.,2026-02-05 11:00:00
1293,251,7,Struggled with the quiz questions on this topic.,2026-02-08 11:00:00
1294,251,9,I felt confused by the math behind this topic.,2026-02-12 14:00:00
1295,251,12,"Great overview, ready for the next challenge.",2026-02-19 18:00:00
1296,251,13,Understood everything on the first try.,2026-02-21 12:00:00
1297,251,18,Struggled with the quiz questions on this topic.,2026-02-28 13:00:00
1298,252,3,The prerequisites for this concept were tricky for me.,2026-01-19 06:00:00
1299,252,11,The examples made this concept easy to understand.,2026-01-28 13:00:00
1300,253,3,Understood everything on the first try.,2026-01-12 03:00:00
1301,253,4,Need more examples and visual explanations.,2026-01-15 00:00:00
1302,253,6,Need more examples and visual explanations.,2026-01-18 10:00:00
1303,253,12,Need more examples and visual explanations.,2026-02-02 06:00:00
1304,253,14,I had trouble understanding the step-by-step logic.,2026-02-06 02:00:00
1305,253,17,Clear explanation! Really enjoyed this section.,2026-02-09 20:00:00
1306,254,1,I felt confused by the math behind this topic.,2026-01-14 08:00:00
1307,254,5,The prerequisites for this concept were tricky for me.,2026-01-20 08:00:00
1308,254,7,The prerequisites for this concept were tricky for me.,2026-01-21 22:00:00
1309,254,8,The prerequisites for this concept were tricky for me.,2026-01-22 16:00:00
1310,254,10,"Great overview, ready for the next challenge.",2026-01-27 13:00:00
1311,255,2,Understood everything on the first try.,2026-01-05 22:00:00
1312,255,6,Clear explanation! Really enjoyed this section.,2026-01-11 14:00:00
1313,255,11,Good topic structure and smooth difficulty curve.,2026-01-19 01:00:00
1314,255,12,Need more examples and visual explanations.,2026-01-20 14:00:00
1315,255,15,The examples made this concept easy to understand.,2026-01-23 07:00:00
1316,255,19,Clear explanation! Really enjoyed this section.,2026-02-01 21:00:00
1317,256,1,I felt confused by the math behind this topic.,2026-01-14 23:00:00
1318,256,2,Struggled with the quiz questions on this topic.,2026-01-17 12:00:00
1319,256,3,I felt confused by the math behind this topic.,2026-01-17 22:00:00
1320,256,9,Need more examples and visual explanations.,2026-01-27 12:00:00
1321,256,11,Clear explanation! Really enjoyed this section.,2026-01-31 06:00:00
1322,256,12,The examples made this concept easy to understand.,2026-02-01 03:00:00
1323,256,13,Clear explanation! Really enjoyed this section.,2026-02-02 17:00:00
1324,257,1,Clear explanation! Really enjoyed this section.,2026-01-13 23:00:00
1325,257,2,"Great overview, ready for the next challenge.",2026-01-16 04:00:00
1326,257,4,Struggled with the quiz questions on this topic.,2026-01-20 21:00:00
1327,257,6,The examples made this concept easy to understand.,2026-01-26 18:00:00
1328,257,7,I had trouble understanding the step-by-step logic.,2026-01-29 04:00:00
1329,257,8,The examples made this concept easy to understand.,2026-01-31 07:00:00
1330,257,10,Good topic structure and smooth difficulty curve.,2026-02-05 05:00:00
1331,257,12,Good topic structure and smooth difficulty curve.,2026-02-08 23:00:00
1332,258,2,The examples made this concept easy to understand.,2026-02-03 08:00:00
1333,258,3,Need more examples and visual explanations.,2026-02-03 22:00:00
1334,258,5,Need more examples and visual explanations.,2026-02-07 07:00:00
1335,258,9,Need more examples and visual explanations.,2026-02-17 02:00:00
1336,259,4,I had trouble understanding the step-by-step logic.,2026-01-14 21:00:00
1337,259,8,Clear explanation! Really enjoyed this section.,2026-01-20 01:00:00
1338,259,14,Need more examples and visual explanations.,2026-02-02 05:00:00
1339,259,15,Struggled with the quiz questions on this topic.,2026-02-03 21:00:00
1340,260,4,Understood everything on the first try.,2026-01-13 23:00:00
1341,260,5,The prerequisites for this concept were tricky for me.,2026-01-15 03:00:00
1342,260,6,Understood everything on the first try.,2026-01-16 21:00:00
1343,260,7,I felt confused by the math behind this topic.,2026-01-17 08:00:00
1344,260,8,Struggled with the quiz questions on this topic.,2026-01-21 13:00:00
1345,260,9,I had trouble understanding the step-by-step logic.,2026-01-26 07:00:00
1346,260,10,"Great overview, ready for the next challenge.",2026-01-28 15:00:00
1347,261,5,The examples made this concept easy to understand.,2026-02-01 18:00:00
1348,261,10,"Great overview, ready for the next challenge.",2026-02-11 01:00:00
1349,261,13,I had trouble understanding the step-by-step logic.,2026-02-13 12:00:00
1350,261,16,Understood everything on the first try.,2026-02-18 08:00:00
1351,261,19,Good topic structure and smooth difficulty curve.,2026-02-21 09:00:00
1352,262,3,Clear explanation! Really enjoyed this section.,2026-01-31 21:00:00
1353,262,6,Struggled with the quiz questions on this topic.,2026-02-06 09:00:00
1354,262,8,I felt confused by the math behind this topic.,2026-02-10 00:00:00
1355,262,9,Understood everything on the first try.,2026-02-12 09:00:00
1356,262,14,Struggled with the quiz questions on this topic.,2026-02-25 16:00:00
1357,263,2,The examples made this concept easy to understand.,2026-01-26 14:00:00
1358,263,3,"Great overview, ready for the next challenge.",2026-01-26 18:00:00
1359,263,8,Struggled with the quiz questions on this topic.,2026-02-02 17:00:00
1360,263,9,Good topic structure and smooth difficulty curve.,2026-02-03 00:00:00
1361,263,10,The examples made this concept easy to understand.,2026-02-05 09:00:00
1362,263,16,"Great overview, ready for the next challenge.",2026-02-10 05:00:00
1363,264,1,The examples made this concept easy to understand.,2026-02-01 12:00:00
1364,265,2,Struggled with the quiz questions on this topic.,2026-01-26 15:00:00
1365,265,4,Struggled with the quiz questions on this topic.,2026-01-29 17:00:00
1366,265,8,"Great overview, ready for the next challenge.",2026-02-02 00:00:00
1367,265,10,The examples made this concept easy to understand.,2026-02-05 11:00:00
1368,265,11,Good topic structure and smooth difficulty curve.,2026-02-06 05:00:00
1369,265,12,The examples made this concept easy to understand.,2026-02-08 06:00:00
1370,265,13,Need more examples and visual explanations.,2026-02-10 01:00:00
1371,266,3,Struggled with the quiz questions on this topic.,2026-01-17 22:00:00
1372,266,7,Need more examples and visual explanations.,2026-01-25 12:00:00
1373,266,9,Need more examples and visual explanations.,2026-01-31 15:00:00
1374,266,14,Struggled with the quiz questions on this topic.,2026-02-15 19:00:00
1375,266,18,Struggled with the quiz questions on this topic.,2026-02-23 13:00:00
1376,267,8,The prerequisites for this concept were tricky for me.,2026-01-27 21:00:00
1377,267,9,Need more examples and visual explanations.,2026-01-28 21:00:00
1378,267,12,I had trouble understanding the step-by-step logic.,2026-02-03 22:00:00
1379,268,3,I felt confused by the math behind this topic.,2026-02-01 12:00:00
1380,268,4,Need more examples and visual explanations.,2026-02-03 14:00:00
1381,268,12,"Great overview, ready for the next challenge.",2026-02-15 07:00:00
1382,268,15,I had trouble understanding the step-by-step logic.,2026-02-18 03:00:00
1383,268,16,Understood everything on the first try.,2026-02-19 07:00:00
1384,268,17,Need more examples and visual explanations.,2026-02-19 21:00:00
1385,269,9,The examples made this concept easy to understand.,2026-01-25 12:00:00
1386,270,1,Good topic structure and smooth difficulty curve.,2026-01-26 12:00:00
1387,270,4,The examples made this concept easy to understand.,2026-01-29 18:00:00
1388,270,5,I had trouble understanding the step-by-step logic.,2026-01-30 08:00:00
1389,270,7,Understood everything on the first try.,2026-02-05 13:00:00
1390,270,10,I had trouble understanding the step-by-step logic.,2026-02-09 11:00:00
1391,271,1,Clear explanation! Really enjoyed this section.,2026-01-24 00:00:00
1392,271,3,The prerequisites for this concept were tricky for me.,2026-01-28 02:00:00
1393,271,10,The examples made this concept easy to understand.,2026-02-16 11:00:00
1394,272,1,The examples made this concept easy to understand.,2026-01-21 18:00:00
1395,272,5,The prerequisites for this concept were tricky for me.,2026-01-31 05:00:00
1396,272,8,I felt confused by the math behind this topic.,2026-02-06 18:00:00
1397,272,9,The prerequisites for this concept were tricky for me.,2026-02-08 10:00:00
1398,272,10,Need more examples and visual explanations.,2026-02-09 04:00:00
1399,272,11,Need more examples and visual explanations.,2026-02-10 14:00:00
1400,272,13,The examples made this concept easy to understand.,2026-02-13 20:00:00
1401,272,16,Struggled with the quiz questions on this topic.,2026-02-16 18:00:00
1402,272,18,The prerequisites for this concept were tricky for me.,2026-02-22 01:00:00
1403,272,19,Need more examples and visual explanations.,2026-02-25 12:00:00
1404,273,2,The examples made this concept easy to understand.,2026-01-30 19:00:00
1405,273,3,I felt confused by the math behind this topic.,2026-02-01 21:00:00
1406,273,6,Need more examples and visual explanations.,2026-02-08 14:00:00
1407,273,8,I felt confused by the math behind this topic.,2026-02-10 23:00:00
1408,273,9,I felt confused by the math behind this topic.,2026-02-14 03:00:00
1409,273,11,Understood everything on the first try.,2026-02-15 13:00:00
1410,273,13,Need more examples and visual explanations.,2026-02-17 13:00:00
1411,274,1,I felt confused by the math behind this topic.,2026-01-04 08:00:00
1412,274,6,Understood everything on the first try.,2026-01-11 08:00:00
1413,274,7,Struggled with the quiz questions on this topic.,2026-01-12 21:00:00
1414,274,12,"Great overview, ready for the next challenge.",2026-01-22 04:00:00
1415,274,13,The examples made this concept easy to understand.,2026-01-23 17:00:00
1416,274,15,Good topic structure and smooth difficulty curve.,2026-01-25 13:00:00
1417,274,16,Clear explanation! Really enjoyed this section.,2026-01-29 00:00:00
1418,274,20,Need more examples and visual explanations.,2026-02-04 02:00:00
1419,275,1,"Great overview, ready for the next challenge.",2026-01-20 04:00:00
1420,275,9,"Great overview, ready for the next challenge.",2026-02-02 21:00:00
1421,275,10,"Great overview, ready for the next challenge.",2026-02-06 12:00:00
1422,275,11,"Great overview, ready for the next challenge.",2026-02-07 02:00:00
1423,276,4,I had trouble understanding the step-by-step logic.,2026-01-31 05:00:00
1424,276,6,Understood everything on the first try.,2026-02-02 08:00:00
1425,276,9,Understood everything on the first try.,2026-02-05 10:00:00
1426,276,11,Understood everything on the first try.,2026-02-07 08:00:00
1427,276,17,The examples made this concept easy to understand.,2026-02-17 16:00:00
1428,276,18,Good topic structure and smooth difficulty curve.,2026-02-17 22:00:00
1429,277,1,I felt confused by the math behind this topic.,2026-01-05 17:00:00
1430,277,2,Understood everything on the first try.,2026-01-07 12:00:00
1431,277,4,Struggled with the quiz questions on this topic.,2026-01-10 13:00:00
1432,277,6,Struggled with the quiz questions on this topic.,2026-01-11 10:00:00
1433,277,10,The examples made this concept easy to understand.,2026-01-24 13:00:00
1434,277,11,Understood everything on the first try.,2026-01-27 02:00:00
1435,278,5,"Great overview, ready for the next challenge.",2026-01-28 03:00:00
1436,278,7,Struggled with the quiz questions on this topic.,2026-02-01 15:00:00
1437,278,11,Good topic structure and smooth difficulty curve.,2026-02-04 16:00:00
1438,278,12,Good topic structure and smooth difficulty curve.,2026-02-09 07:00:00
1439,278,13,Clear explanation! Really enjoyed this section.,2026-02-11 06:00:00
1440,278,16,I felt confused by the math behind this topic.,2026-02-18 01:00:00
1441,278,17,"Great overview, ready for the next challenge.",2026-02-21 10:00:00
1442,278,18,The examples made this concept easy to understand.,2026-02-22 00:00:00
1443,278,19,The prerequisites for this concept were tricky for me.,2026-02-22 17:00:00
1444,279,3,Need more examples and visual explanations.,2026-02-03 15:00:00
1445,279,4,Need more examples and visual explanations.,2026-02-08 20:00:00
1446,279,6,Struggled with the quiz questions on this topic.,2026-02-12 06:00:00
1447,279,7,Good topic structure and smooth difficulty curve.,2026-02-13 21:00:00
1448,279,8,I had trouble understanding the step-by-step logic.,2026-02-17 08:00:00
1449,279,9,I felt confused by the math behind this topic.,2026-02-19 11:00:00
1450,279,13,Need more examples and visual explanations.,2026-02-26 04:00:00
1451,280,1,"Great overview, ready for the next challenge.",2026-01-24 06:00:00
1452,280,2,The examples made this concept easy to understand.,2026-01-24 12:00:00
1453,280,6,I had trouble understanding the step-by-step logic.,2026-02-03 00:00:00
1454,280,9,The prerequisites for this concept were tricky for me.,2026-02-09 23:00:00
1455,280,11,The prerequisites for this concept were tricky for me.,2026-02-15 10:00:00
1456,280,16,Struggled with the quiz questions on this topic.,2026-02-26 04:00:00
1457,280,17,I felt confused by the math behind this topic.,2026-02-28 01:00:00
1458,281,4,Need more examples and visual explanations.,2026-01-15 08:00:00
1459,281,5,Understood everything on the first try.,2026-01-15 23:00:00
1460,281,6,"Great overview, ready for the next challenge.",2026-01-17 15:00:00
1461,281,7,I felt confused by the math behind this topic.,2026-01-18 12:00:00
1462,281,11,The examples made this concept easy to understand.,2026-01-24 19:00:00
1463,282,1,Clear explanation! Really enjoyed this section.,2026-01-29 20:00:00
1464,282,4,Need more examples and visual explanations.,2026-02-07 17:00:00
1465,282,5,I had trouble understanding the step-by-step logic.,2026-02-08 12:00:00
1466,282,6,The examples made this concept easy to understand.,2026-02-10 09:00:00
1467,282,8,"Great overview, ready for the next challenge.",2026-02-13 19:00:00
1468,282,11,Clear explanation! Really enjoyed this section.,2026-02-18 07:00:00
1469,282,13,I felt confused by the math behind this topic.,2026-02-21 17:00:00
1470,283,3,Understood everything on the first try.,2026-01-10 08:00:00
1471,283,7,Understood everything on the first try.,2026-01-19 04:00:00
1472,284,3,The prerequisites for this concept were tricky for me.,2026-02-01 01:00:00
1473,284,4,Understood everything on the first try.,2026-02-02 10:00:00
1474,284,8,I had trouble understanding the step-by-step logic.,2026-02-08 08:00:00
1475,284,9,Clear explanation! Really enjoyed this section.,2026-02-11 13:00:00
1476,285,9,Understood everything on the first try.,2026-02-08 05:00:00
1477,285,13,Good topic structure and smooth difficulty curve.,2026-02-14 02:00:00
1478,286,2,Understood everything on the first try.,2026-01-10 06:00:00
1479,286,11,"Great overview, ready for the next challenge.",2026-01-23 03:00:00
1480,286,12,Good topic structure and smooth difficulty curve.,2026-01-24 23:00:00
1481,287,1,I had trouble understanding the step-by-step logic.,2026-02-02 09:00:00
1482,287,2,"Great overview, ready for the next challenge.",2026-02-03 12:00:00
1483,287,5,I felt confused by the math behind this topic.,2026-02-07 15:00:00
1484,287,6,The examples made this concept easy to understand.,2026-02-09 03:00:00
1485,288,2,Clear explanation! Really enjoyed this section.,2026-01-17 21:00:00
1486,288,3,"Great overview, ready for the next challenge.",2026-01-18 04:00:00
1487,288,5,The prerequisites for this concept were tricky for me.,2026-01-23 23:00:00
1488,288,6,Clear explanation! Really enjoyed this section.,2026-01-25 03:00:00
1489,288,10,Struggled with the quiz questions on this topic.,2026-01-29 09:00:00
1490,288,12,Good topic structure and smooth difficulty curve.,2026-01-30 06:00:00
1491,288,14,Need more examples and visual explanations.,2026-02-04 02:00:00
1492,288,17,I had trouble understanding the step-by-step logic.,2026-02-09 17:00:00
1493,288,19,I had trouble understanding the step-by-step logic.,2026-02-12 00:00:00
1494,289,1,The examples made this concept easy to understand.,2026-01-18 18:00:00
1495,289,9,Struggled with the quiz questions on this topic.,2026-01-29 21:00:00
1496,289,14,Understood everything on the first try.,2026-02-07 15:00:00
1497,289,17,Need more examples and visual explanations.,2026-02-13 07:00:00
1498,290,2,"Great overview, ready for the next challenge.",2026-01-13 17:00:00
1499,290,5,Need more examples and visual explanations.,2026-01-16 19:00:00
1500,290,6,Clear explanation! Really enjoyed this section.,2026-01-17 10:00:00
1501,290,10,The prerequisites for this concept were tricky for me.,2026-01-27 01:00:00
1502,290,14,Struggled with the quiz questions on this topic.,2026-02-02 16:00:00
1503,290,15,Need more examples and visual explanations.,2026-02-04 14:00:00
1504,290,16,Good topic structure and smooth difficulty curve.,2026-02-05 23:00:00
1505,290,18,I had trouble understanding the step-by-step logic.,2026-02-08 01:00:00
1506,291,1,"Great overview, ready for the next challenge.",2026-01-03 04:00:00
1507,291,4,The examples made this concept easy to understand.,2026-01-07 12:00:00
1508,291,5,Understood everything on the first try.,2026-01-11 01:00:00
1509,291,6,Understood everything on the first try.,2026-01-11 08:00:00
1510,291,7,"Great overview, ready for the next challenge.",2026-01-15 05:00:00
1511,291,11,"Great overview, ready for the next challenge.",2026-01-24 11:00:00
1512,291,12,"Great overview, ready for the next challenge.",2026-01-25 10:00:00
1513,291,14,Clear explanation! Really enjoyed this section.,2026-01-27 04:00:00
1514,291,16,I had trouble understanding the step-by-step logic.,2026-02-01 04:00:00
1515,291,17,The prerequisites for this concept were tricky for me.,2026-02-01 21:00:00
1516,291,19,Good topic structure and smooth difficulty curve.,2026-02-04 16:00:00
1517,292,1,I felt confused by the math behind this topic.,2026-01-30 15:00:00
1518,292,3,I had trouble understanding the step-by-step logic.,2026-02-02 10:00:00
1519,292,4,Clear explanation! Really enjoyed this section.,2026-02-06 06:00:00
1520,292,5,"Great overview, ready for the next challenge.",2026-02-06 22:00:00
1521,292,8,The examples made this concept easy to understand.,2026-02-09 17:00:00
1522,292,10,The examples made this concept easy to understand.,2026-02-12 01:00:00
1523,292,13,Clear explanation! Really enjoyed this section.,2026-02-17 03:00:00
1524,292,15,Clear explanation! Really enjoyed this section.,2026-02-21 05:00:00
1525,292,16,Need more examples and visual explanations.,2026-02-22 09:00:00
1526,292,18,Good topic structure and smooth difficulty curve.,2026-02-25 03:00:00
1527,293,1,Good topic structure and smooth difficulty curve.,2026-02-02 06:00:00
1528,293,2,Need more examples and visual explanations.,2026-02-02 23:00:00
1529,293,5,I had trouble understanding the step-by-step logic.,2026-02-06 17:00:00
1530,293,9,I felt confused by the math behind this topic.,2026-02-11 17:00:00
1531,293,11,I had trouble understanding the step-by-step logic.,2026-02-16 16:00:00
1532,294,6,Understood everything on the first try.,2026-01-24 20:00:00
1533,294,7,The examples made this concept easy to understand.,2026-01-28 11:00:00
1534,294,9,The prerequisites for this concept were tricky for me.,2026-01-29 05:00:00
1535,294,10,Need more examples and visual explanations.,2026-01-30 21:00:00
1536,295,3,The prerequisites for this concept were tricky for me.,2026-01-30 10:00:00
1537,295,6,"Great overview, ready for the next challenge.",2026-02-03 18:00:00
1538,295,7,Clear explanation! Really enjoyed this section.,2026-02-04 01:00:00
1539,295,9,The prerequisites for this concept were tricky for me.,2026-02-06 13:00:00
1540,295,10,Clear explanation! Really enjoyed this section.,2026-02-07 01:00:00
1541,295,13,Need more examples and visual explanations.,2026-02-08 10:00:00
1542,296,1,The prerequisites for this concept were tricky for me.,2026-01-05 07:00:00
1543,296,4,I had trouble understanding the step-by-step logic.,2026-01-07 23:00:00
1544,296,6,The prerequisites for this concept were tricky for me.,2026-01-10 09:00:00
1545,296,7,The prerequisites for this concept were tricky for me.,2026-01-13 17:00:00
1546,296,8,Struggled with the quiz questions on this topic.,2026-01-13 23:00:00
1547,296,9,Good topic structure and smooth difficulty curve.,2026-01-16 08:00:00
1548,296,10,Good topic structure and smooth difficulty curve.,2026-01-18 04:00:00
1549,297,7,I had trouble understanding the step-by-step logic.,2026-02-02 15:00:00
1550,297,9,Good topic structure and smooth difficulty curve.,2026-02-06 02:00:00
1551,297,14,Need more examples and visual explanations.,2026-02-12 15:00:00
1552,297,16,Struggled with the quiz questions on this topic.,2026-02-14 11:00:00
1553,297,17,Understood everything on the first try.,2026-02-17 15:00:00
1554,298,2,"Great overview, ready for the next challenge.",2026-01-15 05:00:00
1555,298,3,"Great overview, ready for the next challenge.",2026-01-15 22:00:00
1556,298,6,Good topic structure and smooth difficulty curve.,2026-01-18 07:00:00
1557,298,9,The prerequisites for this concept were tricky for me.,2026-01-22 11:00:00
1558,298,10,Understood everything on the first try.,2026-01-24 02:00:00
1559,298,16,Understood everything on the first try.,2026-01-29 01:00:00
1560,299,12,Struggled with the quiz questions on this topic.,2026-02-12 18:00:00
1561,300,4,Clear explanation! Really enjoyed this section.,2026-01-30 08:00:00
1562,300,6,Clear explanation! Really enjoyed this section.,2026-02-04 22:00:00
1563,300,7,Clear explanation! Really enjoyed this section.,2026-02-06 08:00:00
1564,300,8,Clear explanation! Really enjoyed this section.,2026-02-07 06:00:00
1565,301,1,"Great overview, ready for the next challenge.",2026-01-23 06:00:00
1566,301,12,Good topic structure and smooth difficulty curve.,2026-02-08 08:00:00
1567,301,16,The prerequisites for this concept were tricky for me.,2026-02-14 10:00:00
1568,301,17,Struggled with the quiz questions on this topic.,2026-02-15 18:00:00
1569,302,1,Clear explanation! Really enjoyed this section.,2026-01-07 10:00:00
1570,302,2,"Great overview, ready for the next challenge.",2026-01-09 06:00:00
1571,302,6,Understood everything on the first try.,2026-01-15 05:00:00
1572,302,7,I felt confused by the math behind this topic.,2026-01-16 10:00:00
1573,303,5,Need more examples and visual explanations.,2026-01-27 08:00:00
1574,303,6,Need more examples and visual explanations.,2026-01-27 13:00:00
1575,303,7,"Great overview, ready for the next challenge.",2026-01-28 09:00:00
1576,303,8,Good topic structure and smooth difficulty curve.,2026-01-30 01:00:00
1577,303,13,The examples made this concept easy to understand.,2026-02-06 04:00:00
1578,303,15,"Great overview, ready for the next challenge.",2026-02-10 22:00:00
1579,304,7,"Great overview, ready for the next challenge.",2026-01-30 13:00:00
1580,304,10,I had trouble understanding the step-by-step logic.,2026-02-07 21:00:00
1581,304,11,The examples made this concept easy to understand.,2026-02-08 23:00:00
1582,304,15,The examples made this concept easy to understand.,2026-02-13 14:00:00
1583,304,16,Need more examples and visual explanations.,2026-02-16 00:00:00
1584,304,17,Clear explanation! Really enjoyed this section.,2026-02-19 13:00:00
1585,305,1,Need more examples and visual explanations.,2026-02-03 09:00:00
1586,305,4,Struggled with the quiz questions on this topic.,2026-02-08 08:00:00
1587,305,13,Need more examples and visual explanations.,2026-02-20 18:00:00
1588,306,1,Good topic structure and smooth difficulty curve.,2026-01-13 23:00:00
1589,306,4,"Great overview, ready for the next challenge.",2026-01-21 22:00:00
1590,306,10,Understood everything on the first try.,2026-02-06 02:00:00
1591,306,11,I felt confused by the math behind this topic.,2026-02-08 17:00:00
1592,306,12,Clear explanation! Really enjoyed this section.,2026-02-10 13:00:00
1593,307,1,Good topic structure and smooth difficulty curve.,2026-01-18 06:00:00
1594,307,6,The examples made this concept easy to understand.,2026-01-26 10:00:00
1595,307,9,"Great overview, ready for the next challenge.",2026-01-30 00:00:00
1596,307,11,Good topic structure and smooth difficulty curve.,2026-02-02 15:00:00
1597,308,1,Good topic structure and smooth difficulty curve.,2026-01-12 16:00:00
1598,308,5,I felt confused by the math behind this topic.,2026-01-19 10:00:00
1599,308,6,Need more examples and visual explanations.,2026-01-21 06:00:00
1600,308,8,The examples made this concept easy to understand.,2026-01-22 19:00:00
1601,308,10,I had trouble understanding the step-by-step logic.,2026-01-25 10:00:00
1602,309,4,The prerequisites for this concept were tricky for me.,2026-02-02 04:00:00
1603,309,10,I had trouble understanding the step-by-step logic.,2026-02-16 18:00:00
1604,309,11,I felt confused by the math behind this topic.,2026-02-18 13:00:00
1605,309,12,I felt confused by the math behind this topic.,2026-02-20 12:00:00
1606,309,18,Struggled with the quiz questions on this topic.,2026-02-28 01:00:00
1607,309,19,Struggled with the quiz questions on this topic.,2026-02-28 16:00:00
1608,310,1,"Great overview, ready for the next challenge.",2026-01-28 16:00:00
1609,310,2,"Great overview, ready for the next challenge.",2026-01-30 08:00:00
1610,310,7,"Great overview, ready for the next challenge.",2026-02-09 15:00:00
1611,310,8,The prerequisites for this concept were tricky for me.,2026-02-11 02:00:00
1612,310,10,Understood everything on the first try.,2026-02-14 02:00:00
1613,310,11,Good topic structure and smooth difficulty curve.,2026-02-14 10:00:00
1614,310,16,Struggled with the quiz questions on this topic.,2026-02-18 21:00:00
1615,310,18,I had trouble understanding the step-by-step logic.,2026-02-22 01:00:00
1616,310,19,Struggled with the quiz questions on this topic.,2026-02-22 14:00:00
1617,311,1,Understood everything on the first try.,2026-01-25 00:00:00
1618,311,4,I felt confused by the math behind this topic.,2026-01-28 09:00:00
1619,311,10,I had trouble understanding the step-by-step logic.,2026-02-06 07:00:00
1620,311,11,Need more examples and visual explanations.,2026-02-10 06:00:00
1621,311,14,Need more examples and visual explanations.,2026-02-14 06:00:00
1622,311,15,Good topic structure and smooth difficulty curve.,2026-02-15 14:00:00
1623,312,1,Clear explanation! Really enjoyed this section.,2026-01-26 23:00:00
1624,312,2,Understood everything on the first try.,2026-01-27 05:00:00
1625,312,6,Need more examples and visual explanations.,2026-01-29 18:00:00
1626,312,7,Need more examples and visual explanations.,2026-01-31 15:00:00
1627,312,11,Understood everything on the first try.,2026-02-05 15:00:00
1628,312,14,"Great overview, ready for the next challenge.",2026-02-08 12:00:00
1629,312,16,The prerequisites for this concept were tricky for me.,2026-02-13 01:00:00
1630,313,5,"Great overview, ready for the next challenge.",2026-02-09 17:00:00
1631,313,8,Clear explanation! Really enjoyed this section.,2026-02-12 17:00:00
1632,313,14,I felt confused by the math behind this topic.,2026-02-22 05:00:00
1633,313,15,Understood everything on the first try.,2026-02-25 12:00:00
1634,314,4,Understood everything on the first try.,2026-01-27 17:00:00
1635,314,6,I had trouble understanding the step-by-step logic.,2026-01-31 04:00:00
1636,314,7,I felt confused by the math behind this topic.,2026-02-02 00:00:00
1637,314,12,Good topic structure and smooth difficulty curve.,2026-02-06 12:00:00
1638,315,3,Struggled with the quiz questions on this topic.,2026-01-18 02:00:00
1639,315,7,Need more examples and visual explanations.,2026-01-23 19:00:00
1640,315,9,Good topic structure and smooth difficulty curve.,2026-01-26 10:00:00
1641,315,10,I had trouble understanding the step-by-step logic.,2026-01-27 13:00:00
1642,315,11,Struggled with the quiz questions on this topic.,2026-01-28 22:00:00
1643,315,12,Struggled with the quiz questions on this topic.,2026-02-01 23:00:00
1644,315,14,Struggled with the quiz questions on this topic.,2026-02-05 03:00:00
1645,315,16,I felt confused by the math behind this topic.,2026-02-06 15:00:00
1646,316,8,Need more examples and visual explanations.,2026-01-22 05:00:00
1647,316,15,The prerequisites for this concept were tricky for me.,2026-02-02 15:00:00
1648,316,18,The prerequisites for this concept were tricky for me.,2026-02-07 04:00:00
1649,317,2,The examples made this concept easy to understand.,2026-01-08 21:00:00
1650,317,8,I felt confused by the math behind this topic.,2026-01-17 03:00:00
1651,317,9,Understood everything on the first try.,2026-01-18 16:00:00
1652,317,10,Need more examples and visual explanations.,2026-01-19 23:00:00
1653,317,12,Good topic structure and smooth difficulty curve.,2026-01-21 08:00:00
1654,317,14,I felt confused by the math behind this topic.,2026-01-22 23:00:00
1655,317,15,Good topic structure and smooth difficulty curve.,2026-01-23 06:00:00
1656,318,2,Clear explanation! Really enjoyed this section.,2026-01-13 20:00:00
1657,318,8,The examples made this concept easy to understand.,2026-01-25 10:00:00
1658,318,14,Understood everything on the first try.,2026-02-02 07:00:00
1659,319,1,The examples made this concept easy to understand.,2026-01-09 19:00:00
1660,319,3,I had trouble understanding the step-by-step logic.,2026-01-11 04:00:00
1661,319,4,Good topic structure and smooth difficulty curve.,2026-01-12 18:00:00
1662,319,7,"Great overview, ready for the next challenge.",2026-01-18 12:00:00
1663,319,8,Clear explanation! Really enjoyed this section.,2026-01-19 22:00:00
1664,319,13,The prerequisites for this concept were tricky for me.,2026-01-26 21:00:00
1665,320,3,Good topic structure and smooth difficulty curve.,2026-01-17 12:00:00
1666,320,4,Need more examples and visual explanations.,2026-01-18 21:00:00
1667,321,2,Good topic structure and smooth difficulty curve.,2026-01-12 14:00:00
1668,321,11,"Great overview, ready for the next challenge.",2026-01-28 18:00:00
1669,322,1,Good topic structure and smooth difficulty curve.,2026-01-23 02:00:00
1670,322,10,The prerequisites for this concept were tricky for me.,2026-02-05 08:00:00
1671,322,12,I felt confused by the math behind this topic.,2026-02-08 07:00:00
1672,323,9,The prerequisites for this concept were tricky for me.,2026-02-18 19:00:00
1673,323,13,Good topic structure and smooth difficulty curve.,2026-02-27 13:00:00
1674,323,17,Good topic structure and smooth difficulty curve.,2026-03-05 08:00:00
1675,324,2,The prerequisites for this concept were tricky for me.,2026-01-21 20:00:00
1676,324,4,Clear explanation! Really enjoyed this section.,2026-01-25 07:00:00
1677,324,8,"Great overview, ready for the next challenge.",2026-01-29 08:00:00
1678,324,9,I felt confused by the math behind this topic.,2026-01-29 16:00:00
1679,324,11,"Great overview, ready for the next challenge.",2026-02-03 10:00:00
1680,325,3,Struggled with the quiz questions on this topic.,2026-01-31 22:00:00
1681,325,4,Need more examples and visual explanations.,2026-02-02 02:00:00
1682,326,2,The prerequisites for this concept were tricky for me.,2026-01-15 00:00:00
1683,326,4,The prerequisites for this concept were tricky for me.,2026-01-16 17:00:00
1684,326,5,I felt confused by the math behind this topic.,2026-01-19 16:00:00
1685,326,6,I had trouble understanding the step-by-step logic.,2026-01-21 01:00:00
1686,326,10,"Great overview, ready for the next challenge.",2026-01-28 07:00:00
1687,326,11,Understood everything on the first try.,2026-01-29 23:00:00
1688,326,13,Good topic structure and smooth difficulty curve.,2026-02-01 19:00:00
1689,326,16,Struggled with the quiz questions on this topic.,2026-02-04 05:00:00
1690,327,1,Good topic structure and smooth difficulty curve.,2026-01-22 17:00:00
1691,327,3,I felt confused by the math behind this topic.,2026-01-25 00:00:00
1692,327,6,The prerequisites for this concept were tricky for me.,2026-02-01 23:00:00
1693,327,9,Clear explanation! Really enjoyed this section.,2026-02-07 20:00:00
1694,327,10,Need more examples and visual explanations.,2026-02-08 05:00:00
1695,327,11,Good topic structure and smooth difficulty curve.,2026-02-10 21:00:00
1696,327,12,Clear explanation! Really enjoyed this section.,2026-02-12 21:00:00
1697,327,15,Understood everything on the first try.,2026-02-17 07:00:00
1698,327,16,Need more examples and visual explanations.,2026-02-17 11:00:00
1699,327,17,"Great overview, ready for the next challenge.",2026-02-18 01:00:00
1700,328,1,The examples made this concept easy to understand.,2026-01-18 10:00:00
1701,328,3,Good topic structure and smooth difficulty curve.,2026-01-21 07:00:00
1702,328,8,Struggled with the quiz questions on this topic.,2026-01-28 14:00:00
1703,328,11,The examples made this concept easy to understand.,2026-02-04 04:00:00
1704,328,13,I had trouble understanding the step-by-step logic.,2026-02-09 06:00:00
1705,329,3,The examples made this concept easy to understand.,2026-01-19 14:00:00
1706,329,5,The examples made this concept easy to understand.,2026-01-21 02:00:00
1707,329,10,The prerequisites for this concept were tricky for me.,2026-01-29 22:00:00
1708,329,11,Understood everything on the first try.,2026-01-30 05:00:00
1709,329,12,Clear explanation! Really enjoyed this section.,2026-01-31 04:00:00
1710,330,2,The examples made this concept easy to understand.,2026-01-08 10:00:00
1711,330,3,Good topic structure and smooth difficulty curve.,2026-01-09 17:00:00
1712,330,4,I felt confused by the math behind this topic.,2026-01-10 02:00:00
1713,330,8,Understood everything on the first try.,2026-01-14 02:00:00
1714,330,10,Understood everything on the first try.,2026-01-15 16:00:00
1715,330,12,Good topic structure and smooth difficulty curve.,2026-01-17 17:00:00
1716,330,13,Need more examples and visual explanations.,2026-01-17 21:00:00
1717,330,17,Clear explanation! Really enjoyed this section.,2026-01-24 09:00:00
1718,330,19,The examples made this concept easy to understand.,2026-01-27 16:00:00
1719,331,2,"Great overview, ready for the next challenge.",2026-01-20 20:00:00
1720,331,5,Good topic structure and smooth difficulty curve.,2026-01-26 05:00:00
1721,331,11,I felt confused by the math behind this topic.,2026-02-01 00:00:00
1722,332,1,Good topic structure and smooth difficulty curve.,2026-01-15 10:00:00
1723,332,4,I had trouble understanding the step-by-step logic.,2026-01-23 06:00:00
1724,332,7,Good topic structure and smooth difficulty curve.,2026-01-27 07:00:00
1725,332,10,I had trouble understanding the step-by-step logic.,2026-02-04 23:00:00
1726,332,14,The prerequisites for this concept were tricky for me.,2026-02-12 06:00:00
1727,332,16,The prerequisites for this concept were tricky for me.,2026-02-18 15:00:00
1728,333,3,Need more examples and visual explanations.,2026-01-30 06:00:00
1729,333,4,I had trouble understanding the step-by-step logic.,2026-01-31 00:00:00
1730,333,6,"Great overview, ready for the next challenge.",2026-02-02 15:00:00
1731,333,10,Good topic structure and smooth difficulty curve.,2026-02-04 22:00:00
1732,333,11,"Great overview, ready for the next challenge.",2026-02-06 15:00:00
1733,333,16,Good topic structure and smooth difficulty curve.,2026-02-13 05:00:00
1734,334,1,Clear explanation! Really enjoyed this section.,2026-01-23 20:00:00
1735,334,6,"Great overview, ready for the next challenge.",2026-01-29 17:00:00
1736,334,11,Clear explanation! Really enjoyed this section.,2026-02-01 22:00:00
1737,335,4,Need more examples and visual explanations.,2026-01-22 12:00:00
1738,335,5,I felt confused by the math behind this topic.,2026-01-24 02:00:00
1739,335,8,"Great overview, ready for the next challenge.",2026-01-28 08:00:00
1740,335,9,I had trouble understanding the step-by-step logic.,2026-01-28 23:00:00
1741,335,12,Clear explanation! Really enjoyed this section.,2026-02-01 14:00:00
1742,335,14,I felt confused by the math behind this topic.,2026-02-03 10:00:00
1743,335,15,Understood everything on the first try.,2026-02-06 07:00:00
1744,335,16,Struggled with the quiz questions on this topic.,2026-02-06 20:00:00
1745,336,2,Good topic structure and smooth difficulty curve.,2026-01-19 13:00:00
1746,336,4,The examples made this concept easy to understand.,2026-01-22 16:00:00
1747,336,5,"Great overview, ready for the next challenge.",2026-01-24 06:00:00
1748,336,9,The examples made this concept easy to understand.,2026-01-29 12:00:00
1749,336,13,The examples made this concept easy to understand.,2026-02-05 16:00:00
1750,336,14,Struggled with the quiz questions on this topic.,2026-02-06 04:00:00
1751,336,16,I had trouble understanding the step-by-step logic.,2026-02-09 12:00:00
1752,336,17,Clear explanation! Really enjoyed this section.,2026-02-10 02:00:00
1753,336,18,The prerequisites for this concept were tricky for me.,2026-02-12 13:00:00
1754,336,19,Understood everything on the first try.,2026-02-14 11:00:00
1755,337,3,I had trouble understanding the step-by-step logic.,2026-02-09 11:00:00
1756,337,5,Clear explanation! Really enjoyed this section.,2026-02-10 21:00:00
1757,337,11,Struggled with the quiz questions on this topic.,2026-02-21 02:00:00
1758,337,15,I felt confused by the math behind this topic.,2026-02-25 13:00:00
1759,338,1,Clear explanation! Really enjoyed this section.,2026-01-28 10:00:00
1760,338,2,"Great overview, ready for the next challenge.",2026-01-31 05:00:00
1761,338,3,I had trouble understanding the step-by-step logic.,2026-02-02 14:00:00
1762,338,5,Need more examples and visual explanations.,2026-02-08 06:00:00
1763,338,8,Need more examples and visual explanations.,2026-02-14 13:00:00
1764,338,10,Good topic structure and smooth difficulty curve.,2026-02-20 17:00:00
1765,339,8,"Great overview, ready for the next challenge.",2026-01-26 12:00:00
1766,339,10,Understood everything on the first try.,2026-01-30 23:00:00
1767,339,13,"Great overview, ready for the next challenge.",2026-02-09 13:00:00
1768,340,4,The examples made this concept easy to understand.,2026-01-28 01:00:00
1769,340,6,The examples made this concept easy to understand.,2026-01-30 15:00:00
1770,340,11,"Great overview, ready for the next challenge.",2026-02-03 03:00:00
1771,340,17,Good topic structure and smooth difficulty curve.,2026-02-11 12:00:00
1772,341,10,Understood everything on the first try.,2026-01-20 06:00:00
1773,341,12,Good topic structure and smooth difficulty curve.,2026-01-22 11:00:00
1774,342,5,The examples made this concept easy to understand.,2026-01-19 12:00:00
1775,342,12,The prerequisites for this concept were tricky for me.,2026-01-28 01:00:00
1776,342,13,Understood everything on the first try.,2026-01-31 03:00:00
1777,342,16,Good topic structure and smooth difficulty curve.,2026-02-05 20:00:00
1778,343,6,Clear explanation! Really enjoyed this section.,2026-01-19 08:00:00
1779,343,11,Good topic structure and smooth difficulty curve.,2026-01-27 14:00:00
1780,343,13,The examples made this concept easy to understand.,2026-01-31 01:00:00
1781,343,15,I had trouble understanding the step-by-step logic.,2026-02-02 18:00:00
1782,344,1,"Great overview, ready for the next challenge.",2026-01-05 11:00:00
1783,344,4,The examples made this concept easy to understand.,2026-01-07 18:00:00
1784,344,5,"Great overview, ready for the next challenge.",2026-01-09 02:00:00
1785,344,8,The prerequisites for this concept were tricky for me.,2026-01-14 13:00:00
1786,344,11,The examples made this concept easy to understand.,2026-01-17 00:00:00
1787,344,14,Clear explanation! Really enjoyed this section.,2026-01-21 22:00:00
1788,345,7,Struggled with the quiz questions on this topic.,2026-01-14 07:00:00
1789,345,8,Struggled with the quiz questions on this topic.,2026-01-15 13:00:00
1790,345,10,The prerequisites for this concept were tricky for me.,2026-01-20 13:00:00
1791,345,13,Need more examples and visual explanations.,2026-01-23 05:00:00
1792,345,16,Good topic structure and smooth difficulty curve.,2026-01-31 15:00:00
1793,346,2,Good topic structure and smooth difficulty curve.,2026-01-25 02:00:00
1794,346,8,Understood everything on the first try.,2026-02-03 04:00:00
1795,347,5,Need more examples and visual explanations.,2026-01-23 09:00:00
1796,347,8,Good topic structure and smooth difficulty curve.,2026-01-28 00:00:00
1797,347,9,Understood everything on the first try.,2026-01-28 17:00:00
1798,348,1,The examples made this concept easy to understand.,2026-01-26 18:00:00
1799,348,4,"Great overview, ready for the next challenge.",2026-02-01 10:00:00
1800,348,10,Struggled with the quiz questions on this topic.,2026-02-07 06:00:00
1801,348,11,"Great overview, ready for the next challenge.",2026-02-08 03:00:00
1802,348,12,Good topic structure and smooth difficulty curve.,2026-02-09 14:00:00
1803,348,15,I felt confused by the math behind this topic.,2026-02-12 20:00:00
1804,349,1,Understood everything on the first try.,2026-02-03 00:00:00
1805,349,8,The examples made this concept easy to understand.,2026-02-12 02:00:00
1806,349,10,Clear explanation! Really enjoyed this section.,2026-02-14 04:00:00
1807,349,12,"Great overview, ready for the next challenge.",2026-02-18 08:00:00
1808,349,18,I felt confused by the math behind this topic.,2026-03-02 21:00:00
1809,349,19,I felt confused by the math behind this topic.,2026-03-04 05:00:00
1810,350,2,Struggled with the quiz questions on this topic.,2026-01-15 19:00:00
1811,350,3,Struggled with the quiz questions on this topic.,2026-01-16 10:00:00
1812,350,7,Struggled with the quiz questions on this topic.,2026-01-21 05:00:00
1813,350,9,I had trouble understanding the step-by-step logic.,2026-01-25 15:00:00
1814,350,12,Clear explanation! Really enjoyed this section.,2026-01-28 17:00:00
1815,350,18,The examples made this concept easy to understand.,2026-02-09 18:00:00
1816,351,1,The examples made this concept easy to understand.,2026-01-24 15:00:00
1817,351,11,Clear explanation! Really enjoyed this section.,2026-02-07 02:00:00
1818,352,5,I felt confused by the math behind this topic.,2026-02-09 00:00:00
1819,352,9,Struggled with the quiz questions on this topic.,2026-02-18 20:00:00
1820,352,10,I had trouble understanding the step-by-step logic.,2026-02-19 12:00:00
1821,352,14,The prerequisites for this concept were tricky for me.,2026-02-27 06:00:00
1822,352,17,The prerequisites for this concept were tricky for me.,2026-03-02 07:00:00
1823,353,4,Clear explanation! Really enjoyed this section.,2026-01-24 03:00:00
1824,353,6,Clear explanation! Really enjoyed this section.,2026-01-24 22:00:00
1825,353,7,Struggled with the quiz questions on this topic.,2026-01-28 10:00:00
1826,353,8,The examples made this concept easy to understand.,2026-01-30 19:00:00
1827,353,16,I had trouble understanding the step-by-step logic.,2026-02-19 16:00:00
1828,354,1,Good topic structure and smooth difficulty curve.,2026-01-26 21:00:00
1829,354,2,Clear explanation! Really enjoyed this section.,2026-01-28 08:00:00
1830,354,4,The examples made this concept easy to understand.,2026-02-01 19:00:00
1831,354,8,Struggled with the quiz questions on this topic.,2026-02-08 01:00:00
1832,354,14,I had trouble understanding the step-by-step logic.,2026-02-20 11:00:00
1833,355,2,I had trouble understanding the step-by-step logic.,2026-01-13 15:00:00
1834,355,3,Clear explanation! Really enjoyed this section.,2026-01-14 10:00:00
1835,355,4,Clear explanation! Really enjoyed this section.,2026-01-14 19:00:00
1836,355,9,The examples made this concept easy to understand.,2026-01-18 21:00:00
1837,355,10,Need more examples and visual explanations.,2026-01-20 20:00:00
1838,355,12,The prerequisites for this concept were tricky for me.,2026-01-23 06:00:00
1839,355,14,The prerequisites for this concept were tricky for me.,2026-01-26 08:00:00
1840,355,15,Good topic structure and smooth difficulty curve.,2026-01-27 06:00:00
1841,355,17,Clear explanation! Really enjoyed this section.,2026-02-01 13:00:00
1842,356,2,"Great overview, ready for the next challenge.",2026-01-12 12:00:00
1843,356,6,"Great overview, ready for the next challenge.",2026-01-17 23:00:00
1844,356,7,Clear explanation! Really enjoyed this section.,2026-01-18 09:00:00
1845,356,8,Understood everything on the first try.,2026-01-19 05:00:00
1846,356,9,Need more examples and visual explanations.,2026-01-21 22:00:00
1847,356,10,The prerequisites for this concept were tricky for me.,2026-01-23 16:00:00
1848,356,12,Struggled with the quiz questions on this topic.,2026-01-25 14:00:00
1849,356,14,Understood everything on the first try.,2026-02-01 06:00:00
1850,356,15,The examples made this concept easy to understand.,2026-02-02 11:00:00
1851,356,18,I felt confused by the math behind this topic.,2026-02-04 11:00:00
1852,357,3,I had trouble understanding the step-by-step logic.,2026-01-29 16:00:00
1853,357,4,Good topic structure and smooth difficulty curve.,2026-02-01 08:00:00
1854,357,5,Understood everything on the first try.,2026-02-02 03:00:00
1855,357,8,I had trouble understanding the step-by-step logic.,2026-02-06 03:00:00
1856,357,11,"Great overview, ready for the next challenge.",2026-02-11 17:00:00
1857,357,14,"Great overview, ready for the next challenge.",2026-02-16 21:00:00
1858,357,15,"Great overview, ready for the next challenge.",2026-02-19 11:00:00
1859,358,6,Understood everything on the first try.,2026-02-05 11:00:00
1860,358,7,I felt confused by the math behind this topic.,2026-02-06 04:00:00
1861,358,9,Need more examples and visual explanations.,2026-02-07 19:00:00
1862,358,10,Understood everything on the first try.,2026-02-08 18:00:00
1863,358,12,Understood everything on the first try.,2026-02-14 19:00:00
1864,358,15,Need more examples and visual explanations.,2026-02-19 20:00:00
1865,358,20,Clear explanation! Really enjoyed this section.,2026-03-03 15:00:00
1866,359,3,The prerequisites for this concept were tricky for me.,2026-01-09 05:00:00
1867,359,5,I felt confused by the math behind this topic.,2026-01-12 01:00:00
1868,359,9,The examples made this concept easy to understand.,2026-01-15 18:00:00
1869,359,11,Struggled with the quiz questions on this topic.,2026-01-19 11:00:00
1870,359,13,Need more examples and visual explanations.,2026-01-22 18:00:00
1871,359,15,"Great overview, ready for the next challenge.",2026-01-25 09:00:00
1872,359,19,The examples made this concept easy to understand.,2026-01-29 10:00:00
1873,359,20,Struggled with the quiz questions on this topic.,2026-01-29 16:00:00
1874,360,1,"Great overview, ready for the next challenge.",2026-01-28 17:00:00
1875,360,3,Clear explanation! Really enjoyed this section.,2026-01-31 16:00:00
1876,360,5,Need more examples and visual explanations.,2026-02-02 20:00:00
1877,360,7,Good topic structure and smooth difficulty curve.,2026-02-07 07:00:00
1878,360,8,I had trouble understanding the step-by-step logic.,2026-02-08 04:00:00
1879,360,9,Struggled with the quiz questions on this topic.,2026-02-11 09:00:00
1880,361,1,Good topic structure and smooth difficulty curve.,2026-01-19 11:00:00
1881,361,3,"Great overview, ready for the next challenge.",2026-01-22 04:00:00
1882,361,5,The prerequisites for this concept were tricky for me.,2026-01-26 18:00:00
1883,361,6,"Great overview, ready for the next challenge.",2026-01-28 00:00:00
1884,361,8,Struggled with the quiz questions on this topic.,2026-01-30 05:00:00
1885,361,11,Understood everything on the first try.,2026-02-05 05:00:00
1886,361,13,Good topic structure and smooth difficulty curve.,2026-02-07 17:00:00
1887,361,14,The prerequisites for this concept were tricky for me.,2026-02-08 04:00:00
1888,362,1,I felt confused by the math behind this topic.,2026-01-31 10:00:00
1889,362,4,The examples made this concept easy to understand.,2026-02-04 14:00:00
1890,362,5,Good topic structure and smooth difficulty curve.,2026-02-08 14:00:00
1891,362,6,The prerequisites for this concept were tricky for me.,2026-02-09 23:00:00
1892,362,10,I felt confused by the math behind this topic.,2026-02-14 17:00:00
1893,363,1,Clear explanation! Really enjoyed this section.,2026-01-09 04:00:00
1894,363,5,Understood everything on the first try.,2026-01-15 09:00:00
1895,363,6,The examples made this concept easy to understand.,2026-01-16 06:00:00
1896,363,7,Clear explanation! Really enjoyed this section.,2026-01-17 05:00:00
1897,363,11,Understood everything on the first try.,2026-01-23 04:00:00
1898,364,1,I had trouble understanding the step-by-step logic.,2026-01-19 04:00:00
1899,364,6,"Great overview, ready for the next challenge.",2026-01-26 01:00:00
1900,364,7,Good topic structure and smooth difficulty curve.,2026-01-27 18:00:00
1901,364,8,Good topic structure and smooth difficulty curve.,2026-01-28 00:00:00
1902,364,9,Understood everything on the first try.,2026-02-01 20:00:00
1903,364,10,Good topic structure and smooth difficulty curve.,2026-02-03 22:00:00
1904,364,11,Clear explanation! Really enjoyed this section.,2026-02-04 06:00:00
1905,365,2,"Great overview, ready for the next challenge.",2026-02-05 04:00:00
1906,365,10,The prerequisites for this concept were tricky for me.,2026-02-17 04:00:00
1907,365,11,"Great overview, ready for the next challenge.",2026-02-19 14:00:00
1908,365,13,Clear explanation! Really enjoyed this section.,2026-02-23 00:00:00
1909,366,1,The examples made this concept easy to understand.,2026-01-26 12:00:00
1910,366,2,I had trouble understanding the step-by-step logic.,2026-01-28 12:00:00
1911,366,7,"Great overview, ready for the next challenge.",2026-02-06 17:00:00
1912,366,9,Clear explanation! Really enjoyed this section.,2026-02-10 13:00:00
1913,366,15,"Great overview, ready for the next challenge.",2026-02-18 04:00:00
1914,366,16,I had trouble understanding the step-by-step logic.,2026-02-18 14:00:00
1915,367,1,I had trouble understanding the step-by-step logic.,2026-01-04 20:00:00
1916,367,3,"Great overview, ready for the next challenge.",2026-01-06 17:00:00
1917,367,7,I felt confused by the math behind this topic.,2026-01-18 09:00:00
1918,367,9,I felt confused by the math behind this topic.,2026-01-20 20:00:00
1919,368,2,Need more examples and visual explanations.,2026-01-20 01:00:00
1920,368,9,Struggled with the quiz questions on this topic.,2026-01-31 10:00:00
1921,369,2,"Great overview, ready for the next challenge.",2026-01-09 00:00:00
1922,369,3,"Great overview, ready for the next challenge.",2026-01-10 06:00:00
1923,369,5,Clear explanation! Really enjoyed this section.,2026-01-15 03:00:00
1924,369,6,Understood everything on the first try.,2026-01-16 08:00:00
1925,369,7,"Great overview, ready for the next challenge.",2026-01-17 18:00:00
1926,369,10,Struggled with the quiz questions on this topic.,2026-01-19 14:00:00
1927,369,13,The examples made this concept easy to understand.,2026-01-23 21:00:00
1928,370,3,Good topic structure and smooth difficulty curve.,2026-01-07 18:00:00
1929,370,4,The examples made this concept easy to understand.,2026-01-09 11:00:00
1930,370,5,I had trouble understanding the step-by-step logic.,2026-01-10 18:00:00
1931,370,6,"Great overview, ready for the next challenge.",2026-01-11 16:00:00
1932,370,7,Good topic structure and smooth difficulty curve.,2026-01-12 08:00:00
1933,370,11,I had trouble understanding the step-by-step logic.,2026-01-16 00:00:00
1934,370,15,Need more examples and visual explanations.,2026-01-19 21:00:00
1935,370,16,Clear explanation! Really enjoyed this section.,2026-01-21 02:00:00
1936,370,17,I had trouble understanding the step-by-step logic.,2026-01-22 12:00:00
1937,371,1,"Great overview, ready for the next challenge.",2026-01-13 01:00:00
1938,371,4,Clear explanation! Really enjoyed this section.,2026-01-16 18:00:00
1939,371,5,Need more examples and visual explanations.,2026-01-17 10:00:00
1940,371,6,The examples made this concept easy to understand.,2026-01-18 14:00:00
1941,372,1,"Great overview, ready for the next challenge.",2026-01-29 16:00:00
1942,372,3,Clear explanation! Really enjoyed this section.,2026-02-02 18:00:00
1943,372,5,The prerequisites for this concept were tricky for me.,2026-02-05 12:00:00
1944,372,10,"Great overview, ready for the next challenge.",2026-02-11 10:00:00
1945,372,14,"Great overview, ready for the next challenge.",2026-02-19 21:00:00
1946,372,15,"Great overview, ready for the next challenge.",2026-02-21 17:00:00
1947,373,1,The examples made this concept easy to understand.,2026-01-10 11:00:00
1948,373,9,I felt confused by the math behind this topic.,2026-01-25 12:00:00
1949,374,3,"Great overview, ready for the next challenge.",2026-01-27 19:00:00
1950,374,5,Good topic structure and smooth difficulty curve.,2026-02-01 00:00:00
1951,374,10,I had trouble understanding the step-by-step logic.,2026-02-06 11:00:00
1952,374,11,Struggled with the quiz questions on this topic.,2026-02-07 07:00:00
1953,374,15,Struggled with the quiz questions on this topic.,2026-02-10 18:00:00
1954,374,17,"Great overview, ready for the next challenge.",2026-02-13 13:00:00
1955,374,19,Need more examples and visual explanations.,2026-02-20 09:00:00
1956,374,20,The prerequisites for this concept were tricky for me.,2026-02-22 20:00:00
1957,375,1,Understood everything on the first try.,2026-01-25 20:00:00
1958,375,4,Good topic structure and smooth difficulty curve.,2026-01-31 20:00:00
1959,375,6,"Great overview, ready for the next challenge.",2026-02-05 13:00:00
1960,375,8,Need more examples and visual explanations.,2026-02-07 18:00:00
1961,375,14,The examples made this concept easy to understand.,2026-02-12 04:00:00
1962,376,7,The prerequisites for this concept were tricky for me.,2026-02-13 02:00:00
1963,376,12,Struggled with the quiz questions on this topic.,2026-02-18 08:00:00
1964,376,15,"Great overview, ready for the next challenge.",2026-02-22 00:00:00
1965,376,16,Understood everything on the first try.,2026-02-23 13:00:00
1966,376,17,I felt confused by the math behind this topic.,2026-02-24 20:00:00
1967,377,3,I had trouble understanding the step-by-step logic.,2026-01-26 21:00:00
1968,377,11,The examples made this concept easy to understand.,2026-02-15 22:00:00
1969,377,13,The prerequisites for this concept were tricky for me.,2026-02-21 05:00:00
1970,377,14,The prerequisites for this concept were tricky for me.,2026-02-21 09:00:00
1971,377,15,I felt confused by the math behind this topic.,2026-02-23 09:00:00
1972,377,16,I felt confused by the math behind this topic.,2026-02-25 03:00:00
1973,377,17,I felt confused by the math behind this topic.,2026-03-01 03:00:00
1974,378,2,Understood everything on the first try.,2026-01-25 23:00:00
1975,378,5,The examples made this concept easy to understand.,2026-01-30 10:00:00
1976,378,7,Understood everything on the first try.,2026-02-01 16:00:00
1977,378,9,Understood everything on the first try.,2026-02-04 20:00:00
1978,378,10,"Great overview, ready for the next challenge.",2026-02-05 07:00:00
1979,378,12,I felt confused by the math behind this topic.,2026-02-08 17:00:00
1980,378,13,Understood everything on the first try.,2026-02-10 15:00:00
1981,378,14,Good topic structure and smooth difficulty curve.,2026-02-11 03:00:00
1982,378,16,"Great overview, ready for the next challenge.",2026-02-14 11:00:00
1983,378,17,Need more examples and visual explanations.,2026-02-14 20:00:00
1984,379,3,I felt confused by the math behind this topic.,2026-01-28 18:00:00
1985,379,5,Need more examples and visual explanations.,2026-02-02 23:00:00
1986,379,6,The prerequisites for this concept were tricky for me.,2026-02-03 10:00:00
1987,379,14,Struggled with the quiz questions on this topic.,2026-02-22 14:00:00
1988,380,4,The prerequisites for this concept were tricky for me.,2026-01-08 14:00:00
1989,380,9,Struggled with the quiz questions on this topic.,2026-01-15 19:00:00
1990,380,10,Understood everything on the first try.,2026-01-16 01:00:00
1991,380,12,The prerequisites for this concept were tricky for me.,2026-01-16 22:00:00
1992,381,1,The examples made this concept easy to understand.,2026-01-08 14:00:00
1993,381,7,The examples made this concept easy to understand.,2026-01-16 12:00:00
1994,381,10,Good topic structure and smooth difficulty curve.,2026-01-20 16:00:00
1995,381,15,The examples made this concept easy to understand.,2026-01-23 22:00:00
1996,381,17,Clear explanation! Really enjoyed this section.,2026-01-27 09:00:00
1997,381,18,Understood everything on the first try.,2026-01-29 09:00:00
1998,381,20,I felt confused by the math behind this topic.,2026-01-31 23:00:00
1999,382,3,The examples made this concept easy to understand.,2026-01-15 21:00:00
2000,382,5,I had trouble understanding the step-by-step logic.,2026-01-19 02:00:00
2001,382,6,Struggled with the quiz questions on this topic.,2026-01-20 03:00:00
2002,382,9,I had trouble understanding the step-by-step logic.,2026-01-26 12:00:00
2003,382,13,I felt confused by the math behind this topic.,2026-02-01 23:00:00
2004,382,15,I had trouble understanding the step-by-step logic.,2026-02-06 18:00:00
2005,382,16,I felt confused by the math behind this topic.,2026-02-08 16:00:00
2006,383,4,The examples made this concept easy to understand.,2026-01-25 03:00:00
2007,383,10,Understood everything on the first try.,2026-02-08 06:00:00
2008,383,12,The prerequisites for this concept were tricky for me.,2026-02-11 13:00:00
2009,384,1,Good topic structure and smooth difficulty curve.,2026-01-12 15:00:00
2010,384,17,Struggled with the quiz questions on this topic.,2026-02-11 10:00:00
2011,384,18,I felt confused by the math behind this topic.,2026-02-12 06:00:00
2012,384,19,Struggled with the quiz questions on this topic.,2026-02-13 16:00:00
2013,385,3,The prerequisites for this concept were tricky for me.,2026-01-17 06:00:00
2014,385,5,I had trouble understanding the step-by-step logic.,2026-01-18 20:00:00
2015,385,6,The examples made this concept easy to understand.,2026-01-20 01:00:00
2016,385,10,I had trouble understanding the step-by-step logic.,2026-01-28 07:00:00
2017,385,11,"Great overview, ready for the next challenge.",2026-01-29 17:00:00
2018,385,12,Need more examples and visual explanations.,2026-01-31 14:00:00
2019,386,2,Clear explanation! Really enjoyed this section.,2026-01-11 19:00:00
2020,386,6,Need more examples and visual explanations.,2026-01-15 05:00:00
2021,386,15,Struggled with the quiz questions on this topic.,2026-01-28 04:00:00
2022,387,2,Good topic structure and smooth difficulty curve.,2026-01-22 15:00:00
2023,387,4,The prerequisites for this concept were tricky for me.,2026-01-25 05:00:00
2024,387,14,I felt confused by the math behind this topic.,2026-02-16 14:00:00
2025,387,15,I felt confused by the math behind this topic.,2026-02-19 08:00:00
2026,387,17,Good topic structure and smooth difficulty curve.,2026-02-21 01:00:00
2027,387,18,Clear explanation! Really enjoyed this section.,2026-02-22 22:00:00
2028,388,1,Understood everything on the first try.,2026-01-04 05:00:00
2029,388,2,Clear explanation! Really enjoyed this section.,2026-01-04 23:00:00
2030,388,4,Need more examples and visual explanations.,2026-01-06 23:00:00
2031,388,5,Struggled with the quiz questions on this topic.,2026-01-10 04:00:00
2032,388,7,Understood everything on the first try.,2026-01-12 14:00:00
2033,388,9,The examples made this concept easy to understand.,2026-01-13 21:00:00
2034,388,10,The prerequisites for this concept were tricky for me.,2026-01-14 08:00:00
2035,389,1,The examples made this concept easy to understand.,2026-01-14 18:00:00
2036,389,2,I had trouble understanding the step-by-step logic.,2026-01-15 23:00:00
2037,389,3,I felt confused by the math behind this topic.,2026-01-17 08:00:00
2038,389,4,I had trouble understanding the step-by-step logic.,2026-01-17 18:00:00
2039,389,8,"Great overview, ready for the next challenge.",2026-01-24 02:00:00
2040,389,9,I had trouble understanding the step-by-step logic.,2026-01-27 01:00:00
2041,390,5,The prerequisites for this concept were tricky for me.,2026-02-08 20:00:00
2042,390,6,Clear explanation! Really enjoyed this section.,2026-02-10 20:00:00
2043,391,1,I felt confused by the math behind this topic.,2026-01-05 22:00:00
2044,391,7,The examples made this concept easy to understand.,2026-01-18 20:00:00
2045,391,9,Need more examples and visual explanations.,2026-01-22 14:00:00
2046,391,12,Struggled with the quiz questions on this topic.,2026-01-27 21:00:00
2047,391,16,Struggled with the quiz questions on this topic.,2026-02-04 03:00:00
2048,392,5,Understood everything on the first try.,2026-02-03 07:00:00
2049,392,6,I felt confused by the math behind this topic.,2026-02-04 09:00:00
2050,393,4,"Great overview, ready for the next challenge.",2026-01-23 23:00:00
2051,393,9,Good topic structure and smooth difficulty curve.,2026-01-30 08:00:00
2052,393,13,Understood everything on the first try.,2026-02-02 21:00:00
2053,393,14,Clear explanation! Really enjoyed this section.,2026-02-04 05:00:00
2054,394,5,Good topic structure and smooth difficulty curve.,2026-01-23 11:00:00
2055,394,8,I felt confused by the math behind this topic.,2026-01-26 14:00:00
2056,394,13,Struggled with the quiz questions on this topic.,2026-02-11 08:00:00
2057,394,16,The examples made this concept easy to understand.,2026-02-15 09:00:00
2058,395,3,Good topic structure and smooth difficulty curve.,2026-01-11 19:00:00
2059,395,8,The examples made this concept easy to understand.,2026-01-20 03:00:00
2060,395,9,Understood everything on the first try.,2026-01-20 11:00:00
2061,395,10,Need more examples and visual explanations.,2026-01-21 15:00:00
2062,395,12,The examples made this concept easy to understand.,2026-01-24 04:00:00
2063,395,13,Clear explanation! Really enjoyed this section.,2026-01-25 19:00:00
2064,395,15,Understood everything on the first try.,2026-01-27 22:00:00
2065,395,20,The prerequisites for this concept were tricky for me.,2026-02-05 14:00:00
2066,396,3,Struggled with the quiz questions on this topic.,2026-01-17 23:00:00
2067,396,4,Clear explanation! Really enjoyed this section.,2026-01-19 12:00:00
2068,396,7,I felt confused by the math behind this topic.,2026-01-26 08:00:00
2069,396,11,The examples made this concept easy to understand.,2026-02-03 05:00:00
2070,397,2,Need more examples and visual explanations.,2026-01-16 19:00:00
2071,397,4,Clear explanation! Really enjoyed this section.,2026-01-19 08:00:00
2072,397,9,The prerequisites for this concept were tricky for me.,2026-01-24 21:00:00
2073,397,10,Need more examples and visual explanations.,2026-01-28 15:00:00
2074,397,13,The examples made this concept easy to understand.,2026-02-05 00:00:00
2075,397,14,Understood everything on the first try.,2026-02-07 19:00:00
2076,397,15,I felt confused by the math behind this topic.,2026-02-10 05:00:00
2077,397,16,Need more examples and visual explanations.,2026-02-10 20:00:00
2078,398,2,I felt confused by the math behind this topic.,2026-01-15 03:00:00
2079,398,6,The examples made this concept easy to understand.,2026-01-21 02:00:00
2080,398,13,The examples made this concept easy to understand.,2026-02-02 21:00:00
2081,398,16,Struggled with the quiz questions on this topic.,2026-02-07 03:00:00
2082,399,2,Good topic structure and smooth difficulty curve.,2026-01-20 03:00:00
2083,399,4,I had trouble understanding the step-by-step logic.,2026-01-26 12:00:00
2084,399,7,I felt confused by the math behind this topic.,2026-02-01 10:00:00
2085,400,1,"Great overview, ready for the next challenge.",2026-01-15 19:00:00
2086,400,3,"Great overview, ready for the next challenge.",2026-01-19 15:00:00
2087,400,9,I had trouble understanding the step-by-step logic.,2026-01-28 16:00:00
2088,400,10,Need more examples and visual explanations.,2026-01-30 17:00:00
2089,401,5,"Great overview, ready for the next challenge.",2026-01-24 15:00:00
2090,401,7,"Great overview, ready for the next challenge.",2026-01-29 09:00:00
2091,401,9,I felt confused by the math behind this topic.,2026-01-30 06:00:00
2092,401,11,Good topic structure and smooth difficulty curve.,2026-02-01 15:00:00
2093,402,5,Good topic structure and smooth difficulty curve.,2026-01-22 00:00:00
2094,402,6,Good topic structure and smooth difficulty curve.,2026-01-25 07:00:00
2095,402,8,The examples made this concept easy to understand.,2026-01-28 06:00:00
2096,402,9,Struggled with the quiz questions on this topic.,2026-01-30 14:00:00
2097,403,1,The examples made this concept easy to understand.,2026-01-28 03:00:00
2098,403,3,The prerequisites for this concept were tricky for me.,2026-02-01 00:00:00
2099,403,5,I felt confused by the math behind this topic.,2026-02-07 07:00:00
2100,403,6,Need more examples and visual explanations.,2026-02-08 00:00:00
2101,403,9,The prerequisites for this concept were tricky for me.,2026-02-15 18:00:00
2102,403,10,Good topic structure and smooth difficulty curve.,2026-02-16 06:00:00
2103,403,12,Clear explanation! Really enjoyed this section.,2026-02-18 17:00:00
2104,403,13,"Great overview, ready for the next challenge.",2026-02-19 21:00:00
2105,403,14,Struggled with the quiz questions on this topic.,2026-02-23 13:00:00
2106,403,16,The examples made this concept easy to understand.,2026-02-27 01:00:00
2107,404,2,The prerequisites for this concept were tricky for me.,2026-01-30 12:00:00
2108,404,4,Clear explanation! Really enjoyed this section.,2026-02-04 11:00:00
2109,404,5,Struggled with the quiz questions on this topic.,2026-02-05 16:00:00
2110,404,7,The prerequisites for this concept were tricky for me.,2026-02-10 21:00:00
2111,404,9,I felt confused by the math behind this topic.,2026-02-14 07:00:00
2112,404,10,Clear explanation! Really enjoyed this section.,2026-02-15 05:00:00
2113,405,2,Understood everything on the first try.,2026-01-18 12:00:00
2114,405,4,Clear explanation! Really enjoyed this section.,2026-01-21 10:00:00
2115,405,5,I had trouble understanding the step-by-step logic.,2026-01-23 07:00:00
2116,405,7,Struggled with the quiz questions on this topic.,2026-01-25 20:00:00
2117,405,8,Clear explanation! Really enjoyed this section.,2026-01-26 19:00:00
2118,405,9,The prerequisites for this concept were tricky for me.,2026-01-27 08:00:00
2119,405,13,The prerequisites for this concept were tricky for me.,2026-02-03 20:00:00
2120,406,3,Struggled with the quiz questions on this topic.,2026-01-29 20:00:00
2121,406,4,The prerequisites for this concept were tricky for me.,2026-01-31 13:00:00
2122,406,7,I had trouble understanding the step-by-step logic.,2026-02-06 12:00:00
2123,406,12,I felt confused by the math behind this topic.,2026-02-16 13:00:00
2124,406,13,Clear explanation! Really enjoyed this section.,2026-02-19 20:00:00
2125,407,2,The examples made this concept easy to understand.,2026-01-17 15:00:00
2126,407,7,The examples made this concept easy to understand.,2026-01-25 06:00:00
2127,407,10,The examples made this concept easy to understand.,2026-01-27 09:00:00
2128,407,11,Clear explanation! Really enjoyed this section.,2026-01-29 04:00:00
2129,407,14,I had trouble understanding the step-by-step logic.,2026-02-03 09:00:00
2130,407,19,I had trouble understanding the step-by-step logic.,2026-02-10 23:00:00
2131,408,8,Clear explanation! Really enjoyed this section.,2026-01-24 13:00:00
2132,408,9,Good topic structure and smooth difficulty curve.,2026-01-26 12:00:00
2133,408,10,The prerequisites for this concept were tricky for me.,2026-01-28 02:00:00
2134,409,2,The prerequisites for this concept were tricky for me.,2026-01-10 03:00:00
2135,409,5,I had trouble understanding the step-by-step logic.,2026-01-15 23:00:00
2136,409,9,I had trouble understanding the step-by-step logic.,2026-01-24 06:00:00
2137,409,10,Struggled with the quiz questions on this topic.,2026-01-25 03:00:00
2138,410,2,Struggled with the quiz questions on this topic.,2026-02-02 15:00:00
2139,410,6,Good topic structure and smooth difficulty curve.,2026-02-06 15:00:00
2140,410,7,Understood everything on the first try.,2026-02-07 07:00:00
2141,410,13,Understood everything on the first try.,2026-02-15 10:00:00
2142,410,16,The examples made this concept easy to understand.,2026-02-22 12:00:00
2143,410,18,I felt confused by the math behind this topic.,2026-02-26 10:00:00
2144,410,19,The prerequisites for this concept were tricky for me.,2026-02-28 17:00:00
2145,411,2,"Great overview, ready for the next challenge.",2026-01-15 20:00:00
2146,411,4,Struggled with the quiz questions on this topic.,2026-01-18 08:00:00
2147,411,8,I had trouble understanding the step-by-step logic.,2026-01-23 04:00:00
2148,411,14,"Great overview, ready for the next challenge.",2026-02-01 20:00:00
2149,411,17,The prerequisites for this concept were tricky for me.,2026-02-09 07:00:00
2150,412,1,The prerequisites for this concept were tricky for me.,2026-01-19 08:00:00
2151,412,15,The examples made this concept easy to understand.,2026-02-19 14:00:00
2152,412,17,I had trouble understanding the step-by-step logic.,2026-02-26 01:00:00
2153,413,2,The prerequisites for this concept were tricky for me.,2026-01-25 14:00:00
2154,413,4,I felt confused by the math behind this topic.,2026-01-29 19:00:00
2155,413,8,The examples made this concept easy to understand.,2026-02-07 11:00:00
2156,414,8,Clear explanation! Really enjoyed this section.,2026-01-29 09:00:00
2157,414,9,"Great overview, ready for the next challenge.",2026-02-01 03:00:00
2158,415,2,"Great overview, ready for the next challenge.",2026-01-20 13:00:00
2159,415,3,Struggled with the quiz questions on this topic.,2026-01-20 18:00:00
2160,415,5,Clear explanation! Really enjoyed this section.,2026-01-26 04:00:00
2161,415,6,"Great overview, ready for the next challenge.",2026-01-26 16:00:00
2162,415,12,The examples made this concept easy to understand.,2026-02-04 09:00:00
2163,415,14,Clear explanation! Really enjoyed this section.,2026-02-07 03:00:00
2164,415,16,The examples made this concept easy to understand.,2026-02-07 22:00:00
2165,416,2,"Great overview, ready for the next challenge.",2026-01-08 07:00:00
2166,416,5,The examples made this concept easy to understand.,2026-01-14 00:00:00
2167,416,9,Understood everything on the first try.,2026-01-18 03:00:00
2168,417,1,"Great overview, ready for the next challenge.",2026-01-13 09:00:00
2169,417,2,I felt confused by the math behind this topic.,2026-01-14 17:00:00
2170,417,5,The examples made this concept easy to understand.,2026-01-19 01:00:00
2171,417,7,"Great overview, ready for the next challenge.",2026-01-21 19:00:00
2172,417,9,Need more examples and visual explanations.,2026-01-25 14:00:00
2173,417,12,I had trouble understanding the step-by-step logic.,2026-01-30 13:00:00
2174,417,15,The examples made this concept easy to understand.,2026-02-07 07:00:00
2175,417,17,The prerequisites for this concept were tricky for me.,2026-02-10 00:00:00
2176,417,18,Need more examples and visual explanations.,2026-02-10 22:00:00
2177,418,5,I felt confused by the math behind this topic.,2026-01-16 16:00:00
2178,418,8,Understood everything on the first try.,2026-01-20 12:00:00
2179,418,10,"Great overview, ready for the next challenge.",2026-01-23 12:00:00
2180,418,11,Clear explanation! Really enjoyed this section.,2026-01-25 01:00:00
2181,418,12,The examples made this concept easy to understand.,2026-01-27 22:00:00
2182,418,14,Understood everything on the first try.,2026-01-28 21:00:00
2183,418,16,"Great overview, ready for the next challenge.",2026-01-31 13:00:00
2184,418,17,Understood everything on the first try.,2026-02-02 10:00:00
2185,418,18,The examples made this concept easy to understand.,2026-02-02 19:00:00
2186,419,7,Struggled with the quiz questions on this topic.,2026-02-07 01:00:00
2187,419,13,Need more examples and visual explanations.,2026-02-16 06:00:00
2188,419,14,I felt confused by the math behind this topic.,2026-02-19 08:00:00
2189,420,5,Need more examples and visual explanations.,2026-01-25 13:00:00
2190,420,7,The prerequisites for this concept were tricky for me.,2026-01-26 12:00:00
2191,420,9,I felt confused by the math behind this topic.,2026-01-29 21:00:00
2192,420,11,I felt confused by the math behind this topic.,2026-02-02 02:00:00
2193,420,13,I had trouble understanding the step-by-step logic.,2026-02-04 07:00:00
2194,421,1,Clear explanation! Really enjoyed this section.,2026-01-13 03:00:00
2195,421,10,The prerequisites for this concept were tricky for me.,2026-01-28 09:00:00
2196,421,11,I felt confused by the math behind this topic.,2026-02-01 16:00:00
2197,421,13,The examples made this concept easy to understand.,2026-02-04 22:00:00
2198,422,2,Struggled with the quiz questions on this topic.,2026-01-04 15:00:00
2199,422,3,Struggled with the quiz questions on this topic.,2026-01-05 09:00:00
2200,422,7,Struggled with the quiz questions on this topic.,2026-01-11 10:00:00
2201,422,9,The prerequisites for this concept were tricky for me.,2026-01-14 11:00:00
2202,422,12,Struggled with the quiz questions on this topic.,2026-01-16 21:00:00
2203,423,1,The examples made this concept easy to understand.,2026-01-30 07:00:00
2204,423,10,Understood everything on the first try.,2026-02-11 03:00:00
2205,423,11,Clear explanation! Really enjoyed this section.,2026-02-11 12:00:00
2206,423,13,Struggled with the quiz questions on this topic.,2026-02-16 07:00:00
2207,424,5,I felt confused by the math behind this topic.,2026-02-12 06:00:00
2208,424,8,"Great overview, ready for the next challenge.",2026-02-15 03:00:00
2209,425,2,Good topic structure and smooth difficulty curve.,2026-02-02 13:00:00
2210,425,5,"Great overview, ready for the next challenge.",2026-02-04 10:00:00
2211,425,7,Good topic structure and smooth difficulty curve.,2026-02-06 06:00:00
2212,425,10,"Great overview, ready for the next challenge.",2026-02-09 11:00:00
2213,425,14,I felt confused by the math behind this topic.,2026-02-16 00:00:00
2214,426,1,Need more examples and visual explanations.,2026-01-30 17:00:00
2215,426,10,The prerequisites for this concept were tricky for me.,2026-02-16 02:00:00
2216,426,16,Good topic structure and smooth difficulty curve.,2026-02-24 03:00:00
2217,426,17,Clear explanation! Really enjoyed this section.,2026-02-24 22:00:00
2218,427,1,I had trouble understanding the step-by-step logic.,2026-01-07 17:00:00
2219,427,3,Understood everything on the first try.,2026-01-09 04:00:00
2220,427,5,Understood everything on the first try.,2026-01-11 18:00:00
2221,427,7,Understood everything on the first try.,2026-01-13 13:00:00
2222,428,7,The prerequisites for this concept were tricky for me.,2026-02-03 02:00:00
2223,428,10,Need more examples and visual explanations.,2026-02-06 22:00:00
2224,428,12,The prerequisites for this concept were tricky for me.,2026-02-12 22:00:00
2225,428,13,Understood everything on the first try.,2026-02-14 19:00:00
2226,429,5,I felt confused by the math behind this topic.,2026-01-29 02:00:00
2227,429,7,Understood everything on the first try.,2026-01-31 23:00:00
2228,429,8,The examples made this concept easy to understand.,2026-02-01 05:00:00
2229,429,9,The examples made this concept easy to understand.,2026-02-02 19:00:00
2230,429,10,Clear explanation! Really enjoyed this section.,2026-02-04 16:00:00
2231,430,1,The examples made this concept easy to understand.,2026-01-20 23:00:00
2232,430,5,The examples made this concept easy to understand.,2026-01-23 19:00:00
2233,430,6,Good topic structure and smooth difficulty curve.,2026-01-25 04:00:00
2234,430,8,Good topic structure and smooth difficulty curve.,2026-01-27 20:00:00
2235,431,1,"Great overview, ready for the next challenge.",2026-01-09 21:00:00
2236,431,3,The examples made this concept easy to understand.,2026-01-11 06:00:00
2237,431,9,"Great overview, ready for the next challenge.",2026-01-25 22:00:00
2238,432,1,Struggled with the quiz questions on this topic.,2026-01-22 07:00:00
2239,432,2,The prerequisites for this concept were tricky for me.,2026-01-24 06:00:00
2240,432,8,Understood everything on the first try.,2026-02-08 09:00:00
2241,432,9,I had trouble understanding the step-by-step logic.,2026-02-08 15:00:00
2242,432,11,I felt confused by the math behind this topic.,2026-02-12 07:00:00
2243,432,12,I felt confused by the math behind this topic.,2026-02-14 04:00:00
2244,432,15,"Great overview, ready for the next challenge.",2026-02-21 23:00:00
2245,432,17,Good topic structure and smooth difficulty curve.,2026-02-25 07:00:00
2246,432,18,I felt confused by the math behind this topic.,2026-02-26 00:00:00
2247,433,6,Need more examples and visual explanations.,2026-02-04 06:00:00
2248,433,10,The examples made this concept easy to understand.,2026-02-06 13:00:00
2249,434,3,Understood everything on the first try.,2026-01-26 12:00:00
2250,434,5,Understood everything on the first try.,2026-01-28 14:00:00
2251,434,6,The examples made this concept easy to understand.,2026-01-28 18:00:00
2252,434,7,"Great overview, ready for the next challenge.",2026-01-29 11:00:00
2253,434,8,I had trouble understanding the step-by-step logic.,2026-01-30 22:00:00
2254,434,9,Struggled with the quiz questions on this topic.,2026-01-31 06:00:00
2255,434,11,Understood everything on the first try.,2026-02-02 01:00:00
2256,435,3,The examples made this concept easy to understand.,2026-01-16 17:00:00
2257,435,6,Clear explanation! Really enjoyed this section.,2026-01-20 08:00:00
2258,436,1,The examples made this concept easy to understand.,2026-01-31 15:00:00
2259,436,4,The examples made this concept easy to understand.,2026-02-04 04:00:00
2260,436,10,Good topic structure and smooth difficulty curve.,2026-02-18 04:00:00
2261,436,13,Need more examples and visual explanations.,2026-02-23 17:00:00
2262,436,14,The examples made this concept easy to understand.,2026-02-27 02:00:00
2263,436,17,I felt confused by the math behind this topic.,2026-03-04 04:00:00
2264,436,18,I felt confused by the math behind this topic.,2026-03-07 10:00:00
2265,437,1,Clear explanation! Really enjoyed this section.,2026-01-17 19:00:00
2266,437,4,I felt confused by the math behind this topic.,2026-01-20 15:00:00
2267,437,5,Struggled with the quiz questions on this topic.,2026-01-20 21:00:00
2268,437,7,"Great overview, ready for the next challenge.",2026-01-23 15:00:00
2269,437,11,Clear explanation! Really enjoyed this section.,2026-01-30 06:00:00
2270,437,15,Understood everything on the first try.,2026-02-03 07:00:00
2271,438,4,The prerequisites for this concept were tricky for me.,2026-01-30 06:00:00
2272,438,5,I felt confused by the math behind this topic.,2026-01-30 10:00:00
2273,438,6,I felt confused by the math behind this topic.,2026-01-31 01:00:00
2274,438,7,I felt confused by the math behind this topic.,2026-02-01 12:00:00
2275,438,9,The prerequisites for this concept were tricky for me.,2026-02-04 09:00:00
2276,438,11,I had trouble understanding the step-by-step logic.,2026-02-09 12:00:00
2277,439,5,Struggled with the quiz questions on this topic.,2026-01-18 14:00:00
2278,439,7,"Great overview, ready for the next challenge.",2026-01-23 18:00:00
2279,439,8,Struggled with the quiz questions on this topic.,2026-01-26 19:00:00
2280,439,9,I felt confused by the math behind this topic.,2026-01-28 11:00:00
2281,439,10,Understood everything on the first try.,2026-01-28 19:00:00
2282,440,4,Understood everything on the first try.,2026-01-20 05:00:00
2283,440,5,The examples made this concept easy to understand.,2026-01-20 20:00:00
2284,440,6,The examples made this concept easy to understand.,2026-01-21 17:00:00
2285,440,12,Understood everything on the first try.,2026-01-29 13:00:00
2286,441,3,Good topic structure and smooth difficulty curve.,2026-01-20 22:00:00
2287,441,4,Clear explanation! Really enjoyed this section.,2026-01-22 22:00:00
2288,441,8,Good topic structure and smooth difficulty curve.,2026-02-01 01:00:00
2289,441,9,The examples made this concept easy to understand.,2026-02-02 02:00:00
2290,441,11,Clear explanation! Really enjoyed this section.,2026-02-05 23:00:00
2291,441,15,The prerequisites for this concept were tricky for me.,2026-02-10 19:00:00
2292,442,2,"Great overview, ready for the next challenge.",2026-01-19 01:00:00
2293,442,3,"Great overview, ready for the next challenge.",2026-01-20 18:00:00
2294,442,8,"Great overview, ready for the next challenge.",2026-01-25 15:00:00
2295,442,10,Struggled with the quiz questions on this topic.,2026-01-29 18:00:00
2296,443,2,I had trouble understanding the step-by-step logic.,2026-01-19 09:00:00
2297,443,6,I felt confused by the math behind this topic.,2026-01-27 17:00:00
2298,443,7,Good topic structure and smooth difficulty curve.,2026-01-27 23:00:00
2299,443,10,The prerequisites for this concept were tricky for me.,2026-01-31 21:00:00
2300,443,12,Need more examples and visual explanations.,2026-02-03 08:00:00
2301,443,14,The prerequisites for this concept were tricky for me.,2026-02-07 18:00:00
2302,443,16,Struggled with the quiz questions on this topic.,2026-02-10 00:00:00
2303,443,19,Struggled with the quiz questions on this topic.,2026-02-17 06:00:00
2304,444,1,Good topic structure and smooth difficulty curve.,2026-01-30 19:00:00
2305,444,2,I had trouble understanding the step-by-step logic.,2026-02-01 13:00:00
2306,444,5,The examples made this concept easy to understand.,2026-02-06 21:00:00
2307,444,11,Good topic structure and smooth difficulty curve.,2026-02-15 08:00:00
2308,444,12,Clear explanation! Really enjoyed this section.,2026-02-15 20:00:00
2309,445,7,Struggled with the quiz questions on this topic.,2026-01-19 18:00:00
2310,445,10,The examples made this concept easy to understand.,2026-01-28 06:00:00
2311,445,11,I felt confused by the math behind this topic.,2026-01-28 22:00:00
2312,445,14,Struggled with the quiz questions on this topic.,2026-01-30 20:00:00
2313,445,15,I had trouble understanding the step-by-step logic.,2026-01-31 22:00:00
2314,445,16,Need more examples and visual explanations.,2026-02-02 03:00:00
2315,445,18,I felt confused by the math behind this topic.,2026-02-04 08:00:00
2316,445,19,The examples made this concept easy to understand.,2026-02-04 22:00:00
2317,446,9,The prerequisites for this concept were tricky for me.,2026-01-25 09:00:00
2318,446,10,The examples made this concept easy to understand.,2026-01-28 00:00:00
2319,446,12,Need more examples and visual explanations.,2026-02-01 16:00:00
2320,446,13,"Great overview, ready for the next challenge.",2026-02-03 07:00:00
2321,446,15,Need more examples and visual explanations.,2026-02-04 08:00:00
2322,446,17,I had trouble understanding the step-by-step logic.,2026-02-08 21:00:00
2323,447,2,Struggled with the quiz questions on this topic.,2026-01-18 01:00:00
2324,447,3,The examples made this concept easy to understand.,2026-01-20 16:00:00
2325,447,7,Need more examples and visual explanations.,2026-01-24 17:00:00
2326,447,10,Struggled with the quiz questions on this topic.,2026-01-30 04:00:00
2327,447,13,The prerequisites for this concept were tricky for me.,2026-02-05 04:00:00
2328,448,5,Need more examples and visual explanations.,2026-01-11 12:00:00
2329,448,6,Need more examples and visual explanations.,2026-01-13 12:00:00
2330,448,8,The prerequisites for this concept were tricky for me.,2026-01-15 19:00:00
2331,448,9,Need more examples and visual explanations.,2026-01-18 05:00:00
2332,448,16,Understood everything on the first try.,2026-02-01 21:00:00
2333,449,1,Understood everything on the first try.,2026-01-15 20:00:00
2334,449,4,The prerequisites for this concept were tricky for me.,2026-01-20 06:00:00
2335,449,7,The prerequisites for this concept were tricky for me.,2026-01-23 10:00:00
2336,449,8,Clear explanation! Really enjoyed this section.,2026-01-25 08:00:00
2337,449,9,The prerequisites for this concept were tricky for me.,2026-01-27 14:00:00
2338,449,10,Struggled with the quiz questions on this topic.,2026-01-27 19:00:00
2339,449,11,The examples made this concept easy to understand.,2026-01-29 08:00:00
2340,449,12,The examples made this concept easy to understand.,2026-02-01 13:00:00
2341,449,13,I had trouble understanding the step-by-step logic.,2026-02-02 05:00:00
2342,449,14,Need more examples and visual explanations.,2026-02-03 14:00:00
2343,450,1,Understood everything on the first try.,2026-01-28 18:00:00
2344,450,2,"Great overview, ready for the next challenge.",2026-01-29 03:00:00
2345,450,3,Clear explanation! Really enjoyed this section.,2026-01-30 15:00:00
2346,450,8,"Great overview, ready for the next challenge.",2026-02-09 14:00:00
2347,450,9,I had trouble understanding the step-by-step logic.,2026-02-11 07:00:00
2348,450,10,Clear explanation! Really enjoyed this section.,2026-02-12 19:00:00
2349,450,11,Understood everything on the first try.,2026-02-14 12:00:00
2350,451,2,Need more examples and visual explanations.,2026-01-06 16:00:00
2351,451,3,I had trouble understanding the step-by-step logic.,2026-01-08 06:00:00
2352,451,5,I felt confused by the math behind this topic.,2026-01-09 15:00:00
2353,451,9,The prerequisites for this concept were tricky for me.,2026-01-18 08:00:00
2354,452,1,Clear explanation! Really enjoyed this section.,2026-01-25 03:00:00
2355,452,3,Clear explanation! Really enjoyed this section.,2026-01-27 01:00:00
2356,452,5,Understood everything on the first try.,2026-01-31 23:00:00
2357,452,7,I had trouble understanding the step-by-step logic.,2026-02-05 00:00:00
2358,452,8,Clear explanation! Really enjoyed this section.,2026-02-06 00:00:00
2359,452,11,Good topic structure and smooth difficulty curve.,2026-02-10 13:00:00
2360,452,12,I felt confused by the math behind this topic.,2026-02-10 20:00:00
2361,452,13,I felt confused by the math behind this topic.,2026-02-14 20:00:00
2362,452,14,"Great overview, ready for the next challenge.",2026-02-17 18:00:00
2363,452,16,Clear explanation! Really enjoyed this section.,2026-02-20 00:00:00
2364,452,19,Struggled with the quiz questions on this topic.,2026-02-22 17:00:00
2365,453,1,The examples made this concept easy to understand.,2026-01-03 23:00:00
2366,453,3,I had trouble understanding the step-by-step logic.,2026-01-05 10:00:00
2367,453,4,Good topic structure and smooth difficulty curve.,2026-01-05 22:00:00
2368,453,6,Clear explanation! Really enjoyed this section.,2026-01-08 16:00:00
2369,453,8,"Great overview, ready for the next challenge.",2026-01-10 03:00:00
2370,454,4,Good topic structure and smooth difficulty curve.,2026-02-01 00:00:00
2371,454,6,"Great overview, ready for the next challenge.",2026-02-01 21:00:00
2372,455,9,Clear explanation! Really enjoyed this section.,2026-02-14 11:00:00
2373,455,11,Clear explanation! Really enjoyed this section.,2026-02-16 19:00:00
2374,456,2,Understood everything on the first try.,2026-01-31 19:00:00
2375,456,4,Need more examples and visual explanations.,2026-02-06 19:00:00
2376,456,7,I felt confused by the math behind this topic.,2026-02-11 04:00:00
2377,456,10,I had trouble understanding the step-by-step logic.,2026-02-13 01:00:00
2378,456,11,Need more examples and visual explanations.,2026-02-13 14:00:00
2379,456,13,I had trouble understanding the step-by-step logic.,2026-02-16 22:00:00
2380,456,14,I had trouble understanding the step-by-step logic.,2026-02-18 19:00:00
2381,457,1,"Great overview, ready for the next challenge.",2026-01-15 10:00:00
2382,457,4,Clear explanation! Really enjoyed this section.,2026-01-19 09:00:00
2383,457,8,The examples made this concept easy to understand.,2026-01-23 20:00:00
2384,457,9,"Great overview, ready for the next challenge.",2026-01-24 15:00:00
2385,457,13,"Great overview, ready for the next challenge.",2026-01-30 06:00:00
2386,457,14,Struggled with the quiz questions on this topic.,2026-01-31 20:00:00
2387,458,2,I had trouble understanding the step-by-step logic.,2026-01-13 01:00:00
2388,459,2,Good topic structure and smooth difficulty curve.,2026-01-10 02:00:00
2389,459,5,Good topic structure and smooth difficulty curve.,2026-01-14 02:00:00
2390,459,7,Understood everything on the first try.,2026-01-16 12:00:00
2391,459,8,"Great overview, ready for the next challenge.",2026-01-18 08:00:00
2392,459,9,Good topic structure and smooth difficulty curve.,2026-01-19 04:00:00
2393,459,13,Need more examples and visual explanations.,2026-01-22 04:00:00
2394,459,15,Struggled with the quiz questions on this topic.,2026-01-25 08:00:00
2395,459,18,Clear explanation! Really enjoyed this section.,2026-01-30 21:00:00
2396,459,19,I had trouble understanding the step-by-step logic.,2026-02-02 05:00:00
2397,459,20,The examples made this concept easy to understand.,2026-02-02 19:00:00
2398,460,8,Clear explanation! Really enjoyed this section.,2026-01-17 12:00:00
2399,460,9,Clear explanation! Really enjoyed this section.,2026-01-17 23:00:00
2400,460,11,"Great overview, ready for the next challenge.",2026-01-20 05:00:00
2401,460,12,"Great overview, ready for the next challenge.",2026-01-21 09:00:00
2402,461,4,Need more examples and visual explanations.,2026-01-31 06:00:00
2403,461,7,Clear explanation! Really enjoyed this section.,2026-02-06 00:00:00
2404,461,9,The prerequisites for this concept were tricky for me.,2026-02-08 18:00:00
2405,461,14,The examples made this concept easy to understand.,2026-02-14 11:00:00
2406,462,4,Struggled with the quiz questions on this topic.,2026-01-27 05:00:00
2407,462,5,The prerequisites for this concept were tricky for me.,2026-01-29 00:00:00
2408,462,6,The examples made this concept easy to understand.,2026-01-29 08:00:00
2409,462,8,Struggled with the quiz questions on this topic.,2026-02-02 14:00:00
2410,462,9,Struggled with the quiz questions on this topic.,2026-02-05 23:00:00
2411,462,11,The examples made this concept easy to understand.,2026-02-07 19:00:00
2412,462,13,Need more examples and visual explanations.,2026-02-13 13:00:00
2413,462,14,I felt confused by the math behind this topic.,2026-02-15 05:00:00
2414,463,3,Good topic structure and smooth difficulty curve.,2026-02-04 14:00:00
2415,463,5,I felt confused by the math behind this topic.,2026-02-10 05:00:00
2416,463,6,I felt confused by the math behind this topic.,2026-02-10 13:00:00
2417,463,14,Need more examples and visual explanations.,2026-02-27 22:00:00
2418,463,19,Struggled with the quiz questions on this topic.,2026-03-06 18:00:00
2419,464,1,Clear explanation! Really enjoyed this section.,2026-01-19 05:00:00
2420,464,2,Good topic structure and smooth difficulty curve.,2026-01-19 20:00:00
2421,464,4,I had trouble understanding the step-by-step logic.,2026-01-25 01:00:00
2422,464,7,Understood everything on the first try.,2026-01-28 10:00:00
2423,464,10,Good topic structure and smooth difficulty curve.,2026-02-05 08:00:00
2424,465,2,Struggled with the quiz questions on this topic.,2026-01-14 23:00:00
2425,465,4,Need more examples and visual explanations.,2026-01-20 07:00:00
2426,465,7,The examples made this concept easy to understand.,2026-01-25 09:00:00
2427,465,9,Clear explanation! Really enjoyed this section.,2026-01-26 12:00:00
2428,466,5,"Great overview, ready for the next challenge.",2026-01-29 04:00:00
2429,466,7,Clear explanation! Really enjoyed this section.,2026-01-30 21:00:00
2430,466,9,I had trouble understanding the step-by-step logic.,2026-02-05 11:00:00
2431,466,11,The examples made this concept easy to understand.,2026-02-08 17:00:00
2432,467,8,The examples made this concept easy to understand.,2026-01-31 06:00:00
2433,467,12,Good topic structure and smooth difficulty curve.,2026-02-04 03:00:00
2434,467,14,Clear explanation! Really enjoyed this section.,2026-02-10 19:00:00
2435,467,15,Understood everything on the first try.,2026-02-12 05:00:00
2436,467,17,Good topic structure and smooth difficulty curve.,2026-02-13 08:00:00
2437,467,19,Understood everything on the first try.,2026-02-19 19:00:00
2438,468,1,"Great overview, ready for the next challenge.",2026-01-19 18:00:00
2439,468,6,Good topic structure and smooth difficulty curve.,2026-01-28 12:00:00
2440,468,8,The examples made this concept easy to understand.,2026-01-30 22:00:00
2441,469,1,The examples made this concept easy to understand.,2026-01-14 08:00:00
2442,469,5,Understood everything on the first try.,2026-01-19 10:00:00
2443,469,7,The examples made this concept easy to understand.,2026-01-24 15:00:00
2444,469,8,Understood everything on the first try.,2026-01-26 03:00:00
2445,469,12,Good topic structure and smooth difficulty curve.,2026-02-02 21:00:00
2446,469,15,The prerequisites for this concept were tricky for me.,2026-02-06 17:00:00
2447,469,18,The prerequisites for this concept were tricky for me.,2026-02-10 18:00:00
2448,470,1,I felt confused by the math behind this topic.,2026-01-07 08:00:00
2449,470,3,Need more examples and visual explanations.,2026-01-10 16:00:00
2450,470,6,I had trouble understanding the step-by-step logic.,2026-01-17 00:00:00
2451,470,8,Good topic structure and smooth difficulty curve.,2026-01-18 13:00:00
2452,470,10,The examples made this concept easy to understand.,2026-01-22 11:00:00
2453,470,11,I felt confused by the math behind this topic.,2026-01-24 00:00:00
2454,470,12,Good topic structure and smooth difficulty curve.,2026-01-25 01:00:00
2455,470,15,Understood everything on the first try.,2026-02-02 06:00:00
2456,470,16,Need more examples and visual explanations.,2026-02-03 05:00:00
2457,471,2,The examples made this concept easy to understand.,2026-01-19 18:00:00
2458,471,10,Good topic structure and smooth difficulty curve.,2026-01-29 12:00:00
2459,471,14,Good topic structure and smooth difficulty curve.,2026-02-04 01:00:00
2460,472,1,Clear explanation! Really enjoyed this section.,2026-01-07 10:00:00
2461,472,3,Clear explanation! Really enjoyed this section.,2026-01-10 23:00:00
2462,472,8,"Great overview, ready for the next challenge.",2026-01-20 00:00:00
2463,472,10,Clear explanation! Really enjoyed this section.,2026-01-21 11:00:00
2464,473,2,Understood everything on the first try.,2026-01-20 16:00:00
2465,473,5,I felt confused by the math behind this topic.,2026-01-22 19:00:00
2466,473,10,Clear explanation! Really enjoyed this section.,2026-01-31 01:00:00
2467,473,11,Clear explanation! Really enjoyed this section.,2026-02-01 08:00:00
2468,474,11,Need more examples and visual explanations.,2026-01-27 01:00:00
2469,474,12,The prerequisites for this concept were tricky for me.,2026-01-27 23:00:00
2470,475,1,I felt confused by the math behind this topic.,2026-01-26 03:00:00
2471,475,4,The examples made this concept easy to understand.,2026-01-30 11:00:00
2472,475,7,Understood everything on the first try.,2026-02-02 21:00:00
2473,475,12,"Great overview, ready for the next challenge.",2026-02-08 18:00:00
2474,476,1,Struggled with the quiz questions on this topic.,2026-01-23 00:00:00
2475,476,3,Clear explanation! Really enjoyed this section.,2026-01-24 01:00:00
2476,476,8,Understood everything on the first try.,2026-02-01 06:00:00
2477,477,1,Understood everything on the first try.,2026-01-21 11:00:00
2478,477,2,Struggled with the quiz questions on this topic.,2026-01-23 06:00:00
2479,477,4,"Great overview, ready for the next challenge.",2026-01-24 16:00:00
2480,477,5,Need more examples and visual explanations.,2026-01-25 10:00:00
2481,477,10,Good topic structure and smooth difficulty curve.,2026-01-30 01:00:00
2482,478,1,Clear explanation! Really enjoyed this section.,2026-01-12 08:00:00
2483,478,3,Clear explanation! Really enjoyed this section.,2026-01-16 03:00:00
2484,478,4,Good topic structure and smooth difficulty curve.,2026-01-17 19:00:00
2485,478,5,I felt confused by the math behind this topic.,2026-01-18 16:00:00
2486,478,7,Good topic structure and smooth difficulty curve.,2026-01-21 09:00:00
2487,478,10,Need more examples and visual explanations.,2026-01-25 21:00:00
2488,479,2,Understood everything on the first try.,2026-02-02 19:00:00
2489,479,5,Need more examples and visual explanations.,2026-02-10 02:00:00
2490,479,6,I had trouble understanding the step-by-step logic.,2026-02-12 00:00:00
2491,479,8,Struggled with the quiz questions on this topic.,2026-02-15 12:00:00
2492,479,11,Understood everything on the first try.,2026-02-21 20:00:00
2493,479,13,The examples made this concept easy to understand.,2026-02-25 07:00:00
2494,479,15,"Great overview, ready for the next challenge.",2026-03-03 18:00:00
2495,480,2,I felt confused by the math behind this topic.,2026-01-29 07:00:00
2496,480,6,The examples made this concept easy to understand.,2026-01-31 21:00:00
2497,480,9,Understood everything on the first try.,2026-02-03 15:00:00
2498,481,1,I had trouble understanding the step-by-step logic.,2026-01-30 05:00:00
2499,481,2,Good topic structure and smooth difficulty curve.,2026-01-31 04:00:00
2500,481,4,Good topic structure and smooth difficulty curve.,2026-02-03 18:00:00
2501,481,5,Clear explanation! Really enjoyed this section.,2026-02-05 07:00:00
2502,481,8,I had trouble understanding the step-by-step logic.,2026-02-11 14:00:00
2503,481,9,Clear explanation! Really enjoyed this section.,2026-02-13 01:00:00
2504,481,15,The examples made this concept easy to understand.,2026-02-23 15:00:00
2505,482,1,Good topic structure and smooth difficulty curve.,2026-01-13 21:00:00
2506,482,4,Struggled with the quiz questions on this topic.,2026-01-19 18:00:00
2507,482,5,I felt confused by the math behind this topic.,2026-01-20 06:00:00
2508,482,7,I felt confused by the math behind this topic.,2026-01-24 09:00:00
2509,482,8,I had trouble understanding the step-by-step logic.,2026-01-25 21:00:00
2510,482,12,The prerequisites for this concept were tricky for me.,2026-02-05 18:00:00
2511,482,13,The examples made this concept easy to understand.,2026-02-07 07:00:00
2512,482,14,The prerequisites for this concept were tricky for me.,2026-02-07 23:00:00
2513,483,1,Good topic structure and smooth difficulty curve.,2026-01-18 09:00:00
2514,483,5,I had trouble understanding the step-by-step logic.,2026-01-23 05:00:00
2515,483,7,Understood everything on the first try.,2026-01-26 18:00:00
2516,483,8,Struggled with the quiz questions on this topic.,2026-01-30 15:00:00
2517,483,12,The examples made this concept easy to understand.,2026-02-05 05:00:00
2518,484,1,"Great overview, ready for the next challenge.",2026-01-30 08:00:00
2519,484,5,"Great overview, ready for the next challenge.",2026-02-06 05:00:00
2520,484,6,Good topic structure and smooth difficulty curve.,2026-02-06 18:00:00
2521,484,8,Good topic structure and smooth difficulty curve.,2026-02-08 05:00:00
2522,484,11,Understood everything on the first try.,2026-02-11 07:00:00
2523,484,13,Struggled with the quiz questions on this topic.,2026-02-13 11:00:00
2524,484,15,The examples made this concept easy to understand.,2026-02-16 18:00:00
2525,484,17,Clear explanation! Really enjoyed this section.,2026-02-17 23:00:00
2526,485,5,Need more examples and visual explanations.,2026-01-09 13:00:00
2527,485,8,Need more examples and visual explanations.,2026-01-11 00:00:00
2528,485,11,Clear explanation! Really enjoyed this section.,2026-01-14 23:00:00
2529,485,13,The prerequisites for this concept were tricky for me.,2026-01-17 18:00:00
2530,485,19,I felt confused by the math behind this topic.,2026-01-29 04:00:00
2531,486,4,The examples made this concept easy to understand.,2026-02-04 12:00:00
2532,486,6,The prerequisites for this concept were tricky for me.,2026-02-05 19:00:00
2533,486,8,"Great overview, ready for the next challenge.",2026-02-10 03:00:00
2534,486,9,"Great overview, ready for the next challenge.",2026-02-11 15:00:00
2535,486,10,"Great overview, ready for the next challenge.",2026-02-12 23:00:00
2536,486,15,The examples made this concept easy to understand.,2026-02-23 04:00:00
2537,486,17,Clear explanation! Really enjoyed this section.,2026-02-26 18:00:00
2538,487,1,Good topic structure and smooth difficulty curve.,2026-01-10 00:00:00
2539,487,2,The examples made this concept easy to understand.,2026-01-11 09:00:00
2540,487,4,I had trouble understanding the step-by-step logic.,2026-01-17 00:00:00
2541,487,12,Clear explanation! Really enjoyed this section.,2026-01-31 21:00:00
2542,487,14,The examples made this concept easy to understand.,2026-02-03 04:00:00
2543,487,19,"Great overview, ready for the next challenge.",2026-02-09 21:00:00
2544,488,2,"Great overview, ready for the next challenge.",2026-02-04 17:00:00
2545,488,6,Clear explanation! Really enjoyed this section.,2026-02-14 05:00:00
2546,488,11,Clear explanation! Really enjoyed this section.,2026-02-20 00:00:00
2547,488,12,Clear explanation! Really enjoyed this section.,2026-02-21 23:00:00
2548,488,14,"Great overview, ready for the next challenge.",2026-02-26 19:00:00
2549,488,15,"Great overview, ready for the next challenge.",2026-02-27 10:00:00
2550,488,18,"Great overview, ready for the next challenge.",2026-03-09 00:00:00
2551,489,3,The examples made this concept easy to understand.,2026-01-27 08:00:00
2552,489,6,Good topic structure and smooth difficulty curve.,2026-02-01 00:00:00
2553,489,9,I felt confused by the math behind this topic.,2026-02-04 13:00:00
2554,490,1,I felt confused by the math behind this topic.,2026-01-14 04:00:00
2555,490,2,Struggled with the quiz questions on this topic.,2026-01-16 00:00:00
2556,490,3,The examples made this concept easy to understand.,2026-01-18 01:00:00
2557,490,4,The prerequisites for this concept were tricky for me.,2026-01-20 10:00:00
2558,490,5,Need more examples and visual explanations.,2026-01-21 21:00:00
2559,490,10,Understood everything on the first try.,2026-01-29 03:00:00
2560,490,12,The prerequisites for this concept were tricky for me.,2026-01-30 02:00:00
2561,490,13,Struggled with the quiz questions on this topic.,2026-01-31 14:00:00
2562,490,14,Need more examples and visual explanations.,2026-02-02 16:00:00
2563,490,15,I felt confused by the math behind this topic.,2026-02-06 13:00:00
2564,491,3,I felt confused by the math behind this topic.,2026-01-11 13:00:00
2565,491,5,I felt confused by the math behind this topic.,2026-01-14 18:00:00
2566,491,8,The prerequisites for this concept were tricky for me.,2026-01-18 16:00:00
2567,492,1,Clear explanation! Really enjoyed this section.,2026-01-04 20:00:00
2568,492,2,Clear explanation! Really enjoyed this section.,2026-01-05 21:00:00
2569,492,3,Need more examples and visual explanations.,2026-01-07 00:00:00
2570,492,6,"Great overview, ready for the next challenge.",2026-01-08 13:00:00
2571,492,7,"Great overview, ready for the next challenge.",2026-01-10 02:00:00
2572,492,9,Struggled with the quiz questions on this topic.,2026-01-11 12:00:00
2573,492,13,Understood everything on the first try.,2026-01-19 10:00:00
2574,493,2,Understood everything on the first try.,2026-01-11 19:00:00
2575,493,4,Clear explanation! Really enjoyed this section.,2026-01-13 09:00:00
2576,493,11,Clear explanation! Really enjoyed this section.,2026-01-23 19:00:00
2577,493,12,Understood everything on the first try.,2026-01-24 21:00:00
2578,493,13,Struggled with the quiz questions on this topic.,2026-01-26 07:00:00
2579,493,14,Need more examples and visual explanations.,2026-01-28 23:00:00
2580,494,1,"Great overview, ready for the next challenge.",2026-01-17 19:00:00
2581,494,14,Clear explanation! Really enjoyed this section.,2026-01-30 07:00:00
2582,495,1,Good topic structure and smooth difficulty curve.,2026-01-31 17:00:00
2583,495,2,Clear explanation! Really enjoyed this section.,2026-02-02 11:00:00
2584,495,8,Good topic structure and smooth difficulty curve.,2026-02-09 19:00:00
2585,495,15,Understood everything on the first try.,2026-02-22 01:00:00
2586,495,17,I felt confused by the math behind this topic.,2026-02-25 17:00:00
2587,496,5,I had trouble understanding the step-by-step logic.,2026-01-23 02:00:00
2588,496,7,The examples made this concept easy to understand.,2026-01-24 14:00:00
2589,496,9,The examples made this concept easy to understand.,2026-01-27 04:00:00
2590,496,10,Need more examples and visual explanations.,2026-01-28 00:00:00
2591,496,12,I felt confused by the math behind this topic.,2026-01-31 07:00:00
2592,496,15,"Great overview, ready for the next challenge.",2026-02-04 11:00:00
2593,497,8,I felt confused by the math behind this topic.,2026-01-23 02:00:00
2594,497,17,"Great overview, ready for the next challenge.",2026-02-09 21:00:00
2595,498,6,Clear explanation! Really enjoyed this section.,2026-01-30 22:00:00
2596,498,7,Need more examples and visual explanations.,2026-02-01 12:00:00
2597,498,10,Good topic structure and smooth difficulty curve.,2026-02-05 20:00:00
2598,499,7,Good topic structure and smooth difficulty curve.,2026-02-01 03:00:00
2599,499,11,The examples made this concept easy to understand.,2026-02-12 09:00:00
2600,499,14,Good topic structure and smooth difficulty curve.,2026-02-16 05:00:00
2601,499,15,The examples made this concept easy to understand.,2026-02-16 14:00:00
2602,500,2,Understood everything on the first try.,2026-01-11 22:00:00
2603,500,6,Clear explanation! Really enjoyed this section.,2026-01-17 07:00:00
2604,500,7,I felt confused by the math behind this topic.,2026-01-19 04:00:00
2605,500,10,The examples made this concept easy to understand.,2026-01-24 06:00:00
