attempt_id,student_id,topic_id,quiz_score,recent_quiz_score,historical_topic_score,attempts_count,total_time_spent,prerequisite_completion_rate,score_trend,engagement_frequency,topic_difficulty_numeric,target_struggling,timestamp
1,1,1,77.3,75.0,75.0,1,96,1.0,0.0,1,1,0,2026-01-03 05:00:00
2,1,2,33.7,77.3,77.3,1,127,1.0,0.0,2,1,1,2026-01-05 02:00:00
3,1,2,70.3,55.5,55.5,2,236,1.0,0.0,3,1,0,2026-01-06 12:00:00
4,1,2,79.9,60.43,60.43,3,314,1.0,0.0,4,1,0,2026-01-07 19:00:00
5,1,3,57.3,61.3,65.3,1,72,1.0,-4.0,5,2,1,2026-01-08 01:00:00
6,1,4,60.0,69.17,63.7,1,99,0.0,5.47,6,2,1,2026-01-08 18:00:00
7,1,5,51.6,65.73,63.08,1,63,0.0,2.65,7,3,1,2026-01-09 22:00:00
8,1,6,80.4,56.3,61.44,1,126,1.0,-5.14,8,1,0,2026-01-11 10:00:00
9,1,7,45.8,64.0,63.81,1,113,1.0,0.19,9,2,1,2026-01-13 05:00:00
10,1,8,81.3,59.27,61.81,1,80,1.0,-2.54,10,2,0,2026-01-14 07:00:00
11,1,9,33.3,69.17,63.76,1,55,1.0,5.41,11,3,1,2026-01-15 02:00:00
12,1,10,73.2,53.47,60.99,1,117,1.0,-7.52,12,2,0,2026-01-16 06:00:00
13,1,11,82.9,62.6,62.01,1,87,0.5,0.59,13,1,0,2026-01-16 18:00:00
14,2,1,79.7,75.0,75.0,1,134,1.0,0.0,1,1,0,2026-01-06 18:00:00
15,2,2,69.0,79.7,79.7,1,78,1.0,0.0,2,1,1,2026-01-08 09:00:00
16,2,2,74.2,74.35,74.35,2,176,1.0,0.0,3,1,0,2026-01-10 08:00:00
17,2,2,83.0,74.3,74.3,3,286,1.0,0.0,4,1,0,2026-01-10 21:00:00
18,2,3,49.8,75.4,76.47,1,110,1.0,-1.08,5,2,1,2026-01-11 16:00:00
19,2,4,88.6,69.0,71.14,1,100,0.0,-2.14,6,2,0,2026-01-12 21:00:00
20,2,5,79.6,73.8,74.05,1,122,1.0,-0.25,7,3,0,2026-01-14 15:00:00
21,2,5,81.9,72.67,74.84,2,210,1.0,-2.18,8,3,0,2026-01-15 15:00:00
22,2,5,68.6,83.37,75.72,3,317,1.0,7.64,9,3,1,2026-01-17 15:00:00
23,2,6,99.9,76.7,74.93,1,112,1.0,1.77,10,1,0,2026-01-19 07:00:00
24,2,7,32.8,83.47,77.43,1,120,1.0,6.04,11,2,1,2026-01-20 05:00:00
25,2,7,77.6,67.1,73.37,2,244,1.0,-6.27,11,2,0,2026-01-22 01:00:00
26,2,8,82.0,70.1,73.72,1,87,1.0,-3.62,11,2,0,2026-01-23 19:00:00
27,2,9,33.4,64.13,74.36,1,79,1.0,-10.23,10,3,1,2026-01-25 13:00:00
28,2,9,52.5,64.33,71.44,2,214,1.0,-7.1,9,3,1,2026-01-27 10:00:00
29,2,9,47.2,55.97,70.17,3,330,1.0,-14.21,10,3,1,2026-01-28 11:00:00
30,2,10,81.2,44.37,68.74,1,95,1.0,-24.37,9,2,0,2026-01-30 03:00:00
31,2,10,49.3,60.3,69.47,2,236,1.0,-9.17,10,2,1,2026-01-31 05:00:00
32,2,10,59.1,59.23,68.35,3,348,1.0,-9.12,10,2,1,2026-01-31 16:00:00
33,2,11,72.9,63.2,67.86,1,133,1.0,-4.66,11,1,0,2026-02-02 02:00:00
34,2,12,55.9,60.43,68.12,1,111,0.5,-7.68,11,2,1,2026-02-02 07:00:00
35,2,13,48.4,62.63,67.53,1,151,0.0,-4.9,11,2,1,2026-02-03 22:00:00
36,2,13,45.8,59.07,66.66,2,296,0.0,-7.6,11,2,1,2026-02-05 18:00:00
37,2,14,92.6,50.03,65.76,1,105,0.5,-15.72,12,3,0,2026-02-06 11:00:00
38,2,14,37.9,62.27,66.88,2,234,0.5,-4.61,12,3,1,2026-02-07 02:00:00
39,2,14,55.5,58.77,65.72,3,356,0.5,-6.95,12,3,1,2026-02-08 13:00:00
40,2,15,54.6,62.0,65.32,1,137,1.0,-3.32,13,2,1,2026-02-09 15:00:00
41,3,1,73.5,75.0,75.0,1,120,1.0,0.0,1,1,0,2026-01-08 11:00:00
42,3,2,84.6,73.5,73.5,1,153,1.0,0.0,2,1,0,2026-01-09 15:00:00
43,3,2,35.6,79.05,79.05,2,314,1.0,0.0,3,1,1,2026-01-10 05:00:00
44,3,2,68.0,64.57,64.57,3,418,1.0,0.0,4,1,1,2026-01-10 12:00:00
45,3,3,57.3,62.73,65.42,1,116,1.0,-2.69,5,2,1,2026-01-12 09:00:00
46,3,3,70.9,53.63,63.8,2,215,1.0,-10.17,6,2,0,2026-01-12 23:00:00
47,3,3,78.7,65.4,64.98,3,349,1.0,0.42,7,2,0,2026-01-13 20:00:00
48,3,4,44.6,68.97,66.94,1,154,1.0,2.02,8,2,1,2026-01-15 10:00:00
49,3,4,34.1,64.73,64.15,2,324,1.0,0.58,9,2,1,2026-01-16 03:00:00
50,3,5,62.6,52.47,60.81,1,141,0.0,-8.34,10,3,1,2026-01-16 23:00:00
51,3,6,64.4,47.1,60.99,1,172,1.0,-13.89,11,1,1,2026-01-18 16:00:00
52,3,7,51.2,53.7,61.3,1,112,0.0,-7.6,12,2,1,2026-01-18 23:00:00
53,3,8,95.7,59.4,60.46,1,105,1.0,-1.06,13,2,0,2026-01-20 15:00:00
54,3,9,35.1,70.43,63.17,1,138,1.0,7.26,14,3,1,2026-01-21 12:00:00
55,3,10,53.0,60.67,61.16,1,147,1.0,-0.5,14,2,1,2026-01-22 17:00:00
56,3,10,93.8,61.27,60.62,2,286,1.0,0.65,14,2,0,2026-01-24 01:00:00
57,3,10,65.0,60.63,62.69,3,384,1.0,-2.06,13,2,1,2026-01-24 22:00:00
58,3,11,48.3,70.6,62.83,1,138,0.5,7.77,14,1,1,2026-01-25 07:00:00
59,3,11,99.0,69.03,62.02,2,251,0.5,7.01,14,1,0,2026-01-26 21:00:00
60,3,11,43.5,70.77,63.97,3,404,0.5,6.8,13,1,1,2026-01-27 21:00:00
61,3,12,88.8,63.6,62.94,1,147,0.5,0.66,14,2,0,2026-01-28 04:00:00
62,3,12,30.0,77.1,64.18,2,268,0.5,12.92,15,2,1,2026-01-28 18:00:00
63,3,12,42.0,54.1,62.62,3,397,0.5,-8.52,16,2,1,2026-01-29 06:00:00
64,3,13,36.6,53.6,61.73,1,118,1.0,-8.13,14,2,1,2026-01-31 04:00:00
65,3,14,30.0,36.2,60.68,1,138,0.5,-24.48,15,3,1,2026-01-31 13:00:00
66,3,14,57.1,36.2,59.45,2,297,0.5,-23.25,14,3,1,2026-02-02 06:00:00
67,3,14,69.4,41.23,59.36,3,417,0.5,-18.13,15,3,1,2026-02-03 07:00:00
68,3,15,81.0,52.17,59.73,1,150,1.0,-7.57,15,2,0,2026-02-03 17:00:00
69,3,16,35.7,69.17,60.49,1,129,0.5,8.67,15,3,1,2026-02-05 14:00:00
70,3,17,36.0,62.03,59.64,1,124,0.0,2.4,15,3,1,2026-02-06 07:00:00
71,3,17,35.6,50.9,58.85,2,261,0.0,-7.95,16,3,1,2026-02-06 16:00:00
72,3,17,35.6,35.77,58.1,3,380,0.0,-22.33,15,3,1,2026-02-07 23:00:00
73,3,18,57.5,35.73,57.4,1,128,0.0,-21.66,15,3,1,2026-02-08 21:00:00
74,3,18,37.5,42.9,57.4,2,244,0.0,-14.5,15,3,1,2026-02-10 10:00:00
75,3,18,61.7,43.53,56.81,3,423,0.0,-13.28,16,3,1,2026-02-10 17:00:00
76,3,19,30.5,52.23,56.95,1,140,1.0,-4.72,13,2,1,2026-02-12 06:00:00
77,3,20,36.9,43.23,56.22,1,126,0.0,-12.99,14,3,1,2026-02-13 09:00:00
78,3,20,77.9,43.03,55.7,2,270,0.0,-12.66,13,3,0,2026-02-15 02:00:00
79,4,1,46.9,75.0,75.0,1,87,1.0,0.0,1,1,1,2026-01-23 12:00:00
80,4,2,72.4,46.9,46.9,1,85,0.0,0.0,2,1,0,2026-01-24 09:00:00
81,4,3,42.4,59.65,59.65,1,102,1.0,0.0,3,2,1,2026-01-26 08:00:00
82,4,3,83.0,53.9,53.9,2,207,1.0,0.0,4,2,0,2026-01-27 03:00:00
83,4,3,59.6,65.93,61.18,3,286,1.0,4.76,5,2,1,2026-01-29 01:00:00
84,4,4,93.5,61.67,60.86,1,78,1.0,0.81,6,2,0,2026-01-30 03:00:00
85,4,5,31.2,78.7,66.3,1,84,1.0,12.4,7,3,1,2026-01-30 14:00:00
86,4,5,99.3,61.43,61.29,2,127,1.0,0.15,8,3,0,2026-01-30 22:00:00
87,4,6,36.7,74.67,66.04,1,59,1.0,8.63,9,1,1,2026-02-01 09:00:00
88,4,7,30.1,55.73,62.78,1,117,0.0,-7.04,10,2,1,2026-02-02 03:00:00
89,4,8,98.8,55.37,59.51,1,122,1.0,-4.14,11,2,0,2026-02-02 16:00:00
90,4,9,52.8,55.2,63.08,1,85,1.0,-7.88,12,3,1,2026-02-03 13:00:00
91,4,9,94.1,60.57,62.22,2,186,1.0,-1.66,13,3,0,2026-02-03 20:00:00
92,4,10,83.7,81.9,64.68,1,96,1.0,17.22,14,2,0,2026-02-04 20:00:00
93,4,10,59.5,76.87,66.04,2,247,1.0,10.83,14,2,1,2026-02-06 12:00:00
94,4,11,51.8,79.1,65.6,1,112,0.5,13.5,15,1,1,2026-02-07 04:00:00
95,4,12,95.2,65.0,64.74,1,87,0.5,0.26,15,2,0,2026-02-08 18:00:00
96,4,13,85.9,68.83,66.53,1,70,1.0,2.3,15,2,0,2026-02-09 17:00:00
97,4,14,97.6,77.63,67.61,1,57,0.5,10.03,15,3,0,2026-02-10 14:00:00
98,5,1,74.0,75.0,75.0,1,64,1.0,0.0,1,1,0,2026-01-28 17:00:00
99,5,2,77.8,74.0,74.0,1,44,1.0,0.0,2,1,0,2026-01-29 05:00:00
100,5,3,72.2,75.9,75.9,1,31,1.0,0.0,3,2,0,2026-01-30 13:00:00
101,5,4,84.0,74.67,74.67,1,47,1.0,0.0,4,2,0,2026-01-30 23:00:00
102,5,5,95.6,78.0,77.0,1,38,1.0,1.0,5,3,0,2026-01-31 22:00:00
103,5,5,57.8,83.93,80.72,2,131,1.0,3.21,6,3,1,2026-02-01 21:00:00
104,5,6,79.0,79.13,76.9,1,77,1.0,2.23,7,1,0,2026-02-03 09:00:00
105,5,6,86.5,77.47,77.2,2,136,1.0,0.27,8,1,0,2026-02-04 17:00:00
106,5,7,93.4,74.43,78.36,1,89,1.0,-3.93,9,2,0,2026-02-04 21:00:00
107,5,8,33.4,86.3,80.03,1,61,1.0,6.27,10,2,1,2026-02-06 17:00:00
108,5,9,73.9,71.1,75.37,1,42,0.0,-4.27,11,3,0,2026-02-08 14:00:00
109,5,10,91.7,66.9,75.24,1,90,1.0,-8.34,12,2,0,2026-02-10 06:00:00
110,5,11,41.0,66.33,76.61,1,70,1.0,-10.28,13,1,1,2026-02-10 23:00:00
111,5,12,82.4,68.87,73.87,1,39,0.5,-5.0,12,2,0,2026-02-12 20:00:00
112,5,13,93.9,71.7,74.48,1,56,1.0,-2.78,13,2,0,2026-02-13 12:00:00
113,5,14,43.7,72.43,75.77,1,42,1.0,-3.34,11,3,1,2026-02-15 02:00:00
114,5,15,70.9,73.33,73.77,1,32,0.0,-0.44,11,2,0,2026-02-16 02:00:00
115,5,16,89.7,69.5,73.6,1,78,1.0,-4.1,12,3,0,2026-02-16 16:00:00
116,5,17,95.2,68.1,74.49,1,98,1.0,-6.39,12,3,0,2026-02-17 20:00:00
117,6,1,87.0,75.0,75.0,1,32,1.0,0.0,1,1,0,2026-01-12 00:00:00
118,6,2,77.0,87.0,87.0,1,71,1.0,0.0,2,1,0,2026-01-12 06:00:00
119,6,3,73.9,82.0,82.0,1,46,1.0,0.0,3,2,0,2026-01-14 01:00:00
120,6,4,95.4,79.3,79.3,1,50,1.0,0.0,4,2,0,2026-01-14 14:00:00
121,6,5,79.7,82.1,83.32,1,48,1.0,-1.22,5,3,0,2026-01-15 00:00:00
122,6,5,55.9,83.0,82.6,2,90,1.0,0.4,6,3,1,2026-01-16 20:00:00
123,6,5,75.3,77.0,78.15,3,150,1.0,-1.15,7,3,0,2026-01-18 18:00:00
124,6,6,93.1,70.3,77.74,1,43,1.0,-7.44,8,1,0,2026-01-19 23:00:00
125,6,6,94.3,74.77,79.66,2,108,1.0,-4.9,9,1,0,2026-01-21 17:00:00
126,6,6,84.9,87.57,81.29,3,166,1.0,6.28,10,1,0,2026-01-23 09:00:00
127,6,7,56.7,90.77,81.65,1,55,1.0,9.12,11,2,1,2026-01-23 18:00:00
128,6,8,93.6,78.63,79.38,1,41,1.0,-0.75,12,2,0,2026-01-24 02:00:00
129,6,9,81.4,78.4,80.57,1,48,1.0,-2.17,13,3,0,2026-01-25 08:00:00
130,6,10,76.8,77.23,80.63,1,75,1.0,-3.4,12,2,0,2026-01-27 05:00:00
131,6,10,77.8,83.93,80.36,2,145,1.0,3.58,12,2,0,2026-01-28 03:00:00
132,6,10,36.4,78.67,80.19,3,185,1.0,-1.52,12,2,1,2026-01-28 17:00:00
133,6,11,82.9,63.67,77.45,1,61,0.5,-13.78,12,1,0,2026-01-30 03:00:00
134,6,12,99.2,65.7,77.77,1,75,1.0,-12.07,13,2,0,2026-01-30 13:00:00
135,6,13,95.2,72.83,78.96,1,30,1.0,-6.13,13,2,0,2026-01-31 18:00:00
136,6,14,84.4,92.43,79.82,1,70,0.5,12.62,13,3,0,2026-02-02 16:00:00
137,6,15,81.9,92.93,80.05,1,46,1.0,12.89,13,2,0,2026-02-03 03:00:00
138,6,15,75.5,87.17,80.13,2,117,1.0,7.03,13,2,0,2026-02-05 00:00:00
139,7,1,78.1,75.0,75.0,1,44,1.0,0.0,1,1,0,2026-01-14 20:00:00
140,7,2,86.2,78.1,78.1,1,30,1.0,0.0,2,1,0,2026-01-16 18:00:00
141,7,3,98.1,82.15,82.15,1,30,1.0,0.0,3,2,0,2026-01-18 08:00:00
142,7,3,97.1,87.47,87.47,2,90,1.0,0.0,4,2,0,2026-01-19 07:00:00
143,7,4,88.6,93.8,89.88,1,65,1.0,3.92,5,2,0,2026-01-20 23:00:00
144,7,5,35.0,94.6,89.62,1,41,1.0,4.98,6,3,1,2026-01-21 16:00:00
145,7,6,77.7,73.57,80.52,1,72,1.0,-6.95,7,1,0,2026-01-22 05:00:00
146,7,6,86.6,67.1,80.11,2,102,1.0,-13.01,8,1,0,2026-01-23 09:00:00
147,7,6,88.7,66.43,80.92,3,160,1.0,-14.49,9,1,0,2026-01-23 13:00:00
148,7,7,98.9,84.33,81.79,1,35,1.0,2.54,10,2,0,2026-01-25 06:00:00
149,7,8,40.5,91.4,83.5,1,46,1.0,7.9,11,2,1,2026-01-26 08:00:00
150,7,8,75.2,76.03,79.59,2,106,1.0,-3.56,12,2,0,2026-01-28 02:00:00
151,7,8,82.1,71.53,79.23,3,148,1.0,-7.69,12,2,0,2026-01-29 20:00:00
152,7,9,93.8,65.93,79.45,1,52,1.0,-13.51,13,3,0,2026-01-30 01:00:00
153,7,9,68.8,83.7,80.47,2,132,1.0,3.23,13,3,1,2026-02-01 01:00:00
154,7,10,82.5,81.57,79.69,1,48,1.0,1.87,13,2,0,2026-02-02 01:00:00
155,7,11,96.0,81.7,79.87,1,76,1.0,1.83,13,1,0,2026-02-03 12:00:00
156,7,11,91.3,82.43,80.82,2,113,1.0,1.62,13,1,0,2026-02-04 02:00:00
157,7,12,95.0,89.93,81.4,1,70,1.0,8.53,13,2,0,2026-02-04 17:00:00
158,7,13,94.7,94.1,82.12,1,88,1.0,11.98,13,2,0,2026-02-05 09:00:00
159,7,13,77.3,93.67,82.74,2,118,1.0,10.92,14,2,0,2026-02-05 20:00:00
160,7,13,80.5,89.0,82.49,3,162,1.0,6.51,13,2,0,2026-02-07 06:00:00
161,7,14,74.9,84.17,82.4,1,71,1.0,1.77,14,3,0,2026-02-07 11:00:00
162,8,1,70.6,75.0,75.0,1,135,1.0,0.0,1,1,0,2026-01-28 21:00:00
163,8,2,88.3,70.6,70.6,1,147,1.0,0.0,2,1,0,2026-01-29 01:00:00
164,8,2,48.3,79.45,79.45,2,274,1.0,0.0,3,1,1,2026-01-30 05:00:00
165,8,2,54.9,69.07,69.07,3,415,1.0,0.0,4,1,1,2026-02-01 04:00:00
166,8,3,54.3,63.83,65.52,1,136,1.0,-1.69,5,2,1,2026-02-02 19:00:00
167,8,3,41.0,52.5,63.28,2,299,1.0,-10.78,6,2,1,2026-02-03 03:00:00
168,8,4,50.6,50.07,59.57,1,145,0.0,-9.5,7,2,1,2026-02-04 02:00:00
169,8,4,57.2,48.63,58.29,2,291,0.0,-9.65,8,2,1,2026-02-05 07:00:00
170,8,4,40.4,49.6,58.15,3,422,0.0,-8.55,9,2,1,2026-02-06 18:00:00
171,8,5,58.5,49.4,56.18,1,130,0.0,-6.78,10,3,1,2026-02-07 10:00:00
172,8,5,63.7,52.03,56.41,2,261,0.0,-4.38,11,3,1,2026-02-08 12:00:00
173,8,5,59.6,54.2,57.07,3,408,0.0,-2.87,12,3,1,2026-02-08 22:00:00
174,8,6,96.1,60.6,57.28,1,131,1.0,3.32,13,1,0,2026-02-10 00:00:00
175,8,7,89.0,73.13,60.27,1,145,1.0,12.86,14,2,0,2026-02-11 10:00:00
176,8,8,46.5,81.57,62.32,1,181,1.0,19.25,13,2,1,2026-02-12 14:00:00
177,8,8,52.7,77.2,61.27,2,338,1.0,15.93,13,2,1,2026-02-13 15:00:00
178,8,8,49.5,62.73,60.73,3,471,1.0,2.0,14,2,1,2026-02-14 06:00:00
179,8,9,60.9,49.57,60.07,1,164,0.0,-10.5,15,3,1,2026-02-15 03:00:00
180,8,10,47.1,54.37,60.12,1,131,1.0,-5.75,14,2,1,2026-02-16 22:00:00
181,8,11,65.6,52.5,59.43,1,99,1.0,-6.93,14,1,1,2026-02-18 01:00:00
182,8,12,43.7,57.87,59.74,1,119,0.0,-1.87,14,2,1,2026-02-18 19:00:00
183,8,13,41.6,52.13,58.98,1,102,0.0,-6.84,15,2,1,2026-02-19 01:00:00
184,8,14,66.0,50.3,58.19,1,132,0.5,-7.89,15,3,1,2026-02-19 13:00:00
185,8,14,76.7,50.43,58.53,2,272,0.5,-8.09,15,3,0,2026-02-20 18:00:00
186,8,14,36.7,61.43,59.28,3,445,0.5,2.15,16,3,1,2026-02-20 23:00:00
187,8,15,53.7,59.8,58.38,1,146,0.0,1.42,15,2,1,2026-02-22 13:00:00
188,8,16,45.2,55.7,58.2,1,135,0.0,-2.5,15,3,1,2026-02-23 00:00:00
189,8,17,82.6,45.2,57.72,1,156,0.0,-12.52,15,3,0,2026-02-24 20:00:00
190,8,17,35.5,60.5,58.61,2,251,0.0,1.89,14,3,1,2026-02-26 15:00:00
191,8,17,73.4,54.43,57.81,3,395,0.0,-3.38,13,3,0,2026-02-28 10:00:00
192,8,18,46.3,63.83,58.33,1,155,0.0,5.5,14,3,1,2026-03-01 02:00:00
193,8,18,57.5,51.73,57.94,2,265,0.0,-6.21,14,3,1,2026-03-02 13:00:00
194,8,18,72.7,59.07,57.93,3,427,0.0,1.14,15,3,0,2026-03-02 17:00:00
195,8,19,55.7,58.83,58.38,1,146,0.0,0.46,15,2,1,2026-03-03 03:00:00
196,8,20,64.0,61.97,58.3,1,131,0.0,3.67,16,3,1,2026-03-03 18:00:00
197,9,1,56.5,75.0,75.0,1,102,1.0,0.0,1,1,1,2026-01-14 04:00:00
198,9,2,80.3,56.5,56.5,1,135,0.0,0.0,2,1,0,2026-01-14 13:00:00
199,9,2,81.6,68.4,68.4,2,228,0.0,0.0,3,1,0,2026-01-15 22:00:00
200,9,3,32.3,72.8,72.8,1,94,1.0,0.0,4,2,1,2026-01-16 10:00:00
201,9,4,88.3,64.73,62.68,1,80,0.0,2.06,5,2,0,2026-01-18 09:00:00
202,9,4,49.5,67.4,67.8,2,153,0.0,-0.4,6,2,1,2026-01-18 21:00:00
203,9,4,79.4,56.7,64.75,3,259,0.0,-8.05,7,2,0,2026-01-19 05:00:00
204,9,5,50.7,72.4,66.84,1,72,1.0,5.56,8,3,1,2026-01-21 03:00:00
205,9,6,89.2,59.87,64.82,1,91,1.0,-4.96,9,1,0,2026-01-22 05:00:00
206,9,7,64.7,73.1,67.53,1,80,1.0,5.57,10,2,1,2026-01-23 15:00:00
207,9,8,81.4,68.2,67.25,1,99,1.0,0.95,11,2,0,2026-01-24 09:00:00
208,9,9,73.6,78.43,68.54,1,96,1.0,9.9,12,3,0,2026-01-25 20:00:00
209,9,10,72.7,73.23,68.96,1,110,1.0,4.27,13,2,0,2026-01-27 11:00:00
210,9,11,44.5,75.9,69.25,1,79,0.5,6.65,12,1,1,2026-01-28 20:00:00
211,10,1,34.5,75.0,75.0,1,134,1.0,0.0,1,1,1,2026-01-30 03:00:00
212,10,1,89.0,34.5,34.5,2,254,1.0,0.0,2,1,0,2026-01-31 04:00:00
213,10,1,96.9,61.75,61.75,3,385,1.0,0.0,3,1,0,2026-02-02 04:00:00
214,10,2,37.5,73.47,73.47,1,147,1.0,0.0,4,1,1,2026-02-03 00:00:00
215,10,3,31.9,74.47,64.47,1,155,0.0,9.99,5,2,1,2026-02-03 10:00:00
216,10,3,53.5,55.43,57.96,2,276,0.0,-2.53,6,2,1,2026-02-04 18:00:00
217,10,4,50.3,40.97,57.22,1,157,0.0,-16.25,7,2,1,2026-02-06 11:00:00
218,10,4,89.7,45.23,56.23,2,324,0.0,-11.0,8,2,0,2026-02-06 23:00:00
219,10,5,40.9,64.5,60.41,1,148,1.0,4.09,9,3,1,2026-02-08 23:00:00
220,10,5,88.1,60.3,58.24,2,325,1.0,2.06,10,3,0,2026-02-09 11:00:00
221,10,5,42.5,72.9,61.23,3,449,1.0,11.67,11,3,1,2026-02-11 11:00:00
222,10,6,55.9,57.17,59.53,1,115,1.0,-2.36,12,1,1,2026-02-11 23:00:00
223,10,6,58.3,62.17,59.22,2,219,1.0,2.94,12,1,1,2026-02-13 23:00:00
224,10,6,58.3,52.23,59.15,3,388,1.0,-6.92,12,1,1,2026-02-15 15:00:00
225,10,7,90.1,57.5,59.09,1,153,0.0,-1.59,12,2,0,2026-02-16 19:00:00
226,10,8,71.9,68.9,61.16,1,138,1.0,7.74,11,2,0,2026-02-17 15:00:00
227,10,8,94.4,73.43,61.83,2,283,1.0,11.6,11,2,0,2026-02-19 05:00:00
228,10,8,39.5,85.47,63.75,3,400,1.0,21.72,10,2,1,2026-02-21 02:00:00
229,10,9,68.9,68.6,62.4,1,188,1.0,6.2,11,3,1,2026-02-22 08:00:00
230,10,9,64.7,67.6,62.74,2,330,1.0,4.86,11,3,1,2026-02-23 04:00:00
231,10,10,37.8,57.7,62.84,1,142,1.0,-5.14,11,2,1,2026-02-24 18:00:00
232,10,10,90.5,57.13,61.65,2,296,1.0,-4.51,10,2,0,2026-02-26 02:00:00
233,10,10,71.2,64.33,62.96,3,445,1.0,1.37,11,2,0,2026-02-27 14:00:00
234,10,11,36.2,66.5,63.32,1,144,0.5,3.18,11,1,1,2026-02-28 23:00:00
235,10,12,52.0,65.97,62.19,1,124,0.0,3.78,11,2,1,2026-03-02 10:00:00
236,10,12,50.8,53.13,61.78,2,273,0.0,-8.65,11,2,1,2026-03-03 04:00:00
237,10,13,56.5,46.33,61.36,1,177,0.0,-15.02,11,2,1,2026-03-03 22:00:00
238,10,13,54.7,53.1,61.18,2,343,0.0,-8.08,12,2,1,2026-03-04 15:00:00
239,10,14,39.7,54.0,60.95,1,171,0.5,-6.95,12,3,1,2026-03-06 10:00:00
240,10,14,51.6,50.3,60.21,2,300,0.5,-9.91,13,3,1,2026-03-06 21:00:00
241,10,14,50.3,48.67,59.93,3,420,0.5,-11.26,13,3,1,2026-03-08 00:00:00
242,10,15,36.7,47.2,59.62,1,137,0.0,-12.42,13,2,1,2026-03-08 09:00:00
243,10,15,55.1,46.2,58.9,2,278,0.0,-12.7,14,2,1,2026-03-08 17:00:00
244,10,15,58.0,47.37,58.78,3,439,0.0,-11.42,14,2,1,2026-03-09 10:00:00
245,10,16,48.3,49.93,58.76,1,106,0.0,-8.83,14,3,1,2026-03-11 09:00:00
246,10,17,39.1,53.8,58.46,1,170,0.0,-4.66,15,3,1,2026-03-11 17:00:00
247,10,17,47.3,48.47,57.92,2,306,0.0,-9.46,15,3,1,2026-03-13 01:00:00
248,10,17,55.6,44.9,57.64,3,437,0.0,-12.74,16,3,1,2026-03-13 12:00:00
249,10,18,50.1,47.33,57.58,1,119,0.0,-10.25,16,3,1,2026-03-13 20:00:00
250,10,19,51.3,51.0,57.39,1,106,0.5,-6.39,17,2,1,2026-03-14 01:00:00
251,10,19,55.3,52.33,57.24,2,262,0.5,-4.91,17,2,1,2026-03-15 15:00:00
252,10,19,35.6,52.23,57.19,3,403,0.5,-4.96,16,2,1,2026-03-17 06:00:00
253,11,1,92.4,75.0,75.0,1,34,1.0,0.0,1,1,0,2026-01-23 09:00:00
254,11,2,75.5,92.4,92.4,1,34,1.0,0.0,2,1,0,2026-01-24 21:00:00
255,11,3,72.2,83.95,83.95,1,53,1.0,0.0,3,2,0,2026-01-26 06:00:00
256,11,3,87.4,80.03,80.03,2,146,1.0,0.0,4,2,0,2026-01-26 16:00:00
257,11,3,73.0,78.37,81.88,3,200,1.0,-3.51,5,2,0,2026-01-28 14:00:00
258,11,4,87.5,77.53,80.1,1,30,1.0,-2.57,6,2,0,2026-01-30 12:00:00
259,11,5,76.6,82.63,81.33,1,55,1.0,1.3,7,3,0,2026-01-31 12:00:00
260,11,6,83.9,79.03,80.66,1,54,1.0,-1.62,8,1,0,2026-02-01 13:00:00
261,11,7,78.4,82.67,81.06,1,30,1.0,1.6,9,2,0,2026-02-03 07:00:00
262,11,8,63.9,79.63,80.77,1,58,1.0,-1.13,10,2,1,2026-02-03 15:00:00
263,11,9,86.3,75.4,79.08,1,55,0.0,-3.68,11,3,0,2026-02-03 21:00:00
264,11,10,53.5,76.2,79.74,1,73,1.0,-3.54,12,2,1,2026-02-04 15:00:00
265,11,11,89.9,67.9,77.55,1,96,1.0,-9.65,13,1,0,2026-02-05 18:00:00
266,11,12,87.0,76.57,78.5,1,82,1.0,-1.93,13,2,0,2026-02-06 09:00:00
267,11,13,71.3,76.8,79.11,1,54,1.0,-2.31,14,2,0,2026-02-07 05:00:00
268,11,14,31.6,82.73,78.59,1,37,1.0,4.15,14,3,1,2026-02-08 14:00:00
269,11,15,40.5,63.3,75.65,1,111,1.0,-12.35,14,2,1,2026-02-09 11:00:00
270,11,16,33.1,47.8,73.58,1,61,1.0,-25.78,14,3,1,2026-02-11 08:00:00
271,11,17,49.2,35.07,71.33,1,60,0.0,-36.27,14,3,1,2026-02-12 10:00:00
272,11,18,89.3,40.93,70.17,1,59,0.0,-29.24,15,3,0,2026-02-13 04:00:00
273,12,1,49.2,75.0,75.0,1,113,1.0,0.0,1,1,1,2026-01-30 01:00:00
274,12,1,95.0,49.2,49.2,2,220,1.0,0.0,2,1,0,2026-01-31 18:00:00
275,12,2,96.7,72.1,72.1,1,98,1.0,0.0,3,1,0,2026-02-02 14:00:00
276,12,3,55.4,80.3,80.3,1,99,1.0,0.0,4,2,1,2026-02-04 08:00:00
277,12,3,99.8,82.37,74.07,2,208,1.0,8.29,5,2,0,2026-02-05 01:00:00
278,12,4,50.4,83.97,79.22,1,99,1.0,4.75,6,2,1,2026-02-05 16:00:00
279,12,4,39.2,68.53,74.42,2,194,1.0,-5.88,7,2,1,2026-02-07 10:00:00
280,12,4,95.8,63.13,69.39,3,306,1.0,-6.25,8,2,0,2026-02-07 15:00:00
281,12,5,65.0,61.8,72.69,1,104,1.0,-10.89,9,3,1,2026-02-09 10:00:00
282,12,6,65.8,66.67,71.83,1,140,1.0,-5.17,10,1,1,2026-02-11 00:00:00
283,12,6,71.3,75.53,71.23,2,196,1.0,4.3,11,1,0,2026-02-12 06:00:00
284,12,6,45.2,67.37,71.24,3,327,1.0,-3.87,11,1,1,2026-02-13 16:00:00
285,12,7,51.7,60.77,69.07,1,134,1.0,-8.3,12,2,1,2026-02-14 14:00:00
286,12,8,70.2,56.07,67.73,1,68,1.0,-11.66,12,2,0,2026-02-16 03:00:00
287,12,8,73.2,55.7,67.91,2,171,1.0,-12.21,12,2,0,2026-02-17 03:00:00
288,12,8,81.0,65.03,68.26,3,273,1.0,-3.23,12,2,0,2026-02-18 17:00:00
289,12,9,52.1,74.8,69.06,1,81,1.0,5.74,12,3,1,2026-02-19 08:00:00
290,12,9,45.9,68.77,68.06,2,175,1.0,0.71,12,3,1,2026-02-20 10:00:00
291,12,10,80.2,59.67,66.83,1,87,1.0,-7.16,11,2,0,2026-02-21 22:00:00
292,12,11,88.0,59.4,67.53,1,145,0.5,-8.13,12,1,0,2026-02-22 11:00:00
293,13,1,46.0,75.0,75.0,1,158,1.0,0.0,1,1,1,2026-01-29 04:00:00
294,13,2,30.4,46.0,46.0,1,165,0.0,0.0,2,1,1,2026-01-31 00:00:00
295,13,3,56.9,38.2,38.2,1,154,0.0,0.0,3,2,1,2026-01-31 18:00:00
296,13,3,33.5,44.43,44.43,2,271,0.0,0.0,4,2,1,2026-01-31 22:00:00
297,13,3,53.4,40.27,41.7,3,400,0.0,-1.43,5,2,1,2026-02-02 20:00:00
298,13,4,52.3,47.93,44.04,1,149,0.0,3.89,6,2,1,2026-02-03 18:00:00
299,13,4,98.9,46.4,45.42,2,264,0.0,0.98,7,2,0,2026-02-04 15:00:00
300,13,4,46.2,68.2,53.06,3,418,0.0,15.14,8,2,1,2026-02-04 19:00:00
301,13,5,52.9,65.8,52.2,1,135,1.0,13.6,9,3,1,2026-02-06 09:00:00
302,13,5,39.7,66.0,52.28,2,267,1.0,13.72,10,3,1,2026-02-08 01:00:00
303,13,6,72.0,46.27,51.02,1,154,1.0,-4.75,11,1,0,2026-02-09 11:00:00
304,13,7,30.4,54.87,52.93,1,148,1.0,1.94,12,2,1,2026-02-10 13:00:00
305,13,7,59.9,47.37,51.05,2,280,1.0,-3.68,13,2,1,2026-02-10 22:00:00
306,13,8,40.7,54.1,51.73,1,163,1.0,2.37,14,2,1,2026-02-11 15:00:00
307,13,8,77.3,43.67,50.94,2,281,1.0,-7.28,14,2,0,2026-02-12 07:00:00
308,13,9,34.8,59.3,52.7,1,152,1.0,6.6,15,3,1,2026-02-12 20:00:00
309,13,9,51.6,50.93,51.58,2,303,1.0,-0.65,16,3,1,2026-02-13 00:00:00
310,13,10,69.3,54.57,51.58,1,133,1.0,2.98,17,2,1,2026-02-13 21:00:00
311,13,10,35.1,51.9,52.57,2,279,1.0,-0.67,17,2,1,2026-02-14 15:00:00
312,13,10,80.4,52.0,51.65,3,393,1.0,0.35,16,2,0,2026-02-16 05:00:00
313,13,11,30.5,61.6,53.08,1,158,0.0,8.52,16,1,1,2026-02-17 05:00:00
314,13,11,88.4,48.67,52.01,2,294,0.0,-3.34,17,1,0,2026-02-17 15:00:00
315,13,12,49.9,66.43,53.66,1,129,0.5,12.77,16,2,1,2026-02-18 16:00:00
316,13,12,46.0,56.27,53.5,2,289,0.5,2.77,16,2,1,2026-02-19 19:00:00
317,13,12,57.4,61.43,53.19,3,414,0.5,8.25,17,2,1,2026-02-20 07:00:00
318,13,13,59.5,51.1,53.36,1,111,0.0,-2.26,17,2,1,2026-02-20 20:00:00
319,13,14,58.8,54.3,53.59,1,108,0.0,0.71,17,3,1,2026-02-22 16:00:00
320,13,15,32.4,58.57,53.79,1,152,1.0,4.78,18,2,1,2026-02-23 02:00:00
321,13,15,43.4,50.23,53.02,2,266,1.0,-2.79,18,2,1,2026-02-23 12:00:00
322,13,16,44.0,44.87,52.69,1,175,0.0,-7.82,19,3,1,2026-02-23 17:00:00
323,13,16,51.5,39.93,52.4,2,273,0.0,-12.47,18,3,1,2026-02-25 09:00:00
324,13,17,45.2,46.3,52.37,1,173,0.0,-6.07,17,3,1,2026-02-26 17:00:00
325,13,17,55.6,46.9,52.15,2,317,0.0,-5.25,16,3,1,2026-02-27 06:00:00
326,13,17,63.9,50.77,52.25,3,455,0.0,-1.48,15,3,1,2026-03-01 01:00:00
327,13,18,45.8,54.9,52.59,1,129,0.0,2.31,16,3,1,2026-03-01 22:00:00
328,13,18,48.0,55.1,52.4,2,276,0.0,2.7,14,3,1,2026-03-03 15:00:00
329,13,19,38.4,52.57,52.28,1,139,1.0,0.29,14,2,1,2026-03-05 15:00:00
330,13,19,48.9,44.07,51.9,2,301,1.0,-7.84,14,2,1,2026-03-05 23:00:00
331,13,19,69.7,45.1,51.82,3,443,1.0,-6.72,13,2,1,2026-03-07 04:00:00
332,14,1,73.8,75.0,75.0,1,63,1.0,0.0,1,1,0,2026-01-23 22:00:00
333,14,2,84.0,73.8,73.8,1,52,1.0,0.0,2,1,0,2026-01-24 22:00:00
334,14,3,87.9,78.9,78.9,1,58,1.0,0.0,3,2,0,2026-01-26 12:00:00
335,14,3,79.3,81.9,81.9,2,124,1.0,0.0,4,2,0,2026-01-28 08:00:00
336,14,3,47.6,83.73,81.25,3,154,1.0,2.48,5,2,1,2026-01-29 02:00:00
337,14,4,84.1,71.6,74.52,1,33,1.0,-2.92,6,2,0,2026-01-29 14:00:00
338,14,5,53.8,70.33,76.12,1,74,1.0,-5.78,7,3,1,2026-01-30 21:00:00
339,14,6,91.4,61.83,72.93,1,63,1.0,-11.1,8,1,0,2026-02-01 02:00:00
340,14,7,94.0,76.43,75.24,1,56,1.0,1.2,9,2,0,2026-02-01 21:00:00
341,14,8,95.6,79.73,77.32,1,60,1.0,2.41,10,2,0,2026-02-02 18:00:00
342,14,9,49.6,93.67,79.15,1,66,1.0,14.52,11,3,1,2026-02-03 15:00:00
343,14,10,73.8,79.73,76.46,1,49,1.0,3.27,12,2,0,2026-02-04 01:00:00
344,14,11,93.6,73.0,76.24,1,44,1.0,-3.24,13,1,0,2026-02-05 02:00:00
345,14,12,68.0,72.33,77.58,1,63,0.5,-5.24,14,2,1,2026-02-05 11:00:00
346,14,13,95.2,78.47,76.89,1,40,0.0,1.57,15,2,0,2026-02-06 02:00:00
347,14,14,99.8,85.6,78.11,1,68,0.5,7.49,15,3,0,2026-02-07 10:00:00
348,14,14,99.5,87.67,79.47,2,98,0.5,8.2,16,3,0,2026-02-07 20:00:00
349,15,1,86.5,75.0,75.0,1,80,1.0,0.0,1,1,0,2026-01-19 06:00:00
350,15,2,76.5,86.5,86.5,1,69,1.0,0.0,2,1,0,2026-01-19 13:00:00
351,15,3,81.9,81.5,81.5,1,65,1.0,0.0,3,2,0,2026-01-20 10:00:00
352,15,4,81.1,81.63,81.63,1,79,1.0,0.0,4,2,0,2026-01-22 10:00:00
353,15,5,80.7,79.83,81.5,1,93,1.0,-1.67,5,3,0,2026-01-24 06:00:00
354,15,5,99.5,81.23,81.34,2,173,1.0,-0.11,6,3,0,2026-01-25 17:00:00
355,15,6,74.0,87.1,84.37,1,30,1.0,2.73,7,1,0,2026-01-26 21:00:00
356,15,7,87.0,84.73,82.89,1,34,1.0,1.85,8,2,0,2026-01-28 21:00:00
357,15,8,52.1,86.83,83.4,1,47,1.0,3.43,9,2,1,2026-01-30 15:00:00
358,15,9,89.1,71.03,79.92,1,60,0.0,-8.89,10,3,0,2026-02-01 00:00:00
359,15,10,91.6,76.07,80.84,1,70,1.0,-4.77,9,2,0,2026-02-02 19:00:00
360,15,11,78.5,77.6,81.82,1,45,1.0,-4.22,9,1,0,2026-02-04 10:00:00
361,15,12,70.9,86.4,81.54,1,63,1.0,4.86,10,2,0,2026-02-04 22:00:00
362,15,13,85.8,80.33,80.72,1,44,1.0,-0.39,10,2,0,2026-02-06 02:00:00
363,15,14,97.6,78.4,81.09,1,47,1.0,-2.69,11,3,0,2026-02-06 10:00:00
364,15,15,98.1,84.77,82.19,1,31,1.0,2.58,11,2,0,2026-02-07 13:00:00
365,16,1,95.0,75.0,75.0,1,41,1.0,0.0,1,1,0,2026-01-31 06:00:00
366,16,2,89.7,95.0,95.0,1,32,1.0,0.0,2,1,0,2026-01-31 22:00:00
367,16,3,87.3,92.35,92.35,1,40,1.0,0.0,3,2,0,2026-02-01 08:00:00
368,16,4,85.1,90.67,90.67,1,81,1.0,0.0,4,2,0,2026-02-01 23:00:00
369,16,5,51.9,87.37,89.28,1,41,1.0,-1.91,5,3,1,2026-02-03 01:00:00
370,16,6,86.9,74.77,81.8,1,112,1.0,-7.03,6,1,0,2026-02-04 01:00:00
371,16,7,47.9,74.63,82.65,1,69,1.0,-8.02,7,2,1,2026-02-05 04:00:00
372,16,8,96.7,62.23,77.69,1,63,1.0,-15.45,8,2,0,2026-02-06 17:00:00
373,16,9,66.7,77.17,80.06,1,42,1.0,-2.9,9,3,1,2026-02-08 17:00:00
374,16,10,87.5,70.43,78.58,1,74,1.0,-8.14,10,2,0,2026-02-09 13:00:00
375,16,11,91.7,83.63,79.47,1,48,0.5,4.16,11,1,0,2026-02-10 06:00:00
376,16,12,33.8,81.97,80.58,1,62,0.5,1.38,12,2,1,2026-02-11 22:00:00
377,16,13,66.8,71.0,76.68,1,111,0.0,-5.68,13,2,1,2026-02-12 07:00:00
378,16,14,67.1,64.1,75.92,1,58,0.0,-11.82,14,3,1,2026-02-14 04:00:00
379,16,15,85.1,55.9,75.29,1,82,1.0,-19.39,12,2,0,2026-02-15 20:00:00
380,16,16,33.6,73.0,75.95,1,45,0.0,-2.95,11,3,1,2026-02-17 14:00:00
381,16,16,80.1,61.93,73.3,2,104,0.0,-11.37,11,3,0,2026-02-18 19:00:00
382,16,17,90.9,66.27,73.7,1,95,1.0,-7.43,11,3,0,2026-02-20 07:00:00
383,16,18,92.1,68.2,74.66,1,47,1.0,-6.46,11,3,0,2026-02-21 22:00:00
384,16,19,90.2,87.7,75.57,1,96,1.0,12.13,10,2,0,2026-02-23 14:00:00
385,17,1,80.5,75.0,75.0,1,104,1.0,0.0,1,1,0,2026-01-03 23:00:00
386,17,2,91.9,80.5,80.5,1,78,1.0,0.0,2,1,0,2026-01-05 02:00:00
387,17,3,94.1,86.2,86.2,1,102,1.0,0.0,3,2,0,2026-01-05 06:00:00
388,17,3,92.2,88.83,88.83,2,211,1.0,0.0,4,2,0,2026-01-05 11:00:00
389,17,4,99.8,92.73,89.68,1,102,1.0,3.06,5,2,0,2026-01-06 21:00:00
390,17,5,78.5,95.37,91.7,1,58,1.0,3.67,6,3,0,2026-01-07 17:00:00
391,17,6,89.9,90.17,89.5,1,75,1.0,0.67,7,1,0,2026-01-08 21:00:00
392,17,7,91.3,89.4,89.56,1,85,1.0,-0.16,8,2,0,2026-01-10 01:00:00
393,17,8,52.4,86.57,89.78,1,88,1.0,-3.21,9,2,1,2026-01-11 13:00:00
394,17,9,74.7,77.87,85.62,1,102,0.0,-7.76,10,3,0,2026-01-13 00:00:00
395,17,10,71.9,72.8,84.53,1,93,1.0,-11.73,11,2,0,2026-01-14 12:00:00
396,17,11,81.8,66.33,83.38,1,63,1.0,-17.05,12,1,0,2026-01-15 01:00:00
397,17,12,46.7,76.13,83.25,1,97,1.0,-7.12,13,2,1,2026-01-16 21:00:00
398,17,12,43.1,66.8,80.44,2,199,1.0,-13.64,14,2,1,2026-01-17 20:00:00
399,17,12,86.2,57.2,77.77,3,300,1.0,-20.57,11,2,0,2026-01-19 17:00:00
400,17,13,68.9,58.67,78.33,1,111,1.0,-19.67,11,2,1,2026-01-21 00:00:00
401,17,14,96.4,66.07,77.74,1,106,1.0,-11.68,12,3,0,2026-01-21 15:00:00
402,17,15,62.8,83.83,78.84,1,99,1.0,4.99,11,2,1,2026-01-22 23:00:00
403,17,15,75.5,76.03,77.95,2,187,1.0,-1.92,12,2,0,2026-01-23 15:00:00
404,17,16,70.8,78.23,77.82,1,56,1.0,0.41,12,3,0,2026-01-24 09:00:00
405,17,17,95.6,69.7,77.47,1,98,1.0,-7.77,12,3,0,2026-01-26 06:00:00
406,17,17,71.0,80.63,78.33,2,192,1.0,2.3,13,3,0,2026-01-26 20:00:00
407,17,17,69.4,79.13,78.0,3,287,1.0,1.13,13,3,1,2026-01-27 14:00:00
408,17,18,64.6,78.67,77.63,1,64,1.0,1.04,12,3,1,2026-01-29 01:00:00
409,17,18,62.9,68.33,77.08,2,132,1.0,-8.75,13,3,1,2026-01-29 07:00:00
410,17,18,52.8,65.63,76.52,3,243,1.0,-10.88,13,3,1,2026-01-31 02:00:00
411,17,19,94.8,60.1,75.6,1,89,1.0,-15.5,14,2,0,2026-01-31 12:00:00
412,17,19,92.1,70.17,76.31,2,192,1.0,-6.15,14,2,0,2026-02-02 02:00:00
413,17,19,37.6,79.9,76.88,3,282,1.0,3.02,14,2,1,2026-02-03 22:00:00
414,18,1,97.6,75.0,75.0,1,90,1.0,0.0,1,1,0,2026-02-01 07:00:00
415,18,2,73.4,97.6,97.6,1,108,1.0,0.0,2,1,0,2026-02-01 16:00:00
416,18,3,96.9,85.5,85.5,1,79,1.0,0.0,3,2,0,2026-02-02 07:00:00
417,18,4,83.5,89.3,89.3,1,91,1.0,0.0,4,2,0,2026-02-02 16:00:00
418,18,5,45.1,84.6,87.85,1,80,1.0,-3.25,5,3,1,2026-02-04 11:00:00
419,18,5,52.6,75.17,79.3,2,161,1.0,-4.13,6,3,1,2026-02-05 01:00:00
420,18,5,91.4,60.4,74.85,3,244,1.0,-14.45,7,3,0,2026-02-05 14:00:00
421,18,6,97.0,63.03,77.21,1,94,1.0,-14.18,8,1,0,2026-02-07 10:00:00
422,18,6,84.9,80.33,79.69,2,174,1.0,0.65,9,1,0,2026-02-08 06:00:00
423,18,7,48.1,91.1,80.27,1,115,1.0,10.83,10,2,1,2026-02-09 23:00:00
424,18,8,88.9,76.67,77.05,1,72,1.0,-0.38,11,2,0,2026-02-11 14:00:00
425,18,9,63.4,73.97,78.13,1,86,1.0,-4.16,12,3,1,2026-02-11 20:00:00
426,18,10,89.8,66.8,76.9,1,81,1.0,-10.1,13,2,0,2026-02-13 19:00:00
427,18,11,79.0,80.7,77.89,1,118,0.5,2.81,14,1,0,2026-02-14 01:00:00
428,18,12,73.7,77.4,77.97,1,93,0.5,-0.57,15,2,0,2026-02-14 23:00:00
429,18,13,73.3,80.83,77.69,1,110,1.0,3.15,14,2,0,2026-02-15 16:00:00
430,18,14,95.4,75.33,77.41,1,60,0.5,-2.08,14,3,0,2026-02-16 14:00:00
431,18,14,73.9,80.8,78.47,2,155,0.5,2.33,14,3,0,2026-02-18 09:00:00
432,18,14,62.2,80.87,78.22,3,262,0.5,2.65,12,3,1,2026-02-20 05:00:00
433,19,1,73.5,75.0,75.0,1,91,1.0,0.0,1,1,0,2026-01-31 09:00:00
434,19,2,89.2,73.5,73.5,1,111,1.0,0.0,2,1,0,2026-02-02 05:00:00
435,19,3,93.0,81.35,81.35,1,79,1.0,0.0,3,2,0,2026-02-03 17:00:00
436,19,4,37.7,85.23,85.23,1,118,1.0,0.0,4,2,1,2026-02-03 22:00:00
437,19,5,65.6,73.3,73.35,1,135,0.0,-0.05,5,3,1,2026-02-04 11:00:00
438,19,5,32.2,65.43,71.8,2,217,0.0,-6.37,6,3,1,2026-02-05 17:00:00
439,19,6,87.3,45.17,65.2,1,81,1.0,-20.03,7,1,0,2026-02-07 07:00:00
440,19,7,81.3,61.7,68.36,1,119,1.0,-6.66,8,2,0,2026-02-07 12:00:00
441,19,8,60.0,66.93,69.97,1,121,1.0,-3.04,9,2,1,2026-02-07 23:00:00
442,19,9,94.9,76.2,68.87,1,79,0.0,7.33,10,3,0,2026-02-08 18:00:00
443,19,10,66.4,78.73,71.47,1,81,1.0,7.26,11,2,1,2026-02-09 00:00:00
444,20,1,59.2,75.0,75.0,1,84,1.0,0.0,1,1,1,2026-01-26 01:00:00
445,20,2,38.2,59.2,59.2,1,63,0.0,0.0,2,1,1,2026-01-28 00:00:00
446,20,2,79.3,48.7,48.7,2,134,0.0,0.0,3,1,0,2026-01-29 13:00:00
447,20,2,34.1,58.9,58.9,3,203,0.0,0.0,4,1,1,2026-01-30 22:00:00
448,20,3,75.8,50.53,52.7,1,74,1.0,-2.17,5,2,0,2026-01-31 15:00:00
449,20,4,73.4,63.07,57.32,1,89,1.0,5.75,6,2,0,2026-02-01 04:00:00
450,20,5,62.1,61.1,60.0,1,94,1.0,1.1,7,3,1,2026-02-01 17:00:00
451,20,5,96.8,70.43,60.3,2,215,1.0,10.13,8,3,0,2026-02-02 01:00:00
452,20,6,72.6,77.43,64.86,1,70,1.0,12.57,9,1,0,2026-02-02 11:00:00
453,20,7,54.6,77.17,65.72,1,109,1.0,11.44,10,2,1,2026-02-04 11:00:00
454,20,8,60.2,74.67,64.61,1,85,1.0,10.06,11,2,1,2026-02-04 20:00:00
455,20,8,83.7,62.47,64.21,2,174,1.0,-1.74,12,2,0,2026-02-06 20:00:00
456,20,8,35.7,66.17,65.83,3,277,1.0,0.33,13,2,1,2026-02-07 14:00:00
457,20,9,65.2,59.87,63.52,1,67,1.0,-3.65,14,3,1,2026-02-08 15:00:00
458,20,9,44.0,61.53,63.64,2,164,1.0,-2.1,15,3,1,2026-02-08 23:00:00
459,20,9,35.1,48.3,62.33,3,257,1.0,-14.03,15,3,1,2026-02-10 01:00:00
460,20,10,79.1,48.1,60.62,1,99,1.0,-12.52,15,2,0,2026-02-11 22:00:00
461,20,11,84.5,52.73,61.71,1,95,0.5,-8.98,15,1,0,2026-02-13 13:00:00
462,20,12,51.7,66.23,62.98,1,139,0.5,3.26,13,2,1,2026-02-15 05:00:00
463,20,12,97.9,71.77,62.38,2,216,0.5,9.38,11,2,0,2026-02-17 03:00:00
464,20,13,83.4,78.03,64.16,1,79,1.0,13.87,11,2,0,2026-02-18 18:00:00
465,20,14,89.3,77.67,65.08,1,77,0.5,12.59,11,3,0,2026-02-19 22:00:00
466,20,14,66.0,90.2,66.18,2,155,0.5,24.02,12,3,1,2026-02-20 10:00:00
467,20,14,48.1,79.57,66.17,3,232,0.5,13.4,12,3,1,2026-02-20 23:00:00
468,20,15,42.0,67.8,65.42,1,113,1.0,2.38,11,2,1,2026-02-22 22:00:00
469,20,16,99.6,52.03,64.48,1,118,0.5,-12.45,10,3,0,2026-02-24 15:00:00
470,20,17,44.3,63.23,65.83,1,78,1.0,-2.6,10,3,1,2026-02-26 06:00:00
471,20,18,46.2,61.97,65.03,1,73,1.0,-3.07,11,3,1,2026-02-27 06:00:00
472,20,18,75.6,63.37,64.36,2,172,1.0,-0.99,11,3,0,2026-02-27 21:00:00
473,20,18,96.2,55.37,64.75,3,250,1.0,-9.38,12,3,0,2026-02-28 10:00:00
474,21,1,99.2,75.0,75.0,1,102,1.0,0.0,1,1,0,2026-01-10 11:00:00
475,21,2,57.7,99.2,99.2,1,94,1.0,0.0,2,1,1,2026-01-11 20:00:00
476,21,3,76.8,78.45,78.45,1,59,0.0,0.0,3,2,0,2026-01-13 04:00:00
477,21,4,97.8,77.9,77.9,1,120,1.0,0.0,4,2,0,2026-01-14 16:00:00
478,21,4,91.1,77.43,82.88,2,245,1.0,-5.44,5,2,0,2026-01-14 22:00:00
479,21,4,91.9,88.57,84.52,3,322,1.0,4.05,6,2,0,2026-01-15 07:00:00
480,21,5,56.5,93.6,85.75,1,82,1.0,7.85,7,3,1,2026-01-16 17:00:00
481,21,6,80.3,79.83,81.57,1,95,1.0,-1.74,8,1,0,2026-01-18 12:00:00
482,21,6,52.9,76.23,81.41,2,191,1.0,-5.18,9,1,1,2026-01-20 00:00:00
483,21,7,97.7,63.23,78.24,1,103,1.0,-15.01,10,2,0,2026-01-20 14:00:00
484,21,7,88.9,76.97,80.19,2,233,1.0,-3.22,11,2,0,2026-01-22 06:00:00
485,21,8,72.5,79.83,80.98,1,86,1.0,-1.15,12,2,0,2026-01-22 11:00:00
486,21,8,88.5,86.37,80.27,2,160,1.0,6.09,13,2,0,2026-01-23 08:00:00
487,21,8,97.3,83.3,80.91,3,222,1.0,2.39,14,2,0,2026-01-23 19:00:00
488,21,9,75.4,86.1,82.08,1,75,1.0,4.02,14,3,0,2026-01-25 19:00:00
489,21,9,53.8,87.07,81.63,2,164,1.0,5.43,14,3,1,2026-01-26 04:00:00
490,21,10,89.1,75.5,79.89,1,125,1.0,-4.39,14,2,0,2026-01-28 02:00:00
491,21,11,82.0,72.77,80.44,1,79,0.5,-7.67,15,1,0,2026-01-28 09:00:00
492,21,12,45.6,74.97,80.52,1,94,1.0,-5.56,13,2,1,2026-01-29 13:00:00
493,22,1,79.5,75.0,75.0,1,59,1.0,0.0,1,1,0,2026-01-30 08:00:00
494,22,2,89.6,79.5,79.5,1,83,1.0,0.0,2,1,0,2026-01-31 15:00:00
495,22,3,93.2,84.55,84.55,1,110,1.0,0.0,3,2,0,2026-02-02 08:00:00
496,22,4,90.7,87.43,87.43,1,49,1.0,0.0,4,2,0,2026-02-03 21:00:00
497,22,5,73.1,91.17,88.25,1,50,1.0,2.92,5,3,0,2026-02-05 03:00:00
498,22,6,72.8,85.67,85.22,1,80,1.0,0.45,6,1,0,2026-02-05 09:00:00
499,22,7,88.1,78.87,83.15,1,73,1.0,-4.28,7,2,0,2026-02-05 20:00:00
500,22,8,72.3,78.0,83.86,1,96,1.0,-5.86,8,2,0,2026-02-07 05:00:00
501,22,9,72.2,77.73,82.41,1,71,1.0,-4.68,9,3,0,2026-02-08 01:00:00
502,22,9,40.3,77.53,81.28,2,123,1.0,-3.74,10,3,1,2026-02-09 02:00:00
503,22,10,73.3,61.6,77.18,1,71,1.0,-15.58,11,2,0,2026-02-09 17:00:00
504,23,1,72.2,75.0,75.0,1,112,1.0,0.0,1,1,0,2026-01-23 20:00:00
505,23,1,84.9,72.2,72.2,2,218,1.0,0.0,2,1,0,2026-01-25 04:00:00
506,23,1,74.5,78.55,78.55,3,318,1.0,0.0,3,1,0,2026-01-27 02:00:00
507,23,2,61.2,77.2,77.2,1,111,1.0,0.0,4,1,1,2026-01-28 07:00:00
508,23,3,98.1,73.53,73.2,1,113,0.0,0.33,5,2,0,2026-01-28 18:00:00
509,23,3,89.0,77.93,78.18,2,230,0.0,-0.25,6,2,0,2026-01-29 17:00:00
510,23,4,41.6,82.77,79.98,1,102,1.0,2.78,7,2,1,2026-01-31 02:00:00
511,23,5,34.3,76.23,74.5,1,86,0.0,1.73,8,3,1,2026-02-02 02:00:00
512,23,5,47.5,54.97,69.47,2,178,0.0,-14.51,9,3,1,2026-02-02 11:00:00
513,23,6,86.2,41.13,67.03,1,114,1.0,-25.9,10,1,0,2026-02-03 15:00:00
514,23,7,80.1,56.0,68.95,1,73,1.0,-12.95,11,2,0,2026-02-03 21:00:00
515,23,8,51.4,71.27,69.96,1,97,1.0,1.3,12,2,1,2026-02-05 20:00:00
516,23,9,54.7,72.57,68.42,1,82,0.0,4.15,12,3,1,2026-02-07 06:00:00
517,23,10,95.1,62.07,67.36,1,90,1.0,-5.29,12,2,0,2026-02-08 15:00:00
518,23,11,47.0,67.07,69.34,1,115,0.5,-2.28,13,1,1,2026-02-08 23:00:00
519,24,1,53.7,75.0,75.0,1,93,1.0,0.0,1,1,1,2026-01-16 17:00:00
520,24,2,83.2,53.7,53.7,1,90,0.0,0.0,2,1,0,2026-01-17 20:00:00
521,24,3,84.6,68.45,68.45,1,62,1.0,0.0,3,2,0,2026-01-18 10:00:00
522,24,4,94.2,73.83,73.83,1,104,1.0,0.0,4,2,0,2026-01-19 08:00:00
523,24,4,50.9,87.33,78.92,2,206,1.0,8.41,5,2,1,2026-01-19 21:00:00
524,24,4,53.8,76.57,73.32,3,339,1.0,3.25,6,2,1,2026-01-21 16:00:00
525,24,5,86.7,66.3,70.07,1,83,1.0,-3.77,7,3,0,2026-01-22 18:00:00
526,24,5,64.4,63.8,72.44,2,177,1.0,-8.64,8,3,1,2026-01-23 04:00:00
527,24,6,75.8,68.3,71.44,1,94,1.0,-3.14,9,1,0,2026-01-23 21:00:00
528,24,7,83.0,75.63,71.92,1,121,1.0,3.71,10,2,0,2026-01-25 00:00:00
529,24,8,49.4,74.4,73.03,1,88,1.0,1.37,11,2,1,2026-01-25 14:00:00
530,24,9,90.3,69.4,70.88,1,95,0.0,-1.48,12,3,0,2026-01-26 20:00:00
531,24,9,72.9,74.23,72.5,2,197,0.0,1.73,13,3,0,2026-01-27 07:00:00
532,24,10,71.6,70.87,72.53,1,93,1.0,-1.66,14,2,0,2026-01-28 17:00:00
533,24,11,83.7,78.27,72.46,1,81,1.0,5.8,15,1,0,2026-01-29 21:00:00
534,24,12,74.1,76.07,73.21,1,93,1.0,2.85,15,2,0,2026-01-31 13:00:00
535,24,13,93.7,76.47,73.27,1,111,1.0,3.2,14,2,0,2026-02-01 11:00:00
536,24,14,49.5,83.83,74.47,1,69,1.0,9.36,14,3,1,2026-02-02 17:00:00
537,24,15,87.4,72.43,73.08,1,92,1.0,-0.65,14,2,0,2026-02-03 12:00:00
538,24,16,84.1,76.87,73.84,1,75,1.0,3.03,15,3,0,2026-02-03 18:00:00
539,24,17,48.1,73.67,74.35,1,113,1.0,-0.68,14,3,1,2026-02-05 18:00:00
540,24,18,78.9,73.2,73.1,1,59,1.0,0.1,14,3,0,2026-02-06 11:00:00
541,24,18,36.5,70.37,73.36,2,137,1.0,-3.0,14,3,1,2026-02-07 21:00:00
542,25,1,44.8,75.0,75.0,1,97,1.0,0.0,1,1,1,2026-01-23 15:00:00
543,25,1,90.7,44.8,44.8,2,218,1.0,0.0,2,1,0,2026-01-23 23:00:00
544,25,2,93.8,67.75,67.75,1,88,1.0,0.0,3,1,0,2026-01-25 18:00:00
545,25,3,56.9,76.43,76.43,1,78,1.0,0.0,4,2,1,2026-01-27 06:00:00
546,25,4,86.8,80.47,71.55,1,127,0.0,8.92,5,2,0,2026-01-28 09:00:00
547,25,4,73.4,79.17,74.6,2,188,0.0,4.57,6,2,0,2026-01-29 10:00:00
548,25,5,50.1,72.37,74.4,1,46,1.0,-2.03,7,3,1,2026-01-30 12:00:00
549,25,6,73.7,70.1,70.93,1,98,1.0,-0.83,8,1,0,2026-02-01 00:00:00
550,25,7,96.5,65.73,71.28,1,79,1.0,-5.54,9,2,0,2026-02-01 08:00:00
551,25,7,98.7,73.43,74.08,2,148,1.0,-0.64,10,2,0,2026-02-01 23:00:00
552,25,7,49.8,89.63,76.54,3,252,1.0,13.09,11,2,1,2026-02-02 10:00:00
553,25,8,82.6,81.67,74.11,1,94,1.0,7.56,12,2,0,2026-02-02 22:00:00
554,25,8,96.2,77.03,74.82,2,172,1.0,2.22,13,2,0,2026-02-03 14:00:00
555,25,8,80.3,76.2,76.46,3,236,1.0,-0.26,14,2,0,2026-02-04 15:00:00
556,25,9,87.0,86.37,76.74,1,107,1.0,9.63,15,3,0,2026-02-05 23:00:00
557,25,9,81.2,87.83,77.42,2,210,1.0,10.41,15,3,0,2026-02-06 19:00:00
558,25,9,98.7,82.83,77.66,3,298,1.0,5.18,15,3,0,2026-02-07 21:00:00
559,25,10,57.6,88.97,78.89,1,126,1.0,10.07,16,2,1,2026-02-08 12:00:00
560,25,11,81.1,79.17,77.71,1,68,1.0,1.46,16,1,0,2026-02-09 00:00:00
561,25,11,35.9,79.13,77.89,2,127,1.0,1.24,17,1,1,2026-02-10 00:00:00
562,25,11,70.7,58.2,75.79,3,203,1.0,-17.59,17,1,0,2026-02-10 23:00:00
563,25,12,43.2,62.57,75.55,1,89,1.0,-12.98,16,2,1,2026-02-12 13:00:00
564,26,1,73.4,75.0,75.0,1,144,1.0,0.0,1,1,0,2026-01-08 08:00:00
565,26,1,42.3,73.4,73.4,2,279,1.0,0.0,2,1,1,2026-01-10 07:00:00
566,26,1,71.7,57.85,57.85,3,426,1.0,0.0,3,1,0,2026-01-11 09:00:00
567,26,2,86.2,62.47,62.47,1,114,1.0,0.0,4,1,0,2026-01-12 01:00:00
568,26,2,79.5,66.73,68.4,2,282,1.0,-1.67,5,1,0,2026-01-13 06:00:00
569,26,3,44.9,79.13,70.62,1,138,1.0,8.51,6,2,1,2026-01-14 13:00:00
570,26,4,47.7,70.2,66.33,1,162,0.0,3.87,7,2,1,2026-01-15 06:00:00
571,26,5,53.9,57.37,63.67,1,146,0.0,-6.3,8,3,1,2026-01-15 18:00:00
572,26,5,51.0,48.83,62.45,2,295,0.0,-13.62,9,3,1,2026-01-17 04:00:00
573,26,6,40.9,50.87,61.18,1,151,1.0,-10.31,10,1,1,2026-01-18 10:00:00
574,26,7,41.5,48.6,59.15,1,148,0.0,-10.55,11,2,1,2026-01-19 01:00:00
575,26,8,39.0,44.47,57.55,1,152,1.0,-13.08,12,2,1,2026-01-20 16:00:00
576,26,9,46.6,40.47,56.0,1,166,0.0,-15.53,12,3,1,2026-01-22 14:00:00
577,26,10,53.2,42.37,55.28,1,143,1.0,-12.91,12,2,1,2026-01-24 08:00:00
578,26,11,92.0,46.27,55.13,1,154,0.5,-8.86,13,1,0,2026-01-24 19:00:00
579,26,11,79.6,63.93,57.59,2,292,0.5,6.35,12,1,0,2026-01-26 12:00:00
580,26,11,80.8,74.93,58.96,3,460,0.5,15.97,13,1,0,2026-01-27 02:00:00
581,26,12,88.8,84.13,60.25,1,126,0.5,23.89,12,2,0,2026-01-28 14:00:00
582,26,13,90.9,83.07,61.83,1,176,1.0,21.23,12,2,0,2026-01-29 13:00:00
583,26,13,35.7,86.83,63.36,2,315,1.0,23.47,11,2,1,2026-01-31 06:00:00
584,26,13,46.4,71.8,61.98,3,426,1.0,9.82,12,2,1,2026-02-01 09:00:00
585,26,14,68.0,57.67,61.24,1,142,0.5,-3.57,11,3,1,2026-02-03 04:00:00
586,26,14,34.7,50.03,61.55,2,268,0.5,-11.51,11,3,1,2026-02-04 13:00:00
587,26,14,44.5,49.7,60.38,3,424,0.5,-10.68,11,3,1,2026-02-05 15:00:00
588,26,15,94.4,49.07,59.72,1,126,1.0,-10.65,12,2,0,2026-02-06 14:00:00
589,26,16,46.9,57.87,61.1,1,131,0.5,-3.24,13,3,1,2026-02-07 02:00:00
590,26,17,93.8,61.93,60.56,1,102,0.0,1.38,13,3,0,2026-02-07 18:00:00
591,26,18,60.1,78.37,61.79,1,130,0.0,16.58,13,3,1,2026-02-08 17:00:00
592,26,19,74.4,66.93,61.73,1,91,0.5,5.2,13,2,0,2026-02-09 19:00:00
593,27,1,87.1,75.0,75.0,1,30,1.0,0.0,1,1,0,2026-01-11 19:00:00
594,27,2,91.8,87.1,87.1,1,75,1.0,0.0,2,1,0,2026-01-13 09:00:00
595,27,3,98.7,89.45,89.45,1,75,1.0,0.0,3,2,0,2026-01-14 00:00:00
596,27,4,99.5,92.53,92.53,1,68,1.0,0.0,4,2,0,2026-01-15 06:00:00
597,27,5,52.2,96.67,94.28,1,40,1.0,2.39,5,3,1,2026-01-16 09:00:00
598,27,6,79.4,83.47,85.86,1,59,1.0,-2.39,6,1,0,2026-01-17 18:00:00
599,27,7,65.7,77.03,84.78,1,59,1.0,-7.75,7,2,1,2026-01-18 10:00:00
600,27,7,49.6,65.77,82.06,2,95,1.0,-16.29,8,2,1,2026-01-18 14:00:00
601,27,8,82.0,64.9,78.0,1,90,1.0,-13.1,9,2,0,2026-01-19 01:00:00
602,27,9,43.5,65.77,78.44,1,77,1.0,-12.68,10,3,1,2026-01-20 04:00:00
603,27,10,93.0,58.37,74.95,1,55,1.0,-16.58,11,2,0,2026-01-21 01:00:00
604,27,11,90.0,72.83,76.59,1,60,0.5,-3.76,12,1,0,2026-01-22 06:00:00
605,27,12,76.9,75.5,77.71,1,64,0.5,-2.21,13,2,0,2026-01-23 02:00:00
606,27,13,75.4,86.63,77.65,1,30,1.0,8.99,14,2,0,2026-01-25 01:00:00
607,27,13,72.9,80.77,77.49,2,85,1.0,3.28,14,2,0,2026-01-26 00:00:00
608,27,14,49.6,75.07,77.18,1,46,0.5,-2.11,15,3,1,2026-01-26 22:00:00
609,27,15,34.8,65.97,75.46,1,39,1.0,-9.49,14,2,1,2026-01-28 05:00:00
610,27,16,95.8,52.43,73.06,1,54,0.5,-20.63,15,3,0,2026-01-28 20:00:00
611,27,17,73.3,60.07,74.33,1,95,1.0,-14.26,15,3,0,2026-01-30 00:00:00
612,27,18,95.6,67.97,74.27,1,72,1.0,-6.31,15,3,0,2026-01-31 10:00:00
613,28,1,41.3,75.0,75.0,1,78,1.0,0.0,1,1,1,2026-01-23 02:00:00
614,28,2,96.7,41.3,41.3,1,101,0.0,0.0,2,1,0,2026-01-24 19:00:00
615,28,3,77.3,69.0,69.0,1,117,1.0,0.0,3,2,0,2026-01-25 21:00:00
616,28,3,32.6,71.77,71.77,2,225,1.0,0.0,4,2,1,2026-01-26 06:00:00
617,28,4,46.9,68.87,61.98,1,91,1.0,6.89,5,2,1,2026-01-27 15:00:00
618,28,5,42.9,52.27,58.96,1,77,0.0,-6.69,6,3,1,2026-01-28 19:00:00
619,28,5,43.4,40.8,56.28,2,180,0.0,-15.48,7,3,1,2026-01-30 19:00:00
620,28,6,89.1,44.4,54.44,1,97,1.0,-10.04,8,1,0,2026-02-01 02:00:00
621,28,7,98.7,58.47,58.78,1,107,1.0,-0.31,9,2,0,2026-02-01 20:00:00
622,28,7,87.0,77.07,63.21,2,209,1.0,13.86,10,2,0,2026-02-02 21:00:00
623,28,8,47.3,91.6,65.59,1,110,1.0,26.01,11,2,1,2026-02-04 09:00:00
624,28,8,88.7,77.67,63.93,2,189,1.0,13.74,12,2,0,2026-02-05 15:00:00
625,28,9,89.8,74.33,65.99,1,116,1.0,8.34,12,3,0,2026-02-07 07:00:00
626,28,10,66.2,75.27,67.82,1,93,1.0,7.44,11,2,1,2026-02-09 02:00:00
627,28,11,93.0,81.57,67.71,1,131,1.0,13.86,11,1,0,2026-02-09 15:00:00
628,28,12,40.7,83.0,69.39,1,76,1.0,13.61,12,2,1,2026-02-10 08:00:00
629,28,12,82.2,66.63,67.6,2,200,1.0,-0.97,11,2,0,2026-02-12 07:00:00
630,28,12,94.8,71.97,68.46,3,293,1.0,3.51,12,2,0,2026-02-12 12:00:00
631,28,13,78.2,72.57,69.92,1,76,1.0,2.64,13,2,0,2026-02-12 18:00:00
632,28,14,68.5,85.07,70.36,1,80,1.0,14.71,13,3,1,2026-02-14 15:00:00
633,28,15,71.9,80.5,70.26,1,83,1.0,10.24,12,2,0,2026-02-16 09:00:00
634,28,16,87.1,72.87,70.34,1,98,1.0,2.52,12,3,0,2026-02-16 21:00:00
635,29,1,72.7,75.0,75.0,1,100,1.0,0.0,1,1,0,2026-01-19 20:00:00
636,29,1,87.5,72.7,72.7,2,178,1.0,0.0,2,1,0,2026-01-20 20:00:00
637,29,1,75.3,80.1,80.1,3,267,1.0,0.0,3,1,0,2026-01-21 13:00:00
638,29,2,98.5,78.5,78.5,1,132,1.0,0.0,4,1,0,2026-01-23 03:00:00
639,29,3,81.0,87.1,83.5,1,124,1.0,3.6,5,2,0,2026-01-24 06:00:00
640,29,4,32.2,84.93,83.0,1,98,1.0,1.93,6,2,1,2026-01-26 04:00:00
641,29,5,62.4,70.57,74.53,1,90,0.0,-3.97,7,3,1,2026-01-28 04:00:00
642,29,6,98.1,58.53,72.8,1,92,1.0,-14.27,8,1,0,2026-01-29 00:00:00
643,29,6,55.2,64.23,75.96,2,194,1.0,-11.73,9,1,1,2026-01-29 14:00:00
644,29,7,67.0,71.9,73.66,1,69,1.0,-1.76,10,2,1,2026-01-31 00:00:00
645,29,7,50.2,73.43,72.99,2,153,1.0,0.44,11,2,1,2026-01-31 14:00:00
646,29,8,70.8,57.47,70.92,1,56,1.0,-13.45,12,2,0,2026-02-01 14:00:00
647,29,9,79.2,62.67,70.91,1,97,1.0,-8.24,13,3,0,2026-02-02 19:00:00
648,29,10,57.4,66.73,71.55,1,102,1.0,-4.81,13,2,1,2026-02-03 07:00:00
649,29,10,90.6,69.13,70.54,2,182,1.0,-1.4,14,2,0,2026-02-03 19:00:00
650,29,10,75.5,75.73,71.87,3,303,1.0,3.86,14,2,0,2026-02-04 04:00:00
651,29,11,97.2,74.5,72.1,1,65,0.5,2.4,14,1,0,2026-02-05 23:00:00
652,29,11,32.0,87.77,73.58,2,125,0.5,14.19,13,1,1,2026-02-07 23:00:00
653,29,11,98.7,68.23,71.27,3,219,0.5,-3.03,14,1,0,2026-02-08 19:00:00
654,29,12,49.7,75.97,72.71,1,110,1.0,3.26,14,2,1,2026-02-10 04:00:00
655,29,13,45.2,60.13,71.56,1,123,0.0,-11.43,15,2,1,2026-02-11 02:00:00
656,29,13,41.3,64.53,70.3,2,203,0.0,-5.77,15,2,1,2026-02-11 19:00:00
657,29,14,83.5,45.4,68.99,1,111,0.0,-23.59,14,3,0,2026-02-12 15:00:00
658,29,15,96.1,56.67,69.62,1,89,1.0,-12.95,15,2,0,2026-02-12 19:00:00
659,29,16,72.9,73.63,70.72,1,86,0.5,2.91,15,3,0,2026-02-14 13:00:00
660,29,16,80.6,84.17,70.81,2,193,0.5,13.36,15,3,0,2026-02-15 08:00:00
661,29,16,45.2,83.2,71.18,3,296,0.5,12.02,15,3,1,2026-02-16 04:00:00
662,29,17,85.1,66.23,70.22,1,58,1.0,-3.99,15,3,0,2026-02-16 19:00:00
663,29,17,85.9,70.3,70.75,2,177,1.0,-0.45,16,3,0,2026-02-17 04:00:00
664,29,17,73.8,72.07,71.28,3,294,1.0,0.79,14,3,0,2026-02-18 04:00:00
665,29,18,96.8,81.6,71.36,1,77,1.0,10.24,15,3,0,2026-02-19 17:00:00
666,29,18,66.8,85.5,72.18,2,174,1.0,13.32,15,3,1,2026-02-20 06:00:00
667,29,19,74.9,79.13,72.01,1,99,1.0,7.12,16,2,0,2026-02-20 12:00:00
668,30,1,52.4,75.0,75.0,1,65,1.0,0.0,1,1,1,2026-02-01 02:00:00
669,30,2,96.0,52.4,52.4,1,48,0.0,0.0,2,1,0,2026-02-02 04:00:00
670,30,3,87.5,74.2,74.2,1,46,1.0,0.0,3,2,0,2026-02-04 02:00:00
671,30,4,84.9,78.63,78.63,1,59,1.0,0.0,4,2,0,2026-02-04 10:00:00
672,30,5,34.2,89.47,80.2,1,83,1.0,9.27,5,3,1,2026-02-06 03:00:00
673,30,6,70.2,68.87,71.0,1,70,1.0,-2.13,6,1,0,2026-02-07 00:00:00
674,30,7,71.5,63.1,70.87,1,52,1.0,-7.77,7,2,0,2026-02-07 12:00:00
675,30,7,86.4,58.63,70.96,2,127,1.0,-12.32,8,2,0,2026-02-07 19:00:00
676,30,7,77.2,76.03,72.89,3,157,1.0,3.15,9,2,0,2026-02-09 00:00:00
677,30,8,92.6,78.37,73.37,1,82,1.0,5.0,10,2,0,2026-02-10 05:00:00
678,30,9,80.8,85.4,75.29,1,30,1.0,10.11,11,3,0,2026-02-12 04:00:00
679,30,9,96.6,83.53,75.79,2,82,1.0,7.74,12,3,0,2026-02-12 20:00:00
680,30,10,54.5,90.0,77.53,1,37,1.0,12.47,13,2,1,2026-02-14 03:00:00
681,30,11,91.4,77.3,75.75,1,34,1.0,1.55,14,1,0,2026-02-14 21:00:00
682,30,11,78.7,80.83,76.87,2,117,1.0,3.96,13,1,0,2026-02-16 18:00:00
683,30,11,73.8,74.87,76.99,3,167,1.0,-2.13,14,1,0,2026-02-17 17:00:00
684,30,12,71.4,81.3,76.79,1,66,1.0,4.51,13,2,0,2026-02-19 08:00:00
685,30,13,44.2,74.63,76.48,1,59,1.0,-1.84,12,2,1,2026-02-21 00:00:00
686,30,14,93.6,63.13,74.68,1,69,1.0,-11.55,11,3,0,2026-02-22 22:00:00
687,30,15,83.6,69.73,75.68,1,61,1.0,-5.95,11,2,0,2026-02-23 22:00:00
688,30,16,72.3,73.8,76.08,1,34,1.0,-2.28,11,3,0,2026-02-24 13:00:00
689,30,17,75.2,83.17,75.9,1,79,1.0,7.27,12,3,0,2026-02-25 18:00:00
690,31,1,94.4,75.0,75.0,1,80,1.0,0.0,1,1,0,2026-01-31 11:00:00
691,31,1,56.9,94.4,94.4,2,138,1.0,0.0,2,1,1,2026-02-02 10:00:00
692,31,1,73.4,75.65,75.65,3,219,1.0,0.0,3,1,0,2026-02-02 22:00:00
693,31,2,64.2,74.9,74.9,1,120,1.0,0.0,4,1,1,2026-02-04 05:00:00
694,31,3,75.0,64.83,72.23,1,107,0.0,-7.39,5,2,0,2026-02-05 12:00:00
695,31,4,87.1,70.87,72.78,1,83,1.0,-1.91,6,2,0,2026-02-06 07:00:00
696,31,4,95.4,75.43,75.17,2,166,1.0,0.27,7,2,0,2026-02-06 11:00:00
697,31,4,86.6,85.83,78.06,3,249,1.0,7.78,8,2,0,2026-02-08 04:00:00
698,31,5,66.1,89.7,79.12,1,131,1.0,10.58,9,3,1,2026-02-09 23:00:00
699,31,5,46.8,82.7,77.68,2,228,1.0,5.02,10,3,1,2026-02-10 06:00:00
700,31,5,84.2,66.5,74.59,3,326,1.0,-8.09,11,3,0,2026-02-12 03:00:00
701,31,6,84.1,65.7,75.46,1,110,1.0,-9.76,12,1,0,2026-02-13 01:00:00
702,31,7,96.5,71.7,76.18,1,94,1.0,-4.48,12,2,0,2026-02-14 23:00:00
703,31,7,44.4,88.27,77.75,2,178,1.0,10.52,11,2,1,2026-02-16 22:00:00
704,31,7,92.5,75.0,75.36,3,264,1.0,-0.36,12,2,0,2026-02-17 15:00:00
705,31,8,67.6,77.8,76.51,1,88,1.0,1.29,13,2,1,2026-02-18 01:00:00
706,31,9,74.8,68.17,75.95,1,89,0.0,-7.78,13,3,0,2026-02-18 21:00:00
707,31,9,88.5,78.3,75.88,2,193,0.0,2.42,13,3,0,2026-02-19 22:00:00
708,31,10,74.5,76.97,76.58,1,91,1.0,0.38,12,2,0,2026-02-21 13:00:00
709,31,11,68.4,79.27,76.47,1,104,0.5,2.79,12,1,1,2026-02-22 21:00:00
710,31,12,73.2,77.13,76.07,1,88,0.5,1.06,11,2,0,2026-02-24 12:00:00
711,31,13,60.4,72.03,75.93,1,91,1.0,-3.9,12,2,1,2026-02-25 10:00:00
712,31,14,76.1,67.33,75.23,1,50,1.0,-7.89,13,3,0,2026-02-25 22:00:00
713,31,15,72.6,69.9,75.27,1,108,0.0,-5.37,13,2,0,2026-02-26 20:00:00
714,31,16,76.8,69.7,75.15,1,96,1.0,-5.45,13,3,0,2026-02-28 09:00:00
715,31,17,70.9,75.17,75.22,1,109,1.0,-0.05,13,3,0,2026-03-02 08:00:00
716,31,17,33.4,73.43,75.05,2,141,1.0,-1.62,12,3,1,2026-03-03 21:00:00
717,31,17,81.8,60.37,73.51,3,272,1.0,-13.14,12,3,0,2026-03-04 11:00:00
718,31,18,58.0,62.03,73.81,1,87,1.0,-11.77,12,3,1,2026-03-05 16:00:00
719,31,18,65.9,57.73,73.26,2,199,1.0,-15.53,13,3,1,2026-03-05 20:00:00
720,31,19,56.0,68.57,73.02,1,69,0.5,-4.45,12,2,1,2026-03-07 15:00:00
721,31,19,75.9,59.97,72.47,2,171,0.5,-12.5,12,2,0,2026-03-09 12:00:00
722,31,19,91.8,65.93,72.58,3,239,0.5,-6.64,12,2,0,2026-03-11 02:00:00
723,31,20,42.5,74.57,73.16,1,77,1.0,1.41,12,3,1,2026-03-11 11:00:00
724,32,1,99.6,75.0,75.0,1,98,1.0,0.0,1,1,0,2026-01-04 23:00:00
725,32,2,98.2,99.6,99.6,1,56,1.0,0.0,2,1,0,2026-01-05 06:00:00
726,32,3,69.5,98.9,98.9,1,64,1.0,0.0,3,2,1,2026-01-06 01:00:00
727,32,4,77.4,89.1,89.1,1,77,0.0,0.0,4,2,0,2026-01-07 05:00:00
728,32,5,63.1,81.7,86.18,1,69,1.0,-4.48,5,3,1,2026-01-07 18:00:00
729,32,6,81.1,70.0,81.56,1,63,1.0,-11.56,6,1,0,2026-01-08 11:00:00
730,32,7,89.1,73.87,81.48,1,67,1.0,-7.62,7,2,0,2026-01-09 07:00:00
731,32,8,91.3,77.77,82.57,1,108,1.0,-4.8,8,2,0,2026-01-10 19:00:00
732,32,9,67.7,87.17,83.66,1,58,1.0,3.5,9,3,1,2026-01-11 01:00:00
733,32,10,71.2,82.7,81.89,1,64,1.0,0.81,10,2,0,2026-01-12 04:00:00
734,32,11,74.3,76.73,80.82,1,81,1.0,-4.09,11,1,0,2026-01-13 15:00:00
735,32,12,94.6,71.07,80.23,1,82,0.5,-9.16,12,2,0,2026-01-14 13:00:00
736,32,13,87.2,80.03,81.42,1,83,1.0,-1.39,13,2,0,2026-01-14 19:00:00
737,32,14,74.2,85.37,81.87,1,72,1.0,3.5,14,3,0,2026-01-16 13:00:00
738,32,15,88.7,85.33,81.32,1,37,1.0,4.01,15,2,0,2026-01-17 13:00:00
739,32,16,65.5,83.37,81.81,1,92,0.5,1.55,16,3,1,2026-01-17 19:00:00
740,32,17,58.2,76.13,80.79,1,37,0.0,-4.66,15,3,1,2026-01-19 15:00:00
741,32,17,98.7,70.8,79.46,2,103,0.0,-8.66,14,3,0,2026-01-21 06:00:00
742,32,17,84.3,74.13,80.53,3,147,0.0,-6.4,13,3,0,2026-01-22 19:00:00
743,32,18,76.2,80.4,80.73,1,58,0.0,-0.33,14,3,0,2026-01-23 00:00:00
744,32,19,84.7,86.4,80.51,1,66,1.0,5.89,14,2,0,2026-01-24 05:00:00
745,33,1,99.4,75.0,75.0,1,66,1.0,0.0,1,1,0,2026-01-07 20:00:00
746,33,2,82.2,99.4,99.4,1,68,1.0,0.0,2,1,0,2026-01-08 09:00:00
747,33,3,73.0,90.8,90.8,1,92,1.0,0.0,3,2,0,2026-01-08 16:00:00
748,33,4,87.6,84.87,84.87,1,69,1.0,0.0,4,2,0,2026-01-09 11:00:00
749,33,5,86.6,80.93,85.55,1,55,1.0,-4.62,5,3,0,2026-01-09 18:00:00
750,33,5,97.4,82.4,85.76,2,134,1.0,-3.36,6,3,0,2026-01-11 00:00:00
751,33,6,89.5,90.53,87.7,1,83,1.0,2.83,7,1,0,2026-01-11 19:00:00
752,33,7,93.5,91.17,87.96,1,35,1.0,3.21,8,2,0,2026-01-13 15:00:00
753,33,8,52.2,93.47,88.65,1,71,1.0,4.82,9,2,1,2026-01-14 22:00:00
754,33,8,99.2,78.4,84.6,2,145,1.0,-6.2,10,2,0,2026-01-16 17:00:00
755,33,8,95.2,81.63,86.06,3,199,1.0,-4.43,11,2,0,2026-01-17 14:00:00
756,33,9,52.5,82.2,86.89,1,87,1.0,-4.69,12,3,1,2026-01-18 04:00:00
757,33,10,65.0,82.3,84.03,1,56,1.0,-1.73,13,2,1,2026-01-19 19:00:00
758,33,10,55.3,70.9,82.56,2,118,1.0,-11.66,14,2,1,2026-01-21 18:00:00
759,33,10,79.6,57.6,80.61,3,174,1.0,-23.01,13,2,0,2026-01-22 13:00:00
760,33,11,70.1,66.63,80.55,1,60,1.0,-13.91,13,1,0,2026-01-22 17:00:00
761,33,12,51.5,68.33,79.89,1,38,0.5,-11.56,12,2,1,2026-01-24 04:00:00
762,33,13,45.0,67.07,78.22,1,31,0.0,-11.16,12,2,1,2026-01-25 06:00:00
763,33,14,47.7,55.53,76.38,1,91,0.5,-20.84,12,3,1,2026-01-26 09:00:00
764,33,15,94.3,48.07,74.87,1,43,1.0,-26.8,12,2,0,2026-01-28 04:00:00
765,33,16,58.2,62.33,75.84,1,40,0.0,-13.51,12,3,1,2026-01-29 15:00:00
766,33,17,84.8,66.73,75.0,1,30,0.0,-8.27,13,3,0,2026-01-30 12:00:00
767,33,18,87.6,79.1,75.45,1,47,0.0,3.65,11,3,0,2026-02-01 04:00:00
768,33,18,64.1,76.87,75.97,2,80,0.0,0.89,12,3,1,2026-02-02 00:00:00
769,33,18,99.1,78.83,75.48,3,172,0.0,3.35,12,3,0,2026-02-03 23:00:00
770,34,1,67.6,75.0,75.0,1,130,1.0,0.0,1,1,1,2026-01-27 07:00:00
771,34,2,48.6,67.6,67.6,1,96,0.0,0.0,2,1,1,2026-01-27 18:00:00
772,34,3,42.6,58.1,58.1,1,155,0.0,0.0,3,2,1,2026-01-29 00:00:00
773,34,4,46.9,52.93,52.93,1,129,0.0,0.0,4,2,1,2026-01-29 18:00:00
774,34,4,71.9,46.03,51.42,2,232,0.0,-5.39,5,2,0,2026-01-30 08:00:00
775,34,4,31.0,53.8,55.52,3,292,0.0,-1.72,6,2,1,2026-01-31 18:00:00
776,34,5,50.7,49.93,51.43,1,155,1.0,-1.5,7,3,1,2026-02-01 01:00:00
777,34,5,60.5,51.2,51.33,2,237,1.0,-0.13,8,3,1,2026-02-02 19:00:00
778,34,6,57.7,47.4,52.48,1,77,1.0,-5.08,9,1,1,2026-02-03 19:00:00
779,34,6,88.8,56.3,53.06,2,207,1.0,3.24,10,1,0,2026-02-04 02:00:00
780,34,7,88.5,69.0,56.63,1,158,1.0,12.37,11,2,0,2026-02-05 06:00:00
781,34,8,82.8,78.33,59.53,1,137,1.0,18.81,12,2,0,2026-02-06 10:00:00
782,34,8,61.2,86.7,61.47,2,258,1.0,25.23,13,2,1,2026-02-08 07:00:00
783,34,9,32.7,77.5,61.45,1,121,1.0,16.05,14,3,1,2026-02-08 11:00:00
784,34,10,47.7,58.9,59.39,1,127,1.0,-0.49,15,2,1,2026-02-09 21:00:00
785,34,11,60.1,47.2,58.61,1,125,0.5,-11.41,14,1,1,2026-02-11 09:00:00
786,34,12,50.7,46.83,58.71,1,115,0.0,-11.87,14,2,1,2026-02-12 12:00:00
787,34,12,63.3,52.83,58.24,2,227,0.0,-5.4,14,2,1,2026-02-13 07:00:00
788,34,13,90.0,58.03,58.52,1,108,0.0,-0.48,14,2,0,2026-02-13 15:00:00
789,34,14,46.7,68.0,60.17,1,94,0.5,7.83,15,3,1,2026-02-14 16:00:00
790,34,14,66.7,66.67,59.5,2,198,0.5,7.17,15,3,1,2026-02-14 22:00:00
791,34,14,38.5,67.8,59.84,3,274,0.5,7.96,15,3,1,2026-02-15 16:00:00
792,34,15,72.2,50.63,58.87,1,108,0.0,-8.24,16,2,0,2026-02-15 20:00:00
793,34,16,37.9,59.13,59.45,1,90,0.0,-0.32,17,3,1,2026-02-16 02:00:00
794,34,16,43.6,49.53,58.55,2,177,0.0,-9.02,17,3,1,2026-02-16 22:00:00
795,34,17,35.5,51.23,57.96,1,113,0.0,-6.72,18,3,1,2026-02-17 03:00:00
796,35,1,56.4,75.0,75.0,1,137,1.0,0.0,1,1,1,2026-01-14 03:00:00
797,35,2,81.3,56.4,56.4,1,128,0.0,0.0,2,1,0,2026-01-14 19:00:00
798,35,3,64.1,68.85,68.85,1,78,1.0,0.0,3,2,1,2026-01-16 14:00:00
799,35,4,38.3,67.27,67.27,1,90,0.0,0.0,4,2,1,2026-01-18 07:00:00
800,35,4,36.7,61.23,60.02,2,218,0.0,1.21,5,2,1,2026-01-20 05:00:00
801,35,4,37.1,46.37,55.36,3,308,0.0,-8.99,6,2,1,2026-01-21 16:00:00
802,35,5,46.0,37.37,52.32,1,105,0.0,-14.95,7,3,1,2026-01-23 02:00:00
803,35,5,48.0,39.93,51.41,2,226,0.0,-11.48,8,3,1,2026-01-23 20:00:00
804,35,6,72.5,43.7,50.99,1,90,1.0,-7.29,9,1,0,2026-01-24 23:00:00
805,35,7,88.6,55.5,53.38,1,112,1.0,2.12,10,2,0,2026-01-25 05:00:00
806,35,8,81.5,69.7,56.9,1,83,1.0,12.8,11,2,0,2026-01-26 16:00:00
807,35,9,50.5,80.87,59.14,1,97,1.0,21.73,12,3,1,2026-01-27 14:00:00
808,35,10,86.4,73.53,58.42,1,116,1.0,15.12,13,2,0,2026-01-27 22:00:00
809,35,11,88.1,72.8,60.57,1,78,1.0,12.23,12,1,0,2026-01-28 19:00:00
810,35,11,80.4,75.0,62.54,2,196,1.0,12.46,13,1,0,2026-01-29 18:00:00
811,35,11,89.6,84.97,63.73,3,305,1.0,21.24,13,1,0,2026-01-31 15:00:00
812,35,12,52.0,86.03,65.34,1,121,0.5,20.69,13,2,1,2026-02-02 04:00:00
813,35,13,67.6,74.0,64.56,1,114,0.0,9.44,14,2,1,2026-02-02 20:00:00
814,35,14,35.1,69.73,64.73,1,137,0.5,5.01,14,3,1,2026-02-03 08:00:00
815,35,14,43.6,51.57,63.17,2,249,0.5,-11.6,14,3,1,2026-02-05 06:00:00
816,36,1,93.6,75.0,75.0,1,131,1.0,0.0,1,1,0,2026-01-05 17:00:00
817,36,2,69.1,93.6,93.6,1,142,1.0,0.0,2,1,1,2026-01-07 09:00:00
818,36,2,84.2,81.35,81.35,2,292,1.0,0.0,3,1,0,2026-01-08 23:00:00
819,36,2,73.1,82.3,82.3,3,432,1.0,0.0,4,1,0,2026-01-09 22:00:00
820,36,3,97.3,75.47,80.0,1,140,1.0,-4.53,5,2,0,2026-01-10 13:00:00
821,36,4,30.4,84.87,83.46,1,125,1.0,1.41,6,2,1,2026-01-10 20:00:00
822,36,5,32.7,66.93,74.62,1,126,0.0,-7.68,7,3,1,2026-01-12 02:00:00
823,36,6,53.4,53.47,68.63,1,111,1.0,-15.16,8,1,1,2026-01-13 18:00:00
824,36,7,51.0,38.83,66.72,1,174,0.0,-27.89,9,2,1,2026-01-15 12:00:00
825,36,7,59.4,45.7,64.98,2,289,0.0,-19.28,10,2,1,2026-01-16 21:00:00
826,36,8,62.3,54.6,64.42,1,126,1.0,-9.82,11,2,1,2026-01-18 02:00:00
827,36,8,59.3,57.57,64.23,2,251,1.0,-6.66,12,2,1,2026-01-18 17:00:00
828,36,9,39.6,60.33,63.82,1,157,0.0,-3.48,12,3,1,2026-01-20 17:00:00
829,36,10,66.0,53.73,61.95,1,134,1.0,-8.22,12,2,1,2026-01-22 17:00:00
830,36,11,61.1,54.97,62.24,1,164,0.5,-7.28,12,1,1,2026-01-23 03:00:00
831,36,12,90.8,55.57,62.17,1,126,0.0,-6.6,13,2,0,2026-01-23 08:00:00
832,36,13,73.4,72.63,63.96,1,145,1.0,8.68,14,2,0,2026-01-23 14:00:00
833,36,13,32.7,75.1,64.51,2,268,1.0,10.59,12,2,1,2026-01-24 23:00:00
834,36,14,36.8,65.63,62.74,1,182,0.5,2.89,13,3,1,2026-01-25 20:00:00
835,36,15,30.4,47.63,61.38,1,116,0.0,-13.75,13,2,1,2026-01-26 04:00:00
836,36,16,47.6,33.3,59.83,1,146,0.5,-26.53,13,3,1,2026-01-28 03:00:00
837,36,17,47.7,38.27,59.25,1,152,0.0,-20.98,14,3,1,2026-01-29 07:00:00
838,36,18,38.0,41.9,58.72,1,148,0.0,-16.82,14,3,1,2026-01-30 10:00:00
839,37,1,98.8,75.0,75.0,1,86,1.0,0.0,1,1,0,2026-01-21 22:00:00
840,37,1,85.4,98.8,98.8,2,173,1.0,0.0,2,1,0,2026-01-22 12:00:00
841,37,1,76.2,92.1,92.1,3,263,1.0,0.0,3,1,0,2026-01-24 08:00:00
842,37,2,82.1,86.8,86.8,1,87,1.0,0.0,4,1,0,2026-01-25 08:00:00
843,37,3,44.7,81.23,85.62,1,109,1.0,-4.39,5,2,1,2026-01-26 05:00:00
844,37,4,61.6,67.67,77.44,1,134,0.0,-9.77,6,2,1,2026-01-26 15:00:00
845,37,5,97.7,62.8,74.8,1,78,0.0,-12.0,7,3,0,2026-01-28 15:00:00
846,37,5,65.3,68.0,78.07,2,140,0.0,-10.07,8,3,1,2026-01-29 06:00:00
847,37,5,97.4,74.87,76.47,3,228,0.0,-1.61,9,3,0,2026-01-30 07:00:00
848,37,6,70.4,86.8,78.8,1,141,1.0,8.0,10,1,0,2026-02-01 00:00:00
849,37,7,81.2,77.7,77.96,1,73,1.0,-0.26,11,2,0,2026-02-01 09:00:00
850,37,7,71.1,83.0,78.25,2,195,1.0,4.75,12,2,0,2026-02-02 13:00:00
851,37,7,79.5,74.23,77.66,3,318,1.0,-3.42,13,2,0,2026-02-03 14:00:00
852,37,8,92.0,77.27,77.8,1,78,1.0,-0.53,14,2,0,2026-02-03 19:00:00
853,37,8,97.5,80.87,78.81,2,179,1.0,2.05,14,2,0,2026-02-05 09:00:00
854,37,9,32.6,89.67,80.06,1,122,1.0,9.61,14,3,1,2026-02-06 17:00:00
855,37,10,86.5,74.03,77.09,1,82,1.0,-3.06,15,2,0,2026-02-07 02:00:00
856,37,11,75.3,72.2,77.65,1,85,1.0,-5.45,15,1,0,2026-02-07 18:00:00
857,37,12,49.2,64.8,77.52,1,78,0.5,-12.72,15,2,1,2026-02-08 15:00:00
858,37,13,60.3,70.33,76.03,1,69,0.0,-5.69,14,2,1,2026-02-10 10:00:00
859,37,14,52.1,61.6,75.24,1,77,0.5,-13.64,14,3,1,2026-02-12 04:00:00
860,37,14,78.5,53.87,74.14,2,142,0.5,-20.27,13,3,0,2026-02-13 13:00:00
861,37,15,95.8,63.63,74.34,1,90,1.0,-10.7,14,2,0,2026-02-14 05:00:00
862,38,1,79.2,75.0,75.0,1,44,1.0,0.0,1,1,0,2026-01-04 03:00:00
863,38,1,35.0,79.2,79.2,2,108,1.0,0.0,2,1,1,2026-01-04 09:00:00
864,38,1,60.8,57.1,57.1,3,138,1.0,0.0,3,1,1,2026-01-05 16:00:00
865,38,2,89.5,58.33,58.33,1,66,1.0,0.0,4,1,0,2026-01-06 19:00:00
866,38,3,70.8,61.77,66.12,1,76,1.0,-4.36,5,2,0,2026-01-08 15:00:00
867,38,3,90.4,73.7,67.06,2,106,1.0,6.64,6,2,0,2026-01-10 09:00:00
868,38,4,93.1,83.57,70.95,1,67,1.0,12.62,7,2,0,2026-01-10 23:00:00
869,38,5,65.0,84.77,74.11,1,84,1.0,10.65,8,3,1,2026-01-12 12:00:00
870,38,6,81.5,82.83,72.97,1,35,1.0,9.86,9,1,0,2026-01-14 02:00:00
871,38,7,87.2,79.87,73.92,1,93,1.0,5.94,10,2,0,2026-01-14 11:00:00
872,38,8,99.6,77.9,75.25,1,68,1.0,2.65,11,2,0,2026-01-16 11:00:00
873,38,8,82.5,89.43,77.46,2,113,1.0,11.97,12,2,0,2026-01-16 19:00:00
874,38,9,37.9,89.77,77.88,1,58,1.0,11.88,13,3,1,2026-01-17 10:00:00
875,38,10,75.5,73.33,74.81,1,71,1.0,-1.47,14,2,0,2026-01-18 02:00:00
876,38,11,78.8,65.3,74.86,1,61,1.0,-9.56,12,1,0,2026-01-19 22:00:00
877,38,12,92.8,64.07,75.12,1,70,0.5,-11.05,12,2,0,2026-01-21 08:00:00
878,38,13,31.7,82.37,76.22,1,41,1.0,6.14,12,2,1,2026-01-23 01:00:00
879,38,14,48.9,67.77,73.61,1,63,1.0,-5.84,13,3,1,2026-01-23 22:00:00
880,38,15,56.5,57.8,72.23,1,31,1.0,-14.43,13,2,1,2026-01-24 17:00:00
881,38,15,30.1,45.7,71.41,2,88,1.0,-25.71,13,2,1,2026-01-25 18:00:00
882,38,16,85.9,45.17,69.34,1,41,0.5,-24.17,13,3,0,2026-01-27 12:00:00
883,39,1,75.6,75.0,75.0,1,125,1.0,0.0,1,1,0,2026-01-05 12:00:00
884,39,1,71.4,75.6,75.6,2,289,1.0,0.0,2,1,0,2026-01-07 08:00:00
885,39,2,43.9,73.5,73.5,1,161,1.0,0.0,3,1,1,2026-01-09 03:00:00
886,39,2,75.9,63.63,63.63,2,313,1.0,0.0,4,1,0,2026-01-10 07:00:00
887,39,3,33.5,63.73,66.7,1,118,1.0,-2.97,5,2,1,2026-01-10 19:00:00
888,39,4,39.7,51.1,60.06,1,133,0.0,-8.96,6,2,1,2026-01-12 17:00:00
889,39,4,31.2,49.7,56.67,2,297,0.0,-6.97,7,2,1,2026-01-14 00:00:00
890,39,5,66.8,34.8,53.03,1,142,0.0,-18.23,8,3,1,2026-01-14 11:00:00
891,39,5,38.9,45.9,54.75,2,328,0.0,-8.85,9,3,1,2026-01-16 11:00:00
892,39,5,58.6,45.63,52.99,3,475,0.0,-7.36,10,3,1,2026-01-17 12:00:00
893,39,6,73.5,54.77,53.55,1,143,1.0,1.22,11,1,0,2026-01-18 06:00:00
894,39,6,67.4,57.0,55.36,2,276,1.0,1.64,12,1,1,2026-01-19 07:00:00
895,39,7,42.4,66.5,56.37,1,142,1.0,10.13,12,2,1,2026-01-20 23:00:00
896,39,7,44.6,61.1,55.29,2,278,1.0,5.81,12,2,1,2026-01-22 06:00:00
897,39,8,95.6,51.47,54.53,1,154,1.0,-3.06,12,2,0,2026-01-23 11:00:00
898,39,9,35.8,60.87,57.27,1,159,1.0,3.6,13,3,1,2026-01-24 00:00:00
899,39,9,69.5,58.67,55.92,2,283,1.0,2.74,12,3,1,2026-01-25 00:00:00
900,39,10,99.0,66.97,56.72,1,113,1.0,10.24,13,2,0,2026-01-26 11:00:00
901,39,11,32.1,68.1,59.07,1,103,0.5,9.03,13,1,1,2026-01-27 05:00:00
902,39,12,51.9,66.87,57.65,1,150,0.0,9.21,14,2,1,2026-01-27 19:00:00
903,39,12,60.2,61.0,57.37,2,267,0.0,3.63,13,2,1,2026-01-29 05:00:00
904,39,12,66.8,48.07,57.5,3,363,0.0,-9.43,14,2,1,2026-01-30 03:00:00
905,39,13,36.5,59.63,57.92,1,147,0.0,1.71,14,2,1,2026-01-31 02:00:00
906,39,14,37.8,54.5,56.99,1,189,0.0,-2.49,14,3,1,2026-01-31 19:00:00
907,39,15,69.2,47.03,56.19,1,139,0.0,-9.16,14,2,1,2026-02-01 08:00:00
908,39,15,48.9,47.83,56.71,2,295,0.0,-8.88,15,2,1,2026-02-01 18:00:00
909,39,15,47.3,51.97,56.41,3,436,0.0,-4.44,15,2,1,2026-02-03 15:00:00
910,39,16,36.9,55.13,56.07,1,138,0.0,-0.94,14,3,1,2026-02-05 15:00:00
911,39,16,56.8,44.37,55.39,2,296,0.0,-11.02,13,3,1,2026-02-07 15:00:00
912,39,17,73.5,47.0,55.44,1,134,0.0,-8.44,13,3,0,2026-02-08 18:00:00
913,39,17,39.0,55.73,56.04,2,279,0.0,-0.31,12,3,1,2026-02-10 16:00:00
914,39,18,49.3,56.43,55.49,1,146,0.0,0.94,11,3,1,2026-02-12 09:00:00
915,39,19,64.4,53.93,55.3,1,126,0.5,-1.36,12,2,1,2026-02-12 17:00:00
916,39,20,61.3,50.9,55.57,1,159,0.0,-4.67,11,3,1,2026-02-14 08:00:00
917,40,1,92.6,75.0,75.0,1,86,1.0,0.0,1,1,0,2026-01-20 21:00:00
918,40,2,94.0,92.6,92.6,1,74,1.0,0.0,2,1,0,2026-01-21 01:00:00
919,40,3,92.6,93.3,93.3,1,100,1.0,0.0,3,2,0,2026-01-22 16:00:00
920,40,4,79.0,93.07,93.07,1,72,1.0,0.0,4,2,0,2026-01-24 14:00:00
921,40,5,50.9,88.53,89.55,1,90,1.0,-1.02,5,3,1,2026-01-26 01:00:00
922,40,6,75.6,74.17,81.82,1,89,1.0,-7.65,6,1,0,2026-01-26 07:00:00
923,40,7,91.9,68.5,80.78,1,111,1.0,-12.28,7,2,0,2026-01-27 09:00:00
924,40,8,98.3,72.8,82.37,1,99,1.0,-9.57,8,2,0,2026-01-28 14:00:00
925,40,9,57.8,88.6,84.36,1,89,1.0,4.24,9,3,1,2026-01-29 11:00:00
926,40,10,74.6,82.67,81.41,1,106,1.0,1.26,10,2,0,2026-01-30 01:00:00
927,40,10,78.1,76.9,80.73,2,223,1.0,-3.83,11,2,0,2026-01-31 19:00:00
928,40,10,79.9,70.17,80.49,3,324,1.0,-10.32,12,2,0,2026-02-02 10:00:00
929,40,11,72.9,77.53,80.44,1,90,1.0,-2.91,13,1,0,2026-02-03 04:00:00
930,40,12,42.2,76.97,79.86,1,63,0.5,-2.89,12,2,1,2026-02-04 17:00:00
931,40,13,65.8,65.0,77.17,1,68,0.0,-12.17,13,2,1,2026-02-05 14:00:00
932,40,13,94.2,60.3,76.41,2,151,0.0,-16.11,13,2,0,2026-02-06 18:00:00
933,40,13,70.3,67.4,77.53,3,228,0.0,-10.13,13,2,0,2026-02-08 11:00:00
934,40,14,55.5,76.77,77.1,1,86,0.5,-0.33,14,3,1,2026-02-08 18:00:00
935,40,14,83.7,73.33,75.9,2,177,0.5,-2.57,12,3,0,2026-02-10 12:00:00
936,40,15,91.6,69.83,76.31,1,100,1.0,-6.48,12,2,0,2026-02-11 19:00:00
937,40,16,55.3,76.93,77.08,1,88,0.0,-0.14,12,3,1,2026-02-12 19:00:00
938,40,16,33.4,76.87,76.04,2,187,0.0,0.83,12,3,1,2026-02-13 09:00:00
939,40,17,50.5,60.1,74.1,1,91,0.0,-14.0,13,3,1,2026-02-13 21:00:00
940,40,17,66.3,46.4,73.07,2,141,0.0,-26.67,14,3,1,2026-02-14 01:00:00
941,40,17,59.9,50.07,72.79,3,212,0.0,-22.73,14,3,1,2026-02-15 08:00:00
942,40,18,60.5,58.9,72.28,1,87,0.0,-13.38,13,3,1,2026-02-17 07:00:00
943,40,19,46.9,62.23,71.82,1,65,1.0,-9.59,14,2,1,2026-02-18 09:00:00
944,41,1,95.7,75.0,75.0,1,71,1.0,0.0,1,1,0,2026-01-28 14:00:00
945,41,2,76.5,95.7,95.7,1,90,1.0,0.0,2,1,0,2026-01-30 10:00:00
946,41,3,88.5,86.1,86.1,1,84,1.0,0.0,3,2,0,2026-01-30 17:00:00
947,41,3,96.7,86.9,86.9,2,139,1.0,0.0,4,2,0,2026-01-31 03:00:00
948,41,4,97.0,87.23,89.35,1,89,1.0,-2.12,5,2,0,2026-01-31 12:00:00
949,41,5,80.9,94.07,90.88,1,62,1.0,3.19,6,3,0,2026-02-01 17:00:00
950,41,6,80.6,91.53,89.22,1,53,1.0,2.32,7,1,0,2026-02-03 01:00:00
951,41,7,71.2,86.17,87.99,1,47,1.0,-1.82,8,2,0,2026-02-03 12:00:00
952,41,8,68.3,77.57,85.89,1,53,1.0,-8.32,9,2,1,2026-02-04 04:00:00
953,41,9,43.0,73.37,83.93,1,52,0.0,-10.57,10,3,1,2026-02-06 03:00:00
954,41,10,73.2,60.83,79.84,1,63,1.0,-19.01,11,2,0,2026-02-06 15:00:00
955,41,10,93.0,61.5,79.24,2,126,1.0,-17.74,12,2,0,2026-02-07 17:00:00
956,41,11,83.0,69.73,80.38,1,60,1.0,-10.65,13,1,0,2026-02-09 11:00:00
957,41,12,75.6,83.07,80.58,1,68,0.5,2.48,14,2,0,2026-02-10 00:00:00
958,41,13,91.2,83.87,80.23,1,83,1.0,3.64,15,2,0,2026-02-11 07:00:00
959,41,14,74.0,83.27,80.96,1,78,1.0,2.31,15,3,0,2026-02-11 20:00:00
960,41,15,95.9,80.27,80.53,1,30,1.0,-0.26,15,2,0,2026-02-13 15:00:00
961,42,1,82.8,75.0,75.0,1,38,1.0,0.0,1,1,0,2026-01-16 10:00:00
962,42,2,96.9,82.8,82.8,1,108,1.0,0.0,2,1,0,2026-01-17 16:00:00
963,42,2,79.6,89.85,89.85,2,170,1.0,0.0,3,1,0,2026-01-17 23:00:00
964,42,2,75.5,86.43,86.43,3,255,1.0,0.0,4,1,0,2026-01-19 17:00:00
965,42,3,35.2,84.0,83.7,1,66,1.0,0.3,5,2,1,2026-01-21 08:00:00
966,42,3,81.1,63.43,74.0,2,119,1.0,-10.57,6,2,0,2026-01-23 01:00:00
967,42,3,96.6,63.93,75.18,3,219,1.0,-11.25,7,2,0,2026-01-24 18:00:00
968,42,4,83.4,70.97,78.24,1,105,1.0,-7.28,8,2,0,2026-01-25 10:00:00
969,42,4,91.8,87.03,78.89,2,183,1.0,8.15,9,2,0,2026-01-27 05:00:00
970,42,4,86.5,90.6,80.32,3,221,1.0,10.28,10,2,0,2026-01-27 17:00:00
971,42,5,85.7,87.23,80.94,1,79,1.0,6.29,11,3,0,2026-01-28 01:00:00
972,42,5,99.0,88.0,81.37,2,176,1.0,6.63,12,3,0,2026-01-29 19:00:00
973,42,6,86.0,90.4,82.84,1,60,1.0,7.56,12,1,0,2026-01-31 00:00:00
974,42,7,46.0,90.23,83.08,1,93,1.0,7.15,11,2,1,2026-02-01 15:00:00
975,42,8,97.9,77.0,80.44,1,89,1.0,-3.44,11,2,0,2026-02-03 15:00:00
976,42,9,78.1,76.63,81.6,1,101,1.0,-4.97,11,3,0,2026-02-04 09:00:00
977,42,9,41.6,74.0,81.38,2,193,1.0,-7.38,12,3,1,2026-02-04 15:00:00
978,42,10,39.9,72.53,79.04,1,70,1.0,-6.51,13,2,1,2026-02-04 22:00:00
979,42,11,98.4,53.2,76.87,1,113,0.5,-23.67,13,1,0,2026-02-06 01:00:00
980,42,12,70.3,59.97,78.0,1,86,1.0,-18.03,14,2,0,2026-02-06 08:00:00
981,42,13,99.4,69.53,77.61,1,89,1.0,-8.08,15,2,0,2026-02-06 13:00:00
982,43,1,86.5,75.0,75.0,1,41,1.0,0.0,1,1,0,2026-01-26 20:00:00
983,43,1,88.9,86.5,86.5,2,92,1.0,0.0,2,1,0,2026-01-27 17:00:00
984,43,2,75.4,87.7,87.7,1,42,1.0,0.0,3,1,0,2026-01-29 03:00:00
985,43,3,79.3,83.6,83.6,1,56,1.0,0.0,4,2,0,2026-01-31 00:00:00
986,43,4,83.7,81.2,82.52,1,94,1.0,-1.33,5,2,0,2026-01-31 08:00:00
987,43,5,81.3,79.47,82.76,1,32,1.0,-3.29,6,3,0,2026-01-31 12:00:00
988,43,6,93.1,81.43,82.52,1,30,1.0,-1.08,7,1,0,2026-01-31 18:00:00
989,43,7,94.5,86.03,84.03,1,89,1.0,2.0,8,2,0,2026-02-01 04:00:00
990,43,8,74.6,89.63,85.34,1,55,1.0,4.3,9,2,0,2026-02-02 03:00:00
991,43,9,78.9,87.4,84.14,1,46,1.0,3.26,10,3,0,2026-02-02 09:00:00
992,43,10,80.6,82.67,83.62,1,80,1.0,-0.95,11,2,0,2026-02-03 16:00:00
993,43,11,99.7,78.03,83.35,1,47,1.0,-5.31,12,1,0,2026-02-04 03:00:00
994,43,12,97.7,86.4,84.71,1,96,1.0,1.69,13,2,0,2026-02-04 14:00:00
995,43,13,82.8,92.67,85.71,1,73,1.0,6.96,14,2,0,2026-02-06 08:00:00
996,43,14,85.0,93.4,85.5,1,50,1.0,7.9,15,3,0,2026-02-06 18:00:00
997,43,15,74.4,88.5,85.47,1,103,1.0,3.03,16,2,0,2026-02-08 15:00:00
998,43,16,99.8,80.73,84.78,1,47,1.0,-4.04,17,3,0,2026-02-09 04:00:00
999,43,16,84.4,86.4,85.66,2,121,1.0,0.74,17,3,0,2026-02-10 04:00:00
1000,44,1,86.2,75.0,75.0,1,115,1.0,0.0,1,1,0,2026-01-13 06:00:00
1001,44,1,82.7,86.2,86.2,2,251,1.0,0.0,2,1,0,2026-01-13 15:00:00
1002,44,2,84.2,84.45,84.45,1,141,1.0,0.0,3,1,0,2026-01-13 20:00:00
1003,44,3,74.3,84.37,84.37,1,110,1.0,0.0,4,2,0,2026-01-14 08:00:00
1004,44,4,90.9,80.4,81.85,1,94,1.0,-1.45,5,2,0,2026-01-14 20:00:00
1005,44,5,32.9,83.13,83.66,1,119,1.0,-0.53,6,3,1,2026-01-15 06:00:00
1006,44,5,33.2,66.03,75.2,2,215,1.0,-9.17,7,3,1,2026-01-15 19:00:00
1007,44,5,75.5,52.33,69.2,3,365,1.0,-16.87,8,3,0,2026-01-17 01:00:00
1008,44,6,47.7,47.2,69.99,1,112,1.0,-22.79,9,1,1,2026-01-18 07:00:00
1009,44,6,96.4,52.13,67.51,2,214,1.0,-15.38,10,1,0,2026-01-18 18:00:00
1010,44,7,63.1,73.2,70.4,1,113,1.0,2.8,11,2,1,2026-01-20 03:00:00
1011,44,7,74.7,69.07,69.74,2,196,1.0,-0.67,12,2,0,2026-01-20 21:00:00
1012,44,7,46.0,78.07,70.15,3,286,1.0,7.92,13,2,1,2026-01-21 09:00:00
1013,44,8,79.4,61.27,68.29,1,134,1.0,-7.03,14,2,0,2026-01-23 09:00:00
1014,44,9,72.3,66.7,69.09,1,96,1.0,-2.39,15,3,0,2026-01-24 06:00:00
1015,44,10,60.2,65.9,69.3,1,89,1.0,-3.4,16,2,1,2026-01-24 23:00:00
1016,44,11,52.5,70.63,68.73,1,120,1.0,1.9,17,1,1,2026-01-25 08:00:00
1017,44,12,68.3,61.67,67.78,1,133,0.5,-6.11,18,2,1,2026-01-26 10:00:00
1018,44,13,43.2,60.33,67.81,1,124,0.0,-7.47,15,2,1,2026-01-28 10:00:00
1019,44,14,49.0,54.67,66.51,1,129,0.5,-11.84,13,3,1,2026-01-30 03:00:00
1020,44,15,91.6,53.5,65.63,1,94,0.0,-12.13,13,2,0,2026-01-31 23:00:00
1021,44,16,54.3,61.27,66.87,1,81,0.5,-5.6,12,3,1,2026-02-02 12:00:00
1022,44,16,80.8,64.97,66.3,2,221,0.5,-1.33,13,3,0,2026-02-03 00:00:00
1023,44,16,38.3,75.57,66.93,3,324,0.5,8.64,11,3,1,2026-02-04 23:00:00
1024,44,17,96.1,57.8,65.74,1,104,1.0,-7.94,12,3,0,2026-02-05 03:00:00
1025,44,18,78.4,71.73,66.95,1,136,1.0,4.78,13,3,0,2026-02-06 01:00:00
1026,44,19,60.4,70.93,67.39,1,121,0.0,3.54,12,2,1,2026-02-07 11:00:00
1027,44,20,64.2,78.3,67.13,1,119,0.5,11.17,11,3,1,2026-02-08 09:00:00
1028,44,20,54.9,67.67,67.03,2,272,0.5,0.64,11,3,1,2026-02-09 12:00:00
1029,45,1,99.3,75.0,75.0,1,77,1.0,0.0,1,1,0,2026-01-17 23:00:00
1030,45,2,74.7,99.3,99.3,1,108,1.0,0.0,2,1,0,2026-01-18 09:00:00
1031,45,3,84.1,87.0,87.0,1,91,1.0,0.0,3,2,0,2026-01-18 18:00:00
1032,45,4,79.9,86.03,86.03,1,95,1.0,0.0,4,2,0,2026-01-20 01:00:00
1033,45,4,92.2,79.57,84.5,2,215,1.0,-4.93,5,2,0,2026-01-21 12:00:00
1034,45,5,87.0,85.4,86.04,1,100,1.0,-0.64,6,3,0,2026-01-23 08:00:00
1035,45,6,38.5,86.37,86.2,1,100,1.0,0.17,7,1,1,2026-01-24 15:00:00
1036,45,7,74.3,72.57,79.39,1,111,0.0,-6.82,8,2,0,2026-01-26 11:00:00
1037,45,8,40.4,66.6,78.75,1,82,1.0,-12.15,9,2,1,2026-01-27 04:00:00
1038,45,8,41.8,51.07,74.49,2,155,1.0,-23.42,10,2,1,2026-01-28 05:00:00
1039,45,8,90.7,52.17,71.22,3,224,1.0,-19.05,11,2,0,2026-01-29 15:00:00
1040,45,9,53.8,57.63,72.99,1,50,1.0,-15.36,12,3,1,2026-01-31 06:00:00
1041,45,10,96.9,62.1,71.39,1,131,1.0,-9.29,12,2,0,2026-02-01 06:00:00
1042,45,10,56.9,80.47,73.35,2,198,1.0,7.11,12,2,1,2026-02-01 17:00:00
1043,45,10,67.6,69.2,72.18,3,283,1.0,-2.98,12,2,1,2026-02-01 21:00:00
1044,45,11,75.6,73.8,71.87,1,84,1.0,1.93,13,1,0,2026-02-02 14:00:00
1045,45,12,53.0,66.7,72.11,1,96,0.5,-5.41,13,2,1,2026-02-03 06:00:00
1046,45,13,55.9,65.4,70.98,1,106,0.0,-5.58,14,2,1,2026-02-03 17:00:00
1047,45,14,43.4,61.5,70.14,1,107,0.5,-8.64,14,3,1,2026-02-05 06:00:00
1048,45,14,87.8,50.77,68.74,2,185,0.5,-17.97,14,3,0,2026-02-06 09:00:00
1049,45,15,66.1,62.37,69.69,1,86,1.0,-7.32,14,2,1,2026-02-08 04:00:00
1050,45,15,54.6,65.77,69.52,2,181,1.0,-3.75,15,2,1,2026-02-08 13:00:00
1051,45,15,34.0,69.5,68.84,3,266,1.0,0.66,14,2,1,2026-02-10 08:00:00
1052,45,16,83.6,51.57,67.33,1,122,0.0,-15.76,15,3,0,2026-02-11 01:00:00
1053,45,16,44.0,57.4,68.0,2,221,0.0,-10.6,15,3,1,2026-02-12 11:00:00
1054,45,17,50.3,53.87,67.04,1,104,1.0,-13.18,15,3,1,2026-02-13 14:00:00
1055,45,18,97.0,59.3,66.4,1,103,1.0,-7.1,14,3,0,2026-02-15 13:00:00
1056,45,18,81.2,63.77,67.53,2,216,1.0,-3.77,14,3,0,2026-02-15 18:00:00
1057,46,1,89.3,75.0,75.0,1,143,1.0,0.0,1,1,0,2026-01-10 05:00:00
1058,46,2,79.5,89.3,89.3,1,114,1.0,0.0,2,1,0,2026-01-10 20:00:00
1059,46,3,63.6,84.4,84.4,1,147,1.0,0.0,3,2,1,2026-01-12 12:00:00
1060,46,3,38.1,77.47,77.47,2,273,1.0,0.0,4,2,1,2026-01-13 02:00:00
1061,46,3,53.7,60.4,67.62,3,402,1.0,-7.23,5,2,1,2026-01-13 06:00:00
1062,46,4,61.0,51.8,64.84,1,151,0.0,-13.04,6,2,1,2026-01-14 15:00:00
1063,46,5,62.2,50.93,64.2,1,164,0.0,-13.27,7,3,1,2026-01-15 10:00:00
1064,46,5,67.3,58.97,63.91,2,304,0.0,-4.95,8,3,1,2026-01-15 17:00:00
1065,46,5,34.4,63.5,64.34,3,450,0.0,-0.84,9,3,1,2026-01-17 10:00:00
1066,46,6,44.4,54.63,61.01,1,174,1.0,-6.38,10,1,1,2026-01-17 18:00:00
1067,46,7,55.0,48.7,59.35,1,144,0.0,-10.65,11,2,1,2026-01-18 02:00:00
1068,46,8,70.3,44.6,58.95,1,192,1.0,-14.35,12,2,0,2026-01-18 16:00:00
1069,46,8,49.3,56.57,59.9,2,343,1.0,-3.33,13,2,1,2026-01-19 17:00:00
1070,46,9,51.4,58.2,59.08,1,104,1.0,-0.88,14,3,1,2026-01-20 09:00:00
1071,46,10,74.2,57.0,58.54,1,155,1.0,-1.54,15,2,0,2026-01-21 02:00:00
1072,46,11,48.6,58.3,59.58,1,147,0.5,-1.28,16,1,1,2026-01-22 17:00:00
1073,46,11,40.0,58.07,58.89,2,312,0.5,-0.83,17,1,1,2026-01-23 22:00:00
1074,46,12,47.8,54.27,57.78,1,153,0.0,-3.52,16,2,1,2026-01-25 09:00:00
1075,46,13,44.9,45.47,57.23,1,137,0.0,-11.76,17,2,1,2026-01-26 01:00:00
1076,46,13,68.2,44.23,56.58,2,252,0.0,-12.35,17,2,1,2026-01-26 15:00:00
1077,46,14,34.6,53.63,57.16,1,135,0.0,-3.53,16,3,1,2026-01-27 17:00:00
1078,46,14,32.9,49.23,56.09,2,257,0.0,-6.85,17,3,1,2026-01-28 08:00:00
1079,46,14,34.9,45.23,55.03,3,385,0.0,-9.8,17,3,1,2026-01-28 21:00:00
1080,46,15,45.4,34.13,54.16,1,151,0.0,-20.02,17,2,1,2026-01-29 15:00:00
1081,46,15,78.3,37.73,53.79,2,324,0.0,-16.06,17,2,0,2026-01-30 08:00:00
1082,46,16,37.9,52.87,54.77,1,147,0.0,-1.91,18,3,1,2026-01-31 08:00:00
1083,46,16,46.8,53.87,54.12,2,263,0.0,-0.26,18,3,1,2026-01-31 14:00:00
1084,47,1,70.5,75.0,75.0,1,98,1.0,0.0,1,1,0,2026-01-23 16:00:00
1085,47,2,31.6,70.5,70.5,1,113,1.0,0.0,2,1,1,2026-01-25 06:00:00
1086,47,3,92.6,51.05,51.05,1,77,0.0,0.0,3,2,0,2026-01-26 05:00:00
1087,47,3,31.9,64.9,64.9,2,164,0.0,0.0,4,2,1,2026-01-27 05:00:00
1088,47,4,34.1,52.03,56.65,1,90,1.0,-4.62,5,2,1,2026-01-28 08:00:00
1089,47,5,72.6,52.87,52.14,1,74,0.0,0.73,6,3,0,2026-01-29 15:00:00
1090,47,5,64.6,46.2,55.55,2,176,0.0,-9.35,7,3,1,2026-01-29 19:00:00
1091,47,5,33.0,57.1,56.84,3,263,0.0,0.26,8,3,1,2026-01-30 02:00:00
1092,47,6,79.6,56.73,53.86,1,98,1.0,2.87,9,1,0,2026-01-31 11:00:00
1093,47,6,85.7,59.07,56.72,2,170,1.0,2.34,10,1,0,2026-02-01 19:00:00
1094,47,6,42.8,66.1,59.62,3,251,1.0,6.48,11,1,1,2026-02-03 06:00:00
1095,47,7,39.7,69.37,58.09,1,104,1.0,11.28,12,2,1,2026-02-04 21:00:00
1096,47,7,84.8,56.07,56.56,2,186,1.0,-0.49,13,2,0,2026-02-05 05:00:00
1097,47,8,94.4,55.77,58.73,1,124,1.0,-2.96,14,2,0,2026-02-05 15:00:00
1098,47,9,63.8,72.97,61.28,1,82,1.0,11.69,14,3,1,2026-02-07 00:00:00
1099,47,10,50.5,81.0,61.45,1,94,1.0,19.55,14,2,1,2026-02-08 08:00:00
1100,47,11,74.4,69.57,60.76,1,108,0.5,8.8,14,1,0,2026-02-10 00:00:00
1101,47,12,85.9,62.9,61.56,1,61,0.5,1.34,14,2,0,2026-02-10 05:00:00
1102,47,13,81.9,70.27,62.92,1,54,1.0,7.35,14,2,0,2026-02-11 12:00:00
1103,47,14,59.2,80.73,63.92,1,59,1.0,16.82,15,3,1,2026-02-11 19:00:00
1104,47,15,85.6,75.67,63.68,1,115,1.0,11.99,13,2,0,2026-02-13 08:00:00
1105,47,16,53.0,75.57,64.72,1,78,0.5,10.84,14,3,1,2026-02-13 15:00:00
1106,47,17,73.0,65.93,64.19,1,141,0.0,1.74,14,3,0,2026-02-14 20:00:00
1107,47,17,76.1,70.53,64.57,2,219,0.0,5.96,15,3,0,2026-02-15 13:00:00
1108,47,17,70.1,67.37,65.05,3,312,0.0,2.31,14,3,0,2026-02-17 07:00:00
1109,47,18,90.4,73.07,65.26,1,120,0.0,7.81,15,3,0,2026-02-18 02:00:00
1110,47,18,70.4,78.87,66.22,2,250,0.0,12.64,14,3,0,2026-02-19 11:00:00
1111,47,18,77.9,76.97,66.38,3,381,0.0,10.59,14,3,0,2026-02-19 16:00:00
1112,47,19,53.3,79.57,66.79,1,114,0.5,12.78,15,2,1,2026-02-20 18:00:00
1113,48,1,51.0,75.0,75.0,1,110,1.0,0.0,1,1,1,2026-01-17 22:00:00
1114,48,2,80.5,51.0,51.0,1,101,0.0,0.0,2,1,0,2026-01-19 06:00:00
1115,48,2,83.8,65.75,65.75,2,206,0.0,0.0,3,1,0,2026-01-20 17:00:00
1116,48,3,90.6,71.77,71.77,1,78,1.0,0.0,4,2,0,2026-01-22 03:00:00
1117,48,3,56.3,84.97,76.47,2,151,1.0,8.49,5,2,1,2026-01-23 09:00:00
1118,48,3,92.2,76.9,72.44,3,240,1.0,4.46,6,2,0,2026-01-23 14:00:00
1119,48,4,68.5,79.7,75.73,1,86,1.0,3.97,7,2,1,2026-01-24 18:00:00
1120,48,5,99.8,72.33,74.7,1,80,0.0,-2.37,8,3,0,2026-01-26 11:00:00
1121,48,5,43.7,86.83,77.84,2,183,0.0,9.0,9,3,1,2026-01-28 04:00:00
1122,48,6,99.1,70.67,74.04,1,109,1.0,-3.38,10,1,0,2026-01-29 06:00:00
1123,48,7,89.9,80.87,76.55,1,91,1.0,4.32,11,2,0,2026-01-30 04:00:00
1124,48,8,94.8,77.57,77.76,1,119,1.0,-0.2,12,2,0,2026-01-30 10:00:00
1125,48,9,74.1,94.6,79.18,1,67,1.0,15.42,13,3,0,2026-01-30 14:00:00
1126,48,10,35.7,86.27,78.79,1,86,1.0,7.47,14,2,1,2026-01-30 23:00:00
1127,48,11,98.0,68.2,75.71,1,75,1.0,-7.51,15,1,0,2026-01-31 17:00:00
1128,48,12,75.2,69.27,77.2,1,52,1.0,-7.93,15,2,0,2026-02-01 16:00:00
1129,48,12,38.0,69.63,77.07,2,140,1.0,-7.44,16,2,1,2026-02-02 04:00:00
1130,48,13,48.4,70.4,74.78,1,87,1.0,-4.38,15,2,1,2026-02-03 20:00:00
1131,48,14,57.7,53.87,73.31,1,120,1.0,-19.44,16,3,1,2026-02-04 08:00:00
1132,48,15,97.4,48.03,72.49,1,102,1.0,-24.46,16,2,0,2026-02-05 14:00:00
1133,48,16,44.9,67.83,73.74,1,69,1.0,-5.9,16,3,1,2026-02-06 09:00:00
1134,48,16,90.1,66.67,72.36,2,196,1.0,-5.7,16,3,0,2026-02-07 14:00:00
1135,48,17,55.9,77.47,73.17,1,114,1.0,4.3,16,3,1,2026-02-08 11:00:00
1136,48,18,56.9,63.63,72.42,1,101,1.0,-8.78,17,3,1,2026-02-08 22:00:00
1137,48,19,96.9,67.63,71.77,1,85,0.5,-4.14,17,2,0,2026-02-10 09:00:00
1138,49,1,72.0,75.0,75.0,1,70,1.0,0.0,1,1,0,2026-01-09 00:00:00
1139,49,1,73.1,72.0,72.0,2,152,1.0,0.0,2,1,0,2026-01-09 10:00:00
1140,49,1,73.7,72.55,72.55,3,263,1.0,0.0,3,1,0,2026-01-10 15:00:00
1141,49,2,57.2,72.93,72.93,1,127,1.0,0.0,4,1,1,2026-01-11 11:00:00
1142,49,2,75.5,68.0,69.0,2,247,1.0,-1.0,5,1,0,2026-01-12 00:00:00
1143,49,2,86.4,68.8,70.3,3,327,1.0,-1.5,6,1,0,2026-01-13 12:00:00
1144,49,3,45.6,73.03,72.98,1,67,1.0,0.05,7,2,1,2026-01-14 15:00:00
1145,49,3,35.9,69.17,69.07,2,159,1.0,0.1,8,2,1,2026-01-15 21:00:00
1146,49,4,89.5,55.97,64.92,1,54,0.0,-8.96,9,2,0,2026-01-16 20:00:00
1147,49,5,91.7,57.0,67.66,1,96,1.0,-10.66,10,3,0,2026-01-17 08:00:00
1148,49,6,91.2,72.37,70.06,1,87,1.0,2.31,11,1,0,2026-01-18 01:00:00
1149,49,6,80.6,90.8,71.98,2,167,1.0,18.82,12,1,0,2026-01-18 16:00:00
1150,49,6,92.9,87.83,72.7,3,225,1.0,15.13,13,1,0,2026-01-19 04:00:00
1151,49,7,75.4,88.23,74.25,1,100,1.0,13.98,14,2,0,2026-01-20 14:00:00
1152,49,7,73.9,82.97,74.34,2,179,1.0,8.63,15,2,0,2026-01-22 12:00:00
1153,49,8,92.0,80.73,74.31,1,66,1.0,6.43,16,2,0,2026-01-22 18:00:00
1154,49,9,62.3,80.43,75.41,1,32,1.0,5.02,15,3,1,2026-01-23 12:00:00
1155,49,10,46.8,76.07,74.64,1,89,1.0,1.43,15,2,1,2026-01-24 16:00:00
1156,50,1,95.2,75.0,75.0,1,95,1.0,0.0,1,1,0,2026-01-28 03:00:00
1157,50,2,76.0,95.2,95.2,1,93,1.0,0.0,2,1,0,2026-01-29 23:00:00
1158,50,3,85.9,85.6,85.6,1,50,1.0,0.0,3,2,0,2026-01-30 13:00:00
1159,50,4,44.3,85.7,85.7,1,47,1.0,0.0,4,2,1,2026-01-31 01:00:00
1160,50,5,48.9,68.73,75.35,1,69,0.0,-6.62,5,3,1,2026-01-31 18:00:00
1161,50,6,88.8,59.7,70.06,1,40,1.0,-10.36,6,1,0,2026-02-01 02:00:00
1162,50,7,71.5,60.67,73.18,1,66,1.0,-12.52,7,2,0,2026-02-01 13:00:00
1163,50,8,72.0,69.73,72.94,1,75,1.0,-3.21,8,2,0,2026-02-02 17:00:00
1164,50,8,95.6,77.43,72.82,2,159,1.0,4.61,9,2,0,2026-02-04 07:00:00
1165,50,9,53.3,79.7,75.36,1,57,1.0,4.34,10,3,1,2026-02-06 07:00:00
1166,50,10,86.4,73.63,73.15,1,55,1.0,0.48,11,2,0,2026-02-06 14:00:00
1167,50,11,94.2,78.43,74.35,1,42,1.0,4.08,12,1,0,2026-02-07 09:00:00
1168,51,1,65.4,75.0,75.0,1,93,1.0,0.0,1,1,1,2026-01-28 19:00:00
1169,51,2,89.5,65.4,65.4,1,105,0.0,0.0,2,1,0,2026-01-30 06:00:00
1170,51,3,31.1,77.45,77.45,1,117,1.0,0.0,3,2,1,2026-01-30 11:00:00
1171,51,4,93.0,62.0,62.0,1,128,0.0,0.0,4,2,0,2026-01-31 21:00:00
1172,51,5,88.5,71.2,69.75,1,93,1.0,1.45,5,3,0,2026-02-02 05:00:00
1173,51,6,76.8,70.87,73.5,1,139,1.0,-2.63,6,1,0,2026-02-02 14:00:00
1174,51,7,73.8,86.1,74.05,1,104,1.0,12.05,7,2,0,2026-02-02 21:00:00
1175,51,8,81.9,79.7,74.01,1,109,1.0,5.69,8,2,0,2026-02-03 19:00:00
1176,51,9,62.5,77.5,75.0,1,95,1.0,2.5,9,3,1,2026-02-05 06:00:00
1177,51,10,96.8,72.73,73.61,1,61,1.0,-0.88,10,2,0,2026-02-07 03:00:00
1178,51,10,82.3,80.4,75.93,2,188,1.0,4.47,11,2,0,2026-02-07 10:00:00
1179,51,11,86.6,80.53,76.51,1,124,1.0,4.02,12,1,0,2026-02-08 04:00:00
1180,51,11,77.1,88.57,77.35,2,228,1.0,11.22,13,1,0,2026-02-08 17:00:00
1181,51,11,71.0,82.0,77.33,3,339,1.0,4.67,14,1,0,2026-02-08 22:00:00
1182,51,12,45.3,78.23,76.88,1,120,0.5,1.35,15,2,1,2026-02-09 19:00:00
1183,51,13,82.9,64.47,74.77,1,78,0.0,-10.31,16,2,0,2026-02-10 23:00:00
1184,51,14,43.4,66.4,75.28,1,99,0.5,-8.88,16,3,1,2026-02-12 17:00:00
1185,51,15,67.0,57.2,73.41,1,125,1.0,-16.21,15,2,1,2026-02-14 00:00:00
1186,51,16,67.4,64.43,73.05,1,84,0.0,-8.62,15,3,1,2026-02-14 22:00:00
1187,51,16,40.4,59.27,72.75,2,199,0.0,-13.49,14,3,1,2026-02-16 14:00:00
1188,51,16,70.5,58.27,71.14,3,281,0.0,-12.87,14,3,0,2026-02-17 09:00:00
1189,52,1,88.5,75.0,75.0,1,149,1.0,0.0,1,1,0,2026-02-02 16:00:00
1190,52,2,42.8,88.5,88.5,1,139,1.0,0.0,2,1,1,2026-02-03 15:00:00
1191,52,3,49.2,65.65,65.65,1,107,0.0,0.0,3,2,1,2026-02-03 21:00:00
1192,52,3,33.2,60.17,60.17,2,270,0.0,0.0,4,2,1,2026-02-04 04:00:00
1193,52,4,35.1,41.73,53.42,1,125,0.0,-11.69,5,2,1,2026-02-05 00:00:00
1194,52,4,39.3,39.17,49.76,2,248,0.0,-10.59,6,2,1,2026-02-06 19:00:00
1195,52,5,91.5,35.87,48.02,1,144,0.0,-12.15,7,3,0,2026-02-07 19:00:00
1196,52,5,64.2,55.3,54.23,2,306,0.0,1.07,8,3,1,2026-02-08 00:00:00
1197,52,5,33.1,65.0,55.48,3,425,0.0,9.52,9,3,1,2026-02-08 19:00:00
1198,52,6,57.2,62.93,52.99,1,141,1.0,9.94,10,1,1,2026-02-09 22:00:00
1199,52,7,65.8,51.5,53.41,1,148,0.0,-1.91,11,2,1,2026-02-10 23:00:00
1200,52,7,81.0,52.03,54.54,2,301,0.0,-2.5,12,2,0,2026-02-12 18:00:00
1201,52,8,61.2,68.0,56.74,1,143,1.0,11.26,13,2,1,2026-02-13 18:00:00
1202,52,9,69.8,69.33,57.08,1,132,0.0,12.25,14,3,1,2026-02-14 07:00:00
1203,52,9,52.9,70.67,57.99,2,255,0.0,12.67,15,3,1,2026-02-15 23:00:00
1204,52,9,51.1,61.3,57.65,3,396,0.0,3.65,16,3,1,2026-02-16 10:00:00
1205,52,10,41.7,57.93,57.24,1,118,1.0,0.69,16,2,1,2026-02-17 02:00:00
1206,52,10,79.4,48.57,56.33,2,199,1.0,-7.76,14,2,0,2026-02-18 05:00:00
1207,52,11,85.2,57.4,57.61,1,148,0.5,-0.21,15,1,0,2026-02-18 14:00:00
1208,52,11,46.7,68.77,59.06,2,306,0.5,9.7,15,1,1,2026-02-19 08:00:00
1209,52,12,61.8,70.43,58.45,1,92,0.5,11.99,16,2,1,2026-02-19 20:00:00
1210,52,12,50.2,64.57,58.6,2,211,0.5,5.96,17,2,1,2026-02-20 05:00:00
1211,52,12,65.0,52.9,58.22,3,363,0.5,-5.32,17,2,1,2026-02-20 21:00:00
1212,52,13,35.0,59.0,58.52,1,181,0.0,0.48,16,2,1,2026-02-22 07:00:00
1213,52,13,72.2,50.07,57.54,2,321,0.0,-7.47,15,2,0,2026-02-24 07:00:00
1214,52,13,90.9,57.4,58.12,3,446,0.0,-0.72,15,2,0,2026-02-25 09:00:00
1215,52,14,31.8,66.03,59.38,1,136,0.5,6.65,16,3,1,2026-02-25 19:00:00
1216,52,14,59.6,64.97,58.36,2,303,0.5,6.6,16,3,1,2026-02-27 01:00:00
1217,52,14,59.3,60.77,58.41,3,430,0.5,2.36,15,3,1,2026-02-28 11:00:00
1218,52,15,45.1,50.23,58.44,1,124,1.0,-8.2,14,2,1,2026-03-02 10:00:00
1219,52,15,60.8,54.67,57.99,2,254,1.0,-3.33,14,2,1,2026-03-04 03:00:00
1220,52,16,67.0,55.07,58.08,1,120,0.0,-3.02,11,3,1,2026-03-05 20:00:00
1221,52,16,68.0,57.63,58.36,2,262,0.0,-0.73,11,3,1,2026-03-06 20:00:00
1222,52,16,65.1,65.27,58.65,3,434,0.0,6.61,10,3,1,2026-03-08 09:00:00
1223,52,17,36.8,66.7,58.84,1,146,0.0,7.86,11,3,1,2026-03-09 17:00:00
1224,52,17,33.8,56.63,58.21,2,280,0.0,-1.58,10,3,1,2026-03-11 15:00:00
1225,52,18,30.3,45.23,57.54,1,134,0.0,-12.3,9,3,1,2026-03-13 05:00:00
1226,52,18,52.8,33.63,56.8,2,242,0.0,-23.17,10,3,1,2026-03-14 03:00:00
1227,52,18,41.8,38.97,56.69,3,399,0.0,-17.73,10,3,1,2026-03-14 15:00:00
1228,53,1,59.2,75.0,75.0,1,108,1.0,0.0,1,1,1,2026-01-03 12:00:00
1229,53,2,85.2,59.2,59.2,1,106,0.0,0.0,2,1,0,2026-01-03 20:00:00
1230,53,3,97.7,72.2,72.2,1,173,1.0,0.0,3,2,0,2026-01-05 20:00:00
1231,53,4,65.0,80.7,80.7,1,115,1.0,0.0,4,2,1,2026-01-07 11:00:00
1232,53,5,84.1,82.63,76.78,1,94,0.0,5.86,5,3,0,2026-01-09 10:00:00
1233,53,6,67.9,82.27,78.24,1,101,1.0,4.03,6,1,1,2026-01-11 06:00:00
1234,53,7,31.5,72.33,76.52,1,132,0.0,-4.18,7,2,1,2026-01-11 23:00:00
1235,53,7,39.4,61.17,70.09,2,244,0.0,-8.92,8,2,1,2026-01-13 03:00:00
1236,53,7,65.0,46.27,66.25,3,325,0.0,-19.98,9,2,1,2026-01-15 01:00:00
1237,53,8,84.4,45.3,66.11,1,128,1.0,-20.81,10,2,0,2026-01-16 19:00:00
1238,53,8,83.4,62.93,67.94,2,224,1.0,-5.01,10,2,0,2026-01-17 17:00:00
1239,53,9,35.1,77.6,69.35,1,147,1.0,8.25,10,3,1,2026-01-19 17:00:00
1240,53,9,31.2,67.63,66.49,2,278,1.0,1.14,10,3,1,2026-01-20 23:00:00
1241,53,10,40.4,49.9,63.78,1,101,1.0,-13.88,10,2,1,2026-01-22 14:00:00
1242,53,11,40.7,35.57,62.11,1,135,0.5,-26.54,10,1,1,2026-01-23 10:00:00
1243,53,12,52.8,37.43,60.68,1,111,0.0,-23.25,11,2,1,2026-01-24 18:00:00
1244,53,13,88.1,44.63,60.19,1,127,0.0,-15.55,10,2,0,2026-01-26 13:00:00
1245,53,13,43.3,60.53,61.83,2,246,0.0,-1.3,11,2,1,2026-01-26 22:00:00
1246,53,13,44.4,61.4,60.8,3,339,0.0,0.6,11,2,1,2026-01-27 05:00:00
1247,53,14,43.2,58.6,59.94,1,97,0.0,-1.34,12,3,1,2026-01-27 19:00:00
1248,53,14,60.1,43.63,59.1,2,227,0.0,-15.47,13,3,1,2026-01-28 01:00:00
1249,53,15,76.9,49.23,59.15,1,103,0.0,-9.91,14,2,0,2026-01-28 23:00:00
1250,53,16,62.7,60.07,59.95,1,101,0.0,0.11,13,3,1,2026-01-30 20:00:00
1251,53,16,58.1,66.57,60.07,2,191,0.0,6.49,14,3,1,2026-01-31 04:00:00
1252,53,17,61.6,65.9,59.99,1,118,0.0,5.91,15,3,1,2026-01-31 14:00:00
1253,54,1,77.9,75.0,75.0,1,181,1.0,0.0,1,1,0,2026-01-30 09:00:00
1254,54,2,49.3,77.9,77.9,1,118,1.0,0.0,2,1,1,2026-01-31 15:00:00
1255,54,3,60.4,63.6,63.6,1,140,0.0,0.0,3,2,1,2026-02-01 20:00:00
1256,54,3,31.0,62.53,62.53,2,308,0.0,0.0,4,2,1,2026-02-02 14:00:00
1257,54,3,55.6,46.9,54.65,3,446,0.0,-7.75,5,2,1,2026-02-04 00:00:00
1258,54,4,98.3,49.0,54.84,1,149,0.0,-5.84,6,2,0,2026-02-04 14:00:00
1259,54,5,32.4,61.63,62.08,1,118,1.0,-0.45,7,3,1,2026-02-06 06:00:00
1260,54,5,63.3,62.1,57.84,2,266,1.0,4.26,8,3,1,2026-02-07 05:00:00
1261,54,5,64.8,64.67,58.53,3,402,1.0,6.14,9,3,1,2026-02-08 21:00:00
1262,54,6,39.4,53.5,59.22,1,159,1.0,-5.72,10,1,1,2026-02-09 21:00:00
1263,54,6,69.6,55.83,57.24,2,322,1.0,-1.41,11,1,1,2026-02-11 12:00:00
1264,54,7,34.8,57.93,58.36,1,191,0.0,-0.43,12,2,1,2026-02-12 02:00:00
1265,54,8,59.9,47.93,56.4,1,151,1.0,-8.47,12,2,1,2026-02-13 15:00:00
1266,54,8,83.1,54.77,56.67,2,297,1.0,-1.9,13,2,0,2026-02-13 19:00:00
1267,54,8,44.8,59.27,58.56,3,440,1.0,0.71,13,2,1,2026-02-14 19:00:00
1268,54,9,40.0,62.6,57.64,1,132,1.0,4.96,13,3,1,2026-02-15 22:00:00
1269,54,9,58.5,55.97,56.54,2,278,1.0,-0.57,14,3,1,2026-02-16 10:00:00
1270,54,9,48.8,47.77,56.65,3,412,1.0,-8.89,14,3,1,2026-02-17 16:00:00
1271,54,10,84.1,49.1,56.22,1,143,1.0,-7.12,14,2,0,2026-02-18 02:00:00
1272,54,10,39.0,63.8,57.68,2,309,1.0,6.12,14,2,1,2026-02-19 22:00:00
1273,55,1,82.1,75.0,75.0,1,69,1.0,0.0,1,1,0,2026-01-30 03:00:00
1274,55,2,77.9,82.1,82.1,1,112,1.0,0.0,2,1,0,2026-01-30 20:00:00
1275,55,3,53.6,80.0,80.0,1,116,1.0,0.0,3,2,1,2026-02-01 12:00:00
1276,55,3,77.0,71.2,71.2,2,203,1.0,0.0,4,2,0,2026-02-02 02:00:00
1277,55,4,96.9,69.5,72.65,1,47,1.0,-3.15,5,2,0,2026-02-02 06:00:00
1278,55,5,85.0,75.83,77.5,1,77,1.0,-1.67,6,3,0,2026-02-03 16:00:00
1279,55,6,95.2,86.3,78.75,1,115,1.0,7.55,7,1,0,2026-02-05 02:00:00
1280,55,6,67.7,92.37,81.1,2,204,1.0,11.27,8,1,1,2026-02-05 19:00:00
1281,55,6,90.9,82.63,79.43,3,274,1.0,3.21,9,1,0,2026-02-07 10:00:00
1282,55,7,64.1,84.6,80.7,1,79,1.0,3.9,10,2,1,2026-02-07 15:00:00
1283,55,8,75.4,74.23,79.04,1,106,1.0,-4.81,11,2,0,2026-02-08 07:00:00
1284,55,9,72.8,76.8,78.71,1,100,1.0,-1.91,12,3,0,2026-02-10 00:00:00
1285,55,10,55.6,70.77,78.22,1,85,1.0,-7.45,13,2,1,2026-02-10 06:00:00
1286,55,11,62.9,67.93,76.48,1,82,0.5,-8.54,14,1,1,2026-02-10 13:00:00
1287,55,12,55.8,63.77,75.51,1,82,0.5,-11.74,15,2,1,2026-02-11 23:00:00
1288,55,13,37.1,58.1,74.19,1,71,0.0,-16.09,16,2,1,2026-02-12 12:00:00
1289,55,13,89.1,51.93,71.88,2,193,0.0,-19.94,17,2,0,2026-02-12 23:00:00
1290,55,13,95.6,60.67,72.89,3,276,0.0,-12.22,16,2,0,2026-02-14 13:00:00
1291,55,14,53.4,73.93,74.15,1,114,0.0,-0.22,17,3,1,2026-02-15 03:00:00
1292,55,14,95.1,79.37,73.06,2,234,0.0,6.31,15,3,0,2026-02-17 01:00:00
1293,55,15,83.3,81.37,74.16,1,109,0.0,7.21,15,2,0,2026-02-17 22:00:00
1294,55,16,86.8,77.27,74.6,1,81,0.5,2.67,16,3,0,2026-02-18 02:00:00
1295,55,17,97.5,88.4,75.15,1,98,1.0,13.25,16,3,0,2026-02-19 11:00:00
1296,55,17,68.5,89.2,76.12,2,187,1.0,13.08,16,3,1,2026-02-20 11:00:00
1297,55,17,72.4,84.27,75.8,3,258,1.0,8.46,14,3,0,2026-02-22 07:00:00
1298,55,18,81.4,79.47,75.67,1,96,1.0,3.8,15,3,0,2026-02-22 19:00:00
1299,55,19,76.0,74.1,75.89,1,66,0.0,-1.79,16,2,0,2026-02-23 11:00:00
1300,56,1,93.2,75.0,75.0,1,133,1.0,0.0,1,1,0,2026-01-10 17:00:00
1301,56,2,86.1,93.2,93.2,1,100,1.0,0.0,2,1,0,2026-01-12 10:00:00
1302,56,3,99.1,89.65,89.65,1,114,1.0,0.0,3,2,0,2026-01-13 03:00:00
1303,56,3,40.3,92.8,92.8,2,229,1.0,0.0,4,2,1,2026-01-14 15:00:00
1304,56,4,48.6,75.17,79.68,1,104,1.0,-4.51,5,2,1,2026-01-15 06:00:00
1305,56,4,66.0,62.67,73.46,2,225,1.0,-10.79,6,2,1,2026-01-16 10:00:00
1306,56,4,30.3,51.63,72.22,3,325,1.0,-20.58,7,2,1,2026-01-17 12:00:00
1307,56,5,51.8,48.3,66.23,1,127,0.0,-17.93,8,3,1,2026-01-18 11:00:00
1308,56,5,57.7,49.37,64.42,2,210,0.0,-15.06,9,3,1,2026-01-19 20:00:00
1309,56,6,49.3,46.6,63.68,1,112,1.0,-17.08,10,1,1,2026-01-20 23:00:00
1310,56,7,60.9,52.93,62.24,1,148,0.0,-9.31,11,2,1,2026-01-21 09:00:00
1311,56,7,75.0,55.97,62.12,2,237,0.0,-6.15,12,2,0,2026-01-21 14:00:00
1312,56,7,35.2,61.73,63.19,3,333,0.0,-1.46,13,2,1,2026-01-23 06:00:00
1313,56,8,70.0,57.03,61.04,1,120,1.0,-4.01,14,2,0,2026-01-24 11:00:00
1314,56,8,75.5,60.07,61.68,2,233,1.0,-1.61,14,2,0,2026-01-25 10:00:00
1315,56,9,44.9,60.23,62.6,1,117,1.0,-2.37,14,3,1,2026-01-27 01:00:00
1316,56,10,56.7,63.47,61.49,1,119,1.0,1.97,14,2,1,2026-01-27 18:00:00
1317,56,10,79.6,59.03,61.21,2,241,1.0,-2.18,15,2,0,2026-01-28 04:00:00
1318,56,10,62.7,60.4,62.23,3,373,1.0,-1.83,15,2,1,2026-01-29 04:00:00
1319,56,11,68.7,66.33,62.26,1,118,1.0,4.08,14,1,1,2026-01-30 15:00:00
1320,57,1,88.3,75.0,75.0,1,55,1.0,0.0,1,1,0,2026-01-21 12:00:00
1321,57,2,72.8,88.3,88.3,1,73,1.0,0.0,2,1,0,2026-01-22 05:00:00
1322,57,3,98.8,80.55,80.55,1,97,1.0,0.0,3,2,0,2026-01-23 15:00:00
1323,57,4,72.5,86.63,86.63,1,57,1.0,0.0,4,2,0,2026-01-24 01:00:00
1324,57,5,87.2,81.37,83.1,1,40,1.0,-1.73,5,3,0,2026-01-24 15:00:00
1325,57,6,79.1,86.17,83.92,1,82,1.0,2.25,6,1,0,2026-01-25 22:00:00
1326,57,6,93.4,79.6,83.12,2,139,1.0,-3.52,7,1,0,2026-01-27 06:00:00
1327,57,7,51.2,86.57,84.59,1,30,1.0,1.98,8,2,1,2026-01-27 21:00:00
1328,57,8,59.0,74.57,80.41,1,76,1.0,-5.85,9,2,1,2026-01-29 09:00:00
1329,57,9,71.5,67.87,78.03,1,49,0.0,-10.17,10,3,0,2026-01-30 20:00:00
1330,57,10,75.4,60.57,77.38,1,58,1.0,-16.81,11,2,0,2026-01-31 01:00:00
1331,57,11,80.7,68.63,77.2,1,66,0.5,-8.57,12,1,0,2026-01-31 07:00:00
1332,57,12,82.9,75.87,77.49,1,63,1.0,-1.62,13,2,0,2026-01-31 20:00:00
1333,57,13,71.2,79.67,77.91,1,74,1.0,1.76,14,2,0,2026-02-02 09:00:00
1334,57,14,89.1,78.27,77.43,1,51,0.5,0.84,15,3,0,2026-02-02 18:00:00
1335,57,15,47.3,81.07,78.21,1,70,1.0,2.86,16,2,1,2026-02-03 03:00:00
1336,58,1,71.5,75.0,75.0,1,54,1.0,0.0,1,1,0,2026-01-12 19:00:00
1337,58,2,78.3,71.5,71.5,1,74,1.0,0.0,2,1,0,2026-01-14 19:00:00
1338,58,3,82.2,74.9,74.9,1,72,1.0,0.0,3,2,0,2026-01-15 17:00:00
1339,58,4,76.6,77.33,77.33,1,41,1.0,0.0,4,2,0,2026-01-17 13:00:00
1340,58,5,89.0,79.03,77.15,1,81,1.0,1.88,5,3,0,2026-01-18 22:00:00
1341,58,5,80.2,82.6,79.52,2,130,1.0,3.08,6,3,0,2026-01-20 13:00:00
1342,58,5,49.9,81.93,79.63,3,206,1.0,2.3,7,3,1,2026-01-21 22:00:00
1343,58,6,99.0,73.03,75.39,1,67,1.0,-2.35,8,1,0,2026-01-23 20:00:00
1344,58,7,78.8,76.37,78.34,1,96,1.0,-1.97,9,2,0,2026-01-25 09:00:00
1345,58,8,80.5,75.9,78.39,1,55,1.0,-2.49,9,2,0,2026-01-27 02:00:00
1346,58,9,45.0,86.1,78.6,1,53,1.0,7.5,10,3,1,2026-01-28 13:00:00
1347,58,10,99.8,68.1,75.55,1,59,1.0,-7.45,9,2,0,2026-01-29 18:00:00
1348,58,11,80.6,75.1,77.57,1,53,1.0,-2.47,10,1,0,2026-01-30 23:00:00
1349,58,12,68.3,75.13,77.8,1,75,0.5,-2.67,10,2,1,2026-02-01 21:00:00
1350,58,13,83.9,82.9,77.12,1,30,0.0,5.78,10,2,0,2026-02-03 02:00:00
1351,58,14,56.2,77.6,77.57,1,38,0.5,0.03,10,3,1,2026-02-04 03:00:00
1352,58,15,89.1,69.47,76.24,1,38,1.0,-6.77,10,2,0,2026-02-05 09:00:00
1353,58,16,59.2,76.4,76.99,1,79,0.0,-0.59,11,3,1,2026-02-05 18:00:00
1354,58,17,30.9,68.17,76.01,1,94,0.0,-7.84,12,3,1,2026-02-06 03:00:00
1355,58,17,63.9,59.73,73.63,2,151,0.0,-13.9,12,3,1,2026-02-07 15:00:00
1356,58,17,98.1,51.33,73.15,3,207,0.0,-21.81,12,3,0,2026-02-08 10:00:00
1357,58,18,90.5,64.3,74.33,1,61,0.0,-10.03,13,3,0,2026-02-09 19:00:00
1358,58,19,63.4,84.17,75.07,1,83,1.0,9.1,13,2,1,2026-02-10 06:00:00
1359,59,1,82.2,75.0,75.0,1,41,1.0,0.0,1,1,0,2026-01-22 06:00:00
1360,59,2,93.3,82.2,82.2,1,64,1.0,0.0,2,1,0,2026-01-23 20:00:00
1361,59,2,71.8,87.75,87.75,2,143,1.0,0.0,3,1,0,2026-01-25 06:00:00
1362,59,2,85.3,82.43,82.43,3,213,1.0,0.0,4,1,0,2026-01-26 11:00:00
1363,59,3,87.4,83.47,83.15,1,63,1.0,0.32,5,2,0,2026-01-27 07:00:00
1364,59,4,38.4,81.5,84.0,1,80,1.0,-2.5,6,2,1,2026-01-28 02:00:00
1365,59,5,60.2,70.37,76.4,1,30,0.0,-6.03,7,3,1,2026-01-29 13:00:00
1366,59,6,78.3,62.0,74.09,1,73,1.0,-12.09,8,1,0,2026-01-31 13:00:00
1367,59,7,91.4,58.97,74.61,1,46,1.0,-15.65,9,2,0,2026-02-01 16:00:00
1368,59,8,74.6,76.63,76.48,1,30,1.0,0.16,10,2,0,2026-02-03 00:00:00
1369,59,9,95.5,81.43,76.29,1,70,1.0,5.14,11,3,0,2026-02-04 20:00:00
1370,59,9,80.9,87.17,78.04,2,157,1.0,9.13,11,3,0,2026-02-06 13:00:00
1371,59,10,95.6,83.67,78.28,1,57,1.0,5.39,10,2,0,2026-02-08 10:00:00
1372,59,10,49.4,90.67,79.61,2,136,1.0,11.06,10,2,1,2026-02-09 14:00:00
1373,59,11,79.3,75.3,77.45,1,92,1.0,-2.15,11,1,0,2026-02-09 22:00:00
1374,60,1,87.1,75.0,75.0,1,116,1.0,0.0,1,1,0,2026-02-01 02:00:00
1375,60,2,80.9,87.1,87.1,1,122,1.0,0.0,2,1,0,2026-02-01 20:00:00
1376,60,2,50.2,84.0,84.0,2,226,1.0,0.0,3,1,1,2026-02-02 06:00:00
1377,60,2,77.4,72.73,72.73,3,317,1.0,0.0,4,1,0,2026-02-03 14:00:00
1378,60,3,37.1,69.5,73.9,1,57,1.0,-4.4,5,2,1,2026-02-05 14:00:00
1379,60,4,32.4,54.9,66.54,1,85,0.0,-11.64,6,2,1,2026-02-06 02:00:00
1380,60,5,32.0,48.97,60.85,1,73,0.0,-11.88,7,3,1,2026-02-07 16:00:00
1381,60,6,86.3,33.83,56.73,1,133,1.0,-22.9,8,1,0,2026-02-09 02:00:00
1382,60,7,47.7,50.23,60.42,1,86,1.0,-10.19,9,2,1,2026-02-09 13:00:00
1383,60,8,40.0,55.33,59.01,1,92,1.0,-3.68,10,2,1,2026-02-10 22:00:00
1384,60,9,68.0,58.0,57.11,1,101,0.0,0.89,11,3,1,2026-02-12 08:00:00
1385,60,10,73.3,51.9,58.1,1,90,1.0,-6.2,12,2,0,2026-02-13 07:00:00
1386,60,10,50.3,60.43,59.37,2,213,1.0,1.07,13,2,1,2026-02-14 07:00:00
1387,60,10,56.9,63.87,58.67,3,290,1.0,5.2,14,2,1,2026-02-14 15:00:00
1388,60,11,73.3,60.17,58.54,1,93,0.5,1.62,14,1,0,2026-02-15 06:00:00
1389,61,1,97.8,75.0,75.0,1,75,1.0,0.0,1,1,0,2026-01-05 10:00:00
1390,61,1,81.9,97.8,97.8,2,138,1.0,0.0,2,1,0,2026-01-06 00:00:00
1391,61,2,56.1,89.85,89.85,1,77,1.0,0.0,3,1,1,2026-01-07 13:00:00
1392,61,3,79.2,78.6,78.6,1,89,0.0,0.0,4,2,0,2026-01-08 12:00:00
1393,61,4,30.2,72.4,78.75,1,81,1.0,-6.35,5,2,1,2026-01-09 17:00:00
1394,61,5,91.1,55.17,69.04,1,76,0.0,-13.87,6,3,0,2026-01-10 14:00:00
1395,61,5,82.8,66.83,72.72,2,137,0.0,-5.88,7,3,0,2026-01-11 17:00:00
1396,61,6,83.2,68.03,74.16,1,88,1.0,-6.12,8,1,0,2026-01-12 10:00:00
1397,61,7,99.1,85.7,75.29,1,59,1.0,10.41,9,2,0,2026-01-14 03:00:00
1398,61,7,99.6,88.37,77.93,2,164,1.0,10.43,10,2,0,2026-01-15 14:00:00
1399,61,7,80.3,93.97,80.1,3,255,1.0,13.87,11,2,0,2026-01-16 00:00:00
1400,61,8,33.0,93.0,80.12,1,60,1.0,12.88,12,2,1,2026-01-16 12:00:00
1401,61,9,47.5,70.97,76.19,1,83,0.0,-5.23,13,3,1,2026-01-17 04:00:00
1402,61,9,57.5,53.6,73.98,2,157,0.0,-20.38,14,3,1,2026-01-18 17:00:00
1403,61,9,42.5,46.0,72.81,3,253,0.0,-26.81,13,3,1,2026-01-20 17:00:00
1404,61,10,80.9,49.17,70.79,1,116,1.0,-21.62,13,2,0,2026-01-22 02:00:00
1405,61,11,82.8,60.3,71.42,1,52,0.5,-11.12,13,1,0,2026-01-22 13:00:00
1406,61,12,71.0,68.73,72.09,1,92,0.5,-3.35,13,2,0,2026-01-24 05:00:00
1407,61,13,59.3,78.23,72.03,1,86,1.0,6.21,13,2,1,2026-01-25 06:00:00
1408,61,14,48.7,71.03,71.36,1,103,1.0,-0.32,14,3,1,2026-01-25 15:00:00
1409,61,14,47.2,59.67,70.22,2,197,1.0,-10.56,14,3,1,2026-01-25 23:00:00
1410,61,14,32.9,51.73,69.13,3,271,1.0,-17.4,14,3,1,2026-01-26 12:00:00
1411,61,15,78.8,42.93,67.48,1,83,1.0,-24.55,15,2,0,2026-01-26 17:00:00
1412,61,15,82.8,52.97,67.97,2,157,1.0,-15.01,16,2,0,2026-01-26 21:00:00
1413,62,1,93.1,75.0,75.0,1,111,1.0,0.0,1,1,0,2026-02-01 21:00:00
1414,62,2,75.4,93.1,93.1,1,90,1.0,0.0,2,1,0,2026-02-02 10:00:00
1415,62,3,56.3,84.25,84.25,1,128,1.0,0.0,3,2,1,2026-02-03 10:00:00
1416,62,3,39.3,74.93,74.93,2,216,1.0,0.0,4,2,1,2026-02-04 17:00:00
1417,62,4,96.0,57.0,66.03,1,75,0.0,-9.03,5,2,0,2026-02-05 21:00:00
1418,62,5,53.5,63.87,72.02,1,59,1.0,-8.15,6,3,1,2026-02-06 14:00:00
1419,62,6,92.7,62.93,68.93,1,53,1.0,-6.0,7,1,0,2026-02-08 03:00:00
1420,62,7,99.6,80.73,72.33,1,58,1.0,8.4,8,2,0,2026-02-09 09:00:00
1421,62,7,98.3,81.93,75.74,2,153,1.0,6.2,9,2,0,2026-02-10 05:00:00
1422,62,8,98.4,96.87,78.24,1,100,1.0,18.62,10,2,0,2026-02-10 15:00:00
1423,62,9,98.9,98.77,80.26,1,58,1.0,18.51,11,3,0,2026-02-12 01:00:00
1424,62,9,37.1,98.53,81.95,2,165,1.0,16.58,12,3,1,2026-02-12 14:00:00
1425,62,10,64.6,78.13,78.22,1,80,1.0,-0.08,13,2,1,2026-02-14 08:00:00
1426,62,11,85.6,66.87,77.17,1,92,1.0,-10.3,14,1,0,2026-02-14 23:00:00
1427,62,11,31.2,62.43,77.77,2,214,1.0,-15.34,15,1,1,2026-02-15 10:00:00
1428,62,12,93.5,60.47,74.67,1,107,1.0,-14.2,14,2,0,2026-02-17 05:00:00
1429,62,12,35.8,70.1,75.84,2,191,1.0,-5.74,14,2,1,2026-02-17 11:00:00
1430,62,13,70.4,53.5,73.49,1,72,1.0,-19.99,15,2,0,2026-02-18 01:00:00
1431,62,13,84.3,66.57,73.32,2,118,1.0,-6.75,16,2,0,2026-02-18 09:00:00
1432,62,13,30.0,63.5,73.89,3,193,1.0,-10.39,15,2,1,2026-02-20 03:00:00
1433,62,14,33.8,61.57,71.7,1,85,1.0,-10.13,15,3,1,2026-02-21 22:00:00
1434,62,15,59.7,49.37,69.9,1,70,1.0,-20.53,15,2,1,2026-02-22 16:00:00
1435,63,1,89.8,75.0,75.0,1,137,1.0,0.0,1,1,0,2026-01-07 20:00:00
1436,63,2,81.2,89.8,89.8,1,141,1.0,0.0,2,1,0,2026-01-08 08:00:00
1437,63,2,61.7,85.5,85.5,2,276,1.0,0.0,3,1,1,2026-01-09 12:00:00
1438,63,3,30.5,77.57,77.57,1,126,1.0,0.0,4,2,1,2026-01-10 02:00:00
1439,63,4,51.8,57.8,65.8,1,143,0.0,-8.0,5,2,1,2026-01-11 11:00:00
1440,63,5,62.2,48.0,63.0,1,148,0.0,-15.0,6,3,1,2026-01-12 02:00:00
1441,63,5,43.7,48.17,62.87,2,266,0.0,-14.7,7,3,1,2026-01-12 12:00:00
1442,63,6,35.0,52.57,60.13,1,168,1.0,-7.56,8,1,1,2026-01-12 17:00:00
1443,63,7,47.4,46.97,56.99,1,138,0.0,-10.02,9,2,1,2026-01-13 19:00:00
1444,63,8,90.4,42.03,55.92,1,140,1.0,-13.89,10,2,0,2026-01-14 11:00:00
1445,63,8,61.1,57.6,59.37,2,294,1.0,-1.77,11,2,1,2026-01-15 13:00:00
1446,63,8,39.2,66.3,59.53,3,438,1.0,6.77,12,2,1,2026-01-17 03:00:00
1447,63,9,60.0,63.57,57.83,1,159,1.0,5.73,13,3,1,2026-01-17 21:00:00
1448,63,9,99.1,53.43,58.0,2,304,1.0,-4.57,14,3,0,2026-01-18 18:00:00
1449,63,9,65.7,66.1,60.94,3,431,1.0,5.16,15,3,1,2026-01-20 07:00:00
1450,63,10,86.7,74.93,61.25,1,147,1.0,13.68,16,2,0,2026-01-20 15:00:00
1451,63,11,84.4,83.83,62.84,1,117,0.5,20.99,16,1,0,2026-01-21 21:00:00
1452,64,1,95.0,75.0,75.0,1,92,1.0,0.0,1,1,0,2026-01-19 17:00:00
1453,64,2,36.1,95.0,95.0,1,89,1.0,0.0,2,1,1,2026-01-21 10:00:00
1454,64,3,50.9,65.55,65.55,1,85,0.0,0.0,3,2,1,2026-01-21 21:00:00
1455,64,4,54.3,60.67,60.67,1,87,0.0,0.0,4,2,1,2026-01-22 08:00:00
1456,64,5,31.6,47.1,59.08,1,52,0.0,-11.98,5,3,1,2026-01-23 05:00:00
1457,64,6,49.4,45.6,53.58,1,79,1.0,-7.98,6,1,1,2026-01-25 05:00:00
1458,64,7,56.5,45.1,52.88,1,91,0.0,-7.78,7,2,1,2026-01-26 00:00:00
1459,64,7,64.5,45.83,53.4,2,184,0.0,-7.57,8,2,1,2026-01-26 07:00:00
1460,64,8,69.2,56.8,54.79,1,69,1.0,2.01,9,2,1,2026-01-28 05:00:00
1461,64,9,87.7,63.4,56.39,1,115,0.0,7.01,10,3,0,2026-01-29 22:00:00
1462,64,10,87.0,73.8,59.52,1,72,1.0,14.28,11,2,0,2026-01-31 13:00:00
1463,64,10,73.2,81.3,62.02,2,181,1.0,19.28,12,2,0,2026-02-01 17:00:00
1464,64,11,54.1,82.63,62.95,1,98,0.0,19.68,12,1,1,2026-02-03 16:00:00
1465,64,12,85.7,71.43,62.27,1,77,0.5,9.16,11,2,0,2026-02-05 01:00:00
1466,64,13,98.4,71.0,63.94,1,125,1.0,7.06,11,2,0,2026-02-05 16:00:00
1467,64,14,43.7,79.4,66.24,1,66,0.5,13.16,11,3,1,2026-02-06 18:00:00
1468,64,14,91.0,75.93,64.83,2,174,0.5,11.1,12,3,0,2026-02-07 01:00:00
1469,64,15,59.6,77.7,66.37,1,110,0.0,11.33,12,2,1,2026-02-08 16:00:00
1470,64,16,62.1,64.77,65.99,1,76,1.0,-1.23,11,3,1,2026-02-10 11:00:00
1471,64,17,37.4,70.9,65.79,1,117,0.0,5.11,11,3,1,2026-02-12 06:00:00
1472,64,17,94.2,53.03,64.37,2,201,0.0,-11.34,11,3,0,2026-02-13 17:00:00
1473,64,18,57.9,64.57,65.79,1,95,0.0,-1.22,11,3,1,2026-02-14 16:00:00
1474,64,19,37.9,63.17,65.43,1,95,0.5,-2.27,11,2,1,2026-02-16 11:00:00
1475,64,20,34.1,63.33,64.23,1,87,0.0,-0.9,12,3,1,2026-02-16 23:00:00
1476,64,20,42.9,43.3,62.98,2,193,0.0,-19.68,12,3,1,2026-02-18 15:00:00
1477,65,1,90.9,75.0,75.0,1,105,1.0,0.0,1,1,0,2026-01-07 11:00:00
1478,65,2,98.9,90.9,90.9,1,55,1.0,0.0,2,1,0,2026-01-07 15:00:00
1479,65,3,75.6,94.9,94.9,1,116,1.0,0.0,3,2,0,2026-01-09 07:00:00
1480,65,4,69.2,88.47,88.47,1,56,1.0,0.0,4,2,1,2026-01-10 03:00:00
1481,65,4,67.4,81.23,83.65,2,166,1.0,-2.42,5,2,1,2026-01-11 06:00:00
1482,65,5,86.1,70.73,80.4,1,112,0.0,-9.67,6,3,0,2026-01-13 06:00:00
1483,65,6,94.2,74.23,81.35,1,68,1.0,-7.12,7,1,0,2026-01-14 20:00:00
1484,65,7,95.1,82.57,83.19,1,81,1.0,-0.62,8,2,0,2026-01-16 05:00:00
1485,65,8,83.5,91.8,84.68,1,67,1.0,7.12,9,2,0,2026-01-16 19:00:00
1486,65,9,98.6,90.93,84.54,1,85,1.0,6.39,10,3,0,2026-01-18 18:00:00
1487,65,10,38.6,92.4,85.95,1,83,1.0,6.45,11,2,1,2026-01-19 06:00:00
1488,65,11,96.3,73.57,81.65,1,105,1.0,-8.08,12,1,0,2026-01-20 00:00:00
1489,65,12,32.1,77.83,82.87,1,116,1.0,-5.03,13,2,1,2026-01-20 04:00:00
1490,65,12,85.9,55.67,78.96,2,233,1.0,-23.29,14,2,0,2026-01-20 12:00:00
1491,65,13,97.9,71.43,79.46,1,78,1.0,-8.02,15,2,0,2026-01-21 03:00:00
1492,65,14,45.2,71.97,80.69,1,85,1.0,-8.72,14,3,1,2026-01-22 07:00:00
1493,65,14,80.7,76.33,78.47,2,141,1.0,-2.14,15,3,0,2026-01-22 22:00:00
1494,65,14,77.8,74.6,78.6,3,214,1.0,-4.0,14,3,0,2026-01-24 09:00:00
1495,65,15,50.9,67.9,78.56,1,109,1.0,-10.66,14,2,1,2026-01-25 17:00:00
1496,65,15,33.8,69.8,77.1,2,231,1.0,-7.3,15,2,1,2026-01-26 00:00:00
1497,65,16,64.3,54.17,74.94,1,65,1.0,-20.77,15,3,1,2026-01-27 16:00:00
1498,65,17,33.9,49.67,74.43,1,78,0.0,-24.76,16,3,1,2026-01-28 09:00:00
1499,65,18,65.1,44.0,72.59,1,89,0.0,-28.59,16,3,1,2026-01-29 17:00:00
1500,65,19,86.1,54.43,72.26,1,95,0.5,-17.83,15,2,0,2026-01-31 12:00:00
1501,65,20,88.1,61.7,72.84,1,73,0.5,-11.14,16,3,0,2026-01-31 22:00:00
1502,66,1,72.0,75.0,75.0,1,98,1.0,0.0,1,1,0,2026-01-06 11:00:00
1503,66,1,49.6,72.0,72.0,2,178,1.0,0.0,2,1,1,2026-01-07 06:00:00
1504,66,2,85.6,60.8,60.8,1,89,1.0,0.0,3,1,0,2026-01-08 23:00:00
1505,66,2,86.0,69.07,69.07,2,189,1.0,0.0,4,1,0,2026-01-10 15:00:00
1506,66,2,92.9,73.73,73.3,3,279,1.0,0.43,5,1,0,2026-01-11 15:00:00
1507,66,3,79.6,88.17,77.22,1,81,1.0,10.95,6,2,0,2026-01-11 20:00:00
1508,66,4,51.0,86.17,77.62,1,87,1.0,8.55,7,2,1,2026-01-13 19:00:00
1509,66,4,59.8,74.5,73.81,2,175,1.0,0.69,8,2,1,2026-01-14 18:00:00
1510,66,5,80.6,63.47,72.06,1,82,0.0,-8.6,9,3,0,2026-01-15 17:00:00
1511,66,6,50.3,63.8,73.01,1,84,1.0,-9.21,10,1,1,2026-01-17 06:00:00
1512,66,7,76.1,63.57,70.74,1,121,0.0,-7.17,11,2,0,2026-01-18 06:00:00
1513,66,7,90.7,69.0,71.23,2,222,0.0,-2.23,12,2,0,2026-01-19 10:00:00
1514,66,7,63.2,72.37,72.85,3,306,0.0,-0.48,11,2,1,2026-01-21 08:00:00
1515,66,8,77.4,76.67,72.11,1,103,1.0,4.56,12,2,0,2026-01-21 21:00:00
1516,66,9,96.4,77.1,72.49,1,83,1.0,4.61,13,3,0,2026-01-22 20:00:00
1517,66,9,94.7,79.0,74.08,2,196,1.0,4.92,12,3,0,2026-01-24 20:00:00
1518,66,9,70.3,89.5,75.37,3,293,1.0,14.13,11,3,0,2026-01-26 07:00:00
1519,66,10,32.8,87.13,75.07,1,87,1.0,12.06,11,2,1,2026-01-28 05:00:00
1520,66,11,75.0,65.93,72.72,1,98,1.0,-6.79,11,1,0,2026-01-28 20:00:00
1521,66,12,95.7,59.37,72.84,1,58,1.0,-13.48,11,2,0,2026-01-30 10:00:00
1522,66,12,96.6,67.83,73.98,2,125,1.0,-6.15,12,2,0,2026-01-30 21:00:00
1523,66,13,48.7,89.1,75.06,1,66,1.0,14.04,11,2,1,2026-02-01 10:00:00
1524,66,14,39.6,80.33,73.86,1,92,1.0,6.47,11,3,1,2026-02-03 10:00:00
1525,66,15,50.1,61.63,72.37,1,124,1.0,-10.74,12,2,1,2026-02-03 16:00:00
1526,66,16,98.5,46.13,71.45,1,134,1.0,-25.31,13,3,0,2026-02-04 05:00:00
1527,66,17,50.2,62.73,72.53,1,102,1.0,-9.79,13,3,1,2026-02-04 18:00:00
1528,66,18,77.4,66.27,71.67,1,100,1.0,-5.4,12,3,0,2026-02-06 02:00:00
1529,67,1,85.5,75.0,75.0,1,30,1.0,0.0,1,1,0,2026-01-13 23:00:00
1530,67,2,57.3,85.5,85.5,1,49,1.0,0.0,2,1,1,2026-01-14 12:00:00
1531,67,3,60.4,71.4,71.4,1,44,0.0,0.0,3,2,1,2026-01-14 23:00:00
1532,67,3,49.0,67.73,67.73,2,91,0.0,0.0,4,2,1,2026-01-16 20:00:00
1533,67,3,83.5,55.57,63.05,3,147,0.0,-7.48,5,2,0,2026-01-18 19:00:00
1534,67,4,97.6,64.3,67.14,1,50,1.0,-2.84,6,2,0,2026-01-20 15:00:00
1535,67,5,75.2,76.7,72.22,1,30,1.0,4.48,7,3,0,2026-01-21 13:00:00
1536,67,6,83.8,85.43,72.64,1,74,1.0,12.79,8,1,0,2026-01-22 12:00:00
1537,67,7,82.5,85.53,74.04,1,38,1.0,11.5,9,2,0,2026-01-23 17:00:00
1538,67,8,82.0,80.5,74.98,1,64,1.0,5.52,10,2,0,2026-01-24 18:00:00
1539,67,9,44.5,82.77,75.68,1,101,1.0,7.09,11,3,1,2026-01-26 16:00:00
1540,67,10,86.3,69.67,72.85,1,41,1.0,-3.18,12,2,0,2026-01-27 05:00:00
1541,67,11,86.6,70.93,73.97,1,30,0.5,-3.03,13,1,0,2026-01-27 21:00:00
1542,67,12,87.0,72.47,74.94,1,54,0.5,-2.47,11,2,0,2026-01-29 21:00:00
1543,67,13,93.5,86.63,75.8,1,82,1.0,10.83,11,2,0,2026-01-31 18:00:00
1544,67,14,98.0,89.03,76.98,1,99,1.0,12.05,11,3,0,2026-02-02 05:00:00
1545,67,15,64.7,92.83,78.29,1,35,1.0,14.54,12,2,1,2026-02-02 09:00:00
1546,68,1,42.3,75.0,75.0,1,149,1.0,0.0,1,1,1,2026-01-30 13:00:00
1547,68,2,37.0,42.3,42.3,1,130,0.0,0.0,2,1,1,2026-01-31 23:00:00
1548,68,2,36.1,39.65,39.65,2,267,0.0,0.0,3,1,1,2026-02-01 13:00:00
1549,68,3,57.9,38.47,38.47,1,192,0.0,0.0,4,2,1,2026-02-03 04:00:00
1550,68,3,66.3,43.67,43.32,2,301,0.0,0.34,5,2,1,2026-02-05 02:00:00
1551,68,3,49.0,53.43,47.92,3,446,0.0,5.51,6,2,1,2026-02-06 06:00:00
1552,68,4,67.8,57.73,48.1,1,149,0.0,9.63,7,2,1,2026-02-06 11:00:00
1553,68,5,79.0,61.03,50.91,1,161,0.0,10.12,8,3,0,2026-02-07 02:00:00
1554,68,6,42.8,65.27,54.42,1,141,1.0,10.84,9,1,1,2026-02-07 18:00:00
1555,68,6,49.7,63.2,53.13,2,287,1.0,10.07,10,1,1,2026-02-09 12:00:00
1556,68,6,37.7,57.17,52.79,3,419,1.0,4.38,11,1,1,2026-02-10 15:00:00
1557,68,7,42.2,43.4,51.42,1,145,0.0,-8.02,12,2,1,2026-02-12 12:00:00
1558,68,8,96.2,43.2,50.65,1,133,1.0,-7.45,12,2,0,2026-02-14 03:00:00
1559,68,8,81.4,58.7,54.15,2,285,1.0,4.55,11,2,0,2026-02-15 19:00:00
1560,68,9,64.1,73.27,56.1,1,132,1.0,17.17,12,3,1,2026-02-16 22:00:00
1561,68,9,80.4,80.57,56.63,2,279,1.0,23.93,12,3,0,2026-02-17 23:00:00
1562,68,10,66.4,75.3,58.12,1,139,1.0,17.18,13,2,1,2026-02-18 08:00:00
1563,68,10,34.3,70.3,58.61,2,301,1.0,11.69,14,2,1,2026-02-18 20:00:00
1564,68,10,94.0,60.37,57.26,3,439,1.0,3.11,14,2,0,2026-02-19 04:00:00
1565,68,11,87.5,64.9,59.19,1,104,0.0,5.71,13,1,0,2026-02-20 23:00:00
1566,68,11,73.7,71.93,60.6,2,269,0.0,11.33,12,1,0,2026-02-22 21:00:00
1567,68,12,33.7,85.07,61.23,1,121,1.0,23.84,13,2,1,2026-02-23 06:00:00
1568,68,13,62.6,64.97,59.98,1,126,0.0,4.99,12,2,1,2026-02-24 19:00:00
1569,68,13,59.2,56.67,60.09,2,254,0.0,-3.42,13,2,1,2026-02-25 10:00:00
1570,68,13,33.2,51.83,60.05,3,421,0.0,-8.22,14,2,1,2026-02-26 01:00:00
1571,68,14,92.8,51.67,58.98,1,97,0.0,-7.31,14,3,0,2026-02-28 01:00:00
1572,68,15,53.6,61.73,60.28,1,202,1.0,1.45,14,2,1,2026-03-01 06:00:00
1573,69,1,85.9,75.0,75.0,1,81,1.0,0.0,1,1,0,2026-01-11 02:00:00
1574,69,2,97.1,85.9,85.9,1,64,1.0,0.0,2,1,0,2026-01-11 10:00:00
1575,69,3,56.9,91.5,91.5,1,58,1.0,0.0,3,2,1,2026-01-11 14:00:00
1576,69,3,98.8,79.97,79.97,2,123,1.0,0.0,4,2,0,2026-01-13 13:00:00
1577,69,4,79.0,84.27,84.68,1,70,1.0,-0.41,5,2,0,2026-01-14 23:00:00
1578,69,5,90.7,78.23,83.54,1,72,1.0,-5.31,6,3,0,2026-01-16 16:00:00
1579,69,6,74.3,89.5,84.73,1,71,1.0,4.77,7,1,0,2026-01-18 01:00:00
1580,69,7,81.0,81.33,83.24,1,61,1.0,-1.91,8,2,0,2026-01-19 21:00:00
1581,69,7,38.7,82.0,82.96,2,117,1.0,-0.96,9,2,1,2026-01-21 14:00:00
1582,69,8,79.1,64.67,78.04,1,56,1.0,-13.38,10,2,0,2026-01-23 01:00:00
1583,69,9,36.4,66.27,78.15,1,56,1.0,-11.88,11,3,1,2026-01-24 08:00:00
1584,69,9,79.7,51.4,74.35,2,138,1.0,-22.95,12,3,0,2026-01-24 18:00:00
1585,69,10,79.2,65.07,74.8,1,71,1.0,-9.73,10,2,0,2026-01-26 05:00:00
1586,69,10,82.9,65.1,75.14,2,101,1.0,-10.04,11,2,0,2026-01-27 04:00:00
1587,69,11,99.1,80.6,75.69,1,73,1.0,4.91,11,1,0,2026-01-27 16:00:00
1588,69,12,97.3,87.07,77.25,1,63,1.0,9.81,12,2,0,2026-01-28 16:00:00
1589,69,13,97.1,93.1,78.51,1,59,1.0,14.59,12,2,0,2026-01-29 17:00:00
1590,70,1,96.7,75.0,75.0,1,102,1.0,0.0,1,1,0,2026-01-23 11:00:00
1591,70,2,84.7,96.7,96.7,1,132,1.0,0.0,2,1,0,2026-01-24 11:00:00
1592,70,3,93.3,90.7,90.7,1,128,1.0,0.0,3,2,0,2026-01-25 00:00:00
1593,70,3,80.7,91.57,91.57,2,222,1.0,0.0,4,2,0,2026-01-26 20:00:00
1594,70,4,51.4,86.23,88.85,1,118,1.0,-2.62,5,2,1,2026-01-27 20:00:00
1595,70,4,92.0,75.13,81.36,2,208,1.0,-6.23,6,2,0,2026-01-29 14:00:00
1596,70,5,62.7,74.7,83.13,1,82,1.0,-8.43,7,3,1,2026-01-30 18:00:00
1597,70,6,46.8,68.7,80.21,1,97,1.0,-11.51,8,1,1,2026-02-01 15:00:00
1598,70,7,36.3,67.17,76.04,1,127,0.0,-8.87,9,2,1,2026-02-03 11:00:00
1599,70,8,48.1,48.6,71.62,1,129,1.0,-23.02,10,2,1,2026-02-04 03:00:00
1600,70,9,44.7,43.73,69.27,1,120,0.0,-25.54,11,3,1,2026-02-05 03:00:00
1601,70,10,95.1,43.03,67.04,1,124,1.0,-24.0,12,2,0,2026-02-05 18:00:00
1602,70,10,31.6,62.63,69.38,2,244,1.0,-6.74,12,2,1,2026-02-07 10:00:00
1603,70,11,35.6,57.13,66.47,1,97,0.5,-9.34,12,1,1,2026-02-07 18:00:00
1604,70,12,43.5,54.1,64.26,1,118,0.0,-10.16,12,2,1,2026-02-08 21:00:00
1605,70,13,45.8,36.9,62.88,1,126,0.0,-25.98,12,2,1,2026-02-10 03:00:00
1606,70,13,92.9,41.63,61.81,2,251,0.0,-20.18,12,2,0,2026-02-11 11:00:00
1607,70,13,52.3,60.73,63.64,3,384,0.0,-2.91,13,2,1,2026-02-11 18:00:00
1608,71,1,81.6,75.0,75.0,1,154,1.0,0.0,1,1,0,2026-01-25 12:00:00
1609,71,2,57.8,81.6,81.6,1,147,1.0,0.0,2,1,1,2026-01-25 17:00:00
1610,71,3,43.9,69.7,69.7,1,161,0.0,0.0,3,2,1,2026-01-27 10:00:00
1611,71,4,70.2,61.1,61.1,1,139,0.0,0.0,4,2,0,2026-01-28 03:00:00
1612,71,5,40.2,57.3,63.38,1,122,1.0,-6.08,5,3,1,2026-01-28 19:00:00
1613,71,6,99.0,51.43,58.74,1,136,1.0,-7.31,6,1,0,2026-01-29 00:00:00
1614,71,6,73.4,69.8,65.45,2,261,1.0,4.35,7,1,0,2026-01-30 05:00:00
1615,71,7,41.9,70.87,66.59,1,126,1.0,4.28,8,2,1,2026-01-31 21:00:00
1616,71,8,52.6,71.43,63.5,1,137,1.0,7.93,9,2,1,2026-02-02 18:00:00
1617,71,9,67.8,55.97,62.29,1,124,0.0,-6.32,10,3,1,2026-02-03 19:00:00
1618,71,10,53.8,54.1,62.84,1,133,1.0,-8.74,11,2,1,2026-02-05 06:00:00
1619,71,11,70.3,58.07,62.02,1,102,0.0,-3.95,12,1,0,2026-02-07 01:00:00
1620,71,12,76.5,63.97,62.71,1,144,0.5,1.26,13,2,0,2026-02-07 11:00:00
1621,71,13,41.9,66.87,63.77,1,140,1.0,3.1,12,2,1,2026-02-08 17:00:00
1622,72,1,90.5,75.0,75.0,1,43,1.0,0.0,1,1,0,2026-01-25 20:00:00
1623,72,2,87.4,90.5,90.5,1,73,1.0,0.0,2,1,0,2026-01-27 05:00:00
1624,72,3,72.0,88.95,88.95,1,78,1.0,0.0,3,2,0,2026-01-29 05:00:00
1625,72,4,53.0,83.3,83.3,1,30,1.0,0.0,4,2,1,2026-01-29 20:00:00
1626,72,4,91.6,70.8,75.72,2,74,1.0,-4.92,5,2,0,2026-01-30 17:00:00
1627,72,5,62.3,72.2,78.9,1,44,1.0,-6.7,6,3,1,2026-01-31 12:00:00
1628,72,6,76.9,68.97,76.13,1,41,1.0,-7.17,7,1,0,2026-02-02 12:00:00
1629,72,7,51.7,76.93,76.24,1,76,1.0,0.69,8,2,1,2026-02-03 21:00:00
1630,72,8,75.2,63.63,73.18,1,56,1.0,-9.54,9,2,0,2026-02-05 17:00:00
1631,72,9,49.7,67.93,73.4,1,54,1.0,-5.47,10,3,1,2026-02-07 16:00:00
1632,72,10,43.3,58.87,71.03,1,30,1.0,-12.16,11,2,1,2026-02-08 12:00:00
1633,72,11,80.3,56.07,68.51,1,72,0.5,-12.44,11,1,0,2026-02-09 02:00:00
1634,72,12,61.6,57.77,69.49,1,35,0.5,-11.72,12,2,1,2026-02-09 14:00:00
1635,72,12,69.5,61.73,68.88,2,96,0.5,-7.15,12,2,1,2026-02-10 20:00:00
1636,72,12,77.6,70.47,68.93,3,161,0.5,1.54,13,2,0,2026-02-11 06:00:00
1637,72,13,93.9,69.57,69.51,1,87,1.0,0.06,13,2,0,2026-02-12 06:00:00
1638,73,1,90.6,75.0,75.0,1,33,1.0,0.0,1,1,0,2026-01-07 02:00:00
1639,73,2,75.6,90.6,90.6,1,30,1.0,0.0,2,1,0,2026-01-09 02:00:00
1640,73,3,82.2,83.1,83.1,1,63,1.0,0.0,3,2,0,2026-01-10 01:00:00
1641,73,3,78.9,82.8,82.8,2,159,1.0,0.0,4,2,0,2026-01-10 06:00:00
1642,73,3,77.6,78.9,81.82,3,243,1.0,-2.92,5,2,0,2026-01-12 05:00:00
1643,73,4,81.6,79.57,80.98,1,64,1.0,-1.41,6,2,0,2026-01-13 23:00:00
1644,73,5,90.4,79.37,81.08,1,50,1.0,-1.72,7,3,0,2026-01-15 18:00:00
1645,73,5,91.0,83.2,82.41,2,126,1.0,0.79,8,3,0,2026-01-16 20:00:00
1646,73,5,96.4,87.67,83.49,3,166,1.0,4.18,9,3,0,2026-01-18 20:00:00
1647,73,6,72.8,92.6,84.92,1,69,1.0,7.68,10,1,0,2026-01-20 06:00:00
1648,73,7,31.4,86.73,83.71,1,70,1.0,3.02,10,2,1,2026-01-22 00:00:00
1649,73,8,95.9,66.87,78.95,1,81,1.0,-12.09,10,2,0,2026-01-23 23:00:00
1650,73,9,94.0,66.7,80.37,1,115,1.0,-13.67,9,3,0,2026-01-25 23:00:00
1651,73,10,83.6,73.77,81.42,1,67,1.0,-7.65,9,2,0,2026-01-27 10:00:00
1652,73,11,95.1,91.17,81.57,1,49,0.5,9.6,9,1,0,2026-01-29 09:00:00
1653,73,12,60.8,90.9,82.47,1,59,1.0,8.43,8,2,1,2026-01-31 06:00:00
1654,73,13,67.8,79.83,81.12,1,30,0.0,-1.29,9,2,1,2026-02-01 14:00:00
1655,73,14,91.0,74.57,80.34,1,46,0.0,-5.77,9,3,0,2026-02-03 01:00:00
1656,73,14,34.2,73.2,80.93,2,97,0.0,-7.73,9,3,1,2026-02-04 04:00:00
1657,73,15,77.9,64.33,78.47,1,49,1.0,-14.14,10,2,0,2026-02-04 12:00:00
1658,73,16,72.6,67.7,78.44,1,63,0.5,-10.74,11,3,0,2026-02-04 23:00:00
1659,74,1,68.7,75.0,75.0,1,123,1.0,0.0,1,1,1,2026-01-30 20:00:00
1660,74,2,74.0,68.7,68.7,1,162,0.0,0.0,2,1,0,2026-01-31 12:00:00
1661,74,3,40.6,71.35,71.35,1,140,1.0,0.0,3,2,1,2026-01-31 23:00:00
1662,74,4,62.0,61.1,61.1,1,139,0.0,0.0,4,2,1,2026-02-01 18:00:00
1663,74,5,55.0,58.87,61.32,1,133,0.0,-2.46,5,3,1,2026-02-02 22:00:00
1664,74,6,69.5,52.53,60.06,1,143,1.0,-7.53,6,1,1,2026-02-03 06:00:00
1665,74,7,63.0,62.17,61.63,1,156,0.0,0.53,7,2,1,2026-02-04 09:00:00
1666,74,7,79.6,62.5,61.83,2,278,0.0,0.67,8,2,0,2026-02-05 16:00:00
1667,74,7,44.9,70.7,64.05,3,404,0.0,6.65,9,2,1,2026-02-07 14:00:00
1668,74,8,60.1,62.5,61.92,1,133,1.0,0.58,10,2,1,2026-02-08 20:00:00
1669,74,8,93.2,61.53,61.74,2,246,1.0,-0.21,11,2,0,2026-02-10 09:00:00
1670,74,8,58.1,66.07,64.6,3,369,1.0,1.47,12,2,1,2026-02-10 17:00:00
1671,74,9,54.2,70.47,64.06,1,130,1.0,6.41,13,3,1,2026-02-11 16:00:00
1672,74,9,64.8,68.5,63.3,2,287,1.0,5.2,14,3,1,2026-02-13 03:00:00
1673,74,10,32.5,59.03,63.41,1,145,1.0,-4.37,13,2,1,2026-02-14 16:00:00
1674,74,10,39.1,50.5,61.35,2,288,1.0,-10.85,13,2,1,2026-02-15 14:00:00
1675,74,10,42.2,45.47,59.96,3,445,1.0,-14.49,13,2,1,2026-02-16 06:00:00
1676,74,11,37.5,37.93,58.91,1,137,1.0,-20.98,12,1,1,2026-02-17 13:00:00
1677,74,12,51.7,39.6,57.72,1,147,0.0,-18.12,12,2,1,2026-02-19 12:00:00
1678,74,13,38.2,43.8,57.41,1,137,0.0,-13.61,12,2,1,2026-02-20 10:00:00
1679,74,14,58.6,42.47,56.45,1,145,0.5,-13.98,13,3,1,2026-02-21 05:00:00
1680,74,14,88.2,49.5,56.55,2,273,0.5,-7.05,13,3,0,2026-02-22 06:00:00
1681,74,15,67.3,61.67,57.99,1,91,0.0,3.68,14,2,1,2026-02-22 14:00:00
1682,74,16,32.0,71.37,58.39,1,137,0.0,12.98,14,3,1,2026-02-23 20:00:00
1683,74,16,45.4,62.5,57.29,2,305,0.0,5.21,15,3,1,2026-02-24 06:00:00
1684,74,16,62.0,48.23,56.82,3,463,0.0,-8.58,14,3,1,2026-02-24 17:00:00
1685,74,17,57.4,46.47,57.02,1,159,0.0,-10.55,15,3,1,2026-02-25 03:00:00
1686,74,18,58.7,54.93,57.03,1,164,0.0,-2.1,15,3,1,2026-02-26 04:00:00
1687,75,1,77.1,75.0,75.0,1,141,1.0,0.0,1,1,0,2026-01-24 15:00:00
1688,75,1,99.0,77.1,77.1,2,284,1.0,0.0,2,1,0,2026-01-25 09:00:00
1689,75,2,69.0,88.05,88.05,1,127,1.0,0.0,3,1,1,2026-01-27 01:00:00
1690,75,3,65.6,81.7,81.7,1,133,0.0,0.0,4,2,1,2026-01-28 10:00:00
1691,75,4,39.3,77.87,77.68,1,152,0.0,0.19,5,2,1,2026-01-29 14:00:00
1692,75,4,59.5,57.97,70.0,2,316,0.0,-12.03,6,2,1,2026-01-30 22:00:00
1693,75,4,38.2,54.8,68.25,3,453,0.0,-13.45,7,2,1,2026-02-01 12:00:00
1694,75,5,54.6,45.67,63.96,1,130,0.0,-18.29,8,3,1,2026-02-01 17:00:00
1695,75,5,54.0,50.77,62.79,2,270,0.0,-12.02,9,3,1,2026-02-02 06:00:00
1696,75,6,78.2,48.93,61.81,1,152,1.0,-12.88,10,1,0,2026-02-03 06:00:00
1697,75,7,39.7,62.27,63.45,1,111,1.0,-1.18,11,2,1,2026-02-05 05:00:00
1698,75,8,45.2,57.3,61.29,1,94,1.0,-3.99,12,2,1,2026-02-06 21:00:00
1699,75,9,40.7,54.37,59.95,1,128,0.0,-5.58,12,3,1,2026-02-07 17:00:00
1700,75,9,53.4,41.87,58.47,2,243,0.0,-16.6,13,3,1,2026-02-08 07:00:00
1701,75,10,36.3,46.43,58.11,1,129,1.0,-11.67,13,2,1,2026-02-08 16:00:00
1702,75,11,41.1,43.47,56.65,1,137,0.0,-13.19,14,1,1,2026-02-09 05:00:00
1703,75,11,72.0,43.6,55.68,2,267,0.0,-12.08,14,1,0,2026-02-10 04:00:00
1704,75,12,84.1,49.8,56.64,1,169,0.5,-6.84,15,2,0,2026-02-10 19:00:00
1705,75,12,37.8,65.73,58.17,2,315,0.5,7.57,16,2,1,2026-02-11 00:00:00
1706,75,12,93.5,64.63,57.09,3,461,0.5,7.54,16,2,0,2026-02-11 10:00:00
1707,75,13,98.0,71.8,58.92,1,152,1.0,12.88,17,2,0,2026-02-12 01:00:00
1708,75,13,50.5,76.43,60.78,2,269,1.0,15.66,17,2,1,2026-02-12 15:00:00
1709,75,13,36.7,80.67,60.31,3,429,1.0,20.36,18,2,1,2026-02-12 22:00:00
1710,75,14,48.2,61.73,59.28,1,138,0.5,2.45,19,3,1,2026-02-13 19:00:00
1711,75,14,88.2,45.13,58.82,2,291,0.5,-13.69,19,3,0,2026-02-14 14:00:00
1712,75,14,83.8,57.7,60.0,3,409,0.5,-2.3,20,3,0,2026-02-15 02:00:00
1713,75,15,67.6,73.4,60.91,1,108,1.0,12.49,18,2,1,2026-02-16 11:00:00
1714,75,15,46.3,79.87,61.16,2,264,1.0,18.71,18,2,1,2026-02-17 07:00:00
1715,75,15,88.0,65.9,60.63,3,411,1.0,5.27,19,2,0,2026-02-17 13:00:00
1716,75,16,42.6,67.3,61.57,1,121,0.5,5.73,20,3,1,2026-02-18 12:00:00
1717,75,16,59.9,58.97,60.94,2,243,0.5,-1.97,20,3,1,2026-02-19 19:00:00
1718,75,17,66.1,63.5,60.91,1,162,0.0,2.59,21,3,1,2026-02-20 00:00:00
1719,75,18,98.8,56.2,61.07,1,116,0.0,-4.87,21,3,0,2026-02-21 09:00:00
1720,75,19,45.4,74.93,62.21,1,172,0.5,12.72,20,2,1,2026-02-22 11:00:00
1721,76,1,99.4,75.0,75.0,1,121,1.0,0.0,1,1,0,2026-01-16 10:00:00
1722,76,1,97.7,99.4,99.4,2,273,1.0,0.0,2,1,0,2026-01-17 11:00:00
1723,76,1,52.4,98.55,98.55,3,406,1.0,0.0,3,1,1,2026-01-18 00:00:00
1724,76,2,88.4,83.17,83.17,1,152,1.0,0.0,4,1,0,2026-01-19 05:00:00
1725,76,2,85.5,79.5,84.48,2,281,1.0,-4.98,5,1,0,2026-01-20 08:00:00
1726,76,3,59.1,75.43,84.68,1,136,1.0,-9.25,6,2,1,2026-01-22 06:00:00
1727,76,4,58.5,77.67,80.42,1,140,0.0,-2.75,7,2,1,2026-01-23 10:00:00
1728,76,5,38.8,67.7,77.29,1,119,0.0,-9.59,8,3,1,2026-01-24 14:00:00
1729,76,6,94.0,52.13,72.47,1,154,1.0,-20.34,9,1,0,2026-01-26 06:00:00
1730,76,7,36.5,63.77,74.87,1,129,1.0,-11.1,10,2,1,2026-01-26 10:00:00
1731,76,8,36.6,56.43,71.03,1,135,1.0,-14.6,11,2,1,2026-01-27 19:00:00
1732,76,9,44.8,55.7,67.9,1,120,0.0,-12.2,12,3,1,2026-01-29 14:00:00
1733,76,9,66.0,39.3,65.97,2,208,0.0,-26.67,12,3,1,2026-01-31 05:00:00
1734,76,10,53.5,49.13,65.98,1,136,1.0,-16.84,11,2,1,2026-02-02 04:00:00
1735,76,10,70.7,54.77,65.09,2,324,1.0,-10.32,11,2,0,2026-02-02 23:00:00
1736,76,10,99.2,63.4,65.46,3,479,1.0,-2.06,11,2,0,2026-02-04 11:00:00
1737,76,11,63.7,74.47,67.57,1,139,0.5,6.9,12,1,1,2026-02-05 00:00:00
1738,76,12,46.5,77.87,67.34,1,134,0.0,10.53,11,2,1,2026-02-06 14:00:00
1739,76,12,77.3,69.8,66.18,2,274,0.0,3.62,11,2,0,2026-02-07 15:00:00
1740,76,12,67.0,62.5,66.77,3,424,0.0,-4.27,12,2,1,2026-02-07 23:00:00
1741,76,13,43.3,63.6,66.78,1,116,1.0,-3.18,12,2,1,2026-02-09 09:00:00
1742,76,14,47.2,62.53,65.66,1,162,0.5,-3.13,11,3,1,2026-02-11 02:00:00
1743,76,14,43.4,52.5,64.82,2,316,0.5,-12.32,11,3,1,2026-02-12 21:00:00
1744,76,15,92.1,44.63,63.89,1,154,0.0,-19.26,12,2,0,2026-02-13 06:00:00
1745,77,1,75.3,75.0,75.0,1,148,1.0,0.0,1,1,0,2026-01-07 07:00:00
1746,77,2,33.5,75.3,75.3,1,140,1.0,0.0,2,1,1,2026-01-08 09:00:00
1747,77,2,87.5,54.4,54.4,2,293,1.0,0.0,3,1,0,2026-01-08 19:00:00
1748,77,2,62.9,65.43,65.43,3,444,1.0,0.0,4,1,1,2026-01-09 09:00:00
1749,77,3,41.3,61.3,64.8,1,132,1.0,-3.5,5,2,1,2026-01-09 17:00:00
1750,77,3,93.3,63.9,60.1,2,260,1.0,3.8,6,2,0,2026-01-10 13:00:00
1751,77,3,78.5,65.83,65.63,3,402,1.0,0.2,7,2,0,2026-01-12 07:00:00
1752,77,4,89.6,71.03,67.47,1,170,1.0,3.56,8,2,0,2026-01-13 19:00:00
1753,77,4,38.4,87.13,70.24,2,285,1.0,16.9,9,2,1,2026-01-14 18:00:00
1754,77,5,99.9,68.83,66.7,1,110,1.0,2.13,10,3,0,2026-01-15 05:00:00
1755,77,6,47.4,75.97,70.02,1,143,1.0,5.95,11,1,1,2026-01-16 00:00:00
1756,77,6,56.2,61.9,67.96,2,284,1.0,-6.06,12,1,1,2026-01-16 17:00:00
1757,77,6,71.5,67.83,66.98,3,427,1.0,0.85,13,1,0,2026-01-17 09:00:00
1758,77,7,62.5,58.37,67.33,1,144,1.0,-8.96,14,2,1,2026-01-18 09:00:00
1759,77,7,60.0,63.4,66.99,2,279,1.0,-3.59,15,2,1,2026-01-19 09:00:00
1760,77,8,49.4,64.67,66.52,1,169,1.0,-1.85,16,2,1,2026-01-20 05:00:00
1761,77,9,66.2,57.3,65.45,1,107,0.0,-8.15,16,3,1,2026-01-21 16:00:00
1762,77,9,55.2,58.53,65.49,2,230,0.0,-6.96,17,3,1,2026-01-21 22:00:00
1763,77,9,34.2,56.93,64.92,3,367,0.0,-7.99,16,3,1,2026-01-23 01:00:00
1764,77,10,69.6,51.87,63.31,1,107,1.0,-11.44,15,2,1,2026-01-24 06:00:00
1765,77,11,53.6,53.0,63.62,1,136,0.5,-10.62,15,1,1,2026-01-25 15:00:00
1766,77,12,65.0,52.47,63.14,1,173,0.0,-10.68,16,2,1,2026-01-25 23:00:00
1767,77,12,40.6,62.73,63.23,2,313,0.0,-0.49,16,2,1,2026-01-27 16:00:00
1768,77,12,40.1,53.07,62.24,3,457,0.0,-9.18,14,2,1,2026-01-29 14:00:00
1769,77,13,47.2,48.57,61.32,1,114,0.0,-12.75,14,2,1,2026-01-30 09:00:00
1770,77,13,30.7,42.63,60.76,2,241,0.0,-18.12,13,2,1,2026-01-31 23:00:00
1771,77,14,56.4,39.33,59.6,1,132,0.0,-20.27,12,3,1,2026-02-02 16:00:00
1772,77,15,89.7,44.77,59.48,1,133,0.0,-14.71,12,2,0,2026-02-03 17:00:00
1773,77,15,67.8,58.93,60.56,2,298,0.0,-1.63,12,2,1,2026-02-04 18:00:00
1774,77,15,78.8,71.3,60.81,3,449,0.0,10.49,12,2,0,2026-02-05 14:00:00
1775,77,16,98.0,78.77,61.41,1,117,0.0,17.36,12,3,0,2026-02-06 17:00:00
1776,77,17,93.1,81.53,62.59,1,144,1.0,18.94,12,3,0,2026-02-07 12:00:00
1777,77,18,34.9,89.97,63.54,1,149,1.0,26.42,11,3,1,2026-02-09 02:00:00
1778,77,18,33.7,75.33,62.68,2,311,1.0,12.66,12,3,1,2026-02-09 11:00:00
1779,77,18,58.9,53.9,61.82,3,482,1.0,-7.92,12,3,1,2026-02-11 01:00:00
1780,77,19,49.1,42.5,61.74,1,119,0.0,-19.24,12,2,1,2026-02-13 01:00:00
1781,77,20,61.0,47.23,61.39,1,123,0.5,-14.16,12,3,1,2026-02-13 11:00:00
1782,77,20,49.3,56.33,61.38,2,237,0.5,-5.05,13,3,1,2026-02-14 03:00:00
1783,78,1,81.1,75.0,75.0,1,55,1.0,0.0,1,1,0,2026-01-13 04:00:00
1784,78,2,55.9,81.1,81.1,1,69,1.0,0.0,2,1,1,2026-01-15 02:00:00
1785,78,3,86.8,68.5,68.5,1,79,0.0,0.0,3,2,0,2026-01-15 12:00:00
1786,78,4,94.3,74.6,74.6,1,58,1.0,0.0,4,2,0,2026-01-16 13:00:00
1787,78,4,82.8,79.0,79.53,2,111,1.0,-0.53,5,2,0,2026-01-17 12:00:00
1788,78,4,100.0,87.97,80.18,3,174,1.0,7.79,6,2,0,2026-01-18 11:00:00
1789,78,5,68.9,92.37,83.48,1,43,1.0,8.88,7,3,1,2026-01-19 17:00:00
1790,78,6,43.1,83.9,81.4,1,101,1.0,2.5,8,1,1,2026-01-19 22:00:00
1791,78,7,72.9,70.67,76.61,1,30,0.0,-5.95,9,2,0,2026-01-20 08:00:00
1792,78,8,72.4,61.63,76.2,1,63,1.0,-14.57,10,2,0,2026-01-21 01:00:00
1793,78,9,33.2,62.8,75.82,1,100,1.0,-13.02,11,3,1,2026-01-22 15:00:00
1794,78,10,71.2,59.5,71.95,1,60,1.0,-12.45,12,2,0,2026-01-23 20:00:00
1795,78,11,53.5,58.93,71.88,1,56,0.5,-12.95,13,1,1,2026-01-24 06:00:00
1796,78,12,74.8,52.63,70.47,1,52,0.0,-17.84,14,2,0,2026-01-25 20:00:00
1797,78,13,73.1,66.5,70.78,1,56,1.0,-4.28,14,2,0,2026-01-27 12:00:00
1798,78,14,99.7,67.13,70.93,1,87,1.0,-3.8,14,3,0,2026-01-29 11:00:00
1799,78,15,71.8,82.53,72.73,1,30,0.0,9.8,13,2,0,2026-01-30 22:00:00
1800,78,16,87.7,81.53,72.68,1,90,0.5,8.86,14,3,0,2026-01-31 10:00:00
1801,78,17,70.0,86.4,73.51,1,31,1.0,12.89,13,3,0,2026-02-02 07:00:00
1802,78,17,57.6,76.5,73.33,2,85,1.0,3.17,12,3,1,2026-02-02 23:00:00
1803,78,18,39.2,71.77,72.54,1,51,1.0,-0.77,12,3,1,2026-02-03 11:00:00
1804,79,1,89.6,75.0,75.0,1,101,1.0,0.0,1,1,0,2026-01-24 11:00:00
1805,79,1,80.2,89.6,89.6,2,159,1.0,0.0,2,1,0,2026-01-24 15:00:00
1806,79,2,45.1,84.9,84.9,1,99,1.0,0.0,3,1,1,2026-01-25 15:00:00
1807,79,2,89.1,71.63,71.63,2,229,1.0,0.0,4,1,0,2026-01-27 13:00:00
1808,79,3,77.6,71.47,76.0,1,62,1.0,-4.53,5,2,0,2026-01-28 10:00:00
1809,79,4,73.3,70.6,76.32,1,93,1.0,-5.72,6,2,0,2026-01-29 08:00:00
1810,79,4,93.1,80.0,75.82,2,169,1.0,4.18,7,2,0,2026-01-30 05:00:00
1811,79,4,89.3,81.33,78.29,3,267,1.0,3.05,8,2,0,2026-01-31 14:00:00
1812,79,5,76.6,85.23,79.66,1,90,1.0,5.57,9,3,0,2026-02-01 11:00:00
1813,79,5,45.3,86.33,79.32,2,167,1.0,7.01,10,3,1,2026-02-02 06:00:00
1814,79,6,90.7,70.4,75.92,1,99,1.0,-5.52,11,1,0,2026-02-03 09:00:00
1815,79,7,34.3,70.87,77.26,1,126,1.0,-6.4,12,2,1,2026-02-05 01:00:00
1816,79,8,97.7,56.77,73.68,1,86,1.0,-16.92,13,2,0,2026-02-06 20:00:00
1817,79,8,70.6,74.23,75.53,2,190,1.0,-1.3,14,2,0,2026-02-07 00:00:00
1818,79,8,75.8,67.53,75.18,3,254,1.0,-7.65,13,2,0,2026-02-08 01:00:00
1819,79,9,55.1,81.37,75.22,1,70,1.0,6.15,13,3,1,2026-02-08 22:00:00
1820,79,10,95.7,67.17,73.96,1,99,1.0,-6.8,14,2,0,2026-02-09 17:00:00
1821,79,11,30.7,75.53,75.24,1,119,0.5,0.29,14,1,1,2026-02-11 00:00:00
1822,79,12,82.4,60.5,72.77,1,97,0.0,-12.27,15,2,0,2026-02-11 06:00:00
1823,80,1,76.4,75.0,75.0,1,53,1.0,0.0,1,1,0,2026-01-09 12:00:00
1824,80,2,96.7,76.4,76.4,1,59,1.0,0.0,2,1,0,2026-01-10 09:00:00
1825,80,3,61.6,86.55,86.55,1,34,1.0,0.0,3,2,1,2026-01-10 18:00:00
1826,80,4,90.9,78.23,78.23,1,72,0.0,0.0,4,2,0,2026-01-11 08:00:00
1827,80,5,76.9,83.07,81.4,1,77,1.0,1.67,5,3,0,2026-01-11 17:00:00
1828,80,6,86.7,76.47,80.5,1,50,1.0,-4.03,6,1,0,2026-01-12 19:00:00
1829,80,7,94.7,84.83,81.53,1,50,1.0,3.3,7,2,0,2026-01-13 16:00:00
1830,80,8,89.8,86.1,83.41,1,65,1.0,2.69,8,2,0,2026-01-14 14:00:00
1831,80,9,47.2,90.4,84.21,1,51,1.0,6.19,9,3,1,2026-01-15 13:00:00
1832,80,10,75.3,77.23,80.1,1,58,1.0,-2.87,10,2,0,2026-01-16 16:00:00
1833,80,11,83.0,70.77,79.62,1,101,1.0,-8.85,11,1,0,2026-01-17 05:00:00
1834,80,12,97.0,68.5,79.93,1,55,0.5,-11.43,12,2,0,2026-01-19 04:00:00
1835,80,13,83.5,85.1,81.35,1,52,1.0,3.75,13,2,0,2026-01-20 20:00:00
1836,80,14,78.9,87.83,81.52,1,47,1.0,6.32,14,3,0,2026-01-21 01:00:00
1837,80,15,71.6,86.47,81.33,1,74,1.0,5.14,15,2,0,2026-01-23 01:00:00
1838,80,16,75.4,78.0,80.68,1,56,0.5,-2.68,15,3,0,2026-01-23 13:00:00
1839,80,16,88.2,75.3,80.35,2,103,0.5,-5.05,16,3,0,2026-01-23 20:00:00
1840,80,16,85.8,78.4,80.81,3,189,0.5,-2.41,14,3,0,2026-01-25 11:00:00
1841,80,17,95.1,83.13,81.09,1,88,1.0,2.04,14,3,0,2026-01-26 18:00:00
1842,80,18,82.7,89.7,81.83,1,47,1.0,7.87,13,3,0,2026-01-28 13:00:00
1843,81,1,43.5,75.0,75.0,1,102,1.0,0.0,1,1,1,2026-01-27 21:00:00
1844,81,2,74.9,43.5,43.5,1,160,0.0,0.0,2,1,0,2026-01-28 02:00:00
1845,81,2,98.6,59.2,59.2,2,286,0.0,0.0,3,1,0,2026-01-30 02:00:00
1846,81,2,32.3,72.33,72.33,3,441,0.0,0.0,4,1,1,2026-01-31 16:00:00
1847,81,3,50.1,68.6,62.32,1,100,1.0,6.28,5,2,1,2026-02-01 03:00:00
1848,81,3,94.4,60.33,59.88,2,257,1.0,0.45,6,2,0,2026-02-01 17:00:00
1849,81,3,60.6,58.93,65.63,3,372,1.0,-6.7,7,2,1,2026-02-03 04:00:00
1850,81,4,50.2,68.37,64.91,1,154,1.0,3.45,8,2,1,2026-02-04 08:00:00
1851,81,4,89.9,68.4,63.08,2,294,1.0,5.32,9,2,0,2026-02-06 02:00:00
1852,81,5,36.0,66.9,66.06,1,120,1.0,0.84,10,3,1,2026-02-07 15:00:00
1853,81,6,44.7,58.7,63.05,1,131,1.0,-4.35,11,1,1,2026-02-08 09:00:00
1854,81,6,45.0,56.87,61.38,2,284,1.0,-4.52,12,1,1,2026-02-08 23:00:00
1855,81,6,76.2,41.9,60.02,3,426,1.0,-18.12,13,1,0,2026-02-10 09:00:00
1856,81,7,64.2,55.3,61.26,1,151,1.0,-5.96,12,2,1,2026-02-12 05:00:00
1857,81,7,94.1,61.8,61.47,2,330,1.0,0.33,13,2,0,2026-02-12 13:00:00
1858,81,7,86.7,78.17,63.65,3,438,1.0,14.52,13,2,0,2026-02-14 02:00:00
1859,81,8,98.5,81.67,65.09,1,172,1.0,16.58,11,2,0,2026-02-15 23:00:00
1860,81,9,36.2,93.1,67.05,1,142,1.0,26.05,11,3,1,2026-02-17 04:00:00
1861,81,10,55.7,73.8,65.34,1,122,1.0,8.46,12,2,1,2026-02-17 18:00:00
1862,81,10,77.3,63.47,64.83,2,235,1.0,-1.36,12,2,0,2026-02-18 17:00:00
1863,81,10,34.2,56.4,65.46,3,371,1.0,-9.06,12,2,1,2026-02-20 06:00:00
1864,81,11,80.6,55.73,63.97,1,158,1.0,-8.23,12,1,0,2026-02-22 02:00:00
1865,81,11,39.1,64.03,64.72,2,295,1.0,-0.69,12,1,1,2026-02-22 17:00:00
1866,81,12,48.7,51.3,63.61,1,170,0.5,-12.31,13,2,1,2026-02-22 22:00:00
1867,81,13,30.9,56.13,62.99,1,110,0.0,-6.85,12,2,1,2026-02-24 10:00:00
1868,81,13,50.0,39.57,61.7,2,249,0.0,-22.14,13,2,1,2026-02-25 05:00:00
1869,81,13,63.2,43.2,61.25,3,363,0.0,-18.05,14,2,1,2026-02-25 17:00:00
1870,81,14,38.6,48.03,61.33,1,147,0.5,-13.29,14,3,1,2026-02-26 12:00:00
1871,81,14,65.3,50.6,60.51,2,304,0.5,-9.91,14,3,1,2026-02-27 08:00:00
1872,81,15,48.1,55.7,60.68,1,131,1.0,-4.98,15,2,1,2026-02-27 18:00:00
1873,81,16,49.7,50.67,60.26,1,87,0.0,-9.59,15,3,1,2026-03-01 14:00:00
1874,81,17,58.9,54.37,59.92,1,143,0.0,-5.55,15,3,1,2026-03-02 20:00:00
1875,82,1,64.2,75.0,75.0,1,98,1.0,0.0,1,1,1,2026-01-15 09:00:00
1876,82,2,31.2,64.2,64.2,1,98,0.0,0.0,2,1,1,2026-01-15 14:00:00
1877,82,3,39.8,47.7,47.7,1,114,0.0,0.0,3,2,1,2026-01-17 03:00:00
1878,82,3,40.5,45.07,45.07,2,182,0.0,0.0,4,2,1,2026-01-18 23:00:00
1879,82,3,65.2,37.17,43.92,3,285,0.0,-6.76,5,2,1,2026-01-20 05:00:00
1880,82,4,88.1,48.5,48.18,1,113,0.0,0.32,6,2,0,2026-01-20 12:00:00
1881,82,5,76.9,64.6,54.83,1,54,1.0,9.77,7,3,0,2026-01-22 02:00:00
1882,82,6,94.4,76.73,57.99,1,96,1.0,18.75,8,1,0,2026-01-23 08:00:00
1883,82,7,80.1,86.47,62.54,1,79,1.0,23.93,9,2,0,2026-01-24 03:00:00
1884,82,8,86.1,83.8,64.49,1,88,1.0,19.31,10,2,0,2026-01-25 01:00:00
1885,82,8,93.8,86.87,66.65,2,184,1.0,20.22,11,2,0,2026-01-26 21:00:00
1886,82,8,93.7,86.67,69.12,3,264,1.0,17.55,12,2,0,2026-01-28 04:00:00
1887,82,9,67.7,91.2,71.17,1,76,1.0,20.03,13,3,1,2026-01-28 09:00:00
1888,82,10,96.1,85.07,70.9,1,90,1.0,14.17,12,2,0,2026-01-30 03:00:00
1889,82,11,75.3,85.83,72.7,1,68,0.5,13.13,13,1,0,2026-01-30 20:00:00
1890,82,12,87.2,79.7,72.87,1,68,0.5,6.83,13,2,0,2026-02-01 11:00:00
1891,82,12,35.7,86.2,73.77,2,171,0.5,12.43,13,2,1,2026-02-03 02:00:00
1892,82,12,31.6,66.07,71.53,3,238,0.5,-5.46,12,2,1,2026-02-04 00:00:00
1893,82,13,84.3,51.5,69.31,1,103,1.0,-17.81,13,2,0,2026-02-05 01:00:00
1894,82,14,90.0,50.53,70.1,1,99,1.0,-19.57,13,3,0,2026-02-05 12:00:00
1895,82,14,69.6,68.63,71.1,2,154,1.0,-2.46,14,3,1,2026-02-05 19:00:00
1896,82,14,67.3,81.3,71.02,3,230,1.0,10.28,14,3,1,2026-02-06 17:00:00
1897,82,15,54.9,75.63,70.85,1,113,1.0,4.78,13,2,1,2026-02-08 11:00:00
1898,83,1,55.6,75.0,75.0,1,70,1.0,0.0,1,1,1,2026-01-13 22:00:00
1899,83,1,86.1,55.6,55.6,2,150,1.0,0.0,2,1,0,2026-01-15 11:00:00
1900,83,1,79.9,70.85,70.85,3,249,1.0,0.0,3,1,0,2026-01-17 03:00:00
1901,83,2,64.2,73.87,73.87,1,105,1.0,0.0,4,1,1,2026-01-18 22:00:00
1902,83,2,62.2,76.73,71.45,2,189,1.0,5.28,5,1,1,2026-01-19 13:00:00
1903,83,2,47.2,68.77,69.6,3,267,1.0,-0.83,6,1,1,2026-01-20 02:00:00
1904,83,3,81.9,57.87,65.87,1,118,0.0,-8.0,7,2,0,2026-01-21 17:00:00
1905,83,4,76.5,63.77,68.16,1,124,1.0,-4.39,8,2,0,2026-01-23 01:00:00
1906,83,4,90.1,68.53,69.2,2,233,1.0,-0.67,9,2,0,2026-01-24 19:00:00
1907,83,4,50.8,82.83,71.52,3,324,1.0,11.31,10,2,1,2026-01-25 14:00:00
1908,83,5,74.3,72.47,69.45,1,73,1.0,3.02,11,3,0,2026-01-27 12:00:00
1909,83,5,63.9,71.73,69.89,2,146,1.0,1.84,12,3,1,2026-01-27 17:00:00
1910,83,6,78.0,63.0,69.39,1,100,1.0,-6.39,12,1,0,2026-01-28 06:00:00
1911,83,7,38.6,72.07,70.05,1,98,1.0,2.01,13,2,1,2026-01-28 14:00:00
1912,83,8,99.4,60.17,67.81,1,118,1.0,-7.64,13,2,0,2026-01-29 14:00:00
1913,83,8,74.5,72.0,69.91,2,221,1.0,2.09,14,2,0,2026-01-30 11:00:00
1914,83,8,71.2,70.83,70.2,3,280,1.0,0.63,14,2,0,2026-01-31 08:00:00
1915,83,9,47.3,81.7,70.26,1,111,1.0,11.44,14,3,1,2026-02-02 06:00:00
1916,83,10,72.3,64.33,68.98,1,70,1.0,-4.65,13,2,0,2026-02-03 10:00:00
1917,83,11,71.7,63.6,69.16,1,82,0.0,-5.56,14,1,0,2026-02-03 18:00:00
1918,83,12,82.2,63.77,69.28,1,95,0.5,-5.52,14,2,0,2026-02-04 18:00:00
1919,83,13,71.5,75.4,69.9,1,129,1.0,5.5,15,2,0,2026-02-06 00:00:00
1920,83,13,96.9,75.13,69.97,2,281,1.0,5.16,15,2,0,2026-02-06 21:00:00
1921,83,13,71.7,83.53,71.14,3,383,1.0,12.39,15,2,0,2026-02-07 19:00:00
1922,83,14,43.7,80.03,71.17,1,86,0.5,8.87,16,3,1,2026-02-08 07:00:00
1923,83,14,63.0,70.77,70.07,2,186,0.5,0.7,16,3,1,2026-02-09 18:00:00
1924,83,14,54.0,59.47,69.8,3,293,0.5,-10.33,14,3,1,2026-02-11 10:00:00
1925,83,15,37.9,53.57,69.21,1,83,1.0,-15.64,14,2,1,2026-02-11 18:00:00
1926,83,15,42.5,51.63,68.09,2,208,1.0,-16.46,15,2,1,2026-02-12 06:00:00
1927,83,16,48.5,44.8,67.21,1,94,0.5,-22.41,14,3,1,2026-02-13 20:00:00
1928,84,1,82.7,75.0,75.0,1,69,1.0,0.0,1,1,0,2026-01-10 11:00:00
1929,84,2,75.7,82.7,82.7,1,73,1.0,0.0,2,1,0,2026-01-11 13:00:00
1930,84,3,98.8,79.2,79.2,1,68,1.0,0.0,3,2,0,2026-01-13 06:00:00
1931,84,4,33.8,85.73,85.73,1,76,1.0,0.0,4,2,1,2026-01-13 12:00:00
1932,84,5,34.3,69.43,72.75,1,47,0.0,-3.32,5,3,1,2026-01-14 17:00:00
1933,84,6,33.0,55.63,65.06,1,48,1.0,-9.43,6,1,1,2026-01-15 07:00:00
1934,84,7,75.8,33.7,59.72,1,37,0.0,-26.02,7,2,0,2026-01-15 22:00:00
1935,84,8,57.4,47.7,62.01,1,68,1.0,-14.31,8,2,1,2026-01-17 09:00:00
1936,84,9,63.8,55.4,61.44,1,75,0.0,-6.04,9,3,1,2026-01-18 04:00:00
1937,84,9,87.2,65.67,61.7,2,144,0.0,3.97,10,3,0,2026-01-18 09:00:00
1938,84,9,58.7,69.47,64.25,3,237,0.0,5.22,11,3,1,2026-01-20 09:00:00
1939,84,10,82.1,69.9,63.75,1,59,1.0,6.15,12,2,0,2026-01-21 19:00:00
1940,84,11,70.1,76.0,65.28,1,73,1.0,10.72,13,1,0,2026-01-21 23:00:00
1941,84,12,79.8,70.3,65.65,1,38,1.0,4.65,14,2,0,2026-01-22 17:00:00
1942,85,1,83.4,75.0,75.0,1,82,1.0,0.0,1,1,0,2026-01-16 01:00:00
1943,85,2,98.1,83.4,83.4,1,103,1.0,0.0,2,1,0,2026-01-17 14:00:00
1944,85,3,86.0,90.75,90.75,1,106,1.0,0.0,3,2,0,2026-01-17 20:00:00
1945,85,3,86.3,89.17,89.17,2,190,1.0,0.0,4,2,0,2026-01-19 03:00:00
1946,85,3,31.5,90.13,88.45,3,278,1.0,1.68,5,2,1,2026-01-19 15:00:00
1947,85,4,91.6,67.93,77.06,1,59,1.0,-9.13,6,2,0,2026-01-21 05:00:00
1948,85,5,92.1,69.8,79.48,1,82,1.0,-9.68,7,3,0,2026-01-22 23:00:00
1949,85,5,83.6,71.73,81.29,2,189,1.0,-9.55,8,3,0,2026-01-23 08:00:00
1950,85,6,72.7,89.1,81.57,1,101,1.0,7.52,9,1,0,2026-01-25 08:00:00
1951,85,7,99.2,82.8,80.59,1,100,1.0,2.21,10,2,0,2026-01-26 00:00:00
1952,85,8,32.5,85.17,82.45,1,90,1.0,2.72,11,2,1,2026-01-26 08:00:00
1953,85,9,52.9,68.13,77.91,1,90,0.0,-9.78,12,3,1,2026-01-26 21:00:00
1954,85,9,35.2,61.53,75.82,2,166,0.0,-14.29,13,3,1,2026-01-27 10:00:00
1955,85,9,51.2,40.2,72.7,3,269,0.0,-32.5,14,3,1,2026-01-27 16:00:00
1956,85,10,44.7,46.43,71.16,1,98,1.0,-24.73,15,2,1,2026-01-29 12:00:00
1957,85,11,80.0,43.7,69.4,1,99,1.0,-25.7,15,1,0,2026-01-30 16:00:00
1958,85,11,78.4,58.63,70.06,2,178,1.0,-11.43,14,1,0,2026-02-01 15:00:00
1959,85,12,85.7,67.7,70.55,1,46,0.5,-2.85,14,2,0,2026-02-02 11:00:00
1960,85,12,94.5,81.37,71.39,2,157,0.5,9.97,14,2,0,2026-02-02 23:00:00
1961,85,13,61.5,86.2,72.61,1,80,1.0,13.59,14,2,1,2026-02-04 15:00:00
1962,85,13,43.6,80.57,72.06,2,152,1.0,8.51,14,2,1,2026-02-06 07:00:00
1963,85,13,43.1,66.53,70.7,3,255,1.0,-4.17,14,2,1,2026-02-08 06:00:00
1964,85,14,99.1,49.4,69.45,1,82,1.0,-20.05,13,3,0,2026-02-09 07:00:00
1965,85,15,44.8,61.93,70.73,1,111,1.0,-8.8,10,2,1,2026-02-11 01:00:00
1966,85,16,89.4,62.33,69.65,1,102,0.5,-7.32,11,3,0,2026-02-12 04:00:00
1967,85,17,84.6,77.77,70.44,1,103,1.0,7.32,10,3,0,2026-02-13 23:00:00
1968,85,18,90.3,72.93,70.99,1,62,1.0,1.94,10,3,0,2026-02-15 18:00:00
1969,85,19,95.0,88.1,71.7,1,114,0.5,16.4,11,2,0,2026-02-16 01:00:00
1970,85,20,79.2,89.97,72.54,1,95,1.0,17.43,10,3,0,2026-02-17 04:00:00
1971,86,1,96.6,75.0,75.0,1,82,1.0,0.0,1,1,0,2026-01-05 15:00:00
1972,86,2,47.8,96.6,96.6,1,92,1.0,0.0,2,1,1,2026-01-06 10:00:00
1973,86,3,55.7,72.2,72.2,1,54,0.0,0.0,3,2,1,2026-01-06 23:00:00
1974,86,4,81.5,66.7,66.7,1,98,0.0,0.0,4,2,0,2026-01-08 01:00:00
1975,86,5,63.3,61.67,70.4,1,69,1.0,-8.73,5,3,1,2026-01-08 08:00:00
1976,86,6,95.7,66.83,68.98,1,62,1.0,-2.15,6,1,0,2026-01-09 20:00:00
1977,86,7,98.7,80.17,73.43,1,59,1.0,6.73,7,2,0,2026-01-11 03:00:00
1978,86,7,78.4,85.9,77.04,2,171,1.0,8.86,8,2,0,2026-01-12 11:00:00
1979,86,7,99.5,90.93,77.21,3,248,1.0,13.72,9,2,0,2026-01-13 12:00:00
1980,86,8,42.7,92.2,79.69,1,120,1.0,12.51,10,2,1,2026-01-14 15:00:00
1981,86,8,98.7,73.53,75.99,2,199,1.0,-2.46,11,2,0,2026-01-16 03:00:00
1982,86,9,30.2,80.3,78.05,1,55,1.0,2.25,12,3,1,2026-01-16 15:00:00
1983,86,10,96.4,57.2,74.07,1,67,1.0,-16.87,13,2,0,2026-01-17 09:00:00
1984,86,11,32.8,75.1,75.78,1,114,0.5,-0.68,14,1,1,2026-01-18 09:00:00
1985,86,12,92.1,53.13,72.71,1,86,0.0,-19.58,14,2,0,2026-01-20 05:00:00
1986,86,12,85.6,73.77,74.01,2,165,0.0,-0.24,13,2,0,2026-01-21 04:00:00
1987,86,12,58.6,70.17,74.73,3,258,0.0,-4.56,12,2,1,2026-01-22 21:00:00
1988,86,13,61.5,78.77,73.78,1,100,1.0,4.98,12,2,1,2026-01-24 05:00:00
1989,87,1,58.1,75.0,75.0,1,162,1.0,0.0,1,1,1,2026-01-16 12:00:00
1990,87,2,36.9,58.1,58.1,1,168,0.0,0.0,2,1,1,2026-01-17 05:00:00
1991,87,3,95.2,47.5,47.5,1,132,0.0,0.0,3,2,0,2026-01-18 23:00:00
1992,87,4,77.9,63.4,63.4,1,113,1.0,0.0,4,2,0,2026-01-20 12:00:00
1993,87,5,46.1,70.0,67.03,1,131,1.0,2.97,5,3,1,2026-01-21 02:00:00
1994,87,5,75.4,73.07,62.84,2,276,1.0,10.23,6,3,0,2026-01-22 11:00:00
1995,87,5,68.8,66.47,64.93,3,396,1.0,1.53,7,3,1,2026-01-23 11:00:00
1996,87,6,72.7,63.43,65.49,1,120,1.0,-2.05,8,1,0,2026-01-24 11:00:00
1997,87,7,51.9,72.3,66.39,1,146,1.0,5.91,9,2,1,2026-01-24 21:00:00
1998,87,7,32.5,64.47,64.78,2,285,1.0,-0.31,10,2,1,2026-01-26 18:00:00
1999,87,7,59.1,52.37,61.55,3,425,1.0,-9.18,11,2,1,2026-01-28 02:00:00
2000,87,8,38.5,47.83,61.33,1,124,1.0,-13.49,12,2,1,2026-01-29 18:00:00
2001,87,9,79.1,43.37,59.42,1,135,0.0,-16.06,11,3,0,2026-01-31 11:00:00
2002,87,9,44.5,58.9,60.94,2,256,0.0,-2.04,12,3,1,2026-02-01 01:00:00
2003,87,9,40.6,54.03,59.76,3,413,0.0,-5.73,12,3,1,2026-02-02 16:00:00
2004,87,10,81.8,54.73,58.49,1,160,1.0,-3.75,13,2,0,2026-02-03 10:00:00
2005,87,10,77.6,55.63,59.94,2,263,1.0,-4.31,12,2,0,2026-02-04 11:00:00
2006,88,1,87.1,75.0,75.0,1,71,1.0,0.0,1,1,0,2026-02-02 08:00:00
2007,88,1,90.0,87.1,87.1,2,131,1.0,0.0,2,1,0,2026-02-02 15:00:00
2008,88,1,58.7,88.55,88.55,3,207,1.0,0.0,3,1,1,2026-02-04 04:00:00
2009,88,2,67.7,78.6,78.6,1,88,1.0,0.0,4,1,1,2026-02-05 21:00:00
2010,88,3,93.7,72.13,75.88,1,61,0.0,-3.74,5,2,0,2026-02-07 00:00:00
2011,88,4,94.3,73.37,79.44,1,71,1.0,-6.07,6,2,0,2026-02-08 15:00:00
2012,88,5,57.7,85.23,81.92,1,69,1.0,3.32,7,3,1,2026-02-09 17:00:00
2013,88,5,77.1,81.9,78.46,2,163,1.0,3.44,8,3,0,2026-02-11 05:00:00
2014,88,6,99.3,76.37,78.29,1,91,1.0,-1.92,9,1,0,2026-02-11 21:00:00
2015,88,7,72.0,78.03,80.62,1,75,1.0,-2.59,10,2,0,2026-02-12 21:00:00
2016,88,7,64.6,82.8,79.76,2,168,1.0,3.04,11,2,1,2026-02-14 13:00:00
2017,88,7,97.8,78.63,78.38,3,247,1.0,0.25,12,2,0,2026-02-16 05:00:00
2018,88,8,59.3,78.13,80.0,1,84,1.0,-1.87,11,2,1,2026-02-17 02:00:00
2019,88,9,33.3,73.9,78.41,1,123,0.0,-4.51,11,3,1,2026-02-18 08:00:00
2020,88,9,35.8,63.47,75.19,2,239,0.0,-11.72,11,3,1,2026-02-20 02:00:00
2021,88,9,74.7,42.8,72.56,3,303,0.0,-29.76,12,3,0,2026-02-20 15:00:00
2022,88,10,92.4,47.93,72.69,1,106,1.0,-24.76,12,2,0,2026-02-21 02:00:00
2023,88,11,88.5,67.63,73.85,1,106,0.5,-6.22,13,1,0,2026-02-21 17:00:00
2024,88,12,37.9,85.2,74.67,1,67,1.0,10.53,13,2,1,2026-02-23 01:00:00
2025,88,12,82.9,72.93,72.73,2,173,1.0,0.2,13,2,0,2026-02-23 23:00:00
2026,88,12,48.2,69.77,73.24,3,293,1.0,-3.47,14,2,1,2026-02-24 03:00:00
2027,88,13,72.7,56.33,72.05,1,67,1.0,-15.71,15,2,0,2026-02-25 01:00:00
2028,88,14,69.2,67.93,72.08,1,71,1.0,-4.14,14,3,1,2026-02-26 17:00:00
2029,88,15,44.0,63.37,71.95,1,110,1.0,-8.59,14,2,1,2026-02-27 20:00:00
2030,88,16,52.7,61.97,70.79,1,95,1.0,-8.82,14,3,1,2026-02-28 13:00:00
2031,88,17,83.6,55.3,70.06,1,101,0.0,-14.76,15,3,0,2026-02-28 23:00:00
2032,88,18,45.5,60.1,70.58,1,96,0.0,-10.48,16,3,1,2026-03-01 23:00:00
2033,88,19,84.5,60.6,69.66,1,97,1.0,-9.06,17,2,0,2026-03-02 04:00:00
2034,89,1,75.0,75.0,75.0,1,113,1.0,0.0,1,1,0,2026-01-26 11:00:00
2035,89,1,95.9,75.0,75.0,2,273,1.0,0.0,2,1,0,2026-01-26 20:00:00
2036,89,1,78.4,85.45,85.45,3,436,1.0,0.0,3,1,0,2026-01-27 08:00:00
2037,89,2,38.9,83.1,83.1,1,135,1.0,0.0,4,1,1,2026-01-29 04:00:00
2038,89,2,70.5,71.07,72.05,2,274,1.0,-0.98,5,1,0,2026-01-29 23:00:00
2039,89,2,55.5,62.6,71.74,3,383,1.0,-9.14,6,1,1,2026-01-31 15:00:00
2040,89,3,43.9,54.97,69.03,1,150,1.0,-14.07,7,2,1,2026-02-02 14:00:00
2041,89,3,95.2,56.63,65.44,2,301,1.0,-8.81,8,2,0,2026-02-03 09:00:00
2042,89,3,71.3,64.87,69.16,3,439,1.0,-4.3,9,2,0,2026-02-04 16:00:00
2043,89,4,59.4,70.13,69.4,1,162,1.0,0.73,10,2,1,2026-02-04 21:00:00
2044,89,5,50.6,75.3,68.4,1,133,0.0,6.9,11,3,1,2026-02-06 08:00:00
2045,89,6,64.7,60.43,66.78,1,151,1.0,-6.35,12,1,1,2026-02-06 21:00:00
2046,89,7,34.1,58.23,66.61,1,119,0.0,-8.38,13,2,1,2026-02-07 03:00:00
2047,89,8,68.1,49.8,64.11,1,139,1.0,-14.31,14,2,1,2026-02-08 06:00:00
2048,89,8,91.1,55.63,64.39,2,275,1.0,-8.76,14,2,0,2026-02-09 11:00:00
2049,89,9,47.0,64.43,66.17,1,144,1.0,-1.74,13,3,1,2026-02-11 10:00:00
2050,89,9,52.4,68.73,64.97,2,276,1.0,3.76,14,3,1,2026-02-11 15:00:00
2051,89,9,36.2,63.5,64.24,3,413,1.0,-0.74,14,3,1,2026-02-12 07:00:00
2052,89,10,32.6,45.2,62.68,1,156,1.0,-17.48,15,2,1,2026-02-12 16:00:00
2053,89,11,46.1,40.4,61.09,1,131,0.5,-20.69,15,1,1,2026-02-12 23:00:00
2054,89,12,32.0,38.3,60.34,1,107,0.0,-22.04,16,2,1,2026-02-13 07:00:00
2055,90,1,77.1,75.0,75.0,1,124,1.0,0.0,1,1,0,2026-01-15 21:00:00
2056,90,2,87.2,77.1,77.1,1,117,1.0,0.0,2,1,0,2026-01-17 17:00:00
2057,90,3,88.3,82.15,82.15,1,64,1.0,0.0,3,2,0,2026-01-18 08:00:00
2058,90,4,84.8,84.2,84.2,1,103,1.0,0.0,4,2,0,2026-01-20 02:00:00
2059,90,4,90.6,86.77,84.35,2,182,1.0,2.42,5,2,0,2026-01-21 11:00:00
2060,90,5,68.1,87.9,85.6,1,95,1.0,2.3,6,3,1,2026-01-22 17:00:00
2061,90,6,77.0,81.17,82.68,1,95,1.0,-1.52,7,1,0,2026-01-24 09:00:00
2062,90,7,97.4,78.57,81.87,1,85,1.0,-3.3,8,2,0,2026-01-25 07:00:00
2063,90,7,66.4,80.83,83.81,2,159,1.0,-2.98,9,2,1,2026-01-25 15:00:00
2064,90,7,84.0,80.27,81.88,3,235,1.0,-1.61,10,2,0,2026-01-26 03:00:00
2065,90,8,74.8,82.6,82.09,1,71,1.0,0.51,11,2,0,2026-01-27 09:00:00
2066,90,9,61.9,75.07,81.43,1,73,1.0,-6.36,12,3,1,2026-01-28 23:00:00
2067,90,10,96.5,73.57,79.8,1,88,1.0,-6.23,12,2,0,2026-01-30 11:00:00
2068,90,11,59.2,77.73,81.08,1,75,1.0,-3.35,12,1,1,2026-01-31 19:00:00
2069,90,12,94.5,72.53,79.52,1,103,0.0,-6.99,12,2,0,2026-02-02 17:00:00
2070,90,13,96.4,83.4,80.52,1,119,1.0,2.88,12,2,0,2026-02-03 04:00:00
2071,90,14,44.9,83.37,81.51,1,78,1.0,1.85,12,3,1,2026-02-04 12:00:00
2072,91,1,84.2,75.0,75.0,1,64,1.0,0.0,1,1,0,2026-02-02 06:00:00
2073,91,2,92.9,84.2,84.2,1,69,1.0,0.0,2,1,0,2026-02-04 00:00:00
2074,91,3,75.0,88.55,88.55,1,69,1.0,0.0,3,2,0,2026-02-05 17:00:00
2075,91,4,100.0,84.03,84.03,1,61,1.0,0.0,4,2,0,2026-02-06 22:00:00
2076,91,5,93.7,89.3,88.02,1,74,1.0,1.27,5,3,0,2026-02-07 09:00:00
2077,91,6,75.3,89.57,89.16,1,69,1.0,0.41,6,1,0,2026-02-09 00:00:00
2078,91,7,95.8,89.67,86.85,1,35,1.0,2.82,7,2,0,2026-02-10 09:00:00
2079,91,8,95.1,88.27,88.13,1,77,1.0,0.14,8,2,0,2026-02-12 09:00:00
2080,91,8,98.1,88.73,89.0,2,154,1.0,-0.27,9,2,0,2026-02-13 04:00:00
2081,91,9,74.6,96.33,90.01,1,44,1.0,6.32,10,3,0,2026-02-13 12:00:00
2082,91,10,46.2,89.27,88.47,1,60,1.0,0.8,11,2,1,2026-02-14 07:00:00
2083,91,11,82.0,72.97,84.63,1,73,1.0,-11.66,12,1,0,2026-02-15 01:00:00
2084,91,12,74.5,67.6,84.41,1,55,1.0,-16.81,13,2,0,2026-02-15 21:00:00
2085,91,13,33.6,67.57,83.65,1,81,1.0,-16.08,13,2,1,2026-02-17 16:00:00
2086,91,14,92.7,63.37,80.07,1,107,1.0,-16.7,13,3,0,2026-02-18 11:00:00
2087,91,14,76.4,66.93,80.91,2,151,1.0,-13.98,13,3,0,2026-02-19 17:00:00
2088,91,14,77.5,67.57,80.63,3,183,1.0,-13.06,14,3,0,2026-02-20 18:00:00
2089,92,1,75.0,75.0,75.0,1,146,1.0,0.0,1,1,0,2026-01-16 00:00:00
2090,92,2,64.8,75.0,75.0,1,154,1.0,0.0,2,1,1,2026-01-17 00:00:00
2091,92,2,46.6,69.9,69.9,2,289,1.0,0.0,3,1,1,2026-01-17 05:00:00
2092,92,3,35.1,62.13,62.13,1,169,0.0,0.0,4,2,1,2026-01-17 13:00:00
2093,92,3,59.1,48.83,55.38,2,282,0.0,-6.54,5,2,1,2026-01-19 03:00:00
2094,92,3,72.4,46.93,56.12,3,435,0.0,-9.19,6,2,0,2026-01-19 16:00:00
2095,92,4,54.8,55.53,58.83,1,127,1.0,-3.3,7,2,1,2026-01-20 10:00:00
2096,92,5,39.9,62.1,58.26,1,174,0.0,3.84,8,3,1,2026-01-22 05:00:00
2097,92,5,42.4,55.7,55.96,2,353,0.0,-0.26,9,3,1,2026-01-24 00:00:00
2098,92,5,64.6,45.7,54.46,3,477,0.0,-8.76,10,3,1,2026-01-24 23:00:00
2099,92,6,74.0,48.97,55.47,1,129,1.0,-6.5,11,1,0,2026-01-25 10:00:00
2100,92,7,45.2,60.33,57.15,1,157,1.0,3.18,12,2,1,2026-01-26 05:00:00
2101,92,7,72.4,61.27,56.16,2,289,1.0,5.11,13,2,0,2026-01-26 16:00:00
2102,92,8,79.4,63.87,57.41,1,139,1.0,6.46,14,2,0,2026-01-27 21:00:00
2103,92,8,43.1,65.67,58.98,2,279,1.0,6.69,15,2,1,2026-01-29 09:00:00
2104,92,8,70.7,64.97,57.92,3,380,1.0,7.05,15,2,0,2026-01-30 20:00:00
2105,92,9,69.8,64.4,58.72,1,139,1.0,5.68,13,3,1,2026-01-31 18:00:00
2106,92,10,46.4,61.2,59.37,1,126,1.0,1.83,14,2,1,2026-02-02 01:00:00
2107,92,10,93.7,62.3,58.65,2,256,1.0,3.65,14,2,0,2026-02-02 15:00:00
2108,92,10,47.7,69.97,60.49,3,424,1.0,9.47,13,2,1,2026-02-03 18:00:00
2109,92,11,85.2,62.6,59.86,1,114,0.5,2.74,14,1,0,2026-02-04 12:00:00
2110,92,11,93.5,75.53,61.06,2,270,0.5,14.47,15,1,0,2026-02-05 00:00:00
2111,92,12,41.5,75.47,62.54,1,134,0.5,12.93,15,2,1,2026-02-06 06:00:00
2112,92,13,56.9,73.4,61.62,1,134,0.0,11.78,16,2,1,2026-02-06 10:00:00
2113,92,14,49.1,63.97,61.42,1,155,0.5,2.54,16,3,1,2026-02-07 17:00:00
2114,92,14,79.5,49.17,60.93,2,301,0.5,-11.77,15,3,0,2026-02-08 22:00:00
2115,92,15,97.3,61.83,61.65,1,151,1.0,0.19,15,2,0,2026-02-09 08:00:00
2116,92,16,69.1,75.3,62.97,1,159,0.0,12.33,16,3,1,2026-02-09 12:00:00
2117,93,1,96.2,75.0,75.0,1,133,1.0,0.0,1,1,0,2026-01-28 15:00:00
2118,93,1,40.9,96.2,96.2,2,260,1.0,0.0,2,1,1,2026-01-28 19:00:00
2119,93,2,73.3,68.55,68.55,1,118,1.0,0.0,3,1,0,2026-01-29 03:00:00
2120,93,2,92.1,70.13,70.13,2,241,1.0,0.0,4,1,0,2026-01-30 16:00:00
2121,93,3,51.2,68.77,75.62,1,198,1.0,-6.86,5,2,1,2026-01-31 20:00:00
2122,93,3,40.6,72.2,70.74,2,362,1.0,1.46,6,2,1,2026-02-01 10:00:00
2123,93,3,86.7,61.3,65.72,3,474,1.0,-4.42,7,2,0,2026-02-01 22:00:00
2124,93,4,98.3,59.5,68.71,1,113,1.0,-9.21,8,2,0,2026-02-02 05:00:00
2125,93,4,84.0,75.2,72.41,2,262,1.0,2.79,9,2,0,2026-02-03 08:00:00
2126,93,5,36.2,89.67,73.7,1,150,1.0,15.97,10,3,1,2026-02-03 20:00:00
2127,93,6,54.8,72.83,69.95,1,150,1.0,2.88,11,1,1,2026-02-05 07:00:00
2128,93,6,39.7,58.33,68.57,2,284,1.0,-10.24,12,1,1,2026-02-06 12:00:00
2129,93,6,96.0,43.57,66.17,3,421,1.0,-22.6,13,1,0,2026-02-07 02:00:00
2130,93,7,32.4,63.5,68.46,1,146,1.0,-4.96,14,2,1,2026-02-07 06:00:00
2131,93,7,91.4,56.03,65.89,2,287,1.0,-9.85,15,2,0,2026-02-07 12:00:00
2132,93,8,50.1,73.27,67.59,1,95,1.0,5.68,16,2,1,2026-02-08 12:00:00
2133,93,9,95.7,57.97,66.49,1,135,0.0,-8.53,17,3,0,2026-02-09 11:00:00
2134,93,10,32.7,79.07,68.21,1,122,1.0,10.85,18,2,1,2026-02-10 09:00:00
2135,93,10,97.5,59.5,66.24,2,265,1.0,-6.74,19,2,0,2026-02-11 06:00:00
2136,93,10,86.0,75.3,67.88,3,464,1.0,7.42,17,2,0,2026-02-12 13:00:00
2137,93,11,89.3,72.07,68.79,1,147,1.0,3.28,17,1,0,2026-02-14 04:00:00
2138,93,11,35.9,90.93,69.77,2,280,1.0,21.17,15,1,1,2026-02-16 01:00:00
2139,93,12,52.7,70.4,68.23,1,158,1.0,2.17,15,2,1,2026-02-17 05:00:00
2140,93,12,60.5,59.3,67.55,2,307,1.0,-8.25,15,2,1,2026-02-17 18:00:00
2141,93,12,58.1,49.7,67.26,3,455,1.0,-17.56,15,2,1,2026-02-18 18:00:00
2142,93,13,94.3,57.1,66.89,1,152,0.0,-9.79,15,2,0,2026-02-19 22:00:00
2143,93,13,74.0,70.97,67.95,2,333,0.0,3.02,15,2,0,2026-02-20 18:00:00
2144,93,14,36.0,75.47,68.17,1,117,0.5,7.3,13,3,1,2026-02-22 10:00:00
2145,93,15,50.6,68.1,67.02,1,149,1.0,1.08,13,2,1,2026-02-23 03:00:00
2146,93,15,38.5,53.53,66.46,2,270,1.0,-12.92,12,2,1,2026-02-24 19:00:00
2147,93,15,76.9,41.7,65.52,3,421,1.0,-23.82,12,2,0,2026-02-25 06:00:00
2148,93,16,97.3,55.33,65.89,1,121,0.5,-10.56,13,3,0,2026-02-26 10:00:00
2149,93,16,86.4,70.9,66.87,2,252,0.5,4.03,13,3,0,2026-02-27 14:00:00
2150,94,1,41.5,75.0,75.0,1,84,1.0,0.0,1,1,1,2026-01-08 19:00:00
2151,94,2,41.0,41.5,41.5,1,109,0.0,0.0,2,1,1,2026-01-09 02:00:00
2152,94,3,61.5,41.25,41.25,1,108,0.0,0.0,3,2,1,2026-01-10 02:00:00
2153,94,3,92.5,48.0,48.0,2,173,0.0,0.0,4,2,0,2026-01-10 07:00:00
2154,94,3,68.0,65.0,59.12,3,264,0.0,5.88,5,2,1,2026-01-11 04:00:00
2155,94,4,83.0,74.0,60.9,1,75,1.0,13.1,6,2,0,2026-01-13 04:00:00
2156,94,5,81.1,81.17,64.58,1,64,1.0,16.58,7,3,0,2026-01-15 01:00:00
2157,94,6,83.4,77.37,66.94,1,85,1.0,10.42,8,1,0,2026-01-15 23:00:00
2158,94,7,48.7,82.5,69.0,1,83,1.0,13.5,9,2,1,2026-01-16 20:00:00
2159,94,7,47.2,71.07,66.74,2,221,1.0,4.32,10,2,1,2026-01-18 11:00:00
2160,94,7,86.0,59.77,64.79,3,319,1.0,-5.02,11,2,0,2026-01-20 02:00:00
2161,94,8,86.2,60.63,66.72,1,62,1.0,-6.08,12,2,0,2026-01-20 06:00:00
2162,94,9,49.4,73.13,68.34,1,78,1.0,4.79,13,3,1,2026-01-22 05:00:00
2163,94,10,72.3,73.87,66.88,1,110,1.0,6.98,12,2,0,2026-01-23 08:00:00
2164,94,11,35.3,69.3,67.27,1,131,0.5,2.03,13,1,1,2026-01-23 13:00:00
2165,95,1,79.1,75.0,75.0,1,108,1.0,0.0,1,1,0,2026-01-18 15:00:00
2166,95,1,74.2,79.1,79.1,2,210,1.0,0.0,2,1,0,2026-01-20 07:00:00
2167,95,1,68.8,76.65,76.65,3,387,1.0,0.0,3,1,1,2026-01-21 08:00:00
2168,95,2,45.4,74.03,74.03,1,147,1.0,0.0,4,1,1,2026-01-21 20:00:00
2169,95,2,63.3,62.8,66.88,2,269,1.0,-4.07,5,1,1,2026-01-23 10:00:00
2170,95,2,53.6,59.17,66.16,3,419,1.0,-6.99,6,1,1,2026-01-23 19:00:00
2171,95,3,33.0,54.1,64.07,1,87,0.0,-9.97,7,2,1,2026-01-24 20:00:00
2172,95,3,35.3,49.97,59.63,2,227,0.0,-9.66,8,2,1,2026-01-25 23:00:00
2173,95,4,50.2,40.63,56.59,1,146,0.0,-15.95,9,2,1,2026-01-26 23:00:00
2174,95,5,92.0,39.5,55.88,1,158,0.0,-16.38,10,3,0,2026-01-28 15:00:00
2175,95,6,48.3,59.17,59.49,1,119,1.0,-0.32,11,1,1,2026-01-29 12:00:00
2176,95,6,50.1,63.5,58.47,2,260,1.0,5.03,12,1,1,2026-01-30 22:00:00
2177,95,7,56.0,63.47,57.78,1,121,0.0,5.69,13,2,1,2026-01-31 07:00:00
2178,95,8,82.6,51.47,57.64,1,145,1.0,-6.17,14,2,0,2026-01-31 16:00:00
2179,95,9,55.6,62.9,59.42,1,122,1.0,3.48,14,3,1,2026-02-01 18:00:00
2180,95,10,65.3,64.73,59.17,1,131,1.0,5.57,15,2,1,2026-02-02 09:00:00
2181,95,10,59.8,67.83,59.55,2,251,1.0,8.28,16,2,1,2026-02-03 00:00:00
2182,95,10,87.1,60.23,59.56,3,404,1.0,0.67,15,2,0,2026-02-04 08:00:00
2183,95,11,30.2,70.73,61.09,1,157,0.0,9.64,15,1,1,2026-02-05 08:00:00
2184,95,11,85.1,59.03,59.47,2,292,0.0,-0.44,14,1,0,2026-02-07 05:00:00
2185,95,11,89.4,67.47,60.75,3,432,0.0,6.72,14,1,0,2026-02-08 03:00:00
2186,95,12,53.7,68.23,62.11,1,111,0.5,6.12,14,2,1,2026-02-09 09:00:00
2187,95,13,69.0,76.07,61.73,1,134,0.0,14.33,14,2,1,2026-02-10 21:00:00
2188,95,13,93.1,70.7,62.05,2,272,0.0,8.65,15,2,0,2026-02-11 06:00:00
2189,95,13,80.6,71.93,63.34,3,464,0.0,8.59,15,2,0,2026-02-12 07:00:00
2190,95,14,65.2,80.9,64.03,1,117,0.0,16.87,15,3,1,2026-02-13 05:00:00
2191,95,15,46.2,79.63,64.08,1,169,1.0,15.56,14,2,1,2026-02-14 11:00:00
2192,95,16,58.6,64.0,63.41,1,159,0.0,0.59,13,3,1,2026-02-16 02:00:00
2193,95,16,42.1,56.67,63.24,2,304,0.0,-6.58,12,3,1,2026-02-17 14:00:00
2194,95,16,61.8,48.97,62.51,3,479,0.0,-13.55,12,3,1,2026-02-18 18:00:00
2195,95,17,94.5,54.17,62.49,1,147,0.0,-8.32,12,3,0,2026-02-19 19:00:00
2196,95,17,43.4,66.13,63.52,2,294,0.0,2.61,13,3,1,2026-02-20 22:00:00
2197,95,18,98.1,66.57,62.89,1,138,0.0,3.67,12,3,0,2026-02-22 16:00:00
2198,95,19,53.9,78.67,63.96,1,164,1.0,14.71,13,2,1,2026-02-22 21:00:00
2199,95,19,50.2,65.13,63.66,2,325,1.0,1.47,14,2,1,2026-02-23 07:00:00
2200,95,19,79.9,67.4,63.28,3,452,1.0,4.12,12,2,0,2026-02-25 06:00:00
2201,95,20,46.2,61.33,63.74,1,113,0.5,-2.41,13,3,1,2026-02-25 20:00:00
2202,96,1,56.6,75.0,75.0,1,85,1.0,0.0,1,1,1,2026-01-09 04:00:00
2203,96,2,95.8,56.6,56.6,1,73,0.0,0.0,2,1,0,2026-01-09 11:00:00
2204,96,2,76.4,76.2,76.2,2,161,0.0,0.0,3,1,0,2026-01-10 11:00:00
2205,96,3,89.0,76.27,76.27,1,114,1.0,0.0,4,2,0,2026-01-12 04:00:00
2206,96,3,98.7,87.07,79.45,2,194,1.0,7.62,5,2,0,2026-01-13 12:00:00
2207,96,3,63.7,88.03,83.3,3,283,1.0,4.73,6,2,1,2026-01-14 20:00:00
2208,96,4,66.4,83.8,80.03,1,91,1.0,3.77,7,2,1,2026-01-15 23:00:00
2209,96,5,68.7,76.27,78.09,1,106,0.0,-1.82,8,3,1,2026-01-17 22:00:00
2210,96,6,73.8,66.27,76.91,1,45,1.0,-10.65,9,1,0,2026-01-18 02:00:00
2211,96,7,79.0,69.63,76.57,1,77,1.0,-6.93,10,2,0,2026-01-18 10:00:00
2212,96,7,88.5,73.83,76.81,2,171,1.0,-2.98,11,2,0,2026-01-20 07:00:00
2213,96,8,43.6,80.43,77.87,1,114,1.0,2.56,12,2,1,2026-01-21 10:00:00
2214,96,9,30.5,70.37,75.02,1,80,0.0,-4.65,13,3,1,2026-01-23 02:00:00
2215,96,9,66.3,54.2,71.59,2,132,0.0,-17.39,12,3,1,2026-01-24 09:00:00
2216,96,10,90.9,46.8,71.21,1,102,1.0,-24.41,12,2,0,2026-01-25 05:00:00
2217,96,10,35.0,62.57,72.53,2,179,1.0,-9.96,13,2,1,2026-01-26 02:00:00
2218,96,11,45.0,64.07,70.18,1,66,1.0,-6.11,12,1,1,2026-01-28 02:00:00
2219,97,1,70.2,75.0,75.0,1,77,1.0,0.0,1,1,0,2026-01-17 14:00:00
2220,97,2,81.7,70.2,70.2,1,86,1.0,0.0,2,1,0,2026-01-18 10:00:00
2221,97,2,87.5,75.95,75.95,2,163,1.0,0.0,3,1,0,2026-01-20 00:00:00
2222,97,3,42.3,79.8,79.8,1,45,1.0,0.0,4,2,1,2026-01-20 18:00:00
2223,97,4,65.6,70.5,70.42,1,107,0.0,0.08,5,2,1,2026-01-21 00:00:00
2224,97,5,70.4,65.13,69.46,1,115,0.0,-4.33,6,3,0,2026-01-22 12:00:00
2225,97,5,93.8,59.43,69.62,2,218,0.0,-10.18,7,3,0,2026-01-23 17:00:00
2226,97,6,96.3,76.6,73.07,1,67,1.0,3.53,8,1,0,2026-01-25 02:00:00
2227,97,7,87.8,86.83,75.98,1,85,1.0,10.86,9,2,0,2026-01-25 16:00:00
2228,97,8,94.1,92.63,77.29,1,89,1.0,15.34,10,2,0,2026-01-26 11:00:00
2229,97,9,83.9,92.73,78.97,1,101,1.0,13.76,11,3,0,2026-01-27 02:00:00
2230,97,10,94.0,88.6,79.42,1,103,1.0,9.18,12,2,0,2026-01-28 10:00:00
2231,97,11,98.7,90.67,80.63,1,75,1.0,10.03,13,1,0,2026-01-29 02:00:00
2232,97,12,84.7,92.2,82.02,1,91,1.0,10.18,14,2,0,2026-01-30 15:00:00
2233,97,13,81.1,92.47,82.21,1,99,1.0,10.25,14,2,0,2026-01-31 22:00:00
2234,97,13,52.7,88.17,82.14,2,218,1.0,6.03,14,2,1,2026-02-02 15:00:00
2235,97,13,86.7,72.83,80.3,3,322,1.0,-7.47,12,2,0,2026-02-04 15:00:00
2236,97,14,93.0,73.5,80.68,1,105,1.0,-7.18,13,3,0,2026-02-05 10:00:00
2237,97,15,87.5,77.47,81.36,1,91,1.0,-3.89,13,2,0,2026-02-05 23:00:00
2238,97,16,35.5,89.07,81.68,1,118,1.0,7.38,14,3,1,2026-02-06 09:00:00
2239,97,16,86.5,72.0,79.38,2,216,1.0,-7.38,15,3,0,2026-02-06 13:00:00
2240,97,16,63.5,69.83,79.71,3,288,1.0,-9.88,15,3,1,2026-02-07 01:00:00
2241,97,17,84.6,61.83,78.98,1,118,1.0,-17.14,16,3,0,2026-02-07 10:00:00
2242,98,1,91.3,75.0,75.0,1,103,1.0,0.0,1,1,0,2026-01-21 03:00:00
2243,98,2,71.5,91.3,91.3,1,81,1.0,0.0,2,1,0,2026-01-22 23:00:00
2244,98,3,95.5,81.4,81.4,1,80,1.0,0.0,3,2,0,2026-01-24 07:00:00
2245,98,4,82.5,86.1,86.1,1,95,1.0,0.0,4,2,0,2026-01-24 19:00:00
2246,98,5,93.8,83.17,85.2,1,99,1.0,-2.03,5,3,0,2026-01-25 02:00:00
2247,98,6,86.1,90.6,86.92,1,93,1.0,3.68,6,1,0,2026-01-26 19:00:00
2248,98,7,62.4,87.47,86.78,1,96,1.0,0.68,7,2,1,2026-01-28 01:00:00
2249,98,8,98.7,80.77,83.3,1,123,1.0,-2.53,8,2,0,2026-01-28 15:00:00
2250,98,9,32.7,82.4,85.22,1,111,1.0,-2.83,9,3,1,2026-01-30 05:00:00
2251,98,9,62.0,64.6,79.39,2,204,1.0,-14.79,10,3,1,2026-01-30 18:00:00
2252,98,9,71.7,64.47,77.65,3,312,1.0,-13.18,11,3,0,2026-02-01 05:00:00
2253,98,10,91.0,55.47,77.11,1,69,1.0,-21.64,12,2,0,2026-02-01 11:00:00
2254,98,10,44.4,74.9,78.27,2,166,1.0,-3.37,13,2,1,2026-02-02 23:00:00
2255,98,11,82.9,69.03,75.66,1,126,0.5,-6.63,14,1,0,2026-02-03 05:00:00
2256,99,1,89.4,75.0,75.0,1,55,1.0,0.0,1,1,0,2026-01-07 02:00:00
2257,99,2,73.5,89.4,89.4,1,43,1.0,0.0,2,1,0,2026-01-08 09:00:00
2258,99,3,52.1,81.45,81.45,1,46,1.0,0.0,3,2,1,2026-01-09 10:00:00
2259,99,4,84.8,71.67,71.67,1,38,0.0,0.0,4,2,0,2026-01-09 16:00:00
2260,99,4,35.9,70.13,74.95,2,82,0.0,-4.82,5,2,1,2026-01-11 11:00:00
2261,99,4,87.1,57.6,67.14,3,134,0.0,-9.54,6,2,0,2026-01-11 20:00:00
2262,99,5,68.9,69.27,70.47,1,31,1.0,-1.2,7,3,1,2026-01-12 18:00:00
2263,99,6,76.1,63.97,70.24,1,60,1.0,-6.28,8,1,0,2026-01-13 13:00:00
2264,99,7,81.2,77.37,70.97,1,78,1.0,6.39,9,2,0,2026-01-15 00:00:00
2265,99,7,81.7,75.4,72.11,2,119,1.0,3.29,10,2,0,2026-01-16 09:00:00
2266,99,7,46.0,79.67,73.07,3,209,1.0,6.6,11,2,1,2026-01-17 10:00:00
2267,99,8,44.4,69.63,70.61,1,70,1.0,-0.98,12,2,1,2026-01-18 11:00:00
2268,99,8,95.7,57.37,68.42,2,150,1.0,-11.06,13,2,0,2026-01-20 03:00:00
2269,99,8,81.5,62.03,70.52,3,196,1.0,-8.49,13,2,0,2026-01-21 21:00:00
2270,99,9,81.1,73.87,71.31,1,77,1.0,2.56,13,3,0,2026-01-22 12:00:00
2271,99,10,80.3,86.1,71.96,1,38,1.0,14.14,12,2,0,2026-01-24 00:00:00
2272,99,10,81.9,80.97,72.48,2,115,1.0,8.49,13,2,0,2026-01-25 03:00:00
2273,99,11,41.0,81.1,73.04,1,63,1.0,8.06,12,1,1,2026-01-26 12:00:00
2274,99,12,98.0,67.73,71.26,1,71,0.5,-3.52,12,2,0,2026-01-27 03:00:00
2275,99,12,87.5,73.63,72.66,2,107,0.5,0.97,12,2,0,2026-01-27 23:00:00
2276,99,13,38.5,75.5,73.4,1,42,1.0,2.09,13,2,1,2026-01-28 23:00:00
2277,100,1,97.2,75.0,75.0,1,71,1.0,0.0,1,1,0,2026-01-27 18:00:00
2278,100,2,62.8,97.2,97.2,1,41,1.0,0.0,2,1,1,2026-01-29 05:00:00
2279,100,3,74.7,80.0,80.0,1,69,0.0,0.0,3,2,0,2026-01-30 20:00:00
2280,100,4,40.4,78.23,78.23,1,32,1.0,0.0,4,2,1,2026-02-01 08:00:00
2281,100,5,57.0,59.3,68.77,1,76,0.0,-9.47,5,3,1,2026-02-03 05:00:00
2282,100,6,74.0,57.37,66.42,1,35,1.0,-9.05,6,1,0,2026-02-04 13:00:00
2283,100,7,97.3,57.13,67.68,1,71,1.0,-10.55,7,2,0,2026-02-04 17:00:00
2284,100,8,67.2,76.1,71.91,1,72,1.0,4.19,8,2,1,2026-02-05 06:00:00
2285,100,9,74.6,79.5,71.32,1,46,0.0,8.17,9,3,0,2026-02-05 12:00:00
2286,100,10,98.4,79.7,71.69,1,71,1.0,8.01,10,2,0,2026-02-06 21:00:00
2287,100,11,73.7,80.07,74.36,1,65,0.5,5.71,11,1,0,2026-02-08 13:00:00
2288,100,12,66.2,82.23,74.3,1,49,1.0,7.93,12,2,1,2026-02-10 00:00:00
2289,100,13,81.7,79.43,73.63,1,39,0.0,5.81,13,2,0,2026-02-10 13:00:00
2290,100,14,61.3,73.87,74.25,1,30,0.5,-0.38,12,3,1,2026-02-12 09:00:00
2291,100,15,97.3,69.73,73.32,1,66,1.0,-3.59,12,2,0,2026-02-14 07:00:00
2292,100,16,37.6,80.1,74.92,1,30,0.5,5.18,13,3,1,2026-02-15 01:00:00
2293,100,16,84.2,65.4,72.59,2,91,0.5,-7.19,13,3,0,2026-02-15 23:00:00
2294,100,17,85.2,73.03,73.27,1,54,1.0,-0.24,13,3,0,2026-02-17 06:00:00
2295,100,18,75.6,69.0,73.93,1,73,1.0,-4.93,13,3,0,2026-02-18 15:00:00
2296,100,19,38.0,81.67,74.02,1,53,1.0,7.65,13,2,1,2026-02-19 05:00:00
2297,100,20,95.4,66.27,72.22,1,53,0.5,-5.95,12,3,0,2026-02-19 15:00:00
2298,101,1,49.7,75.0,75.0,1,74,1.0,0.0,1,1,1,2026-01-29 09:00:00
2299,101,1,77.7,49.7,49.7,2,140,1.0,0.0,2,1,0,2026-01-30 05:00:00
2300,101,1,77.9,63.7,63.7,3,206,1.0,0.0,3,1,0,2026-01-31 05:00:00
2301,101,2,50.3,68.43,68.43,1,69,1.0,0.0,4,1,1,2026-01-31 19:00:00
2302,101,3,99.7,68.63,63.9,1,30,0.0,4.73,5,2,0,2026-02-01 08:00:00
2303,101,4,98.8,75.97,71.06,1,75,1.0,4.91,6,2,0,2026-02-01 23:00:00
2304,101,4,54.7,82.93,75.68,2,147,1.0,7.25,7,2,1,2026-02-02 14:00:00
2305,101,4,81.7,84.4,72.69,3,186,1.0,11.71,8,2,0,2026-02-04 11:00:00
2306,101,5,93.8,78.4,73.81,1,55,1.0,4.59,9,3,0,2026-02-05 08:00:00
2307,101,6,60.8,76.73,76.03,1,59,1.0,0.7,10,1,1,2026-02-06 23:00:00
2308,101,7,89.8,78.77,74.51,1,57,0.0,4.26,11,2,0,2026-02-08 03:00:00
2309,101,8,81.6,81.47,75.9,1,66,1.0,5.57,12,2,0,2026-02-09 13:00:00
2310,101,9,94.0,77.4,76.37,1,88,1.0,1.03,13,3,0,2026-02-10 09:00:00
2311,101,10,90.2,88.47,77.73,1,81,1.0,10.74,14,2,0,2026-02-12 01:00:00
2312,101,11,76.3,88.6,78.62,1,33,0.5,9.98,13,1,0,2026-02-13 05:00:00
2313,101,12,62.4,86.83,78.47,1,72,1.0,8.37,13,2,1,2026-02-14 15:00:00
2314,101,13,96.0,76.3,77.46,1,86,0.0,-1.16,13,2,0,2026-02-14 19:00:00
2315,101,14,76.1,78.23,78.55,1,67,0.5,-0.32,13,3,0,2026-02-15 18:00:00
2316,101,15,71.1,78.17,78.42,1,81,1.0,-0.25,12,2,0,2026-02-17 15:00:00
2317,101,16,93.9,81.07,78.03,1,100,0.5,3.04,12,3,0,2026-02-19 01:00:00
2318,101,17,57.7,80.37,78.82,1,80,1.0,1.54,12,3,1,2026-02-20 10:00:00
2319,101,18,67.5,74.23,77.82,1,64,1.0,-3.59,11,3,1,2026-02-22 06:00:00
2320,101,19,75.7,73.03,77.35,1,80,1.0,-4.32,12,2,0,2026-02-23 10:00:00
2321,101,20,80.6,66.97,77.28,1,62,1.0,-10.31,12,3,0,2026-02-23 21:00:00
2322,102,1,97.6,75.0,75.0,1,90,1.0,0.0,1,1,0,2026-01-24 20:00:00
2323,102,1,82.6,97.6,97.6,2,172,1.0,0.0,2,1,0,2026-01-25 03:00:00
2324,102,1,90.0,90.1,90.1,3,293,1.0,0.0,3,1,0,2026-01-26 02:00:00
2325,102,2,33.6,90.07,90.07,1,73,1.0,0.0,4,1,1,2026-01-27 01:00:00
2326,102,3,82.2,68.73,75.95,1,120,0.0,-7.22,5,2,0,2026-01-28 02:00:00
2327,102,3,31.5,68.6,77.2,2,219,0.0,-8.6,6,2,1,2026-01-28 20:00:00
2328,102,4,96.5,49.1,69.58,1,62,1.0,-20.48,7,2,0,2026-01-30 04:00:00
2329,102,4,38.9,70.07,73.43,2,159,1.0,-3.36,8,2,1,2026-01-31 20:00:00
2330,102,5,34.4,55.63,69.11,1,47,1.0,-13.48,9,3,1,2026-02-01 11:00:00
2331,102,6,72.4,56.6,65.26,1,102,1.0,-8.66,10,1,0,2026-02-02 10:00:00
2332,102,7,54.4,48.57,65.97,1,107,1.0,-17.4,11,2,1,2026-02-04 02:00:00
2333,102,8,64.9,53.73,64.92,1,78,1.0,-11.18,12,2,1,2026-02-05 03:00:00
2334,102,9,87.1,63.9,64.92,1,92,0.0,-1.02,13,3,0,2026-02-06 22:00:00
2335,102,9,91.2,68.8,66.62,2,221,0.0,2.18,12,3,0,2026-02-08 16:00:00
2336,102,10,40.5,81.07,68.38,1,79,1.0,12.69,12,2,1,2026-02-09 13:00:00
2337,102,11,91.7,72.93,66.52,1,68,0.0,6.41,12,1,0,2026-02-10 19:00:00
2338,102,12,98.0,74.47,68.09,1,119,1.0,6.37,11,2,0,2026-02-12 08:00:00
2339,102,13,90.7,76.73,69.85,1,129,1.0,6.88,11,2,0,2026-02-13 16:00:00
2340,102,13,79.0,93.47,71.01,2,219,1.0,22.46,12,2,0,2026-02-13 22:00:00
2341,102,13,61.3,89.23,71.43,3,329,1.0,17.8,12,2,1,2026-02-14 20:00:00
2342,102,14,70.3,77.0,70.92,1,116,0.5,6.08,13,3,0,2026-02-15 08:00:00
2343,103,1,88.3,75.0,75.0,1,75,1.0,0.0,1,1,0,2026-01-30 08:00:00
2344,103,2,95.9,88.3,88.3,1,80,1.0,0.0,2,1,0,2026-01-30 19:00:00
2345,103,3,80.1,92.1,92.1,1,114,1.0,0.0,3,2,0,2026-01-31 11:00:00
2346,103,4,54.3,88.1,88.1,1,123,1.0,0.0,4,2,1,2026-01-31 20:00:00
2347,103,5,45.8,76.77,79.65,1,101,0.0,-2.88,5,3,1,2026-02-01 16:00:00
2348,103,6,41.8,60.07,72.88,1,72,1.0,-12.81,6,1,1,2026-02-01 23:00:00
2349,103,7,83.7,47.3,67.7,1,129,0.0,-20.4,7,2,0,2026-02-02 18:00:00
2350,103,8,58.5,57.1,69.99,1,79,1.0,-12.89,8,2,1,2026-02-03 12:00:00
2351,103,9,31.3,61.33,68.55,1,83,0.0,-7.22,9,3,1,2026-02-05 02:00:00
2352,103,9,41.2,57.83,64.41,2,179,0.0,-6.58,10,3,1,2026-02-05 15:00:00
2353,103,10,47.5,43.67,62.09,1,121,1.0,-18.42,11,2,1,2026-02-07 13:00:00
2354,103,10,71.1,40.0,60.76,2,228,1.0,-20.76,12,2,0,2026-02-08 09:00:00
2355,103,10,93.8,53.27,61.62,3,326,1.0,-8.36,13,2,0,2026-02-08 22:00:00
2356,103,11,80.2,70.8,64.1,1,99,1.0,6.7,14,1,0,2026-02-09 19:00:00
2357,103,12,85.6,81.7,65.25,1,90,0.5,16.45,15,2,0,2026-02-10 11:00:00
2358,103,13,38.6,86.53,66.61,1,101,1.0,19.93,16,2,1,2026-02-12 03:00:00
2359,103,14,90.8,68.13,64.86,1,39,1.0,3.28,16,3,0,2026-02-13 11:00:00
2360,104,1,84.4,75.0,75.0,1,84,1.0,0.0,1,1,0,2026-01-18 07:00:00
2361,104,2,89.3,84.4,84.4,1,94,1.0,0.0,2,1,0,2026-01-18 14:00:00
2362,104,3,52.2,86.85,86.85,1,66,1.0,0.0,3,2,1,2026-01-19 08:00:00
2363,104,4,86.2,75.3,75.3,1,97,0.0,0.0,4,2,0,2026-01-19 20:00:00
2364,104,5,74.9,75.9,78.02,1,85,1.0,-2.12,5,3,0,2026-01-20 05:00:00
2365,104,6,40.3,71.1,77.4,1,125,1.0,-6.3,6,1,1,2026-01-21 11:00:00
2366,104,7,57.6,67.13,71.22,1,121,0.0,-4.08,7,2,1,2026-01-22 21:00:00
2367,104,8,80.8,57.6,69.27,1,80,1.0,-11.67,8,2,0,2026-01-23 17:00:00
2368,104,9,74.5,59.57,70.71,1,86,1.0,-11.15,9,3,0,2026-01-25 16:00:00
2369,104,10,43.7,70.97,71.13,1,88,1.0,-0.17,10,2,1,2026-01-27 09:00:00
2370,105,1,48.0,75.0,75.0,1,100,1.0,0.0,1,1,1,2026-01-10 19:00:00
2371,105,1,99.4,48.0,48.0,2,213,1.0,0.0,2,1,0,2026-01-11 07:00:00
2372,105,2,59.6,73.7,73.7,1,94,1.0,0.0,3,1,1,2026-01-12 13:00:00
2373,105,2,49.3,69.0,69.0,2,181,1.0,0.0,4,1,1,2026-01-12 20:00:00
2374,105,2,80.6,69.43,64.08,3,303,1.0,5.36,5,1,0,2026-01-13 14:00:00
2375,105,3,36.9,63.17,67.38,1,122,1.0,-4.21,6,2,1,2026-01-14 01:00:00
2376,105,3,86.7,55.6,62.3,2,215,1.0,-6.7,7,2,0,2026-01-14 21:00:00
2377,105,3,36.0,68.07,65.79,3,342,1.0,2.28,8,2,1,2026-01-16 00:00:00
2378,105,4,45.3,53.2,62.06,1,97,1.0,-8.86,9,2,1,2026-01-17 17:00:00
2379,105,4,62.6,56.0,60.2,2,212,1.0,-4.2,10,2,1,2026-01-17 21:00:00
2380,105,5,53.9,47.97,60.44,1,126,0.0,-12.47,11,3,1,2026-01-19 10:00:00
2381,105,6,45.1,53.93,59.85,1,109,1.0,-5.91,12,1,1,2026-01-20 13:00:00
2382,105,7,40.3,53.87,58.62,1,119,0.0,-4.75,13,2,1,2026-01-22 12:00:00
2383,105,8,46.5,46.43,57.21,1,99,1.0,-10.77,14,2,1,2026-01-24 06:00:00
2384,105,9,52.6,43.97,56.44,1,106,0.0,-12.48,14,3,1,2026-01-24 20:00:00
2385,105,10,88.1,46.47,56.19,1,105,1.0,-9.72,15,2,0,2026-01-25 05:00:00
2386,105,11,72.1,62.4,58.18,1,95,0.5,4.22,13,1,0,2026-01-26 22:00:00
2387,105,12,46.0,70.93,59.0,1,106,0.5,11.93,12,2,1,2026-01-28 20:00:00
2388,106,1,91.7,75.0,75.0,1,30,1.0,0.0,1,1,0,2026-01-24 15:00:00
2389,106,2,85.4,91.7,91.7,1,50,1.0,0.0,2,1,0,2026-01-26 13:00:00
2390,106,3,71.2,88.55,88.55,1,54,1.0,0.0,3,2,0,2026-01-28 03:00:00
2391,106,4,95.5,82.77,82.77,1,54,1.0,0.0,4,2,0,2026-01-30 00:00:00
2392,106,5,51.5,84.03,85.95,1,55,1.0,-1.92,5,3,1,2026-01-30 11:00:00
2393,106,6,87.5,72.73,79.06,1,58,1.0,-6.33,6,1,0,2026-01-30 15:00:00
2394,106,7,59.9,78.17,80.47,1,69,1.0,-2.3,7,2,1,2026-01-31 14:00:00
2395,106,8,49.9,66.3,77.53,1,77,1.0,-11.23,8,2,1,2026-02-02 02:00:00
2396,106,9,41.2,65.77,74.08,1,47,0.0,-8.31,9,3,1,2026-02-03 06:00:00
2397,106,10,89.8,50.33,70.42,1,35,1.0,-20.09,10,2,0,2026-02-03 18:00:00
2398,106,11,75.5,60.3,72.36,1,39,0.5,-12.06,11,1,0,2026-02-04 09:00:00
2399,106,12,34.5,68.83,72.65,1,50,0.5,-3.81,12,2,1,2026-02-05 02:00:00
2400,107,1,95.9,75.0,75.0,1,82,1.0,0.0,1,1,0,2026-01-30 11:00:00
2401,107,1,87.8,95.9,95.9,2,156,1.0,0.0,2,1,0,2026-01-31 17:00:00
2402,107,1,89.6,91.85,91.85,3,220,1.0,0.0,3,1,0,2026-02-02 17:00:00
2403,107,2,46.8,91.1,91.1,1,80,1.0,0.0,4,1,1,2026-02-03 11:00:00
2404,107,3,51.5,74.73,80.02,1,93,0.0,-5.29,5,2,1,2026-02-04 03:00:00
2405,107,4,94.3,62.63,74.32,1,101,0.0,-11.69,6,2,0,2026-02-05 23:00:00
2406,107,5,36.5,64.2,77.65,1,78,1.0,-13.45,7,3,1,2026-02-07 01:00:00
2407,107,6,86.0,60.77,71.77,1,81,1.0,-11.0,8,1,0,2026-02-07 08:00:00
2408,107,7,69.6,72.27,73.55,1,71,1.0,-1.28,9,2,1,2026-02-07 23:00:00
2409,107,8,46.3,64.03,73.11,1,89,1.0,-9.08,10,2,1,2026-02-08 16:00:00
2410,107,9,83.6,67.3,70.43,1,73,0.0,-3.13,11,3,0,2026-02-09 21:00:00
2411,107,9,34.3,66.5,71.63,2,174,0.0,-5.13,12,3,1,2026-02-10 20:00:00
2412,107,9,36.3,54.73,68.52,3,228,0.0,-13.78,13,3,1,2026-02-12 18:00:00
2413,107,10,75.6,51.4,66.04,1,82,1.0,-14.64,13,2,0,2026-02-13 12:00:00
2414,107,10,98.1,48.73,66.72,2,178,1.0,-17.99,13,2,0,2026-02-14 22:00:00
2415,107,10,72.8,70.0,68.81,3,271,1.0,1.19,14,2,0,2026-02-16 08:00:00
2416,107,11,89.0,82.17,69.06,1,143,0.0,13.1,13,1,0,2026-02-18 01:00:00
2417,107,12,48.6,86.63,70.24,1,96,1.0,16.4,13,2,1,2026-02-18 09:00:00
2418,107,13,87.8,70.13,69.03,1,69,0.0,1.1,14,2,0,2026-02-18 20:00:00
2419,107,14,90.3,75.13,70.02,1,88,0.0,5.11,14,3,0,2026-02-20 07:00:00
2420,107,15,92.9,75.57,71.04,1,54,1.0,4.53,13,2,0,2026-02-21 12:00:00
2421,107,16,88.5,90.33,72.08,1,88,0.5,18.26,12,3,0,2026-02-22 20:00:00
2422,107,17,30.4,90.57,72.82,1,73,1.0,17.74,12,3,1,2026-02-24 03:00:00
2423,107,18,35.7,70.6,70.98,1,108,1.0,-0.38,12,3,1,2026-02-25 00:00:00
2424,107,18,42.2,51.53,69.51,2,187,1.0,-17.97,13,3,1,2026-02-26 17:00:00
2425,107,19,90.6,36.1,68.42,1,87,1.0,-32.32,12,2,0,2026-02-28 11:00:00
2426,108,1,98.6,75.0,75.0,1,127,1.0,0.0,1,1,0,2026-01-25 05:00:00
2427,108,1,77.3,98.6,98.6,2,301,1.0,0.0,2,1,0,2026-01-25 16:00:00
2428,108,2,81.4,87.95,87.95,1,133,1.0,0.0,3,1,0,2026-01-27 06:00:00
2429,108,2,93.8,85.77,85.77,2,309,1.0,0.0,4,1,0,2026-01-28 04:00:00
2430,108,2,75.1,84.17,87.78,3,465,1.0,-3.61,5,1,0,2026-01-28 08:00:00
2431,108,3,88.1,83.43,85.24,1,149,1.0,-1.81,6,2,0,2026-01-29 13:00:00
2432,108,4,76.6,85.67,85.72,1,147,1.0,-0.05,7,2,0,2026-01-31 02:00:00
2433,108,4,79.2,79.93,84.41,2,294,1.0,-4.48,8,2,0,2026-01-31 08:00:00
2434,108,5,46.6,81.3,83.76,1,101,1.0,-2.46,9,3,1,2026-01-31 18:00:00
2435,108,5,66.5,67.47,79.63,2,235,1.0,-12.17,10,3,1,2026-02-02 02:00:00
2436,108,5,58.7,64.1,78.32,3,391,1.0,-14.22,11,3,1,2026-02-02 08:00:00
2437,108,6,30.7,57.27,76.54,1,139,1.0,-19.27,12,1,1,2026-02-03 10:00:00
2438,108,6,60.6,51.97,72.72,2,250,1.0,-20.75,13,1,1,2026-02-03 20:00:00
2439,108,6,69.5,50.0,71.78,3,388,1.0,-21.78,14,1,1,2026-02-05 18:00:00
2440,108,7,84.2,53.6,71.62,1,174,0.0,-18.02,15,2,0,2026-02-07 15:00:00
2441,108,8,78.1,71.43,72.46,1,164,1.0,-1.03,16,2,0,2026-02-08 02:00:00
2442,108,8,67.4,77.27,72.81,2,302,1.0,4.45,16,2,1,2026-02-08 14:00:00
2443,108,8,46.8,76.57,72.49,3,461,1.0,4.07,15,2,1,2026-02-10 12:00:00
2444,108,9,43.7,64.1,71.07,1,132,1.0,-6.97,16,3,1,2026-02-10 23:00:00
2445,108,10,70.2,52.63,69.63,1,105,1.0,-16.99,15,2,0,2026-02-11 14:00:00
2446,108,11,79.2,53.57,69.66,1,121,1.0,-16.09,16,1,0,2026-02-11 19:00:00
2447,108,12,36.8,64.37,70.11,1,171,0.5,-5.74,16,2,1,2026-02-13 13:00:00
2448,108,13,38.7,62.07,68.6,1,134,0.0,-6.53,15,2,1,2026-02-14 14:00:00
2449,108,13,56.3,51.57,67.3,2,269,0.0,-15.73,15,2,1,2026-02-15 09:00:00
2450,108,14,48.5,43.93,66.84,1,134,0.5,-22.9,16,3,1,2026-02-15 22:00:00
2451,108,14,51.8,47.83,66.1,2,312,0.5,-18.27,15,3,1,2026-02-16 19:00:00
2452,108,14,42.8,52.2,65.55,3,484,0.5,-13.35,15,3,1,2026-02-17 19:00:00
2453,108,15,35.6,47.7,64.71,1,184,1.0,-17.01,14,2,1,2026-02-19 18:00:00
2454,108,16,72.0,43.4,63.67,1,136,0.0,-20.27,15,3,0,2026-02-21 13:00:00
2455,108,16,79.3,50.13,63.96,2,281,0.0,-13.83,13,3,0,2026-02-23 09:00:00
2456,108,17,44.2,62.3,64.47,1,109,1.0,-2.17,13,3,1,2026-02-24 12:00:00
2457,108,18,93.7,65.17,63.82,1,169,1.0,1.35,13,3,0,2026-02-25 10:00:00
2458,108,18,62.2,72.4,64.75,2,285,1.0,7.65,12,3,1,2026-02-27 03:00:00
2459,108,18,66.0,66.7,64.67,3,429,1.0,2.03,12,3,1,2026-02-27 23:00:00
2460,108,19,76.5,73.97,64.71,1,118,1.0,9.25,12,2,0,2026-02-28 15:00:00
2461,109,1,85.2,75.0,75.0,1,48,1.0,0.0,1,1,0,2026-01-12 06:00:00
2462,109,1,84.3,85.2,85.2,2,91,1.0,0.0,2,1,0,2026-01-12 21:00:00
2463,109,2,73.7,84.75,84.75,1,47,1.0,0.0,3,1,0,2026-01-13 05:00:00
2464,109,3,94.2,81.07,81.07,1,49,1.0,0.0,4,2,0,2026-01-13 23:00:00
2465,109,3,73.2,84.07,84.35,2,98,1.0,-0.28,5,2,0,2026-01-15 11:00:00
2466,109,3,81.4,80.37,82.12,3,174,1.0,-1.75,6,2,0,2026-01-16 09:00:00
2467,109,4,72.0,82.93,82.0,1,37,1.0,0.93,7,2,0,2026-01-17 14:00:00
2468,109,4,88.1,75.53,80.57,2,101,1.0,-5.04,8,2,0,2026-01-18 19:00:00
2469,109,4,97.2,80.5,81.51,3,185,1.0,-1.01,9,2,0,2026-01-20 02:00:00
2470,109,5,76.8,85.77,83.26,1,49,1.0,2.51,10,3,0,2026-01-21 17:00:00
2471,109,6,82.3,87.37,82.61,1,45,1.0,4.76,11,1,0,2026-01-22 02:00:00
2472,109,7,78.9,85.43,82.58,1,55,1.0,2.85,12,2,0,2026-01-23 14:00:00
2473,109,8,65.5,79.33,82.28,1,83,1.0,-2.94,13,2,1,2026-01-24 17:00:00
2474,109,9,32.0,75.57,80.98,1,63,0.0,-5.42,14,3,1,2026-01-25 04:00:00
2475,109,9,86.2,58.8,77.49,2,112,0.0,-18.69,13,3,0,2026-01-26 21:00:00
2476,109,9,75.6,61.23,78.07,3,181,0.0,-16.83,13,3,0,2026-01-27 20:00:00
2477,109,10,99.0,64.6,77.91,1,37,1.0,-13.31,13,2,0,2026-01-29 09:00:00
2478,109,10,38.2,86.93,79.15,2,110,1.0,7.78,13,2,1,2026-01-30 06:00:00
2479,109,10,34.2,70.93,76.88,3,178,1.0,-5.94,13,2,1,2026-01-31 11:00:00
2480,109,11,73.4,57.13,74.63,1,53,1.0,-17.5,13,1,0,2026-02-01 18:00:00
2481,109,12,98.4,48.6,74.57,1,43,1.0,-25.97,12,2,0,2026-02-03 08:00:00
2482,109,13,75.0,68.67,75.7,1,42,1.0,-7.04,12,2,0,2026-02-05 00:00:00
2483,109,14,82.8,82.27,75.67,1,70,1.0,6.59,12,3,0,2026-02-05 13:00:00
2484,109,15,42.5,85.4,75.98,1,84,1.0,9.42,12,2,1,2026-02-07 09:00:00
2485,109,16,73.8,66.77,74.59,1,47,1.0,-7.82,11,3,0,2026-02-09 07:00:00
2486,109,17,33.2,66.37,74.56,1,69,1.0,-8.19,11,3,1,2026-02-10 02:00:00
2487,109,18,43.9,49.83,72.97,1,30,1.0,-23.13,11,3,1,2026-02-11 23:00:00
2488,109,19,61.8,50.3,71.89,1,48,1.0,-21.59,11,2,1,2026-02-12 23:00:00
2489,110,1,72.1,75.0,75.0,1,59,1.0,0.0,1,1,0,2026-01-16 09:00:00
2490,110,2,90.7,72.1,72.1,1,41,1.0,0.0,2,1,0,2026-01-17 17:00:00
2491,110,3,70.2,81.4,81.4,1,41,1.0,0.0,3,2,0,2026-01-19 12:00:00
2492,110,4,78.8,77.67,77.67,1,46,1.0,0.0,4,2,0,2026-01-20 15:00:00
2493,110,5,87.0,79.9,77.95,1,65,1.0,1.95,5,3,0,2026-01-21 10:00:00
2494,110,5,78.7,78.67,79.76,2,121,1.0,-1.09,6,3,0,2026-01-21 21:00:00
2495,110,6,70.8,81.5,79.58,1,30,1.0,1.92,7,1,0,2026-01-23 08:00:00
2496,110,6,70.1,78.83,78.33,2,60,1.0,0.5,8,1,0,2026-01-25 05:00:00
2497,110,7,94.5,73.2,77.3,1,47,1.0,-4.1,9,2,0,2026-01-26 01:00:00
2498,110,8,98.5,78.47,79.21,1,69,1.0,-0.74,10,2,0,2026-01-28 01:00:00
2499,110,9,31.7,87.7,81.14,1,30,1.0,6.56,11,3,1,2026-01-29 07:00:00
2500,110,9,51.8,74.9,76.65,2,80,1.0,-1.75,12,3,1,2026-01-29 23:00:00
2501,110,10,98.0,60.67,74.58,1,49,1.0,-13.91,12,2,0,2026-01-30 16:00:00
2502,110,11,92.6,60.5,76.38,1,87,1.0,-15.88,12,1,0,2026-02-01 01:00:00
2503,110,12,46.7,80.8,77.54,1,52,0.5,3.26,12,2,1,2026-02-02 17:00:00
2504,111,1,52.7,75.0,75.0,1,97,1.0,0.0,1,1,1,2026-01-04 00:00:00
2505,111,1,50.3,52.7,52.7,2,189,1.0,0.0,2,1,1,2026-01-04 21:00:00
2506,111,1,91.2,51.5,51.5,3,236,1.0,0.0,3,1,0,2026-01-05 23:00:00
2507,111,2,30.8,64.73,64.73,1,105,1.0,0.0,4,1,1,2026-01-06 20:00:00
2508,111,3,98.4,57.43,56.25,1,94,0.0,1.18,5,2,0,2026-01-07 02:00:00
2509,111,3,50.2,73.47,64.68,2,194,0.0,8.79,6,2,1,2026-01-08 15:00:00
2510,111,4,77.0,59.8,62.27,1,168,1.0,-2.47,7,2,0,2026-01-10 03:00:00
2511,111,5,91.5,75.2,64.37,1,48,1.0,10.83,8,3,0,2026-01-10 23:00:00
2512,111,6,89.1,72.9,67.76,1,124,1.0,5.14,9,1,0,2026-01-11 15:00:00
2513,111,6,74.0,85.87,70.13,2,208,1.0,15.73,10,1,0,2026-01-13 05:00:00
2514,111,7,39.3,84.87,70.52,1,95,1.0,14.35,11,2,1,2026-01-13 19:00:00
2515,111,8,92.7,67.47,67.68,1,89,1.0,-0.22,12,2,0,2026-01-14 07:00:00
2516,111,9,40.9,68.67,69.77,1,81,1.0,-1.1,13,3,1,2026-01-16 00:00:00
2517,111,10,84.5,57.63,67.55,1,78,1.0,-9.91,14,2,0,2026-01-16 08:00:00
2518,111,10,35.8,72.7,68.76,2,174,1.0,3.94,14,2,1,2026-01-18 04:00:00
2519,111,10,52.3,53.73,66.56,3,233,1.0,-12.83,14,2,1,2026-01-19 21:00:00
2520,111,11,81.2,57.53,65.67,1,105,0.0,-8.14,14,1,0,2026-01-20 14:00:00
2521,111,12,38.5,56.43,66.58,1,81,0.5,-10.15,13,2,1,2026-01-22 14:00:00
2522,111,13,85.8,57.33,65.02,1,67,0.0,-7.69,13,2,0,2026-01-23 06:00:00
2523,111,14,56.0,68.5,66.12,1,80,0.0,2.38,13,3,1,2026-01-24 11:00:00
2524,111,15,94.1,60.1,65.61,1,115,1.0,-5.51,13,2,0,2026-01-25 06:00:00
2525,111,16,30.4,78.63,66.97,1,79,0.0,11.67,13,3,1,2026-01-26 20:00:00
2526,111,17,98.7,60.17,65.3,1,97,0.0,-5.14,13,3,0,2026-01-27 15:00:00
2527,111,18,92.6,74.4,66.76,1,75,0.0,7.64,12,3,0,2026-01-29 00:00:00
2528,111,19,92.3,73.9,67.83,1,105,1.0,6.07,12,2,0,2026-01-30 04:00:00
2529,111,20,94.7,94.53,68.81,1,103,0.5,25.72,12,3,0,2026-01-30 15:00:00
2530,112,1,94.2,75.0,75.0,1,96,1.0,0.0,1,1,0,2026-02-02 16:00:00
2531,112,2,99.4,94.2,94.2,1,56,1.0,0.0,2,1,0,2026-02-03 22:00:00
2532,112,3,72.8,96.8,96.8,1,73,1.0,0.0,3,2,0,2026-02-04 13:00:00
2533,112,4,92.0,88.8,88.8,1,61,1.0,0.0,4,2,0,2026-02-04 22:00:00
2534,112,4,94.7,88.07,89.6,2,146,1.0,-1.53,5,2,0,2026-02-05 19:00:00
2535,112,5,88.8,86.5,90.62,1,45,1.0,-4.12,6,3,0,2026-02-06 10:00:00
2536,112,6,88.1,91.83,90.32,1,74,1.0,1.52,7,1,0,2026-02-06 19:00:00
2537,112,7,73.4,90.53,90.0,1,56,1.0,0.53,8,2,0,2026-02-08 12:00:00
2538,112,7,73.3,83.43,87.93,2,114,1.0,-4.49,9,2,0,2026-02-08 22:00:00
2539,112,8,58.1,78.27,86.3,1,61,1.0,-8.03,10,2,1,2026-02-10 03:00:00
2540,112,9,35.1,68.27,83.48,1,65,0.0,-15.21,11,3,1,2026-02-11 15:00:00
2541,112,10,77.8,55.5,79.08,1,57,1.0,-23.58,12,2,0,2026-02-12 12:00:00
2542,112,11,34.4,57.0,78.98,1,64,1.0,-21.98,13,1,1,2026-02-12 21:00:00
2543,113,1,71.5,75.0,75.0,1,141,1.0,0.0,1,1,0,2026-01-16 07:00:00
2544,113,2,69.1,71.5,71.5,1,129,1.0,0.0,2,1,1,2026-01-16 23:00:00
2545,113,3,34.7,70.3,70.3,1,127,0.0,0.0,3,2,1,2026-01-17 05:00:00
2546,113,4,99.9,58.43,58.43,1,100,0.0,0.0,4,2,0,2026-01-17 09:00:00
2547,113,5,43.1,67.9,68.8,1,92,1.0,-0.9,5,3,1,2026-01-17 13:00:00
2548,113,6,78.8,59.23,63.66,1,129,1.0,-4.43,6,1,0,2026-01-18 17:00:00
2549,113,7,60.6,73.93,66.18,1,127,1.0,7.75,7,2,1,2026-01-20 06:00:00
2550,113,8,63.9,60.83,65.39,1,139,1.0,-4.55,8,2,1,2026-01-21 23:00:00
2551,113,9,53.2,67.77,65.2,1,97,0.0,2.57,9,3,1,2026-01-23 08:00:00
2552,113,10,59.2,59.23,63.87,1,105,1.0,-4.63,10,2,1,2026-01-23 12:00:00
2553,113,11,70.7,58.77,63.4,1,77,0.0,-4.63,11,1,0,2026-01-24 07:00:00
2554,113,11,83.0,61.03,64.06,2,179,0.0,-3.03,12,1,0,2026-01-26 06:00:00
2555,113,12,88.1,70.97,65.64,1,129,0.5,5.32,13,2,0,2026-01-27 06:00:00
2556,113,13,42.3,80.6,67.37,1,100,1.0,13.23,14,2,1,2026-01-28 22:00:00
2557,113,14,77.2,71.13,65.58,1,122,0.5,5.55,15,3,0,2026-01-29 15:00:00
2558,113,15,40.0,69.2,66.35,1,106,1.0,2.85,13,2,1,2026-01-31 07:00:00
2559,113,16,86.5,53.17,64.71,1,116,0.5,-11.54,12,3,0,2026-01-31 14:00:00
2560,113,17,66.7,67.9,65.99,1,87,1.0,1.91,12,3,1,2026-02-02 14:00:00
2561,113,18,96.7,64.4,66.03,1,111,1.0,-1.63,13,3,0,2026-02-02 18:00:00
2562,113,18,32.8,83.3,67.64,2,161,1.0,15.66,13,3,1,2026-02-03 20:00:00
2563,113,19,46.4,65.4,65.9,1,106,0.5,-0.5,13,2,1,2026-02-05 16:00:00
2564,113,19,78.8,58.63,64.97,2,183,0.5,-6.34,12,2,0,2026-02-07 01:00:00
2565,114,1,57.4,75.0,75.0,1,164,1.0,0.0,1,1,1,2026-01-23 10:00:00
2566,114,1,43.8,57.4,57.4,2,319,1.0,0.0,2,1,1,2026-01-25 06:00:00
2567,114,2,36.9,50.6,50.6,1,149,0.0,0.0,3,1,1,2026-01-25 13:00:00
2568,114,3,50.8,46.03,46.03,1,170,0.0,0.0,4,2,1,2026-01-26 01:00:00
2569,114,4,69.5,43.83,47.22,1,121,0.0,-3.39,5,2,1,2026-01-26 13:00:00
2570,114,5,67.8,52.4,51.68,1,174,0.0,0.72,6,3,1,2026-01-28 10:00:00
2571,114,6,94.4,62.7,54.37,1,158,1.0,8.33,7,1,0,2026-01-29 10:00:00
2572,114,7,65.7,77.23,60.09,1,135,1.0,17.15,8,2,1,2026-01-30 09:00:00
2573,114,8,72.6,75.97,60.79,1,162,1.0,15.18,9,2,0,2026-01-30 14:00:00
2574,114,9,42.3,77.57,62.1,1,117,1.0,15.47,10,3,1,2026-01-31 07:00:00
2575,114,9,46.8,60.2,60.12,2,240,1.0,0.08,11,3,1,2026-02-01 09:00:00
2576,114,9,79.5,53.9,58.91,3,367,1.0,-5.01,12,3,0,2026-02-01 23:00:00
2577,114,10,50.3,56.2,60.62,1,129,1.0,-4.42,13,2,1,2026-02-03 07:00:00
2578,114,11,72.3,58.87,59.83,1,118,0.0,-0.96,14,1,0,2026-02-03 19:00:00
2579,114,12,84.0,67.37,60.72,1,164,1.0,6.65,15,2,0,2026-02-05 14:00:00
2580,114,12,44.4,68.87,62.27,2,298,1.0,6.59,16,2,1,2026-02-05 21:00:00
2581,115,1,68.8,75.0,75.0,1,97,1.0,0.0,1,1,1,2026-01-22 10:00:00
2582,115,2,82.6,68.8,68.8,1,78,0.0,0.0,2,1,0,2026-01-22 17:00:00
2583,115,2,36.0,75.7,75.7,2,131,0.0,0.0,3,1,1,2026-01-23 06:00:00
2584,115,3,93.6,62.47,62.47,1,95,1.0,0.0,4,2,0,2026-01-24 08:00:00
2585,115,4,34.0,70.73,70.25,1,51,1.0,0.48,5,2,1,2026-01-24 17:00:00
2586,115,4,72.4,54.53,63.0,2,139,1.0,-8.47,6,2,0,2026-01-25 09:00:00
2587,115,4,47.1,66.67,64.57,3,201,1.0,2.1,7,2,1,2026-01-25 13:00:00
2588,115,5,58.9,51.17,62.07,1,129,1.0,-10.9,8,3,1,2026-01-27 01:00:00
2589,115,5,51.4,59.47,61.68,2,237,1.0,-2.21,9,3,1,2026-01-28 18:00:00
2590,115,5,73.0,52.47,60.53,3,329,1.0,-8.07,10,3,0,2026-01-28 23:00:00
2591,115,6,72.5,61.1,61.78,1,115,1.0,-0.68,11,1,0,2026-01-30 21:00:00
2592,115,7,88.3,65.63,62.75,1,73,1.0,2.88,12,2,0,2026-02-01 02:00:00
2593,115,8,91.9,77.93,64.88,1,100,1.0,13.05,13,2,0,2026-02-01 15:00:00
2594,115,9,38.0,84.23,66.96,1,93,1.0,17.27,14,3,1,2026-02-01 22:00:00
2595,115,10,94.2,72.73,64.89,1,95,1.0,7.84,15,2,0,2026-02-02 05:00:00
2596,115,11,49.8,74.7,66.85,1,115,1.0,7.85,16,1,1,2026-02-02 15:00:00
2597,115,12,60.2,60.67,65.78,1,104,0.0,-5.11,17,2,1,2026-02-03 01:00:00
2598,115,13,87.5,68.07,65.45,1,95,0.0,2.61,18,2,0,2026-02-04 13:00:00
2599,115,14,98.7,65.83,66.68,1,56,0.5,-0.84,19,3,0,2026-02-05 00:00:00
2600,115,14,73.6,82.13,68.36,2,126,0.5,13.77,17,3,0,2026-02-06 13:00:00
2601,115,14,63.4,86.6,68.62,3,213,0.5,17.97,16,3,1,2026-02-08 02:00:00
2602,116,1,67.7,75.0,75.0,1,141,1.0,0.0,1,1,1,2026-01-02 18:00:00
2603,116,1,34.4,67.7,67.7,2,258,1.0,0.0,2,1,1,2026-01-04 09:00:00
2604,116,1,57.0,51.05,51.05,3,446,1.0,0.0,3,1,1,2026-01-04 21:00:00
2605,116,2,63.4,53.03,53.03,1,170,0.0,0.0,4,1,1,2026-01-05 13:00:00
2606,116,2,65.9,51.6,55.62,2,322,0.0,-4.02,5,1,1,2026-01-07 04:00:00
2607,116,2,91.7,62.1,57.68,3,463,0.0,4.42,6,1,0,2026-01-08 19:00:00
2608,116,3,89.5,73.67,63.35,1,135,1.0,10.32,7,2,0,2026-01-09 01:00:00
2609,116,3,81.9,82.37,67.09,2,255,1.0,15.28,8,2,0,2026-01-09 13:00:00
2610,116,3,61.5,87.7,68.94,3,396,1.0,18.76,9,2,1,2026-01-10 18:00:00
2611,116,4,45.5,77.63,68.11,1,145,1.0,9.52,10,2,1,2026-01-12 16:00:00
2612,116,4,34.7,62.97,65.85,2,260,1.0,-2.88,11,2,1,2026-01-13 23:00:00
2613,116,5,59.4,47.23,63.02,1,146,0.0,-15.78,12,3,1,2026-01-14 08:00:00
2614,116,6,80.9,46.53,62.72,1,136,1.0,-16.18,13,1,0,2026-01-14 12:00:00
2615,116,7,57.7,58.33,64.12,1,101,1.0,-5.78,14,2,1,2026-01-15 05:00:00
2616,116,8,70.3,66.0,63.66,1,122,1.0,2.34,15,2,0,2026-01-15 13:00:00
2617,116,8,42.6,69.63,64.1,2,253,1.0,5.53,16,2,1,2026-01-15 21:00:00
2618,116,8,32.8,56.87,62.76,3,430,1.0,-5.89,17,2,1,2026-01-16 07:00:00
2619,116,9,58.4,48.57,60.99,1,151,1.0,-12.43,17,3,1,2026-01-18 07:00:00
2620,116,9,39.3,44.6,60.85,2,264,1.0,-16.25,15,3,1,2026-01-20 02:00:00
2621,116,10,60.7,43.5,59.72,1,149,1.0,-16.22,15,2,1,2026-01-21 13:00:00
2622,116,10,64.1,52.8,59.77,2,258,1.0,-6.97,14,2,1,2026-01-23 06:00:00
2623,116,11,93.1,54.7,59.97,1,161,0.5,-5.27,14,1,0,2026-01-23 17:00:00
2624,116,12,52.5,72.63,61.48,1,130,0.5,11.16,14,2,1,2026-01-25 10:00:00
2625,116,13,90.1,69.9,61.09,1,138,0.0,8.81,14,2,0,2026-01-27 06:00:00
2626,116,14,47.4,78.57,62.3,1,166,0.0,16.27,14,3,1,2026-01-28 04:00:00
2627,116,15,73.1,63.33,61.7,1,114,1.0,1.63,12,2,0,2026-01-29 06:00:00
2628,116,16,60.1,70.2,62.14,1,112,0.0,8.06,10,3,1,2026-01-30 10:00:00
2629,116,16,38.6,60.2,62.06,2,240,0.0,-1.86,10,3,1,2026-02-01 08:00:00
2630,116,17,32.9,57.27,61.22,1,160,0.0,-3.96,11,3,1,2026-02-02 16:00:00
2631,116,18,36.9,43.87,60.25,1,109,0.0,-16.38,12,3,1,2026-02-02 23:00:00
2632,116,18,35.9,36.13,59.47,2,192,0.0,-23.34,12,3,1,2026-02-04 12:00:00
2633,116,19,47.1,35.23,58.71,1,130,0.5,-23.48,12,2,1,2026-02-04 18:00:00
2634,117,1,64.3,75.0,75.0,1,151,1.0,0.0,1,1,1,2026-01-08 10:00:00
2635,117,2,74.2,64.3,64.3,1,164,0.0,0.0,2,1,0,2026-01-09 20:00:00
2636,117,2,50.1,69.25,69.25,2,294,0.0,0.0,3,1,1,2026-01-11 09:00:00
2637,117,3,50.9,62.87,62.87,1,131,1.0,0.0,4,2,1,2026-01-12 22:00:00
2638,117,3,61.1,58.4,59.88,2,294,1.0,-1.47,5,2,1,2026-01-13 05:00:00
2639,117,4,53.1,54.03,60.12,1,102,0.0,-6.09,6,2,1,2026-01-13 18:00:00
2640,117,4,47.1,55.03,58.95,2,234,0.0,-3.92,7,2,1,2026-01-15 12:00:00
2641,117,4,59.4,53.77,57.26,3,377,0.0,-3.49,8,2,1,2026-01-16 04:00:00
2642,117,5,43.7,53.2,57.52,1,148,0.0,-4.33,9,3,1,2026-01-17 15:00:00
2643,117,5,31.1,50.07,55.99,2,277,0.0,-5.92,10,3,1,2026-01-19 08:00:00
2644,117,6,38.2,44.73,53.5,1,140,1.0,-8.77,11,1,1,2026-01-19 20:00:00
2645,117,6,73.1,37.67,52.11,2,230,1.0,-14.44,12,1,0,2026-01-21 17:00:00
2646,117,7,34.3,47.47,53.86,1,126,1.0,-6.39,13,2,1,2026-01-22 04:00:00
2647,117,7,96.5,48.53,52.35,2,275,1.0,-3.82,13,2,0,2026-01-23 02:00:00
2648,117,7,46.1,67.97,55.51,3,395,1.0,12.46,13,2,1,2026-01-23 23:00:00
2649,117,8,87.5,58.97,54.88,1,141,1.0,4.09,13,2,0,2026-01-25 16:00:00
2650,117,8,69.7,76.7,56.92,2,289,1.0,19.78,14,2,1,2026-01-26 07:00:00
2651,117,9,49.8,67.77,57.67,1,133,1.0,10.1,12,3,1,2026-01-28 06:00:00
2652,117,10,60.3,69.0,57.23,1,143,1.0,11.77,12,2,1,2026-01-29 15:00:00
2653,117,10,61.1,59.93,57.39,2,263,1.0,2.54,12,2,1,2026-01-30 07:00:00
2654,117,11,37.3,57.07,57.58,1,135,1.0,-0.51,13,1,1,2026-01-31 13:00:00
2655,117,12,61.2,52.9,56.61,1,152,0.0,-3.71,13,2,1,2026-02-01 03:00:00
2656,117,12,68.2,53.2,56.82,2,295,0.0,-3.62,14,2,1,2026-02-01 07:00:00
2657,117,13,54.6,55.57,57.32,1,128,0.0,-1.75,15,2,1,2026-02-01 21:00:00
2658,117,14,91.0,61.33,57.2,1,144,0.5,4.13,15,3,0,2026-02-02 15:00:00
2659,117,14,52.8,71.27,58.56,2,298,0.5,12.71,15,3,1,2026-02-03 00:00:00
2660,117,14,99.2,66.13,58.33,3,397,0.5,7.8,15,3,0,2026-02-04 21:00:00
2661,117,15,62.9,81.0,59.85,1,163,0.0,21.15,14,2,1,2026-02-06 02:00:00
2662,117,15,69.0,71.63,59.96,2,296,0.0,11.68,14,2,1,2026-02-07 23:00:00
2663,117,16,30.0,77.03,60.27,1,148,0.0,16.76,15,3,1,2026-02-08 04:00:00
2664,117,16,49.8,53.97,59.26,2,311,0.0,-5.29,16,3,1,2026-02-08 08:00:00
2665,118,1,95.3,75.0,75.0,1,32,1.0,0.0,1,1,0,2026-01-16 10:00:00
2666,118,2,78.4,95.3,95.3,1,45,1.0,0.0,2,1,0,2026-01-17 05:00:00
2667,118,2,74.7,86.85,86.85,2,99,1.0,0.0,3,1,0,2026-01-17 23:00:00
2668,118,3,94.3,82.8,82.8,1,44,1.0,0.0,4,2,0,2026-01-18 07:00:00
2669,118,4,39.0,82.47,85.68,1,94,1.0,-3.21,5,2,1,2026-01-20 02:00:00
2670,118,5,53.2,69.33,76.34,1,42,0.0,-7.01,6,3,1,2026-01-20 20:00:00
2671,118,6,74.9,62.17,72.48,1,48,1.0,-10.32,7,1,0,2026-01-21 15:00:00
2672,118,7,86.9,55.7,72.83,1,64,1.0,-17.13,8,2,0,2026-01-23 05:00:00
2673,118,8,87.4,71.67,74.59,1,35,1.0,-2.92,9,2,0,2026-01-23 14:00:00
2674,118,9,74.0,83.07,76.01,1,52,1.0,7.06,10,3,0,2026-01-25 09:00:00
2675,118,10,79.3,82.77,75.81,1,66,1.0,6.96,11,2,0,2026-01-25 17:00:00
2676,119,1,52.6,75.0,75.0,1,133,1.0,0.0,1,1,1,2026-02-01 21:00:00
2677,119,2,83.4,52.6,52.6,1,138,0.0,0.0,2,1,0,2026-02-02 09:00:00
2678,119,3,82.7,68.0,68.0,1,129,1.0,0.0,3,2,0,2026-02-03 14:00:00
2679,119,4,65.8,72.9,72.9,1,109,1.0,0.0,4,2,1,2026-02-04 10:00:00
2680,119,4,94.3,77.3,71.12,2,255,1.0,6.18,5,2,0,2026-02-05 17:00:00
2681,119,5,42.6,80.93,75.76,1,175,1.0,5.17,6,3,1,2026-02-07 07:00:00
2682,119,6,80.0,67.57,70.23,1,140,1.0,-2.67,7,1,0,2026-02-09 07:00:00
2683,119,7,77.1,72.3,71.63,1,144,1.0,0.67,8,2,0,2026-02-11 03:00:00
2684,119,8,88.2,66.57,72.31,1,153,1.0,-5.75,9,2,0,2026-02-11 15:00:00
2685,119,8,36.1,81.77,74.08,2,267,1.0,7.69,10,2,1,2026-02-12 11:00:00
2686,119,8,40.1,67.13,70.28,3,441,1.0,-3.15,11,2,1,2026-02-13 06:00:00
2687,119,9,68.7,54.8,67.54,1,144,1.0,-12.74,12,3,1,2026-02-13 21:00:00
2688,119,9,55.3,48.3,67.63,2,316,1.0,-19.33,13,3,1,2026-02-14 03:00:00
2689,119,9,53.5,54.7,66.68,3,441,1.0,-11.98,14,3,1,2026-02-14 22:00:00
2690,119,10,51.7,59.17,65.74,1,176,1.0,-6.58,14,2,1,2026-02-15 23:00:00
2691,119,11,44.3,53.5,64.81,1,155,1.0,-11.31,14,1,1,2026-02-17 11:00:00
2692,119,12,61.7,49.83,63.52,1,151,0.0,-13.69,13,2,1,2026-02-19 11:00:00
2693,119,12,85.2,52.57,63.42,2,295,0.0,-10.85,13,2,0,2026-02-20 02:00:00
2694,119,13,64.4,63.73,64.63,1,135,1.0,-0.89,14,2,1,2026-02-21 01:00:00
2695,119,13,87.6,70.43,64.62,2,299,1.0,5.82,14,2,0,2026-02-22 04:00:00
2696,119,14,44.1,79.07,65.76,1,142,1.0,13.3,15,3,1,2026-02-22 14:00:00
2697,119,15,37.5,65.37,64.73,1,100,0.0,0.63,16,2,1,2026-02-23 05:00:00
2698,119,15,98.4,56.4,63.5,2,217,0.0,-7.1,16,2,0,2026-02-23 09:00:00
2699,119,16,54.2,60.0,65.01,1,136,0.5,-5.01,17,3,1,2026-02-23 13:00:00
2700,119,16,47.7,63.37,64.56,2,282,0.5,-1.2,18,3,1,2026-02-24 03:00:00
2701,119,16,63.2,66.77,63.89,3,420,0.5,2.88,19,3,1,2026-02-24 07:00:00
2702,120,1,55.8,75.0,75.0,1,114,1.0,0.0,1,1,1,2026-01-26 10:00:00
2703,120,2,76.0,55.8,55.8,1,50,0.0,0.0,2,1,0,2026-01-27 05:00:00
2704,120,3,95.6,65.9,65.9,1,92,1.0,0.0,3,2,0,2026-01-28 22:00:00
2705,120,4,71.1,75.8,75.8,1,53,1.0,0.0,4,2,0,2026-01-30 07:00:00
2706,120,5,64.7,80.9,74.62,1,105,1.0,6.27,5,3,1,2026-01-31 17:00:00
2707,120,6,87.2,77.13,72.64,1,88,1.0,4.49,6,1,0,2026-02-01 19:00:00
2708,120,7,64.2,74.33,75.07,1,98,1.0,-0.73,7,2,1,2026-02-03 02:00:00
2709,120,8,98.1,72.03,73.51,1,72,1.0,-1.48,8,2,0,2026-02-03 13:00:00
2710,120,8,42.0,83.17,76.59,2,187,1.0,6.58,9,2,1,2026-02-03 22:00:00
2711,120,9,48.5,68.1,72.74,1,110,1.0,-4.64,10,3,1,2026-02-04 14:00:00
2712,120,10,38.3,62.87,70.32,1,101,1.0,-7.45,11,2,1,2026-02-05 21:00:00
2713,120,11,62.3,42.93,67.41,1,87,0.5,-24.48,12,1,1,2026-02-06 18:00:00
2714,120,12,49.7,49.7,66.98,1,101,0.0,-17.28,13,2,1,2026-02-07 03:00:00
2715,120,13,76.6,50.1,65.65,1,75,0.0,-15.55,14,2,0,2026-02-07 17:00:00
2716,121,1,80.1,75.0,75.0,1,157,1.0,0.0,1,1,0,2026-01-27 02:00:00
2717,121,2,96.2,80.1,80.1,1,172,1.0,0.0,2,1,0,2026-01-27 06:00:00
2718,121,3,84.0,88.15,88.15,1,161,1.0,0.0,3,2,0,2026-01-27 12:00:00
2719,121,3,70.4,86.77,86.77,2,286,1.0,0.0,4,2,0,2026-01-28 09:00:00
2720,121,3,55.0,83.53,82.68,3,433,1.0,0.86,5,2,1,2026-01-29 21:00:00
2721,121,4,39.4,69.8,77.14,1,114,1.0,-7.34,6,2,1,2026-01-31 02:00:00
2722,121,5,47.1,54.93,70.85,1,151,0.0,-15.92,7,3,1,2026-01-31 10:00:00
2723,121,5,33.7,47.17,67.46,2,300,0.0,-20.29,8,3,1,2026-02-02 06:00:00
2724,121,5,38.5,40.07,63.24,3,402,0.0,-23.17,9,3,1,2026-02-03 19:00:00
2725,121,6,44.0,39.77,60.49,1,116,1.0,-20.72,10,1,1,2026-02-05 16:00:00
2726,121,6,96.3,38.73,58.84,2,250,1.0,-20.11,11,1,0,2026-02-07 01:00:00
2727,121,7,65.2,59.6,62.25,1,133,1.0,-2.65,12,2,1,2026-02-08 04:00:00
2728,121,8,36.0,68.5,62.49,1,115,1.0,6.01,13,2,1,2026-02-08 10:00:00
2729,121,8,85.5,65.83,60.45,2,262,1.0,5.38,14,2,0,2026-02-08 21:00:00
2730,121,8,63.4,62.23,62.24,3,407,1.0,-0.01,13,2,1,2026-02-10 06:00:00
2731,121,9,31.5,61.63,62.32,1,136,1.0,-0.69,13,3,1,2026-02-10 12:00:00
2732,121,9,53.6,60.13,60.39,2,260,1.0,-0.26,13,3,1,2026-02-11 09:00:00
2733,121,10,82.1,49.5,59.99,1,160,1.0,-10.49,14,2,0,2026-02-12 02:00:00
2734,121,10,75.5,55.73,61.22,2,333,1.0,-5.49,15,2,0,2026-02-12 14:00:00
2735,121,10,72.4,70.4,61.97,3,463,1.0,8.43,13,2,0,2026-02-14 11:00:00
2736,121,11,43.1,76.67,62.5,1,127,0.5,14.17,14,1,1,2026-02-15 04:00:00
2737,121,11,52.8,63.67,61.57,2,276,0.5,2.1,14,1,1,2026-02-16 14:00:00
2738,121,12,50.1,56.1,61.17,1,132,0.0,-5.07,14,2,1,2026-02-18 09:00:00
2739,121,12,55.4,48.67,60.69,2,269,0.0,-12.02,15,2,1,2026-02-19 09:00:00
2740,121,12,73.5,52.77,60.47,3,423,0.0,-7.7,15,2,0,2026-02-19 21:00:00
2741,122,1,51.7,75.0,75.0,1,101,1.0,0.0,1,1,1,2026-01-04 00:00:00
2742,122,2,46.0,51.7,51.7,1,166,0.0,0.0,2,1,1,2026-01-04 07:00:00
2743,122,3,99.9,48.85,48.85,1,141,0.0,0.0,3,2,0,2026-01-06 02:00:00
2744,122,3,46.7,65.87,65.87,2,272,0.0,0.0,4,2,1,2026-01-06 13:00:00
2745,122,3,48.3,64.2,61.08,3,410,0.0,3.12,5,2,1,2026-01-07 07:00:00
2746,122,4,31.2,64.97,58.52,1,139,1.0,6.45,6,2,1,2026-01-09 00:00:00
2747,122,5,55.5,42.07,53.97,1,105,0.0,-11.9,7,3,1,2026-01-09 23:00:00
2748,122,5,52.6,45.0,54.19,2,274,0.0,-9.19,8,3,1,2026-01-10 21:00:00
2749,122,6,86.2,46.43,53.99,1,140,1.0,-7.55,9,1,0,2026-01-12 16:00:00
2750,122,7,50.5,64.77,57.57,1,148,1.0,7.2,10,2,1,2026-01-13 10:00:00
2751,122,7,96.1,63.1,56.86,2,307,1.0,6.24,11,2,0,2026-01-15 10:00:00
2752,122,8,67.0,77.6,60.43,1,119,1.0,17.17,12,2,1,2026-01-16 20:00:00
2753,122,9,64.5,71.2,60.98,1,149,0.0,10.23,11,3,1,2026-01-18 17:00:00
2754,122,9,65.2,75.87,61.25,2,283,0.0,14.62,10,3,1,2026-01-20 14:00:00
2755,122,10,60.9,65.57,61.53,1,156,1.0,4.04,11,2,1,2026-01-21 06:00:00
2756,122,11,83.4,63.53,61.49,1,97,0.5,2.05,10,1,0,2026-01-23 02:00:00
2757,122,11,31.3,69.83,62.86,2,235,0.5,6.98,10,1,1,2026-01-24 14:00:00
2758,122,12,56.0,58.53,61.0,1,127,0.5,-2.47,10,2,1,2026-01-25 20:00:00
2759,122,12,31.2,56.9,60.72,2,275,0.5,-3.82,10,2,1,2026-01-26 20:00:00
2760,122,12,53.1,39.5,59.17,3,424,0.5,-19.67,10,2,1,2026-01-28 09:00:00
2761,122,13,30.1,46.77,58.86,1,125,0.0,-12.1,11,2,1,2026-01-28 17:00:00
2762,122,14,46.2,38.13,57.5,1,125,0.5,-19.36,12,3,1,2026-01-29 07:00:00
2763,122,15,71.7,43.13,56.98,1,137,1.0,-13.85,11,2,0,2026-01-31 02:00:00
2764,122,16,62.0,49.33,57.62,1,122,0.0,-8.29,12,3,1,2026-01-31 23:00:00
2765,122,16,50.8,59.97,57.8,2,278,0.0,2.16,12,3,1,2026-02-01 19:00:00
2766,122,17,56.2,61.5,57.52,1,132,0.0,3.98,13,3,1,2026-02-02 08:00:00
2767,122,17,72.7,56.33,57.47,2,213,0.0,-1.14,13,3,0,2026-02-04 02:00:00
2768,122,17,37.3,59.9,58.04,3,345,0.0,1.86,13,3,1,2026-02-05 05:00:00
2769,122,18,55.9,55.4,57.3,1,119,0.0,-1.9,14,3,1,2026-02-06 00:00:00
2770,123,1,92.9,75.0,75.0,1,57,1.0,0.0,1,1,0,2026-01-06 00:00:00
2771,123,2,92.6,92.9,92.9,1,65,1.0,0.0,2,1,0,2026-01-07 07:00:00
2772,123,3,64.9,92.75,92.75,1,92,1.0,0.0,3,2,1,2026-01-07 12:00:00
2773,123,3,80.6,83.47,83.47,2,208,1.0,0.0,4,2,0,2026-01-09 02:00:00
2774,123,3,78.3,79.37,82.75,3,304,1.0,-3.38,5,2,0,2026-01-09 21:00:00
2775,123,4,82.1,74.6,81.86,1,77,1.0,-7.26,6,2,0,2026-01-11 04:00:00
2776,123,5,94.5,80.33,81.9,1,99,1.0,-1.57,7,3,0,2026-01-12 21:00:00
2777,123,6,75.5,84.97,83.7,1,80,1.0,1.27,8,1,0,2026-01-14 15:00:00
2778,123,7,52.7,84.03,82.68,1,76,1.0,1.36,9,2,1,2026-01-16 00:00:00
2779,123,8,67.8,74.23,79.34,1,66,1.0,-5.11,10,2,1,2026-01-17 17:00:00
2780,123,9,79.6,65.33,78.19,1,54,0.0,-12.86,11,3,0,2026-01-19 08:00:00
2781,123,9,58.3,66.7,78.32,2,136,0.0,-11.62,11,3,1,2026-01-20 23:00:00
2782,123,9,73.6,68.57,76.65,3,229,0.0,-8.08,10,3,0,2026-01-22 06:00:00
2783,123,10,88.1,70.5,76.42,1,88,1.0,-5.92,11,2,0,2026-01-22 16:00:00
2784,123,11,70.9,73.33,77.25,1,81,0.5,-3.92,11,1,0,2026-01-23 04:00:00
2785,123,12,67.7,77.53,76.83,1,71,1.0,0.71,11,2,1,2026-01-24 23:00:00
2786,123,13,73.5,75.57,76.26,1,102,0.0,-0.69,11,2,0,2026-01-25 07:00:00
2787,123,13,97.0,70.7,76.09,2,165,0.0,-5.39,12,2,0,2026-01-26 18:00:00
2788,123,13,86.2,79.4,77.26,3,270,0.0,2.14,12,2,0,2026-01-27 00:00:00
2789,123,14,35.4,85.57,77.73,1,69,0.0,7.84,12,3,1,2026-01-28 22:00:00
2790,124,1,80.1,75.0,75.0,1,44,1.0,0.0,1,1,0,2026-01-14 13:00:00
2791,124,2,34.1,80.1,80.1,1,30,1.0,0.0,2,1,1,2026-01-16 07:00:00
2792,124,2,63.0,57.1,57.1,2,79,1.0,0.0,3,1,1,2026-01-17 23:00:00
2793,124,3,70.1,59.07,59.07,1,79,0.0,0.0,4,2,0,2026-01-19 13:00:00
2794,124,4,73.0,55.73,61.82,1,70,1.0,-6.09,5,2,0,2026-01-21 08:00:00
2795,124,5,55.6,68.7,64.06,1,79,1.0,4.64,6,3,1,2026-01-23 05:00:00
2796,124,6,79.5,66.23,62.65,1,70,1.0,3.58,7,1,0,2026-01-23 16:00:00
2797,124,7,71.6,69.37,65.06,1,37,1.0,4.31,8,2,0,2026-01-24 21:00:00
2798,124,8,82.6,68.9,65.88,1,53,1.0,3.02,9,2,0,2026-01-25 23:00:00
2799,124,9,72.1,77.9,67.73,1,44,1.0,10.17,10,3,0,2026-01-27 16:00:00
2800,124,9,71.2,75.43,68.17,2,130,1.0,7.26,11,3,0,2026-01-28 08:00:00
2801,124,9,83.5,75.3,68.45,3,166,1.0,6.85,11,3,0,2026-01-29 07:00:00
2802,124,10,73.9,75.6,69.7,1,77,1.0,5.9,11,2,0,2026-01-30 21:00:00
2803,124,11,82.4,76.2,70.02,1,77,0.5,6.18,11,1,0,2026-02-01 21:00:00
2804,124,12,93.4,79.93,70.91,1,96,1.0,9.03,11,2,0,2026-02-03 21:00:00
2805,124,13,72.4,83.23,72.41,1,51,1.0,10.83,11,2,0,2026-02-05 11:00:00
2806,124,14,80.6,82.73,72.41,1,74,1.0,10.33,12,3,0,2026-02-05 19:00:00
2807,124,15,95.1,82.13,72.89,1,105,1.0,9.25,12,2,0,2026-02-06 05:00:00
2808,124,16,90.0,82.7,74.12,1,47,1.0,8.58,12,3,0,2026-02-07 08:00:00
2809,124,17,87.6,88.57,74.96,1,30,1.0,13.61,13,3,0,2026-02-07 15:00:00
2810,124,18,69.7,90.9,75.59,1,30,1.0,15.31,13,3,1,2026-02-08 12:00:00
2811,124,19,81.8,82.43,75.31,1,74,1.0,7.12,13,2,0,2026-02-09 05:00:00
2812,124,20,98.5,79.7,75.6,1,30,1.0,4.1,13,3,0,2026-02-10 20:00:00
2813,124,20,70.4,83.33,76.6,2,82,1.0,6.73,13,3,0,2026-02-12 04:00:00
2814,124,20,33.6,83.57,76.34,3,150,1.0,7.23,12,3,1,2026-02-13 22:00:00
2815,125,1,80.3,75.0,75.0,1,63,1.0,0.0,1,1,0,2026-01-20 17:00:00
2816,125,2,95.5,80.3,80.3,1,68,1.0,0.0,2,1,0,2026-01-22 02:00:00
2817,125,3,98.9,87.9,87.9,1,64,1.0,0.0,3,2,0,2026-01-22 08:00:00
2818,125,3,99.4,91.57,91.57,2,149,1.0,0.0,4,2,0,2026-01-24 02:00:00
2819,125,4,99.4,97.93,93.52,1,40,1.0,4.41,5,2,0,2026-01-26 02:00:00
2820,125,5,86.1,99.23,94.7,1,46,1.0,4.53,6,3,0,2026-01-26 12:00:00
2821,125,5,94.0,94.97,93.27,2,90,1.0,1.7,7,3,0,2026-01-26 19:00:00
2822,125,6,83.6,93.17,93.37,1,76,1.0,-0.2,8,1,0,2026-01-27 01:00:00
2823,125,7,84.3,87.9,92.15,1,78,1.0,-4.25,9,2,0,2026-01-28 11:00:00
2824,125,8,57.1,87.3,91.28,1,69,1.0,-3.98,10,2,1,2026-01-28 18:00:00
2825,125,9,92.4,75.0,87.86,1,83,0.0,-12.86,11,3,0,2026-01-29 02:00:00
2826,125,10,69.8,77.93,88.27,1,36,1.0,-10.34,12,2,1,2026-01-30 13:00:00
2827,125,11,99.3,73.1,86.73,1,93,1.0,-13.63,13,1,0,2026-01-30 17:00:00
2828,125,12,94.4,87.17,87.7,1,90,1.0,-0.53,14,2,0,2026-01-31 05:00:00
2829,125,13,94.4,87.83,88.18,1,74,1.0,-0.35,15,2,0,2026-01-31 12:00:00
2830,125,14,73.9,96.03,88.59,1,95,1.0,7.44,16,3,0,2026-01-31 16:00:00
2831,125,15,87.6,87.57,87.68,1,30,1.0,-0.11,17,2,0,2026-01-31 20:00:00
2832,125,16,74.3,85.3,87.67,1,49,1.0,-2.37,18,3,0,2026-02-01 15:00:00
2833,125,17,90.9,78.6,86.93,1,45,1.0,-8.33,19,3,0,2026-02-02 18:00:00
2834,125,17,75.6,84.27,87.14,2,119,1.0,-2.87,19,3,0,2026-02-04 10:00:00
2835,125,18,99.0,80.27,86.56,1,38,1.0,-6.29,20,3,0,2026-02-04 16:00:00
2836,125,19,53.6,88.5,87.15,1,75,0.5,1.35,19,2,1,2026-02-05 13:00:00
2837,126,1,39.0,75.0,75.0,1,117,1.0,0.0,1,1,1,2026-02-01 22:00:00
2838,126,2,43.9,39.0,39.0,1,103,0.0,0.0,2,1,1,2026-02-03 13:00:00
2839,126,3,36.3,41.45,41.45,1,95,0.0,0.0,3,2,1,2026-02-04 18:00:00
2840,126,3,84.9,39.73,39.73,2,165,0.0,0.0,4,2,0,2026-02-05 05:00:00
2841,126,4,42.4,55.03,51.03,1,73,1.0,4.01,5,2,1,2026-02-06 11:00:00
2842,126,5,46.2,54.53,49.3,1,114,0.0,5.23,6,3,1,2026-02-07 17:00:00
2843,126,6,72.1,57.83,48.78,1,105,1.0,9.05,7,1,0,2026-02-09 05:00:00
2844,126,7,94.3,53.57,52.11,1,89,1.0,1.45,8,2,0,2026-02-09 14:00:00
2845,126,7,87.2,70.87,57.39,2,170,1.0,13.48,9,2,0,2026-02-10 16:00:00
2846,126,7,76.3,84.53,60.7,3,219,1.0,23.83,10,2,0,2026-02-11 12:00:00
2847,126,8,59.2,85.93,62.26,1,68,1.0,23.67,11,2,1,2026-02-12 16:00:00
2848,126,9,42.7,74.23,61.98,1,128,0.0,12.25,12,3,1,2026-02-14 01:00:00
2849,126,10,55.4,59.4,60.38,1,64,1.0,-0.98,12,2,1,2026-02-15 22:00:00
2850,126,11,82.9,52.43,59.99,1,93,0.5,-7.56,13,1,0,2026-02-17 03:00:00
2851,126,11,79.7,60.33,61.63,2,203,0.5,-1.3,13,1,0,2026-02-17 22:00:00
2852,126,11,83.8,72.67,62.83,3,267,0.5,9.83,12,1,0,2026-02-19 18:00:00
2853,126,12,69.7,82.13,64.14,1,93,0.5,17.99,13,2,1,2026-02-20 09:00:00
2854,126,13,70.2,77.73,64.47,1,108,0.0,13.26,13,2,0,2026-02-21 05:00:00
2855,126,14,75.7,74.57,64.79,1,90,0.5,9.78,13,3,0,2026-02-22 16:00:00
2856,126,14,87.0,71.87,65.36,2,237,0.5,6.5,12,3,0,2026-02-24 15:00:00
2857,126,15,62.5,77.63,66.45,1,56,1.0,11.19,12,2,1,2026-02-25 10:00:00
2858,126,15,40.3,75.07,66.26,2,167,1.0,8.81,11,2,1,2026-02-27 03:00:00
2859,126,16,56.0,63.27,65.08,1,86,0.0,-1.81,11,3,1,2026-02-28 17:00:00
2860,126,17,99.7,52.93,64.68,1,105,0.0,-11.75,12,3,0,2026-03-01 03:00:00
2861,126,18,78.9,65.33,66.14,1,98,0.0,-0.81,13,3,0,2026-03-01 15:00:00
2862,126,18,65.5,78.2,66.65,2,173,0.0,11.55,12,3,1,2026-03-03 08:00:00
2863,126,19,35.1,81.37,66.61,1,94,0.5,14.76,12,2,1,2026-03-04 05:00:00
2864,126,19,90.7,59.83,65.44,2,146,0.5,-5.61,13,2,0,2026-03-05 05:00:00
2865,127,1,45.7,75.0,75.0,1,152,1.0,0.0,1,1,1,2026-01-20 04:00:00
2866,127,2,58.9,45.7,45.7,1,145,0.0,0.0,2,1,1,2026-01-21 11:00:00
2867,127,3,59.0,52.3,52.3,1,152,0.0,0.0,3,2,1,2026-01-21 19:00:00
2868,127,4,47.7,54.53,54.53,1,161,0.0,0.0,4,2,1,2026-01-22 00:00:00
2869,127,4,31.4,55.2,52.82,2,308,0.0,2.38,5,2,1,2026-01-22 19:00:00
2870,127,5,59.0,46.03,48.54,1,142,0.0,-2.51,6,3,1,2026-01-24 15:00:00
2871,127,6,90.3,46.03,50.28,1,122,1.0,-4.25,7,1,0,2026-01-26 02:00:00
2872,127,7,44.8,60.23,56.0,1,125,1.0,4.23,8,2,1,2026-01-27 11:00:00
2873,127,7,39.8,64.7,54.6,2,288,1.0,10.1,9,2,1,2026-01-27 15:00:00
2874,127,8,59.1,58.3,52.96,1,168,1.0,5.34,10,2,1,2026-01-28 11:00:00
2875,127,8,55.8,47.9,53.57,2,303,1.0,-5.67,11,2,1,2026-01-29 11:00:00
2876,127,9,59.9,51.57,53.77,1,140,0.0,-2.21,12,3,1,2026-01-31 03:00:00
2877,127,9,66.5,58.27,54.28,2,261,0.0,3.98,13,3,1,2026-01-31 11:00:00
2878,127,9,65.5,60.73,55.22,3,424,0.0,5.51,14,3,1,2026-02-02 04:00:00
2879,127,10,60.9,63.97,55.96,1,153,1.0,8.01,15,2,1,2026-02-02 17:00:00
2880,127,11,73.0,64.3,56.29,1,178,0.0,8.01,15,1,0,2026-02-03 21:00:00
2881,127,11,78.6,66.47,57.33,2,300,0.0,9.14,16,1,0,2026-02-04 07:00:00
2882,127,12,57.9,70.83,58.58,1,132,0.5,12.25,14,2,1,2026-02-05 15:00:00
2883,127,13,42.0,69.83,58.54,1,144,0.0,11.29,14,2,1,2026-02-06 14:00:00
2884,127,13,59.8,59.5,57.67,2,296,0.0,1.83,14,2,1,2026-02-07 19:00:00
2885,127,13,51.0,53.23,57.78,3,431,0.0,-4.55,14,2,1,2026-02-09 07:00:00
2886,128,1,68.8,75.0,75.0,1,122,1.0,0.0,1,1,1,2026-01-30 01:00:00
2887,128,2,38.0,68.8,68.8,1,157,0.0,0.0,2,1,1,2026-01-30 09:00:00
2888,128,3,68.8,53.4,53.4,1,154,0.0,0.0,3,2,1,2026-02-01 01:00:00
2889,128,3,47.1,58.53,58.53,2,275,0.0,0.0,4,2,1,2026-02-03 00:00:00
2890,128,4,30.1,51.3,55.68,1,167,0.0,-4.37,5,2,1,2026-02-04 14:00:00
2891,128,4,34.8,48.67,50.56,2,330,0.0,-1.89,6,2,1,2026-02-05 06:00:00
2892,128,4,45.3,37.33,47.93,3,472,0.0,-10.6,7,2,1,2026-02-05 19:00:00
2893,128,5,46.2,36.73,47.56,1,141,0.0,-10.82,8,3,1,2026-02-07 03:00:00
2894,128,5,67.8,42.1,47.39,2,292,0.0,-5.29,9,3,1,2026-02-09 01:00:00
2895,128,6,36.9,53.1,49.66,1,122,1.0,3.44,10,1,1,2026-02-09 11:00:00
2896,128,6,81.6,50.3,48.38,2,262,1.0,1.92,11,1,0,2026-02-09 15:00:00
2897,128,7,71.7,62.1,51.4,1,96,1.0,10.7,12,2,0,2026-02-10 03:00:00
2898,128,7,73.2,63.4,53.09,2,253,1.0,10.31,13,2,0,2026-02-11 05:00:00
2899,128,7,85.4,75.5,54.64,3,361,1.0,20.86,14,2,0,2026-02-12 01:00:00
2900,128,8,69.8,76.77,56.84,1,170,1.0,19.93,14,2,1,2026-02-13 07:00:00
2901,128,9,68.2,76.13,57.7,1,133,0.0,18.43,14,3,1,2026-02-13 15:00:00
2902,128,10,76.4,74.47,58.36,1,135,1.0,16.11,15,2,0,2026-02-14 12:00:00
2903,128,11,38.9,71.47,59.42,1,127,0.5,12.05,15,1,1,2026-02-16 07:00:00
2904,128,11,90.0,61.17,58.28,2,261,0.5,2.89,16,1,0,2026-02-16 15:00:00
2905,128,11,49.0,68.43,59.95,3,429,0.5,8.49,17,1,1,2026-02-16 23:00:00
2906,128,12,76.3,59.3,59.4,1,90,0.5,-0.1,16,2,0,2026-02-18 14:00:00
2907,128,13,60.7,71.77,60.2,1,165,1.0,11.56,16,2,1,2026-02-19 07:00:00
2908,128,13,30.6,62.0,60.23,2,311,1.0,1.77,16,2,1,2026-02-20 19:00:00
2909,128,14,80.1,55.87,58.94,1,115,1.0,-3.07,16,3,0,2026-02-22 18:00:00
2910,128,14,30.0,57.13,59.82,2,233,1.0,-2.69,13,3,1,2026-02-24 16:00:00
2911,128,15,54.0,46.9,58.63,1,173,1.0,-11.73,13,2,1,2026-02-25 18:00:00
2912,128,16,72.9,54.7,58.45,1,121,0.5,-3.75,13,3,0,2026-02-26 07:00:00
2913,128,16,51.3,52.3,58.99,2,237,0.5,-6.69,12,3,1,2026-02-27 16:00:00
2914,128,17,97.0,59.4,58.71,1,162,1.0,0.69,12,3,0,2026-02-28 15:00:00
2915,128,17,38.0,73.73,60.03,2,308,1.0,13.7,13,3,1,2026-03-02 04:00:00
2916,128,17,42.8,62.1,59.3,3,429,1.0,2.8,12,3,1,2026-03-02 16:00:00
2917,128,18,36.4,59.27,58.76,1,144,1.0,0.5,12,3,1,2026-03-03 02:00:00
2918,128,18,89.3,39.07,58.07,2,263,1.0,-19.0,13,3,0,2026-03-04 09:00:00
2919,129,1,78.8,75.0,75.0,1,82,1.0,0.0,1,1,0,2026-01-24 06:00:00
2920,129,2,82.1,78.8,78.8,1,81,1.0,0.0,2,1,0,2026-01-26 06:00:00
2921,129,3,94.4,80.45,80.45,1,70,1.0,0.0,3,2,0,2026-01-27 09:00:00
2922,129,4,62.9,85.1,85.1,1,67,1.0,0.0,4,2,1,2026-01-27 22:00:00
2923,129,5,67.0,79.8,79.55,1,95,0.0,0.25,5,3,1,2026-01-28 03:00:00
2924,129,6,88.7,74.77,77.04,1,59,1.0,-2.27,6,1,0,2026-01-29 13:00:00
2925,129,7,32.3,72.87,78.98,1,36,1.0,-6.12,7,2,1,2026-01-31 12:00:00
2926,129,8,83.4,62.67,72.31,1,68,1.0,-9.65,8,2,0,2026-02-02 02:00:00
2927,129,8,91.1,68.13,73.7,2,169,1.0,-5.57,9,2,0,2026-02-03 10:00:00
2928,129,8,76.1,68.93,75.63,3,208,1.0,-6.7,10,2,0,2026-02-04 21:00:00
2929,129,9,72.0,83.53,75.68,1,52,1.0,7.85,11,3,0,2026-02-05 14:00:00
2930,129,9,86.7,79.73,75.35,2,120,1.0,4.39,12,3,0,2026-02-07 01:00:00
2931,129,10,82.1,78.27,76.29,1,58,1.0,1.97,12,2,0,2026-02-08 21:00:00
2932,129,11,95.8,80.27,76.74,1,40,0.5,3.53,12,1,0,2026-02-09 14:00:00
2933,129,12,73.4,88.2,78.1,1,82,1.0,10.1,10,2,0,2026-02-11 13:00:00
2934,129,13,51.8,83.77,77.79,1,106,1.0,5.98,10,2,1,2026-02-13 04:00:00
2935,129,14,62.5,73.67,76.16,1,63,0.5,-2.5,10,3,1,2026-02-14 16:00:00
2936,130,1,73.6,75.0,75.0,1,71,1.0,0.0,1,1,0,2026-01-03 18:00:00
2937,130,2,86.6,73.6,73.6,1,59,1.0,0.0,2,1,0,2026-01-05 09:00:00
2938,130,3,54.2,80.1,80.1,1,95,1.0,0.0,3,2,1,2026-01-06 16:00:00
2939,130,4,85.3,71.47,71.47,1,112,0.0,0.0,4,2,0,2026-01-08 03:00:00
2940,130,5,90.7,75.37,74.92,1,99,1.0,0.44,5,3,0,2026-01-08 19:00:00
2941,130,6,79.9,76.73,78.08,1,89,1.0,-1.35,6,1,0,2026-01-09 12:00:00
2942,130,6,97.2,85.3,78.38,2,167,1.0,6.92,7,1,0,2026-01-10 12:00:00
2943,130,6,88.5,89.27,81.07,3,235,1.0,8.2,8,1,0,2026-01-10 21:00:00
2944,130,7,85.3,88.53,82.0,1,106,1.0,6.53,9,2,0,2026-01-11 20:00:00
2945,130,8,34.1,90.33,82.37,1,108,1.0,7.97,10,2,1,2026-01-13 17:00:00
2946,130,9,47.7,69.3,77.54,1,59,0.0,-8.24,11,3,1,2026-01-14 22:00:00
2947,130,10,83.1,55.7,74.83,1,121,1.0,-19.13,12,2,0,2026-01-15 04:00:00
2948,130,11,55.0,54.97,75.52,1,101,1.0,-20.55,13,1,1,2026-01-16 03:00:00
2949,130,12,92.8,61.93,73.94,1,117,0.0,-12.01,14,2,0,2026-01-17 01:00:00
2950,130,12,62.5,76.97,75.29,2,180,0.0,1.68,14,2,1,2026-01-18 08:00:00
2951,130,12,49.1,70.1,74.43,3,242,0.0,-4.33,15,2,1,2026-01-18 20:00:00
2952,130,13,91.2,68.13,72.85,1,87,1.0,-4.72,15,2,0,2026-01-20 07:00:00
2953,130,14,60.9,67.6,73.93,1,100,1.0,-6.33,15,3,1,2026-01-21 12:00:00
2954,130,15,91.2,67.07,73.21,1,125,0.0,-6.14,14,2,0,2026-01-23 03:00:00
2955,130,16,80.4,81.1,74.15,1,104,0.5,6.95,14,3,0,2026-01-24 06:00:00
2956,131,1,42.0,75.0,75.0,1,85,1.0,0.0,1,1,1,2026-01-23 09:00:00
2957,131,2,86.3,42.0,42.0,1,69,0.0,0.0,2,1,0,2026-01-25 05:00:00
2958,131,2,98.0,64.15,64.15,2,183,0.0,0.0,3,1,0,2026-01-26 16:00:00
2959,131,3,33.1,75.43,75.43,1,70,1.0,0.0,4,2,1,2026-01-27 06:00:00
2960,131,4,33.9,72.47,64.85,1,122,0.0,7.62,5,2,1,2026-01-28 04:00:00
2961,131,5,86.9,55.0,58.66,1,84,0.0,-3.66,6,3,0,2026-01-29 21:00:00
2962,131,6,78.7,51.3,63.37,1,121,1.0,-12.07,7,1,0,2026-01-30 09:00:00
2963,131,7,95.6,66.5,65.56,1,103,1.0,0.94,8,2,0,2026-01-30 22:00:00
2964,131,8,96.7,87.07,69.31,1,87,1.0,17.75,9,2,0,2026-01-31 13:00:00
2965,131,9,98.6,90.33,72.36,1,79,1.0,17.98,10,3,0,2026-02-01 19:00:00
2966,131,9,41.1,96.97,74.98,2,162,1.0,21.99,11,3,1,2026-02-03 00:00:00
2967,131,10,38.8,78.8,71.9,1,98,1.0,6.9,12,2,1,2026-02-04 23:00:00
2968,131,11,52.1,59.5,69.14,1,91,1.0,-9.64,13,1,1,2026-02-06 07:00:00
2969,131,12,54.5,44.0,67.83,1,78,0.5,-23.83,13,2,1,2026-02-07 17:00:00
2970,131,13,74.9,48.47,66.88,1,86,0.0,-18.41,13,2,0,2026-02-08 15:00:00
2971,131,14,35.6,60.5,67.41,1,91,0.5,-6.91,13,3,1,2026-02-09 22:00:00
2972,131,14,84.7,55.0,65.42,2,138,0.5,-10.42,12,3,0,2026-02-11 13:00:00
2973,131,15,88.4,65.07,66.56,1,99,0.0,-1.49,11,2,0,2026-02-13 10:00:00
2974,131,15,49.4,69.57,67.77,2,169,0.0,1.79,11,2,1,2026-02-14 00:00:00
2975,131,16,97.8,74.17,66.81,1,66,0.5,7.36,12,3,0,2026-02-14 06:00:00
2976,132,1,93.5,75.0,75.0,1,30,1.0,0.0,1,1,0,2026-01-18 17:00:00
2977,132,2,97.3,93.5,93.5,1,30,1.0,0.0,2,1,0,2026-01-19 06:00:00
2978,132,3,97.8,95.4,95.4,1,32,1.0,0.0,3,2,0,2026-01-20 00:00:00
2979,132,4,87.4,96.2,96.2,1,45,1.0,0.0,4,2,0,2026-01-21 23:00:00
2980,132,5,84.0,94.17,94.0,1,99,1.0,0.17,5,3,0,2026-01-23 08:00:00
2981,132,5,30.3,89.73,92.0,2,148,1.0,-2.27,6,3,1,2026-01-23 20:00:00
2982,132,5,89.5,67.23,81.72,3,211,1.0,-14.48,7,3,0,2026-01-24 15:00:00
2983,132,6,73.0,67.93,82.83,1,68,1.0,-14.9,8,1,0,2026-01-26 03:00:00
2984,132,7,71.9,64.27,81.6,1,62,1.0,-17.33,9,2,0,2026-01-27 03:00:00
2985,132,8,30.6,78.13,80.52,1,58,1.0,-2.39,10,2,1,2026-01-27 13:00:00
2986,132,9,85.7,58.5,75.53,1,36,0.0,-17.03,11,3,0,2026-01-29 11:00:00
2987,132,10,95.1,62.73,76.45,1,89,1.0,-13.72,12,2,0,2026-01-31 08:00:00
2988,132,10,97.7,70.47,78.01,2,185,1.0,-7.54,11,2,0,2026-02-02 06:00:00
2989,132,11,71.0,92.83,79.52,1,30,1.0,13.31,12,1,0,2026-02-02 22:00:00
2990,132,12,57.6,87.93,78.91,1,39,1.0,9.02,12,2,1,2026-02-03 23:00:00
2991,132,13,93.6,75.43,77.49,1,54,0.0,-2.06,13,2,0,2026-02-04 09:00:00
2992,132,14,92.2,74.07,78.5,1,40,0.5,-4.43,14,3,0,2026-02-04 17:00:00
2993,132,15,92.2,81.13,79.31,1,70,1.0,1.83,14,2,0,2026-02-05 12:00:00
2994,133,1,99.3,75.0,75.0,1,45,1.0,0.0,1,1,0,2026-01-26 00:00:00
2995,133,2,98.8,99.3,99.3,1,103,1.0,0.0,2,1,0,2026-01-27 21:00:00
2996,133,3,87.3,99.05,99.05,1,83,1.0,0.0,3,2,0,2026-01-28 20:00:00
2997,133,4,36.3,95.13,95.13,1,64,1.0,0.0,4,2,1,2026-01-29 07:00:00
2998,133,5,76.5,74.13,80.42,1,80,0.0,-6.29,5,3,0,2026-01-30 05:00:00
2999,133,6,75.2,66.7,79.64,1,82,1.0,-12.94,6,1,0,2026-01-31 12:00:00
3000,133,7,87.5,62.67,78.9,1,48,1.0,-16.23,7,2,0,2026-01-31 19:00:00
3001,133,8,96.0,79.73,80.13,1,43,1.0,-0.4,8,2,0,2026-02-02 05:00:00
3002,133,9,84.2,86.23,82.11,1,61,1.0,4.12,9,3,0,2026-02-03 08:00:00
3003,133,10,81.5,89.23,82.34,1,77,1.0,6.89,10,2,0,2026-02-05 08:00:00
3004,133,11,81.7,87.23,82.26,1,62,1.0,4.97,11,1,0,2026-02-06 19:00:00
3005,133,12,73.2,82.47,82.21,1,30,1.0,0.26,12,2,0,2026-02-08 01:00:00
3006,133,13,83.2,78.8,81.46,1,43,1.0,-2.66,13,2,0,2026-02-08 15:00:00
3007,133,14,91.0,79.37,81.59,1,58,1.0,-2.23,13,3,0,2026-02-09 08:00:00
3008,133,14,53.0,82.47,82.26,2,116,1.0,0.2,13,3,1,2026-02-11 04:00:00
3009,134,1,84.2,75.0,75.0,1,129,1.0,0.0,1,1,0,2026-01-04 23:00:00
3010,134,2,86.4,84.2,84.2,1,62,1.0,0.0,2,1,0,2026-01-05 15:00:00
3011,134,3,82.9,85.3,85.3,1,100,1.0,0.0,3,2,0,2026-01-06 16:00:00
3012,134,4,87.0,84.5,84.5,1,119,1.0,0.0,4,2,0,2026-01-08 06:00:00
3013,134,5,72.9,85.43,85.12,1,135,1.0,0.31,5,3,0,2026-01-10 04:00:00
3014,134,5,93.4,80.93,82.68,2,216,1.0,-1.75,6,3,0,2026-01-10 14:00:00
3015,134,5,77.3,84.43,84.47,3,315,1.0,-0.03,7,3,0,2026-01-11 23:00:00
3016,134,6,60.9,81.2,83.44,1,101,1.0,-2.24,8,1,1,2026-01-12 13:00:00
3017,134,7,74.2,77.2,80.62,1,93,0.0,-3.42,9,2,0,2026-01-12 18:00:00
3018,134,7,99.4,70.8,79.91,2,181,0.0,-9.11,10,2,0,2026-01-13 11:00:00
3019,134,7,41.9,78.17,81.86,3,279,0.0,-3.69,11,2,1,2026-01-14 03:00:00
3020,134,8,55.3,71.83,78.23,1,39,1.0,-6.39,12,2,1,2026-01-15 20:00:00
3021,134,8,94.5,65.53,76.32,2,142,1.0,-10.78,13,2,0,2026-01-17 01:00:00
3022,134,8,53.3,63.9,77.72,3,234,1.0,-13.82,14,2,1,2026-01-17 13:00:00
3023,134,9,90.0,67.7,75.97,1,85,1.0,-8.27,14,3,0,2026-01-19 11:00:00
3024,134,10,82.3,79.27,76.91,1,130,1.0,2.36,13,2,0,2026-01-20 20:00:00
3025,134,10,38.9,75.2,77.24,2,206,1.0,-2.04,13,2,1,2026-01-22 19:00:00
3026,134,10,98.7,70.4,74.99,3,287,1.0,-4.59,14,2,0,2026-01-23 06:00:00
3027,134,11,91.6,73.3,76.31,1,129,1.0,-3.01,15,1,0,2026-01-23 17:00:00
3028,134,12,78.2,76.4,77.11,1,73,1.0,-0.71,15,2,0,2026-01-24 09:00:00
3029,134,13,38.2,89.5,77.17,1,78,1.0,12.33,15,2,1,2026-01-25 19:00:00
3030,134,14,57.6,69.33,75.31,1,87,1.0,-5.98,12,3,1,2026-01-27 11:00:00
3031,134,15,99.8,58.0,74.5,1,106,1.0,-16.5,12,2,0,2026-01-28 04:00:00
3032,134,16,56.5,65.2,75.6,1,94,1.0,-10.4,12,3,1,2026-01-30 01:00:00
3033,134,16,66.8,71.3,74.81,2,158,1.0,-3.51,13,3,1,2026-01-31 00:00:00
3034,134,16,46.6,74.37,74.49,3,237,1.0,-0.12,12,3,1,2026-02-01 15:00:00
3035,134,17,54.0,56.63,73.42,1,77,0.0,-16.78,13,3,1,2026-02-01 23:00:00
3036,134,17,60.7,55.8,72.7,2,165,0.0,-16.9,14,3,1,2026-02-02 10:00:00
3037,134,17,77.8,53.77,72.27,3,263,0.0,-18.5,14,3,0,2026-02-03 11:00:00
3038,135,1,90.1,75.0,75.0,1,118,1.0,0.0,1,1,0,2026-01-21 10:00:00
3039,135,2,84.4,90.1,90.1,1,74,1.0,0.0,2,1,0,2026-01-21 19:00:00
3040,135,3,33.9,87.25,87.25,1,131,1.0,0.0,3,2,1,2026-01-22 07:00:00
3041,135,4,36.4,69.47,69.47,1,115,0.0,0.0,4,2,1,2026-01-24 05:00:00
3042,135,4,95.2,51.57,61.2,2,252,0.0,-9.63,5,2,0,2026-01-24 14:00:00
3043,135,5,83.1,55.17,68.0,1,118,1.0,-12.83,6,3,0,2026-01-26 08:00:00
3044,135,6,86.6,71.57,70.52,1,132,1.0,1.05,7,1,0,2026-01-28 02:00:00
3045,135,7,34.9,88.3,72.81,1,119,1.0,15.49,8,2,1,2026-01-30 00:00:00
3046,135,8,33.0,68.2,68.08,1,136,1.0,0.12,9,2,1,2026-01-30 22:00:00
3047,135,9,37.4,51.5,64.18,1,120,0.0,-12.68,10,3,1,2026-02-01 05:00:00
3048,135,9,43.5,35.1,61.5,2,228,0.0,-26.4,11,3,1,2026-02-02 01:00:00
3049,135,9,42.4,37.97,59.86,3,383,0.0,-21.9,12,3,1,2026-02-03 22:00:00
3050,135,10,48.6,41.1,58.41,1,127,1.0,-17.31,13,2,1,2026-02-04 06:00:00
3051,135,11,50.2,44.83,57.65,1,121,0.5,-12.82,11,1,1,2026-02-05 10:00:00
3052,135,11,87.7,47.07,57.12,2,205,0.5,-10.05,12,1,0,2026-02-05 15:00:00
3053,135,12,93.3,62.17,59.16,1,84,0.5,3.01,13,2,0,2026-02-06 08:00:00
3054,135,12,33.4,77.07,61.29,2,199,0.5,15.77,12,2,1,2026-02-07 16:00:00
3055,135,13,30.3,71.47,59.65,1,112,1.0,11.81,13,2,1,2026-02-08 12:00:00
3056,135,14,94.6,52.33,58.02,1,97,0.5,-5.69,14,3,0,2026-02-09 06:00:00
3057,135,15,30.1,52.77,59.95,1,112,1.0,-7.18,14,2,1,2026-02-09 16:00:00
3058,135,16,62.1,51.67,58.46,1,141,0.5,-6.79,15,3,1,2026-02-10 13:00:00
3059,136,1,91.6,75.0,75.0,1,103,1.0,0.0,1,1,0,2026-01-12 14:00:00
3060,136,2,75.4,91.6,91.6,1,67,1.0,0.0,2,1,0,2026-01-13 03:00:00
3061,136,3,80.7,83.5,83.5,1,87,1.0,0.0,3,2,0,2026-01-13 16:00:00
3062,136,4,88.2,82.57,82.57,1,73,1.0,0.0,4,2,0,2026-01-15 07:00:00
3063,136,5,43.8,81.43,83.98,1,82,1.0,-2.54,5,3,1,2026-01-15 18:00:00
3064,136,6,73.9,70.9,75.94,1,81,1.0,-5.04,6,1,0,2026-01-17 15:00:00
3065,136,7,83.9,68.63,75.6,1,80,1.0,-6.97,7,2,0,2026-01-17 21:00:00
3066,136,7,72.2,67.2,76.79,2,144,1.0,-9.59,8,2,0,2026-01-19 11:00:00
3067,136,7,58.4,76.67,76.21,3,231,1.0,0.45,9,2,1,2026-01-20 09:00:00
3068,136,8,33.8,71.5,74.23,1,78,1.0,-2.73,10,2,1,2026-01-21 21:00:00
3069,136,9,55.1,54.8,70.19,1,31,0.0,-15.39,11,3,1,2026-01-22 19:00:00
3070,136,9,56.9,49.1,68.82,2,162,0.0,-19.72,12,3,1,2026-01-23 04:00:00
3071,136,10,68.6,48.6,67.82,1,111,1.0,-19.23,13,2,1,2026-01-24 19:00:00
3072,136,10,73.5,60.2,67.88,2,193,1.0,-7.68,14,2,0,2026-01-26 10:00:00
3073,137,1,97.5,75.0,75.0,1,90,1.0,0.0,1,1,0,2026-01-11 08:00:00
3074,137,2,98.7,97.5,97.5,1,66,1.0,0.0,2,1,0,2026-01-12 09:00:00
3075,137,3,37.4,98.1,98.1,1,123,1.0,0.0,3,2,1,2026-01-13 23:00:00
3076,137,4,78.9,77.87,77.87,1,127,0.0,0.0,4,2,0,2026-01-15 19:00:00
3077,137,5,71.5,71.67,78.12,1,93,1.0,-6.46,5,3,0,2026-01-16 23:00:00
3078,137,6,33.3,62.6,76.8,1,110,1.0,-14.2,6,1,1,2026-01-18 07:00:00
3079,137,6,76.7,61.23,69.55,2,203,1.0,-8.32,7,1,0,2026-01-19 13:00:00
3080,137,7,89.1,60.5,70.57,1,63,1.0,-10.07,8,2,0,2026-01-20 01:00:00
3081,137,8,88.4,66.37,72.89,1,81,1.0,-6.52,9,2,0,2026-01-21 20:00:00
3082,137,9,62.4,84.73,74.61,1,92,1.0,10.12,10,3,1,2026-01-22 20:00:00
3083,137,10,70.1,79.97,73.39,1,80,1.0,6.58,11,2,0,2026-01-23 13:00:00
3084,137,11,80.3,73.63,73.09,1,85,1.0,0.54,12,1,0,2026-01-24 00:00:00
3085,137,12,53.3,70.93,73.69,1,88,0.5,-2.76,13,2,1,2026-01-24 22:00:00
3086,137,13,74.9,67.9,72.12,1,88,0.0,-4.22,14,2,0,2026-01-25 02:00:00
3087,137,13,74.3,69.5,72.32,2,179,0.0,-2.82,14,2,0,2026-01-25 19:00:00
3088,137,14,62.3,67.5,72.45,1,68,0.5,-4.95,14,3,1,2026-01-27 15:00:00
3089,137,14,97.3,70.5,71.82,2,143,0.5,-1.32,15,3,0,2026-01-27 21:00:00
3090,137,15,84.6,77.97,73.32,1,64,1.0,4.65,15,2,0,2026-01-29 05:00:00
3091,137,16,37.1,81.4,73.94,1,109,0.0,7.46,15,3,1,2026-01-30 19:00:00
3092,137,17,95.8,73.0,72.01,1,47,0.0,0.99,14,3,0,2026-02-01 13:00:00
3093,137,17,60.0,72.5,73.19,2,160,0.0,-0.69,15,3,1,2026-02-02 01:00:00
3094,137,18,62.8,64.3,72.57,1,117,0.0,-8.27,14,3,1,2026-02-03 15:00:00
3095,137,18,56.8,72.87,72.12,2,200,0.0,0.74,15,3,1,2026-02-03 21:00:00
3096,137,19,88.1,59.87,71.46,1,37,1.0,-11.59,15,2,0,2026-02-05 16:00:00
3097,138,1,81.3,75.0,75.0,1,132,1.0,0.0,1,1,0,2026-01-11 01:00:00
3098,138,1,84.8,81.3,81.3,2,270,1.0,0.0,2,1,0,2026-01-13 00:00:00
3099,138,1,91.8,83.05,83.05,3,389,1.0,0.0,3,1,0,2026-01-14 18:00:00
3100,138,2,33.3,85.97,85.97,1,129,1.0,0.0,4,1,1,2026-01-15 06:00:00
3101,138,3,41.6,69.97,72.8,1,170,0.0,-2.83,5,2,1,2026-01-16 04:00:00
3102,138,4,60.2,55.57,66.56,1,153,0.0,-10.99,6,2,1,2026-01-17 23:00:00
3103,138,5,43.6,45.03,65.5,1,121,0.0,-20.47,7,3,1,2026-01-19 05:00:00
3104,138,5,60.3,48.47,62.37,2,229,0.0,-13.9,8,3,1,2026-01-20 15:00:00
3105,138,6,55.9,54.7,62.11,1,133,1.0,-7.41,9,1,1,2026-01-21 00:00:00
3106,138,7,77.4,53.27,61.42,1,135,0.0,-8.16,10,2,0,2026-01-21 07:00:00
3107,138,7,57.1,64.53,63.02,2,284,0.0,1.51,11,2,1,2026-01-22 17:00:00
3108,138,7,55.2,63.47,62.48,3,413,0.0,0.98,12,2,1,2026-01-24 13:00:00
3109,138,8,36.2,63.23,61.88,1,150,1.0,1.36,12,2,1,2026-01-26 03:00:00
3110,138,9,66.4,49.5,59.9,1,178,0.0,-10.4,12,3,1,2026-01-27 06:00:00
3111,138,9,37.7,52.6,60.36,2,334,0.0,-7.76,13,3,1,2026-01-27 19:00:00
3112,138,9,43.4,46.77,58.85,3,473,0.0,-12.09,14,3,1,2026-01-28 14:00:00
3113,138,10,80.3,49.17,57.89,1,136,1.0,-8.72,14,2,0,2026-01-29 03:00:00
3114,138,11,51.4,53.8,59.21,1,132,0.5,-5.41,13,1,1,2026-01-30 13:00:00
3115,138,12,43.7,58.37,58.77,1,163,0.0,-0.41,13,2,1,2026-02-01 12:00:00
3116,139,1,56.6,75.0,75.0,1,77,1.0,0.0,1,1,1,2026-01-15 10:00:00
3117,139,2,96.0,56.6,56.6,1,90,0.0,0.0,2,1,0,2026-01-16 01:00:00
3118,139,3,80.4,76.3,76.3,1,91,1.0,0.0,3,2,0,2026-01-16 22:00:00
3119,139,4,99.3,77.67,77.67,1,79,1.0,0.0,4,2,0,2026-01-18 02:00:00
3120,139,5,53.1,91.9,83.08,1,62,1.0,8.82,5,3,1,2026-01-18 23:00:00
3121,139,6,82.4,77.6,77.08,1,96,1.0,0.52,6,1,0,2026-01-19 23:00:00
3122,139,7,32.2,78.27,77.97,1,88,1.0,0.3,7,2,1,2026-01-20 12:00:00
3123,139,8,98.3,55.9,71.43,1,100,1.0,-15.53,8,2,0,2026-01-21 23:00:00
3124,139,9,40.7,70.97,74.79,1,79,1.0,-3.82,9,3,1,2026-01-22 19:00:00
3125,139,10,70.1,57.07,71.0,1,114,1.0,-13.93,10,2,0,2026-01-24 17:00:00
3126,139,11,57.9,69.7,70.91,1,72,0.5,-1.21,11,1,1,2026-01-26 17:00:00
3127,139,12,96.3,56.23,69.73,1,124,0.0,-13.49,12,2,0,2026-01-28 09:00:00
3128,139,12,32.1,74.77,71.94,2,179,0.0,2.83,13,2,1,2026-01-29 07:00:00
3129,139,12,35.3,62.1,68.88,3,277,0.0,-6.78,11,2,1,2026-01-31 04:00:00
3130,140,1,65.1,75.0,75.0,1,119,1.0,0.0,1,1,1,2026-01-25 08:00:00
3131,140,2,45.7,65.1,65.1,1,94,0.0,0.0,2,1,1,2026-01-25 16:00:00
3132,140,3,95.9,55.4,55.4,1,118,0.0,0.0,3,2,0,2026-01-27 14:00:00
3133,140,4,63.6,68.9,68.9,1,135,1.0,0.0,4,2,1,2026-01-27 19:00:00
3134,140,5,60.9,68.4,67.58,1,65,0.0,0.83,5,3,1,2026-01-28 23:00:00
3135,140,6,45.2,73.47,66.24,1,120,1.0,7.23,6,1,1,2026-01-30 07:00:00
3136,140,7,76.2,56.57,62.73,1,60,0.0,-6.17,7,2,0,2026-02-01 03:00:00
3137,140,7,97.5,60.77,64.66,2,150,0.0,-3.89,8,2,0,2026-02-03 02:00:00
3138,140,7,66.6,72.97,68.76,3,292,0.0,4.2,9,2,1,2026-02-04 17:00:00
3139,140,8,96.0,80.1,68.52,1,98,1.0,11.58,10,2,0,2026-02-06 12:00:00
3140,140,9,73.3,86.7,71.27,1,86,1.0,15.43,11,3,0,2026-02-07 13:00:00
3141,140,10,53.0,78.63,71.45,1,106,1.0,7.18,10,2,1,2026-02-09 02:00:00
3142,140,11,71.9,74.1,69.92,1,151,0.5,4.18,11,1,0,2026-02-09 09:00:00
3143,140,12,34.1,66.07,70.07,1,73,1.0,-4.0,10,2,1,2026-02-10 22:00:00
3144,141,1,89.2,75.0,75.0,1,88,1.0,0.0,1,1,0,2026-01-09 16:00:00
3145,141,2,95.2,89.2,89.2,1,139,1.0,0.0,2,1,0,2026-01-11 00:00:00
3146,141,3,56.2,92.2,92.2,1,147,1.0,0.0,3,2,1,2026-01-12 09:00:00
3147,141,4,72.8,80.2,80.2,1,107,0.0,0.0,4,2,0,2026-01-14 09:00:00
3148,141,4,50.6,74.73,78.35,2,192,0.0,-3.62,5,2,1,2026-01-15 16:00:00
3149,141,5,59.4,59.87,72.8,1,151,1.0,-12.93,6,3,1,2026-01-17 00:00:00
3150,141,5,72.0,60.93,70.57,2,292,1.0,-9.63,7,3,0,2026-01-17 16:00:00
3151,141,6,89.3,60.67,70.77,1,123,1.0,-10.1,8,1,0,2026-01-18 08:00:00
3152,141,7,69.4,73.57,73.09,1,93,1.0,0.48,9,2,1,2026-01-19 11:00:00
3153,141,8,97.2,76.9,72.68,1,109,1.0,4.22,10,2,0,2026-01-20 00:00:00
3154,141,9,40.7,85.3,75.13,1,106,1.0,10.17,11,3,1,2026-01-21 01:00:00
3155,141,10,93.7,69.1,72.0,1,116,1.0,-2.9,12,2,0,2026-01-21 17:00:00
3156,141,11,47.2,77.2,73.81,1,139,0.5,3.39,13,1,1,2026-01-23 03:00:00
3157,141,12,73.8,60.53,71.76,1,127,0.0,-11.23,14,2,0,2026-01-23 10:00:00
3158,141,12,77.2,71.57,71.91,2,215,0.0,-0.34,14,2,0,2026-01-24 17:00:00
3159,141,12,52.5,66.07,72.26,3,352,0.0,-6.19,15,2,1,2026-01-24 21:00:00
3160,141,13,63.7,67.83,71.03,1,116,1.0,-3.19,14,2,1,2026-01-26 12:00:00
3161,141,14,50.0,64.47,70.59,1,123,0.5,-6.13,15,3,1,2026-01-26 23:00:00
3162,141,15,93.4,55.4,69.45,1,139,0.0,-14.05,16,2,0,2026-01-28 03:00:00
3163,141,15,71.4,69.03,70.71,2,226,0.0,-1.68,16,2,0,2026-01-28 12:00:00
3164,141,15,78.7,71.6,70.75,3,335,0.0,0.85,17,2,0,2026-01-29 04:00:00
3165,142,1,84.1,75.0,75.0,1,79,1.0,0.0,1,1,0,2026-01-14 22:00:00
3166,142,1,88.9,84.1,84.1,2,137,1.0,0.0,2,1,0,2026-01-16 21:00:00
3167,142,1,93.2,86.5,86.5,3,233,1.0,0.0,3,1,0,2026-01-18 16:00:00
3168,142,2,95.6,88.73,88.73,1,140,1.0,0.0,4,1,0,2026-01-20 15:00:00
3169,142,3,98.1,92.57,90.45,1,53,1.0,2.12,5,2,0,2026-01-21 18:00:00
3170,142,4,98.7,95.63,91.98,1,89,1.0,3.65,6,2,0,2026-01-23 03:00:00
3171,142,5,48.3,97.47,93.1,1,102,1.0,4.37,7,3,1,2026-01-24 22:00:00
3172,142,6,93.7,81.7,86.7,1,92,1.0,-5.0,8,1,0,2026-01-25 09:00:00
3173,142,7,72.1,80.23,87.58,1,87,1.0,-7.34,9,2,0,2026-01-27 09:00:00
3174,142,8,87.2,71.37,85.86,1,64,1.0,-14.49,10,2,0,2026-01-28 14:00:00
3175,142,9,78.7,84.33,85.99,1,94,1.0,-1.66,10,3,0,2026-01-29 07:00:00
3176,142,9,53.9,79.33,85.33,2,168,1.0,-5.99,11,3,1,2026-01-30 18:00:00
3177,142,9,72.7,73.27,82.71,3,214,1.0,-9.44,11,3,0,2026-01-31 23:00:00
3178,142,10,78.5,68.43,81.94,1,113,1.0,-13.51,11,2,0,2026-02-02 19:00:00
3179,142,10,99.8,68.37,81.69,2,222,1.0,-13.33,12,2,0,2026-02-03 12:00:00
3180,142,11,81.8,83.67,82.9,1,91,1.0,0.77,11,1,0,2026-02-05 01:00:00
3181,142,12,70.1,86.7,82.83,1,94,1.0,3.87,11,2,0,2026-02-06 23:00:00
3182,142,12,71.5,83.9,82.08,2,205,1.0,1.82,10,2,0,2026-02-08 13:00:00
3183,142,13,41.2,74.47,81.49,1,94,1.0,-7.03,11,2,1,2026-02-10 04:00:00
3184,142,14,57.8,60.93,79.37,1,108,1.0,-18.44,11,3,1,2026-02-10 11:00:00
3185,142,14,66.3,56.83,78.3,2,192,1.0,-21.46,11,3,1,2026-02-11 17:00:00
3186,142,14,32.3,55.1,77.72,3,308,1.0,-22.62,12,3,1,2026-02-12 02:00:00
3187,142,15,85.6,52.13,75.66,1,96,1.0,-23.53,12,2,0,2026-02-12 10:00:00
3188,142,16,69.2,61.4,76.09,1,93,1.0,-14.69,13,3,1,2026-02-13 01:00:00
3189,142,17,53.9,62.37,75.8,1,64,0.0,-13.44,13,3,1,2026-02-14 15:00:00
3190,143,1,82.5,75.0,75.0,1,95,1.0,0.0,1,1,0,2026-01-12 18:00:00
3191,143,1,86.0,82.5,82.5,2,168,1.0,0.0,2,1,0,2026-01-14 00:00:00
3192,143,1,74.1,84.25,84.25,3,245,1.0,0.0,3,1,0,2026-01-14 09:00:00
3193,143,2,69.2,80.87,80.87,1,73,1.0,0.0,4,1,1,2026-01-15 18:00:00
3194,143,3,80.5,76.43,77.95,1,68,0.0,-1.52,5,2,0,2026-01-16 03:00:00
3195,143,4,97.9,74.6,78.46,1,132,1.0,-3.86,6,2,0,2026-01-17 22:00:00
3196,143,5,35.0,82.53,81.7,1,116,1.0,0.83,7,3,1,2026-01-19 13:00:00
3197,143,6,80.7,71.13,75.03,1,128,1.0,-3.9,8,1,0,2026-01-20 19:00:00
3198,143,7,50.3,71.2,75.74,1,65,1.0,-4.54,9,2,1,2026-01-22 19:00:00
3199,143,8,77.1,55.33,72.91,1,91,1.0,-17.58,10,2,0,2026-01-23 12:00:00
3200,143,9,93.3,69.37,73.33,1,64,1.0,-3.96,11,3,0,2026-01-25 09:00:00
3201,143,10,83.0,73.57,75.15,1,76,1.0,-1.58,12,2,0,2026-01-25 23:00:00
3202,144,1,81.9,75.0,75.0,1,71,1.0,0.0,1,1,0,2026-01-09 16:00:00
3203,144,2,30.0,81.9,81.9,1,114,1.0,0.0,2,1,1,2026-01-11 06:00:00
3204,144,3,84.3,55.95,55.95,1,82,0.0,0.0,3,2,0,2026-01-12 06:00:00
3205,144,4,95.2,65.4,65.4,1,111,1.0,0.0,4,2,0,2026-01-13 04:00:00
3206,144,4,70.9,69.83,72.85,2,213,1.0,-3.02,5,2,0,2026-01-14 18:00:00
3207,144,5,86.5,83.47,72.46,1,136,1.0,11.01,6,3,0,2026-01-15 22:00:00
3208,144,6,72.8,84.2,74.8,1,60,1.0,9.4,7,1,0,2026-01-17 03:00:00
3209,144,6,99.3,76.73,74.51,2,175,1.0,2.22,8,1,0,2026-01-19 00:00:00
3210,144,7,78.1,86.2,77.61,1,112,1.0,8.59,9,2,0,2026-01-20 18:00:00
3211,144,8,83.9,83.4,77.67,1,70,1.0,5.73,10,2,0,2026-01-22 05:00:00
3212,144,9,96.3,87.1,78.29,1,110,1.0,8.81,11,3,0,2026-01-22 16:00:00
3213,144,10,78.3,86.1,79.93,1,96,1.0,6.17,11,2,0,2026-01-24 12:00:00
3214,144,11,36.5,86.17,79.79,1,85,0.5,6.38,12,1,1,2026-01-25 01:00:00
3215,144,12,71.3,70.37,76.46,1,73,0.5,-6.09,12,2,0,2026-01-26 05:00:00
3216,144,13,46.9,62.03,76.09,1,75,1.0,-14.06,11,2,1,2026-01-27 09:00:00
3217,144,14,93.5,51.57,74.15,1,130,1.0,-22.58,12,3,0,2026-01-28 09:00:00
3218,144,14,68.3,70.57,75.36,2,220,1.0,-4.79,12,3,1,2026-01-29 14:00:00
3219,144,14,91.6,69.57,74.94,3,325,1.0,-5.37,12,3,0,2026-01-31 01:00:00
3220,144,15,79.9,84.47,75.87,1,74,0.0,8.6,12,2,0,2026-02-01 04:00:00
3221,144,16,44.1,79.93,76.08,1,74,1.0,3.85,12,3,1,2026-02-03 02:00:00
3222,144,16,61.4,71.87,74.48,2,185,1.0,-2.61,12,3,1,2026-02-03 23:00:00
3223,144,16,67.7,61.8,73.86,3,248,1.0,-12.06,13,3,1,2026-02-05 01:00:00
3224,144,17,50.7,57.73,73.58,1,81,0.0,-15.84,12,3,1,2026-02-06 06:00:00
3225,144,18,30.2,59.93,72.58,1,90,0.0,-12.65,13,3,1,2026-02-07 09:00:00
3226,144,18,56.0,49.53,70.82,2,182,0.0,-21.28,13,3,1,2026-02-07 23:00:00
3227,144,19,59.1,45.63,70.22,1,86,0.5,-24.59,13,2,1,2026-02-08 18:00:00
3228,145,1,91.6,75.0,75.0,1,97,1.0,0.0,1,1,0,2026-01-19 07:00:00
3229,145,2,75.9,91.6,91.6,1,103,1.0,0.0,2,1,0,2026-01-19 11:00:00
3230,145,3,63.7,83.75,83.75,1,104,1.0,0.0,3,2,1,2026-01-20 22:00:00
3231,145,4,30.2,77.07,77.07,1,70,0.0,0.0,4,2,1,2026-01-22 18:00:00
3232,145,4,86.8,56.6,65.35,2,154,0.0,-8.75,5,2,0,2026-01-24 00:00:00
3233,145,4,57.5,60.23,69.64,3,267,0.0,-9.41,6,2,1,2026-01-24 06:00:00
3234,145,5,33.8,58.17,67.62,1,107,1.0,-9.45,7,3,1,2026-01-24 21:00:00
3235,145,6,93.2,59.37,62.79,1,62,1.0,-3.42,8,1,0,2026-01-26 06:00:00
3236,145,7,93.9,61.5,66.59,1,97,1.0,-5.09,9,2,0,2026-01-27 07:00:00
3237,145,8,36.7,73.63,69.62,1,50,1.0,4.01,10,2,1,2026-01-28 04:00:00
3238,145,9,45.2,74.6,66.33,1,90,0.0,8.27,11,3,1,2026-01-29 11:00:00
3239,145,10,75.8,58.6,64.41,1,127,1.0,-5.81,12,2,0,2026-01-30 22:00:00
3240,145,11,61.8,52.57,65.36,1,71,1.0,-12.79,13,1,1,2026-02-01 05:00:00
3241,145,12,42.1,60.93,65.08,1,73,0.0,-4.15,12,2,1,2026-02-03 03:00:00
3242,145,13,46.7,59.9,63.44,1,105,0.0,-3.54,13,2,1,2026-02-03 09:00:00
3243,145,13,76.0,50.2,62.33,2,164,0.0,-12.13,14,2,0,2026-02-03 19:00:00
3244,145,13,35.6,54.93,63.18,3,241,0.0,-8.25,14,2,1,2026-02-04 05:00:00
3245,145,14,40.3,52.77,61.56,1,101,0.5,-8.79,15,3,1,2026-02-04 19:00:00
3246,146,1,93.5,75.0,75.0,1,47,1.0,0.0,1,1,0,2026-01-10 11:00:00
3247,146,2,88.1,93.5,93.5,1,55,1.0,0.0,2,1,0,2026-01-12 03:00:00
3248,146,2,53.8,90.8,90.8,2,129,1.0,0.0,3,1,1,2026-01-12 22:00:00
3249,146,3,79.9,78.47,78.47,1,68,1.0,0.0,4,2,0,2026-01-13 23:00:00
3250,146,4,90.3,73.93,78.82,1,65,1.0,-4.89,5,2,0,2026-01-15 05:00:00
3251,146,5,71.2,74.67,81.12,1,53,1.0,-6.45,6,3,0,2026-01-16 20:00:00
3252,146,5,74.6,80.47,79.47,2,120,1.0,1.0,7,3,0,2026-01-18 18:00:00
3253,146,5,81.0,78.7,78.77,3,177,1.0,-0.07,8,3,0,2026-01-19 13:00:00
3254,146,6,80.9,75.6,79.05,1,69,1.0,-3.45,9,1,0,2026-01-20 09:00:00
3255,146,7,79.9,78.83,79.26,1,50,1.0,-0.42,10,2,0,2026-01-20 17:00:00
3256,146,8,91.2,80.6,79.32,1,56,1.0,1.28,11,2,0,2026-01-21 02:00:00
3257,146,9,33.4,84.0,80.4,1,40,1.0,3.6,12,3,1,2026-01-21 20:00:00
3258,146,10,73.2,68.17,76.48,1,59,1.0,-8.32,13,2,0,2026-01-22 07:00:00
3259,146,11,54.1,65.93,76.23,1,43,1.0,-10.3,14,1,1,2026-01-24 06:00:00
3260,146,12,95.3,53.57,74.65,1,37,0.0,-21.08,14,2,0,2026-01-24 20:00:00
3261,146,13,72.9,74.2,76.03,1,65,1.0,-1.83,14,2,0,2026-01-26 15:00:00
3262,146,14,90.4,74.1,75.83,1,64,1.0,-1.73,14,3,0,2026-01-27 15:00:00
3263,146,15,83.5,86.2,76.69,1,75,0.0,9.51,13,2,0,2026-01-29 07:00:00
3264,146,16,75.9,82.27,77.07,1,51,0.5,5.2,14,3,0,2026-01-29 16:00:00
3265,146,16,99.6,83.27,77.01,2,119,0.5,6.26,15,3,0,2026-01-29 23:00:00
3266,146,16,94.2,86.33,78.14,3,190,0.5,8.2,15,3,0,2026-01-31 20:00:00
3267,146,17,96.4,89.9,78.9,1,68,1.0,11.0,15,3,0,2026-02-01 19:00:00
3268,146,17,81.9,96.73,79.7,2,111,1.0,17.04,15,3,0,2026-02-03 00:00:00
3269,146,17,91.6,90.83,79.79,3,173,1.0,11.04,16,3,0,2026-02-03 04:00:00
3270,146,18,72.1,89.97,80.28,1,67,1.0,9.68,14,3,0,2026-02-04 06:00:00
3271,147,1,77.3,75.0,75.0,1,90,1.0,0.0,1,1,0,2026-01-13 06:00:00
3272,147,2,78.4,77.3,77.3,1,48,1.0,0.0,2,1,0,2026-01-13 16:00:00
3273,147,2,70.1,77.85,77.85,2,141,1.0,0.0,3,1,0,2026-01-14 15:00:00
3274,147,3,57.3,75.27,75.27,1,134,1.0,0.0,4,2,1,2026-01-16 06:00:00
3275,147,4,87.0,68.6,70.77,1,82,0.0,-2.17,5,2,0,2026-01-16 10:00:00
3276,147,5,53.9,71.47,74.02,1,75,1.0,-2.55,6,3,1,2026-01-17 05:00:00
3277,147,6,71.4,66.07,70.67,1,97,1.0,-4.6,7,1,0,2026-01-18 12:00:00
3278,147,7,83.0,70.77,70.77,1,96,1.0,-0.0,8,2,0,2026-01-18 16:00:00
3279,147,7,56.8,69.43,72.3,2,209,1.0,-2.87,9,2,1,2026-01-18 21:00:00
3280,147,8,73.3,70.4,70.58,1,64,1.0,-0.18,10,2,0,2026-01-20 00:00:00
3281,147,9,84.2,71.03,70.85,1,104,1.0,0.18,11,3,0,2026-01-21 03:00:00
3282,147,10,72.3,71.43,72.06,1,101,1.0,-0.63,12,2,0,2026-01-22 12:00:00
3283,147,11,82.5,76.6,72.08,1,87,1.0,4.52,13,1,0,2026-01-24 11:00:00
3284,147,12,60.5,79.67,72.88,1,96,1.0,6.78,14,2,1,2026-01-24 23:00:00
3285,147,13,73.0,71.77,72.0,1,110,0.0,-0.23,15,2,0,2026-01-26 10:00:00
3286,147,14,38.7,72.0,72.07,1,107,0.5,-0.07,16,3,1,2026-01-27 00:00:00
3287,147,15,65.3,57.4,69.98,1,67,1.0,-12.58,15,2,1,2026-01-27 23:00:00
3288,147,16,94.2,59.0,69.71,1,106,0.5,-10.71,15,3,0,2026-01-29 22:00:00
3289,147,17,34.5,66.07,71.07,1,88,1.0,-5.0,14,3,1,2026-01-30 20:00:00
3290,147,18,77.5,64.67,69.14,1,91,1.0,-4.48,14,3,0,2026-02-01 06:00:00
3291,148,1,38.6,75.0,75.0,1,91,1.0,0.0,1,1,1,2026-01-07 10:00:00
3292,148,2,55.6,38.6,38.6,1,86,0.0,0.0,2,1,1,2026-01-09 09:00:00
3293,148,3,35.8,47.1,47.1,1,113,0.0,0.0,3,2,1,2026-01-10 00:00:00
3294,148,3,98.1,43.33,43.33,2,201,0.0,0.0,4,2,0,2026-01-11 21:00:00
3295,148,3,71.3,63.17,57.02,3,268,0.0,6.14,5,2,0,2026-01-12 15:00:00
3296,148,4,83.5,68.4,59.88,1,82,1.0,8.52,6,2,0,2026-01-13 01:00:00
3297,148,4,85.6,84.3,63.82,2,175,1.0,20.48,7,2,0,2026-01-13 22:00:00
3298,148,4,87.5,80.13,66.93,3,289,1.0,13.2,8,2,0,2026-01-14 09:00:00
3299,148,5,63.2,85.53,69.5,1,102,1.0,16.03,9,3,1,2026-01-15 22:00:00
3300,148,5,88.0,78.77,68.8,2,174,1.0,9.97,10,3,0,2026-01-17 17:00:00
3301,148,5,73.3,79.57,70.72,3,313,1.0,8.85,11,3,0,2026-01-18 03:00:00
3302,148,6,86.0,74.83,70.95,1,95,1.0,3.88,12,1,0,2026-01-18 13:00:00
3303,148,7,77.3,82.43,72.21,1,115,1.0,10.23,13,2,0,2026-01-19 13:00:00
3304,148,7,99.4,78.87,72.6,2,201,1.0,6.27,14,2,0,2026-01-20 03:00:00
3305,148,7,60.1,87.57,74.51,3,301,1.0,13.05,15,2,1,2026-01-20 18:00:00
3306,148,8,72.7,78.93,73.55,1,106,1.0,5.38,15,2,0,2026-01-22 09:00:00
3307,148,9,99.3,77.4,73.5,1,114,1.0,3.9,16,3,0,2026-01-22 16:00:00
3308,148,9,30.5,77.37,75.02,2,225,1.0,2.35,16,3,1,2026-01-23 09:00:00
3309,148,9,90.5,67.5,72.54,3,332,1.0,-5.04,16,3,0,2026-01-24 11:00:00
3310,148,10,39.7,73.43,73.49,1,83,1.0,-0.06,17,2,1,2026-01-24 22:00:00
3311,148,11,63.3,53.57,71.8,1,78,0.5,-18.23,17,1,1,2026-01-25 21:00:00
3312,148,12,50.1,64.5,71.4,1,96,0.5,-6.9,16,2,1,2026-01-27 10:00:00
3313,148,12,87.6,51.03,70.43,2,204,0.5,-19.39,15,2,0,2026-01-29 09:00:00
3314,148,13,35.8,67.0,71.17,1,85,1.0,-4.17,15,2,1,2026-01-31 03:00:00
3315,148,14,37.4,57.83,69.7,1,111,1.0,-11.87,13,3,1,2026-02-01 21:00:00
3316,148,15,65.8,53.6,68.41,1,119,0.0,-14.81,12,2,1,2026-02-03 08:00:00
3317,148,15,71.1,46.33,68.31,2,190,0.0,-21.97,12,2,0,2026-02-04 00:00:00
3318,148,16,76.2,58.1,68.41,1,73,1.0,-10.31,13,3,0,2026-02-04 20:00:00
3319,149,1,70.3,75.0,75.0,1,57,1.0,0.0,1,1,0,2026-01-24 07:00:00
3320,149,2,87.6,70.3,70.3,1,66,1.0,0.0,2,1,0,2026-01-26 02:00:00
3321,149,3,78.3,78.95,78.95,1,49,1.0,0.0,3,2,0,2026-01-27 11:00:00
3322,149,4,83.8,78.73,78.73,1,87,1.0,0.0,4,2,0,2026-01-28 02:00:00
3323,149,5,71.9,83.23,80.0,1,68,1.0,3.23,5,3,0,2026-01-29 08:00:00
3324,149,6,74.1,78.0,78.38,1,60,1.0,-0.38,6,1,0,2026-01-29 13:00:00
3325,149,6,58.2,76.6,77.67,2,91,1.0,-1.07,7,1,1,2026-01-30 11:00:00
3326,149,7,88.5,68.07,74.89,1,33,1.0,-6.82,8,2,0,2026-01-31 08:00:00
3327,149,8,79.3,73.6,76.59,1,65,1.0,-2.99,9,2,0,2026-02-01 03:00:00
3328,149,9,99.2,75.33,76.89,1,30,1.0,-1.56,10,3,0,2026-02-01 17:00:00
3329,149,10,94.3,89.0,79.12,1,80,1.0,9.88,11,2,0,2026-02-03 17:00:00
3330,149,11,98.1,90.93,80.5,1,56,1.0,10.43,12,1,0,2026-02-04 19:00:00
3331,149,12,94.1,97.2,81.97,1,124,1.0,15.23,13,2,0,2026-02-05 16:00:00
3332,149,12,88.6,95.5,82.9,2,230,1.0,12.6,14,2,0,2026-02-07 03:00:00
3333,149,13,95.2,93.6,83.31,1,56,1.0,10.29,14,2,0,2026-02-08 23:00:00
3334,149,14,62.8,92.63,84.1,1,57,1.0,8.53,14,3,1,2026-02-09 07:00:00
3335,149,15,87.3,82.2,82.77,1,79,1.0,-0.57,15,2,0,2026-02-10 04:00:00
3336,149,16,47.3,81.77,83.04,1,94,1.0,-1.27,14,3,1,2026-02-11 08:00:00
3337,150,1,72.8,75.0,75.0,1,57,1.0,0.0,1,1,0,2026-01-20 18:00:00
3338,150,2,70.5,72.8,72.8,1,54,1.0,0.0,2,1,0,2026-01-21 10:00:00
3339,150,3,35.9,71.65,71.65,1,77,1.0,0.0,3,2,1,2026-01-23 07:00:00
3340,150,4,76.0,59.73,59.73,1,101,0.0,0.0,4,2,0,2026-01-24 04:00:00
3341,150,5,73.1,60.8,63.8,1,99,1.0,-3.0,5,3,0,2026-01-24 21:00:00
3342,150,5,40.2,61.67,65.66,2,210,1.0,-3.99,6,3,1,2026-01-26 04:00:00
3343,150,6,77.5,63.1,61.42,1,66,1.0,1.68,7,1,0,2026-01-27 02:00:00
3344,150,7,83.5,63.6,63.71,1,43,1.0,-0.11,8,2,0,2026-01-28 03:00:00
3345,150,7,36.5,67.07,66.19,2,150,1.0,0.88,9,2,1,2026-01-29 19:00:00
3346,150,7,96.4,65.83,62.89,3,223,1.0,2.94,10,2,0,2026-01-30 22:00:00
3347,150,8,76.3,72.13,66.24,1,49,1.0,5.89,11,2,0,2026-02-01 05:00:00
3348,150,8,77.8,69.73,67.15,2,141,1.0,2.58,12,2,0,2026-02-02 10:00:00
3349,150,8,87.8,83.5,68.04,3,246,1.0,15.46,13,2,0,2026-02-02 14:00:00
3350,150,9,59.5,80.63,69.56,1,87,1.0,11.07,14,3,1,2026-02-03 11:00:00
3351,150,10,88.3,75.03,68.84,1,80,1.0,6.19,13,2,0,2026-02-04 19:00:00
3352,150,10,48.3,78.53,70.14,2,166,1.0,8.39,14,2,1,2026-02-06 01:00:00
3353,150,11,97.2,65.37,68.78,1,82,1.0,-3.41,14,1,0,2026-02-06 21:00:00
3354,150,12,81.8,77.93,70.45,1,63,0.5,7.49,13,2,0,2026-02-08 05:00:00
3355,150,13,91.8,75.77,71.08,1,75,1.0,4.69,13,2,0,2026-02-09 06:00:00
3356,150,14,57.3,90.27,72.17,1,100,1.0,18.1,13,3,1,2026-02-10 22:00:00
3357,150,14,44.7,76.97,71.42,2,196,1.0,5.54,13,3,1,2026-02-11 15:00:00
3358,150,15,97.3,64.6,70.15,1,93,1.0,-5.55,14,2,0,2026-02-12 12:00:00
3359,150,16,79.3,66.43,71.39,1,70,0.5,-4.95,14,3,0,2026-02-13 06:00:00
3360,150,16,84.1,73.77,71.73,2,156,0.5,2.04,14,3,0,2026-02-14 21:00:00
3361,150,16,98.8,86.9,72.25,3,202,0.5,14.65,14,3,0,2026-02-16 05:00:00
3362,150,17,91.2,87.4,73.31,1,93,1.0,14.09,12,3,0,2026-02-17 19:00:00
3363,150,18,32.8,91.37,74.0,1,118,1.0,17.37,12,3,1,2026-02-19 07:00:00
3364,150,18,77.3,74.27,72.47,2,178,1.0,1.8,11,3,0,2026-02-21 04:00:00
3365,150,19,76.6,67.1,72.64,1,78,1.0,-5.54,12,2,0,2026-02-22 04:00:00
3366,151,1,80.0,75.0,75.0,1,116,1.0,0.0,1,1,0,2026-01-08 16:00:00
3367,151,2,96.0,80.0,80.0,1,135,1.0,0.0,2,1,0,2026-01-09 19:00:00
3368,151,2,92.8,88.0,88.0,2,236,1.0,0.0,3,1,0,2026-01-10 21:00:00
3369,151,2,71.5,89.6,89.6,3,332,1.0,0.0,4,1,0,2026-01-11 21:00:00
3370,151,3,85.3,86.77,85.08,1,70,1.0,1.69,5,2,0,2026-01-13 15:00:00
3371,151,4,56.9,83.2,85.12,1,112,1.0,-1.92,6,2,1,2026-01-14 01:00:00
3372,151,5,59.6,71.23,80.42,1,150,0.0,-9.18,7,3,1,2026-01-15 11:00:00
3373,151,6,48.4,67.27,77.44,1,115,1.0,-10.18,8,1,1,2026-01-16 08:00:00
3374,151,6,45.5,54.97,73.81,2,224,1.0,-18.85,9,1,1,2026-01-17 14:00:00
3375,151,7,49.8,51.17,70.67,1,116,0.0,-19.5,10,2,1,2026-01-19 08:00:00
3376,151,7,55.9,47.9,68.58,2,225,0.0,-20.68,11,2,1,2026-01-20 05:00:00
3377,151,7,80.6,50.4,67.43,3,318,0.0,-17.03,12,2,0,2026-01-21 06:00:00
3378,151,8,61.3,62.1,68.52,1,126,1.0,-6.42,13,2,1,2026-01-21 11:00:00
3379,151,9,30.9,65.93,67.97,1,114,0.0,-2.04,14,3,1,2026-01-22 07:00:00
3380,151,10,78.9,57.6,65.32,1,110,1.0,-7.72,14,2,0,2026-01-23 15:00:00
3381,151,11,87.7,57.03,66.23,1,90,1.0,-9.19,14,1,0,2026-01-24 08:00:00
3382,151,12,91.8,65.83,67.57,1,136,0.5,-1.74,14,2,0,2026-01-25 11:00:00
3383,151,12,43.7,86.13,68.99,2,259,0.5,17.14,14,2,1,2026-01-26 09:00:00
3384,152,1,64.5,75.0,75.0,1,48,1.0,0.0,1,1,1,2026-01-04 15:00:00
3385,152,2,95.9,64.5,64.5,1,80,0.0,0.0,2,1,0,2026-01-06 13:00:00
3386,152,3,77.4,80.2,80.2,1,50,1.0,0.0,3,2,0,2026-01-06 21:00:00
3387,152,4,87.7,79.27,79.27,1,44,1.0,0.0,4,2,0,2026-01-08 15:00:00
3388,152,5,98.8,87.0,81.38,1,44,1.0,5.62,5,3,0,2026-01-10 03:00:00
3389,152,5,79.2,87.97,84.86,2,74,1.0,3.11,6,3,0,2026-01-10 11:00:00
3390,152,6,90.1,88.57,83.92,1,69,1.0,4.65,7,1,0,2026-01-11 17:00:00
3391,152,7,63.3,89.37,84.8,1,30,1.0,4.57,8,2,1,2026-01-13 14:00:00
3392,152,8,80.3,77.53,82.11,1,35,1.0,-4.58,9,2,0,2026-01-14 02:00:00
3393,152,9,58.0,77.9,81.91,1,30,1.0,-4.01,10,3,1,2026-01-14 23:00:00
3394,152,10,97.2,67.2,79.52,1,58,1.0,-12.32,11,2,0,2026-01-15 14:00:00
3395,152,11,75.2,78.5,81.13,1,56,0.5,-2.63,12,1,0,2026-01-17 09:00:00
3396,152,12,81.3,76.8,80.63,1,53,0.5,-3.83,13,2,0,2026-01-17 18:00:00
3397,152,13,72.7,84.57,80.68,1,39,1.0,3.88,13,2,0,2026-01-19 09:00:00
3398,152,14,30.1,76.4,80.11,1,36,0.5,-3.71,14,3,1,2026-01-20 08:00:00
3399,152,15,76.8,61.37,76.78,1,69,1.0,-15.41,13,2,0,2026-01-21 20:00:00
3400,153,1,97.8,75.0,75.0,1,48,1.0,0.0,1,1,0,2026-01-24 06:00:00
3401,153,2,75.6,97.8,97.8,1,66,1.0,0.0,2,1,0,2026-01-24 14:00:00
3402,153,2,97.0,86.7,86.7,2,108,1.0,0.0,3,1,0,2026-01-25 17:00:00
3403,153,3,61.0,90.13,90.13,1,63,1.0,0.0,4,2,1,2026-01-27 12:00:00
3404,153,4,62.2,77.87,82.85,1,86,0.0,-4.98,5,2,1,2026-01-28 13:00:00
3405,153,5,52.1,73.4,78.72,1,71,0.0,-5.32,6,3,1,2026-01-29 03:00:00
3406,153,6,80.4,58.43,74.28,1,51,1.0,-15.85,7,1,0,2026-01-29 14:00:00
3407,153,7,86.0,64.9,75.16,1,65,1.0,-10.26,8,2,0,2026-01-31 07:00:00
3408,153,8,68.3,72.83,76.51,1,55,1.0,-3.68,9,2,1,2026-01-31 14:00:00
3409,153,9,34.1,78.23,75.6,1,60,0.0,2.63,10,3,1,2026-02-01 13:00:00
3410,153,10,73.0,62.8,71.45,1,53,1.0,-8.65,11,2,0,2026-02-03 06:00:00
3411,153,11,82.0,58.47,71.59,1,56,1.0,-13.12,12,1,0,2026-02-03 15:00:00
3412,153,12,42.8,63.03,72.46,1,64,0.5,-9.42,13,2,1,2026-02-03 22:00:00
3413,153,13,72.6,65.93,70.18,1,40,0.0,-4.24,14,2,0,2026-02-05 06:00:00
3414,153,14,79.1,65.8,70.35,1,39,0.5,-4.55,15,3,0,2026-02-06 09:00:00
3415,153,14,58.2,64.83,70.93,2,71,0.5,-6.1,14,3,1,2026-02-07 15:00:00
3416,153,15,75.5,69.97,70.14,1,30,1.0,-0.17,14,2,0,2026-02-09 06:00:00
3417,153,16,71.7,70.93,70.45,1,35,0.0,0.48,15,3,0,2026-02-10 03:00:00
3418,153,16,99.2,68.47,70.52,2,98,0.0,-2.06,15,3,0,2026-02-10 13:00:00
3419,153,16,33.7,82.13,72.03,3,140,0.0,10.1,15,3,1,2026-02-11 17:00:00
3420,153,17,74.2,68.2,70.11,1,70,1.0,-1.91,15,3,0,2026-02-12 04:00:00
3421,153,18,46.0,69.03,70.31,1,60,1.0,-1.28,15,3,1,2026-02-13 06:00:00
3422,153,18,68.1,51.3,69.2,2,90,1.0,-17.9,14,3,1,2026-02-14 22:00:00
3423,153,19,70.3,62.77,69.16,1,73,1.0,-6.39,15,2,0,2026-02-15 07:00:00
3424,153,19,55.3,61.47,69.2,2,149,1.0,-7.74,15,2,1,2026-02-17 05:00:00
3425,153,19,86.5,64.57,68.65,3,189,1.0,-4.08,14,2,0,2026-02-17 17:00:00
3426,153,20,66.4,70.7,69.33,1,68,1.0,1.37,13,3,1,2026-02-19 14:00:00
3427,154,1,98.2,75.0,75.0,1,72,1.0,0.0,1,1,0,2026-02-01 16:00:00
3428,154,2,85.4,98.2,98.2,1,91,1.0,0.0,2,1,0,2026-02-02 17:00:00
3429,154,3,81.4,91.8,91.8,1,64,1.0,0.0,3,2,0,2026-02-03 22:00:00
3430,154,3,82.6,88.33,88.33,2,118,1.0,0.0,4,2,0,2026-02-04 13:00:00
3431,154,3,94.1,83.13,86.9,3,200,1.0,-3.77,5,2,0,2026-02-05 09:00:00
3432,154,4,68.8,86.03,88.34,1,87,1.0,-2.31,6,2,1,2026-02-05 18:00:00
3433,154,5,97.0,81.83,85.08,1,82,0.0,-3.25,7,3,0,2026-02-06 11:00:00
3434,154,5,86.8,86.63,86.79,2,148,0.0,-0.15,8,3,0,2026-02-06 23:00:00
3435,154,6,97.3,84.2,86.79,1,82,1.0,-2.59,9,1,0,2026-02-08 06:00:00
3436,154,6,98.8,93.7,87.96,2,177,1.0,5.74,10,1,0,2026-02-08 23:00:00
3437,154,7,61.9,94.3,89.04,1,89,1.0,5.26,11,2,1,2026-02-09 08:00:00
3438,154,8,92.6,86.0,86.57,1,93,1.0,-0.57,12,2,0,2026-02-11 01:00:00
3439,154,9,59.1,84.43,87.07,1,76,1.0,-2.64,13,3,1,2026-02-11 12:00:00
3440,154,10,87.7,71.2,84.92,1,113,1.0,-13.72,14,2,0,2026-02-12 10:00:00
3441,154,10,68.2,79.8,85.12,2,179,1.0,-5.32,15,2,1,2026-02-14 02:00:00
3442,154,10,87.7,71.67,83.99,3,278,1.0,-12.33,16,2,0,2026-02-14 14:00:00
3443,154,11,91.9,81.2,84.22,1,113,0.5,-3.02,17,1,0,2026-02-15 08:00:00
3444,154,11,60.3,82.6,84.68,2,212,0.5,-2.08,17,1,1,2026-02-16 04:00:00
3445,154,12,89.9,79.97,83.32,1,85,0.5,-3.36,17,2,0,2026-02-16 18:00:00
3446,154,12,58.6,80.7,83.67,2,164,0.5,-2.97,17,2,1,2026-02-18 07:00:00
3447,154,12,81.2,69.6,82.42,3,274,0.5,-12.81,17,2,0,2026-02-19 00:00:00
3448,155,1,63.2,75.0,75.0,1,81,1.0,0.0,1,1,1,2026-01-26 23:00:00
3449,155,2,94.1,63.2,63.2,1,90,0.0,0.0,2,1,0,2026-01-28 04:00:00
3450,155,3,72.4,78.65,78.65,1,102,1.0,0.0,3,2,0,2026-01-29 14:00:00
3451,155,3,80.3,76.57,76.57,2,236,1.0,0.0,4,2,0,2026-01-31 00:00:00
3452,155,3,85.1,82.27,77.5,3,353,1.0,4.77,5,2,0,2026-02-01 20:00:00
3453,155,4,90.6,79.27,79.02,1,90,1.0,0.25,6,2,0,2026-02-02 17:00:00
3454,155,5,60.3,85.33,80.95,1,103,1.0,4.38,7,3,1,2026-02-04 00:00:00
3455,155,6,78.0,78.67,78.0,1,97,1.0,0.67,8,1,0,2026-02-04 20:00:00
3456,155,7,54.4,76.3,78.0,1,95,1.0,-1.7,9,2,1,2026-02-05 19:00:00
3457,155,7,32.0,64.23,75.38,2,224,1.0,-11.14,10,2,1,2026-02-05 23:00:00
3458,155,8,75.8,54.8,71.04,1,82,1.0,-16.24,11,2,0,2026-02-06 10:00:00
3459,155,9,97.7,54.07,71.47,1,142,1.0,-17.41,12,3,0,2026-02-08 06:00:00
3460,155,9,61.6,68.5,73.66,2,268,1.0,-5.16,13,3,1,2026-02-09 03:00:00
3461,155,9,49.1,78.37,72.73,3,399,1.0,5.64,13,3,1,2026-02-11 01:00:00
3462,155,10,68.1,69.47,71.04,1,100,1.0,-1.58,12,2,1,2026-02-12 22:00:00
3463,155,10,76.1,59.6,70.85,2,207,1.0,-11.25,13,2,0,2026-02-13 19:00:00
3464,155,11,77.3,64.43,71.18,1,81,0.5,-6.74,13,1,0,2026-02-14 13:00:00
3465,155,12,82.5,73.83,71.54,1,99,1.0,2.3,14,2,0,2026-02-15 13:00:00
3466,155,12,81.8,78.63,72.14,2,218,1.0,6.49,13,2,0,2026-02-17 06:00:00
3467,155,13,49.8,80.53,72.65,1,135,1.0,7.88,12,2,1,2026-02-19 02:00:00
3468,155,13,90.9,71.37,71.51,2,222,1.0,-0.14,12,2,0,2026-02-19 19:00:00
3469,155,14,43.9,74.17,72.43,1,102,0.5,1.73,11,3,1,2026-02-21 08:00:00
3470,155,15,67.9,61.53,71.14,1,106,1.0,-9.6,12,2,1,2026-02-21 17:00:00
3471,155,16,51.9,67.57,71.0,1,82,1.0,-3.43,12,3,1,2026-02-22 18:00:00
3472,155,16,38.7,54.57,70.2,2,203,1.0,-15.63,12,3,1,2026-02-23 09:00:00
3473,156,1,86.8,75.0,75.0,1,45,1.0,0.0,1,1,0,2026-02-01 05:00:00
3474,156,2,71.9,86.8,86.8,1,56,1.0,0.0,2,1,0,2026-02-01 15:00:00
3475,156,3,93.8,79.35,79.35,1,50,1.0,0.0,3,2,0,2026-02-02 12:00:00
3476,156,4,75.3,84.17,84.17,1,44,1.0,0.0,4,2,0,2026-02-03 09:00:00
3477,156,5,83.2,80.33,81.95,1,59,1.0,-1.62,5,3,0,2026-02-05 01:00:00
3478,156,6,80.8,84.1,82.2,1,55,1.0,1.9,6,1,0,2026-02-05 07:00:00
3479,156,7,93.0,79.77,81.97,1,52,1.0,-2.2,7,2,0,2026-02-06 06:00:00
3480,156,8,37.0,85.67,83.54,1,45,1.0,2.12,8,2,1,2026-02-07 12:00:00
3481,156,9,98.5,70.27,77.72,1,66,0.0,-7.46,9,3,0,2026-02-08 23:00:00
3482,156,10,71.5,76.17,80.03,1,93,1.0,-3.87,10,2,0,2026-02-10 08:00:00
3483,156,11,76.9,69.0,79.18,1,62,1.0,-10.18,11,1,0,2026-02-11 17:00:00
3484,156,12,84.5,82.3,78.97,1,79,1.0,3.33,12,2,0,2026-02-12 13:00:00
3485,156,12,43.4,77.63,79.43,2,111,1.0,-1.8,13,2,1,2026-02-13 22:00:00
3486,156,12,99.0,68.27,76.66,3,174,1.0,-8.39,14,2,0,2026-02-14 23:00:00
3487,156,13,76.4,75.63,78.26,1,38,1.0,-2.62,12,2,0,2026-02-16 20:00:00
3488,156,14,70.5,72.93,78.13,1,30,1.0,-5.2,12,3,0,2026-02-17 23:00:00
3489,156,15,85.0,81.97,77.66,1,45,1.0,4.31,11,2,0,2026-02-19 10:00:00
3490,156,16,93.3,77.3,78.09,1,83,1.0,-0.79,11,3,0,2026-02-21 06:00:00
3491,156,16,56.1,82.93,78.93,2,162,1.0,4.0,11,3,1,2026-02-21 23:00:00
3492,156,17,87.8,78.13,77.73,1,64,1.0,0.4,12,3,0,2026-02-22 19:00:00
3493,156,18,94.3,79.07,78.23,1,30,1.0,0.83,11,3,0,2026-02-24 12:00:00
3494,157,1,49.9,75.0,75.0,1,136,1.0,0.0,1,1,1,2026-01-21 13:00:00
3495,157,2,88.3,49.9,49.9,1,146,0.0,0.0,2,1,0,2026-01-22 22:00:00
3496,157,3,60.2,69.1,69.1,1,143,1.0,0.0,3,2,1,2026-01-24 20:00:00
3497,157,4,86.3,66.13,66.13,1,103,0.0,0.0,4,2,0,2026-01-26 12:00:00
3498,157,4,33.9,78.27,71.18,2,225,0.0,7.09,5,2,1,2026-01-27 12:00:00
3499,157,5,61.6,60.13,63.72,1,138,1.0,-3.59,6,3,1,2026-01-29 10:00:00
3500,157,6,49.4,60.6,63.37,1,150,1.0,-2.77,7,1,1,2026-01-30 02:00:00
3501,157,7,71.7,48.3,61.37,1,96,0.0,-13.07,8,2,0,2026-01-31 08:00:00
3502,157,7,93.4,60.9,62.66,2,232,0.0,-1.76,9,2,0,2026-02-01 22:00:00
3503,157,7,54.4,71.5,66.08,3,374,0.0,5.42,10,2,1,2026-02-02 08:00:00
3504,157,8,42.4,73.17,64.91,1,156,1.0,8.26,11,2,1,2026-02-02 22:00:00
3505,157,8,66.8,63.4,62.86,2,309,1.0,0.54,12,2,1,2026-02-04 03:00:00
3506,157,9,40.7,54.53,63.19,1,151,0.0,-8.66,13,3,1,2026-02-04 11:00:00
3507,157,9,71.5,49.97,61.46,2,275,0.0,-11.49,12,3,0,2026-02-06 09:00:00
3508,157,10,45.6,59.67,62.18,1,101,1.0,-2.51,12,2,1,2026-02-08 00:00:00
3509,157,10,99.7,52.6,61.07,2,233,1.0,-8.47,13,2,0,2026-02-09 01:00:00
3510,157,11,85.2,72.27,63.49,1,160,1.0,8.78,14,1,0,2026-02-09 09:00:00
3511,157,11,94.3,76.83,64.76,2,327,1.0,12.07,13,1,0,2026-02-11 02:00:00
3512,157,12,36.6,93.07,66.41,1,154,1.0,26.66,14,2,1,2026-02-11 22:00:00
3513,157,13,69.0,72.03,64.84,1,148,0.0,7.2,13,2,1,2026-02-13 12:00:00
3514,157,13,40.5,66.63,65.04,2,295,0.0,1.59,13,2,1,2026-02-14 12:00:00
3515,157,13,37.2,48.7,63.88,3,423,0.0,-15.18,14,2,1,2026-02-15 15:00:00
3516,157,14,57.4,48.9,62.66,1,137,0.5,-13.76,14,3,1,2026-02-16 01:00:00
3517,157,15,35.8,45.03,62.43,1,173,1.0,-17.4,15,2,1,2026-02-16 06:00:00
3518,158,1,61.1,75.0,75.0,1,121,1.0,0.0,1,1,1,2026-01-11 07:00:00
3519,158,1,90.1,61.1,61.1,2,293,1.0,0.0,2,1,0,2026-01-11 16:00:00
3520,158,1,39.7,75.6,75.6,3,426,1.0,0.0,3,1,1,2026-01-12 12:00:00
3521,158,2,51.6,63.63,63.63,1,166,1.0,0.0,4,1,1,2026-01-13 03:00:00
3522,158,3,49.3,60.47,60.62,1,111,0.0,-0.16,5,2,1,2026-01-14 01:00:00
3523,158,3,47.4,46.87,58.36,2,262,0.0,-11.49,6,2,1,2026-01-15 23:00:00
3524,158,4,49.3,49.43,56.53,1,125,0.0,-7.1,7,2,1,2026-01-17 17:00:00
3525,158,5,31.7,48.67,55.5,1,111,0.0,-6.83,8,3,1,2026-01-18 03:00:00
3526,158,6,81.7,42.8,52.52,1,144,1.0,-9.73,9,1,0,2026-01-19 02:00:00
3527,158,7,82.0,54.23,55.77,1,160,1.0,-1.53,10,2,0,2026-01-20 23:00:00
3528,158,7,88.4,65.13,58.39,2,283,1.0,6.74,11,2,0,2026-01-21 22:00:00
3529,158,8,45.4,84.03,61.12,1,110,1.0,22.92,12,2,1,2026-01-23 16:00:00
3530,158,9,35.2,71.93,59.81,1,138,0.0,12.13,13,3,1,2026-01-23 20:00:00
3531,158,9,32.1,56.33,57.92,2,276,0.0,-1.58,13,3,1,2026-01-25 14:00:00
3532,158,9,34.0,37.57,56.07,3,426,0.0,-18.5,12,3,1,2026-01-26 17:00:00
3533,158,10,98.8,33.77,54.6,1,158,1.0,-20.83,12,2,0,2026-01-27 14:00:00
3534,158,10,45.9,54.97,57.36,2,296,1.0,-2.4,12,2,1,2026-01-28 09:00:00
3535,158,11,87.1,59.57,56.69,1,177,0.5,2.88,13,1,0,2026-01-29 00:00:00
3536,158,12,95.3,77.27,58.38,1,144,0.5,18.89,14,2,0,2026-01-29 04:00:00
3537,158,13,37.7,76.1,60.32,1,133,1.0,15.78,14,2,1,2026-01-30 16:00:00
3538,158,14,43.5,73.37,59.19,1,107,1.0,14.18,15,3,1,2026-01-31 01:00:00
3539,158,14,58.2,58.83,58.44,2,241,1.0,0.39,15,3,1,2026-01-31 18:00:00
3540,158,15,86.3,46.47,58.43,1,133,1.0,-11.97,15,2,0,2026-02-01 03:00:00
3541,158,16,30.5,62.67,59.64,1,159,0.5,3.02,15,3,1,2026-02-02 13:00:00
3542,158,16,49.7,58.33,58.43,2,308,0.5,-0.1,15,3,1,2026-02-04 07:00:00
3543,158,16,71.0,55.5,58.08,3,424,0.5,-2.58,15,3,0,2026-02-06 07:00:00
3544,158,17,97.3,50.4,58.58,1,143,1.0,-8.18,16,3,0,2026-02-06 15:00:00
3545,158,17,81.8,72.67,60.01,2,296,1.0,12.66,15,3,0,2026-02-07 16:00:00
3546,159,1,81.6,75.0,75.0,1,90,1.0,0.0,1,1,0,2026-01-04 17:00:00
3547,159,2,96.0,81.6,81.6,1,77,1.0,0.0,2,1,0,2026-01-05 22:00:00
3548,159,3,56.2,88.8,88.8,1,75,1.0,0.0,3,2,1,2026-01-06 22:00:00
3549,159,4,60.3,77.93,77.93,1,61,0.0,0.0,4,2,1,2026-01-08 18:00:00
3550,159,5,92.6,70.83,73.53,1,67,0.0,-2.69,5,3,0,2026-01-10 02:00:00
3551,159,5,42.1,69.7,77.34,2,151,0.0,-7.64,6,3,1,2026-01-10 13:00:00
3552,159,5,69.2,65.0,71.47,3,184,0.0,-6.47,7,3,1,2026-01-11 12:00:00
3553,159,6,95.4,67.97,71.14,1,53,1.0,-3.18,8,1,0,2026-01-11 17:00:00
3554,159,6,95.5,68.9,74.18,2,97,1.0,-5.28,9,1,0,2026-01-13 02:00:00
3555,159,7,98.6,86.7,76.54,1,67,1.0,10.16,10,2,0,2026-01-13 12:00:00
3556,159,8,82.5,96.5,78.75,1,84,1.0,17.75,11,2,0,2026-01-15 11:00:00
3557,159,9,87.3,92.2,79.09,1,48,1.0,13.11,12,3,0,2026-01-16 01:00:00
3558,159,10,85.2,89.47,79.78,1,30,1.0,9.69,13,2,0,2026-01-17 18:00:00
3559,159,11,81.4,85.0,80.19,1,51,1.0,4.81,14,1,0,2026-01-17 22:00:00
3560,159,12,97.9,84.63,80.28,1,78,1.0,4.35,15,2,0,2026-01-18 15:00:00
3561,159,13,81.2,88.17,81.45,1,70,1.0,6.71,14,2,0,2026-01-20 00:00:00
3562,159,13,46.2,86.83,81.44,2,138,1.0,5.4,14,2,1,2026-01-21 16:00:00
3563,159,14,93.6,75.1,79.36,1,54,1.0,-4.26,14,3,0,2026-01-23 00:00:00
3564,159,15,75.2,73.67,80.16,1,34,1.0,-6.49,13,2,0,2026-01-24 15:00:00
3565,159,16,77.0,71.67,79.89,1,70,1.0,-8.23,13,3,0,2026-01-25 13:00:00
3566,159,17,40.1,81.93,79.75,1,43,1.0,2.18,12,3,1,2026-01-27 06:00:00
3567,159,18,99.2,64.1,77.86,1,103,1.0,-13.76,12,3,0,2026-01-28 10:00:00
3568,160,1,83.1,75.0,75.0,1,151,1.0,0.0,1,1,0,2026-01-21 12:00:00
3569,160,1,33.6,83.1,83.1,2,279,1.0,0.0,2,1,1,2026-01-22 00:00:00
3570,160,1,31.9,58.35,58.35,3,406,1.0,0.0,3,1,1,2026-01-23 10:00:00
3571,160,2,61.1,49.53,49.53,1,138,1.0,0.0,4,1,1,2026-01-24 08:00:00
3572,160,2,55.2,42.2,52.42,2,273,1.0,-10.23,5,1,1,2026-01-24 19:00:00
3573,160,3,42.9,49.4,52.98,1,162,0.0,-3.58,6,2,1,2026-01-26 08:00:00
3574,160,4,49.1,53.07,51.3,1,143,0.0,1.77,7,2,1,2026-01-27 09:00:00
3575,160,4,75.4,49.07,50.99,2,268,0.0,-1.92,8,2,0,2026-01-28 14:00:00
3576,160,5,58.6,55.8,54.04,1,177,1.0,1.76,9,3,1,2026-01-28 23:00:00
3577,160,6,94.3,61.03,54.54,1,140,1.0,6.49,10,1,0,2026-01-30 21:00:00
3578,160,6,96.6,76.1,58.52,2,295,1.0,17.58,11,1,0,2026-02-01 07:00:00
3579,160,6,74.7,83.17,61.98,3,422,1.0,21.18,12,1,0,2026-02-01 15:00:00
3580,160,7,42.0,88.53,63.04,1,147,1.0,25.49,13,2,1,2026-02-03 07:00:00
3581,160,7,51.6,71.1,61.42,2,293,1.0,9.68,14,2,1,2026-02-03 23:00:00
3582,160,7,72.4,56.1,60.72,3,395,1.0,-4.62,15,2,0,2026-02-04 03:00:00
3583,160,8,35.9,55.33,61.5,1,180,1.0,-6.17,15,2,1,2026-02-04 16:00:00
3584,160,9,32.7,53.3,59.9,1,165,0.0,-6.6,15,3,1,2026-02-05 19:00:00
3585,160,9,57.8,47.0,58.3,2,297,0.0,-11.3,16,3,1,2026-02-06 07:00:00
3586,160,10,61.1,42.13,58.27,1,117,1.0,-16.14,14,2,1,2026-02-08 04:00:00
3587,160,10,47.8,50.53,58.42,2,263,1.0,-7.89,14,2,1,2026-02-10 03:00:00
3588,160,11,43.6,55.57,57.89,1,141,0.5,-2.32,13,1,1,2026-02-11 17:00:00
3589,160,12,57.5,50.83,57.21,1,147,0.0,-6.38,13,2,1,2026-02-12 06:00:00
3590,160,12,71.5,49.63,57.22,2,290,0.0,-7.59,13,2,0,2026-02-14 03:00:00
3591,160,13,33.0,57.53,57.84,1,150,1.0,-0.31,14,2,1,2026-02-14 15:00:00
3592,160,14,71.3,54.0,56.81,1,168,1.0,-2.81,15,3,0,2026-02-14 19:00:00
3593,160,14,68.9,58.6,57.39,2,319,1.0,1.21,14,3,1,2026-02-16 13:00:00
3594,160,15,95.5,57.73,57.83,1,119,0.0,-0.1,15,2,0,2026-02-17 01:00:00
3595,160,15,36.0,78.57,59.23,2,286,0.0,19.34,15,2,1,2026-02-17 20:00:00
3596,160,15,64.0,66.8,58.4,3,458,0.0,8.4,13,2,1,2026-02-18 17:00:00
3597,160,16,62.3,65.17,58.59,1,203,0.5,6.58,13,3,1,2026-02-19 20:00:00
3598,160,16,33.3,54.1,58.71,2,320,0.5,-4.61,13,3,1,2026-02-21 14:00:00
3599,160,16,67.4,53.2,57.89,3,464,0.5,-4.69,13,3,1,2026-02-22 23:00:00
3600,161,1,53.3,75.0,75.0,1,48,1.0,0.0,1,1,1,2026-01-25 09:00:00
3601,161,2,72.1,53.3,53.3,1,101,0.0,0.0,2,1,0,2026-01-26 23:00:00
3602,161,3,48.4,62.7,62.7,1,79,1.0,0.0,3,2,1,2026-01-28 06:00:00
3603,161,3,37.9,57.93,57.93,2,207,1.0,0.0,4,2,1,2026-01-28 22:00:00
3604,161,3,74.9,52.8,52.92,3,281,1.0,-0.12,5,2,0,2026-01-30 07:00:00
3605,161,4,64.6,53.73,57.32,1,56,1.0,-3.59,6,2,1,2026-01-31 01:00:00
3606,161,4,31.9,59.13,58.53,2,136,1.0,0.6,7,2,1,2026-02-01 20:00:00
3607,161,5,64.5,57.13,54.73,1,50,0.0,2.4,8,3,1,2026-02-02 18:00:00
3608,161,6,80.6,53.67,55.95,1,105,1.0,-2.28,9,1,0,2026-02-03 02:00:00
3609,161,7,57.7,59.0,58.69,1,48,1.0,0.31,10,2,1,2026-02-05 02:00:00
3610,161,8,39.2,67.6,58.59,1,90,1.0,9.01,11,2,1,2026-02-06 08:00:00
3611,161,9,57.1,59.17,56.83,1,48,0.0,2.34,12,3,1,2026-02-06 15:00:00
3612,161,9,34.5,51.33,56.85,2,131,0.0,-5.52,13,3,1,2026-02-07 01:00:00
3613,161,9,72.0,43.6,55.13,3,253,0.0,-11.53,14,3,0,2026-02-08 06:00:00
3614,161,10,78.0,54.53,56.34,1,97,1.0,-1.8,13,2,0,2026-02-10 02:00:00
3615,161,11,79.2,61.5,57.78,1,72,0.5,3.72,14,1,0,2026-02-10 23:00:00
3616,161,12,82.5,76.4,59.12,1,89,1.0,17.28,13,2,0,2026-02-12 18:00:00
3617,161,12,33.3,79.9,60.49,2,179,1.0,19.41,12,2,1,2026-02-14 04:00:00
3618,162,1,83.9,75.0,75.0,1,99,1.0,0.0,1,1,0,2026-01-31 14:00:00
3619,162,2,71.1,83.9,83.9,1,62,1.0,0.0,2,1,0,2026-02-02 06:00:00
3620,162,3,74.4,77.5,77.5,1,101,1.0,0.0,3,2,0,2026-02-04 03:00:00
3621,162,4,32.1,76.47,76.47,1,35,1.0,0.0,4,2,1,2026-02-04 23:00:00
3622,162,4,88.6,59.2,65.38,2,112,1.0,-6.18,5,2,0,2026-02-05 18:00:00
3623,162,5,80.9,65.03,70.02,1,80,1.0,-4.99,6,3,0,2026-02-07 01:00:00
3624,162,6,78.3,67.2,71.83,1,102,1.0,-4.63,7,1,0,2026-02-08 06:00:00
3625,162,7,90.8,82.6,72.76,1,90,1.0,9.84,8,2,0,2026-02-09 18:00:00
3626,162,8,98.0,83.33,75.01,1,61,1.0,8.32,9,2,0,2026-02-10 12:00:00
3627,162,9,73.0,89.03,77.57,1,70,1.0,11.47,10,3,0,2026-02-11 06:00:00
3628,162,10,81.2,87.27,77.11,1,93,1.0,10.16,11,2,0,2026-02-13 02:00:00
3629,162,11,46.0,84.07,77.48,1,88,1.0,6.58,12,1,1,2026-02-14 02:00:00
3630,162,12,80.7,66.73,74.86,1,78,0.5,-8.12,13,2,0,2026-02-14 11:00:00
3631,163,1,74.6,75.0,75.0,1,80,1.0,0.0,1,1,0,2026-01-11 00:00:00
3632,163,2,81.1,74.6,74.6,1,103,1.0,0.0,2,1,0,2026-01-12 17:00:00
3633,163,3,33.0,77.85,77.85,1,79,1.0,0.0,3,2,1,2026-01-14 04:00:00
3634,163,4,92.3,62.9,62.9,1,88,0.0,0.0,4,2,0,2026-01-14 09:00:00
3635,163,5,48.8,68.8,70.25,1,133,1.0,-1.45,5,3,1,2026-01-16 04:00:00
3636,163,6,36.9,58.03,65.96,1,61,1.0,-7.93,6,1,1,2026-01-17 11:00:00
3637,163,6,95.2,59.33,61.12,2,113,1.0,-1.78,7,1,0,2026-01-18 17:00:00
3638,163,7,51.4,60.3,65.99,1,105,1.0,-5.69,8,2,1,2026-01-20 15:00:00
3639,163,8,72.2,61.17,64.16,1,76,1.0,-3.0,9,2,0,2026-01-22 00:00:00
3640,163,9,56.6,72.93,65.06,1,83,1.0,7.88,10,3,1,2026-01-23 12:00:00
3641,163,9,90.6,60.07,64.21,2,157,1.0,-4.14,11,3,0,2026-01-23 20:00:00
3642,163,10,71.3,73.13,66.61,1,84,1.0,6.52,11,2,0,2026-01-25 13:00:00
3643,163,11,85.4,72.83,67.0,1,121,0.5,5.83,12,1,0,2026-01-26 02:00:00
3644,163,11,78.4,82.43,68.42,2,227,0.5,14.02,12,1,0,2026-01-27 20:00:00
3645,163,11,73.4,78.37,69.13,3,334,0.5,9.24,11,1,0,2026-01-28 15:00:00
3646,163,12,44.1,79.07,69.41,1,61,1.0,9.65,11,2,1,2026-01-30 04:00:00
3647,163,13,60.3,65.3,67.83,1,66,0.0,-2.53,12,2,1,2026-01-31 05:00:00
3648,163,13,71.0,59.27,67.39,2,99,0.0,-8.12,12,2,0,2026-02-01 15:00:00
3649,163,14,34.5,58.47,67.59,1,73,0.0,-9.12,12,3,1,2026-02-03 11:00:00
3650,163,14,48.3,55.27,65.85,2,182,0.0,-10.58,12,3,1,2026-02-04 00:00:00
3651,163,14,38.9,51.27,64.97,3,282,0.0,-13.7,13,3,1,2026-02-04 05:00:00
3652,164,1,53.3,75.0,75.0,1,85,1.0,0.0,1,1,1,2026-01-08 13:00:00
3653,164,2,76.1,53.3,53.3,1,89,0.0,0.0,2,1,0,2026-01-09 11:00:00
3654,164,3,45.1,64.7,64.7,1,76,1.0,0.0,3,2,1,2026-01-09 17:00:00
3655,164,4,33.4,58.17,58.17,1,94,0.0,0.0,4,2,1,2026-01-11 04:00:00
3656,164,4,88.2,51.53,51.97,2,199,0.0,-0.44,5,2,0,2026-01-11 10:00:00
3657,164,5,66.6,55.57,59.22,1,57,1.0,-3.65,6,3,1,2026-01-11 19:00:00
3658,164,6,85.9,62.73,60.45,1,95,1.0,2.28,7,1,0,2026-01-12 01:00:00
3659,164,7,49.2,80.23,64.09,1,108,1.0,16.15,8,2,1,2026-01-13 11:00:00
3660,164,8,87.8,67.23,62.22,1,81,1.0,5.01,9,2,0,2026-01-15 02:00:00
3661,164,9,73.1,74.3,65.07,1,104,1.0,9.23,10,3,0,2026-01-15 15:00:00
3662,164,9,41.6,70.03,65.87,2,250,1.0,4.16,11,3,1,2026-01-16 18:00:00
3663,164,9,41.8,67.5,63.66,3,337,1.0,3.84,12,3,1,2026-01-17 01:00:00
3664,164,10,52.7,52.17,61.84,1,97,1.0,-9.68,13,2,1,2026-01-18 16:00:00
3665,164,10,85.3,45.37,61.14,2,172,1.0,-15.77,14,2,0,2026-01-20 01:00:00
3666,164,10,70.4,59.93,62.86,3,265,1.0,-2.93,15,2,0,2026-01-20 11:00:00
3667,164,11,76.7,69.47,63.37,1,99,0.5,6.1,16,1,0,2026-01-22 04:00:00
3668,164,12,41.1,77.47,64.2,1,93,1.0,13.27,14,2,1,2026-01-24 04:00:00
3669,164,12,81.6,62.73,62.84,2,162,1.0,-0.11,15,2,0,2026-01-25 01:00:00
3670,164,13,80.1,66.47,63.88,1,94,1.0,2.58,12,2,0,2026-01-26 05:00:00
3671,164,14,73.9,67.6,64.74,1,119,0.5,2.86,13,3,0,2026-01-26 17:00:00
3672,164,15,72.4,78.53,65.19,1,98,1.0,13.34,14,2,0,2026-01-27 03:00:00
3673,164,16,36.6,75.47,65.54,1,109,1.0,9.93,14,3,1,2026-01-28 16:00:00
3674,164,17,63.9,60.97,64.22,1,85,0.0,-3.26,13,3,1,2026-01-30 06:00:00
3675,164,17,60.8,57.63,64.21,2,189,0.0,-6.58,12,3,1,2026-01-31 19:00:00
3676,164,17,37.7,53.77,64.07,3,284,0.0,-10.3,12,3,1,2026-02-02 10:00:00
3677,164,18,74.7,54.13,63.01,1,70,0.0,-8.88,12,3,0,2026-02-03 08:00:00
3678,164,18,40.0,57.73,63.46,2,166,0.0,-5.73,11,3,1,2026-02-05 08:00:00
3679,164,18,83.8,50.8,62.59,3,236,0.0,-11.79,12,3,0,2026-02-05 16:00:00
3680,164,19,64.8,66.17,63.35,1,77,1.0,2.82,13,2,1,2026-02-06 00:00:00
3681,165,1,61.4,75.0,75.0,1,63,1.0,0.0,1,1,1,2026-01-24 11:00:00
3682,165,2,83.6,61.4,61.4,1,65,0.0,0.0,2,1,0,2026-01-24 20:00:00
3683,165,3,62.1,72.5,72.5,1,36,1.0,0.0,3,2,1,2026-01-25 06:00:00
3684,165,4,79.1,69.03,69.03,1,81,0.0,0.0,4,2,0,2026-01-27 00:00:00
3685,165,4,76.3,74.93,71.55,2,152,0.0,3.38,5,2,0,2026-01-28 15:00:00
3686,165,4,72.8,72.5,72.5,3,197,0.0,0.0,6,2,0,2026-01-29 11:00:00
3687,165,5,99.5,76.07,72.55,1,30,1.0,3.52,7,3,0,2026-01-30 10:00:00
3688,165,6,79.3,82.87,76.4,1,57,1.0,6.47,8,1,0,2026-02-01 03:00:00
3689,165,7,62.2,83.87,76.76,1,51,1.0,7.1,9,2,1,2026-02-02 00:00:00
3690,165,8,75.9,80.33,75.14,1,62,1.0,5.19,10,2,0,2026-02-02 17:00:00
3691,165,9,92.9,72.47,75.22,1,52,1.0,-2.75,11,3,0,2026-02-04 03:00:00
3692,165,10,78.0,77.0,76.83,1,30,1.0,0.17,12,2,0,2026-02-04 10:00:00
3693,165,11,51.0,82.27,76.92,1,52,0.5,5.34,13,1,1,2026-02-06 05:00:00
3694,165,12,100.0,73.97,74.93,1,53,0.5,-0.96,14,2,0,2026-02-07 10:00:00
3695,165,13,95.0,76.33,76.72,1,72,1.0,-0.39,12,2,0,2026-02-08 09:00:00
3696,165,14,58.0,82.0,77.94,1,46,0.5,4.06,13,3,1,2026-02-09 03:00:00
3697,165,14,45.8,84.33,76.69,2,139,0.5,7.64,13,3,1,2026-02-10 14:00:00
3698,165,15,82.2,66.27,74.88,1,30,0.0,-8.61,12,2,0,2026-02-12 11:00:00
3699,165,16,78.4,62.0,75.28,1,86,1.0,-13.28,13,3,0,2026-02-13 09:00:00
3700,165,17,89.1,68.8,75.45,1,55,1.0,-6.65,13,3,0,2026-02-15 00:00:00
3701,165,18,89.5,83.23,76.13,1,77,1.0,7.1,12,3,0,2026-02-16 09:00:00
3702,165,19,72.2,85.67,76.77,1,61,0.5,8.9,12,2,0,2026-02-17 18:00:00
3703,165,19,97.2,83.6,76.56,2,143,0.5,7.04,11,2,0,2026-02-19 04:00:00
3704,165,20,97.9,86.3,77.46,1,52,1.0,8.84,11,3,0,2026-02-20 17:00:00
3705,165,20,46.9,89.1,78.31,2,90,1.0,10.79,10,3,1,2026-02-22 09:00:00
3706,166,1,98.3,75.0,75.0,1,168,1.0,0.0,1,1,0,2026-01-17 22:00:00
3707,166,1,76.8,98.3,98.3,2,305,1.0,0.0,2,1,0,2026-01-19 05:00:00
3708,166,2,74.9,87.55,87.55,1,144,1.0,0.0,3,1,0,2026-01-20 06:00:00
3709,166,2,76.3,83.33,83.33,2,308,1.0,0.0,4,1,0,2026-01-22 05:00:00
3710,166,2,60.2,76.0,81.58,3,427,1.0,-5.58,5,1,1,2026-01-22 09:00:00
3711,166,3,68.2,70.47,77.3,1,151,1.0,-6.83,6,2,1,2026-01-23 13:00:00
3712,166,4,87.0,68.23,75.78,1,128,0.0,-7.55,7,2,0,2026-01-24 22:00:00
3713,166,5,37.8,71.8,77.39,1,137,1.0,-5.59,8,3,1,2026-01-25 11:00:00
3714,166,5,68.7,64.33,72.44,2,278,1.0,-8.1,9,3,1,2026-01-26 15:00:00
3715,166,6,40.4,64.5,72.02,1,109,1.0,-7.52,10,1,1,2026-01-28 00:00:00
3716,166,7,67.4,48.97,68.86,1,124,0.0,-19.89,11,2,1,2026-01-29 18:00:00
3717,166,7,34.0,58.83,68.73,2,291,0.0,-9.89,12,2,1,2026-01-30 21:00:00
3718,166,8,43.5,47.27,65.83,1,157,1.0,-18.57,13,2,1,2026-01-31 08:00:00
3719,166,9,51.4,48.3,64.12,1,138,0.0,-15.82,13,3,1,2026-02-01 01:00:00
3720,166,9,56.4,42.97,63.21,2,282,0.0,-20.24,14,3,1,2026-02-01 11:00:00
3721,166,10,40.0,50.43,62.75,1,134,1.0,-12.32,14,2,1,2026-02-03 05:00:00
3722,166,11,45.9,49.27,61.33,1,167,0.5,-12.06,14,1,1,2026-02-04 19:00:00
3723,166,12,54.8,47.43,60.42,1,135,0.0,-12.99,15,2,1,2026-02-05 02:00:00
3724,166,12,72.4,46.9,60.11,2,279,0.0,-13.21,15,2,0,2026-02-05 06:00:00
3725,166,12,46.6,57.7,60.76,3,441,0.0,-3.06,15,2,1,2026-02-06 06:00:00
3726,167,1,72.5,75.0,75.0,1,74,1.0,0.0,1,1,0,2026-01-16 19:00:00
3727,167,1,86.7,72.5,72.5,2,195,1.0,0.0,2,1,0,2026-01-17 02:00:00
3728,167,1,81.3,79.6,79.6,3,254,1.0,0.0,3,1,0,2026-01-18 01:00:00
3729,167,2,49.1,80.17,80.17,1,122,1.0,0.0,4,1,1,2026-01-19 16:00:00
3730,167,2,77.9,72.37,72.4,2,204,1.0,-0.03,5,1,0,2026-01-19 23:00:00
3731,167,2,39.8,69.43,73.5,3,289,1.0,-4.07,6,1,1,2026-01-21 08:00:00
3732,167,3,72.2,55.6,67.88,1,52,1.0,-12.28,7,2,0,2026-01-21 20:00:00
3733,167,4,34.9,63.3,68.5,1,80,1.0,-5.2,8,2,1,2026-01-23 01:00:00
3734,167,4,91.5,48.97,64.3,2,149,1.0,-15.33,9,2,0,2026-01-24 21:00:00
3735,167,4,73.5,66.2,67.32,3,226,1.0,-1.12,10,2,0,2026-01-26 03:00:00
3736,167,5,32.6,66.63,67.94,1,87,1.0,-1.31,11,3,1,2026-01-27 23:00:00
3737,167,6,91.4,65.87,64.73,1,109,1.0,1.14,12,1,0,2026-01-29 15:00:00
3738,167,7,96.6,65.83,66.95,1,94,1.0,-1.12,11,2,0,2026-01-31 05:00:00
3739,167,8,95.4,73.53,69.23,1,96,1.0,4.3,11,2,0,2026-02-01 22:00:00
3740,167,9,77.7,94.47,71.1,1,68,1.0,23.37,10,3,0,2026-02-03 17:00:00
3741,167,10,91.1,89.9,71.54,1,72,1.0,18.36,9,2,0,2026-02-05 13:00:00
3742,167,11,82.8,88.07,72.76,1,125,1.0,15.3,9,1,0,2026-02-06 07:00:00
3743,167,12,80.4,83.87,73.35,1,75,1.0,10.51,10,2,0,2026-02-07 08:00:00
3744,167,13,51.2,84.77,73.74,1,123,1.0,11.02,10,2,1,2026-02-07 22:00:00
3745,167,14,91.9,71.47,72.56,1,85,1.0,-1.09,11,3,0,2026-02-08 11:00:00
3746,167,14,75.4,74.5,73.53,2,175,1.0,0.98,12,3,0,2026-02-09 01:00:00
3747,167,14,75.7,72.83,73.61,3,286,1.0,-0.78,12,3,0,2026-02-09 06:00:00
3748,168,1,88.6,75.0,75.0,1,85,1.0,0.0,1,1,0,2026-02-02 00:00:00
3749,168,2,94.9,88.6,88.6,1,57,1.0,0.0,2,1,0,2026-02-03 16:00:00
3750,168,3,78.1,91.75,91.75,1,52,1.0,0.0,3,2,0,2026-02-04 12:00:00
3751,168,4,48.2,87.2,87.2,1,58,1.0,0.0,4,2,1,2026-02-05 17:00:00
3752,168,5,82.9,73.73,77.45,1,66,0.0,-3.72,5,3,0,2026-02-07 14:00:00
3753,168,6,70.9,69.73,78.54,1,77,1.0,-8.81,6,1,0,2026-02-08 04:00:00
3754,168,7,87.3,67.33,77.27,1,60,1.0,-9.93,7,2,0,2026-02-09 16:00:00
3755,168,8,63.5,80.37,78.7,1,72,1.0,1.67,8,2,1,2026-02-10 10:00:00
3756,168,9,75.2,73.9,76.8,1,92,0.0,-2.9,9,3,0,2026-02-11 23:00:00
3757,168,9,60.4,75.33,76.62,2,159,0.0,-1.29,10,3,1,2026-02-13 06:00:00
3758,168,9,74.0,66.37,75.0,3,225,0.0,-8.63,11,3,0,2026-02-13 21:00:00
3759,168,10,90.2,69.87,74.91,1,30,1.0,-5.04,12,2,0,2026-02-15 07:00:00
3760,169,1,79.8,75.0,75.0,1,30,1.0,0.0,1,1,0,2026-01-26 17:00:00
3761,169,2,71.0,79.8,79.8,1,67,1.0,0.0,2,1,0,2026-01-27 20:00:00
3762,169,3,96.3,75.4,75.4,1,58,1.0,0.0,3,2,0,2026-01-28 08:00:00
3763,169,4,71.1,82.37,82.37,1,49,1.0,0.0,4,2,0,2026-01-28 20:00:00
3764,169,5,65.0,79.47,79.55,1,64,1.0,-0.08,5,3,1,2026-01-29 17:00:00
3765,169,6,99.4,77.47,76.64,1,58,1.0,0.83,6,1,0,2026-01-30 10:00:00
3766,169,7,76.6,78.5,80.43,1,82,1.0,-1.93,7,2,0,2026-01-31 16:00:00
3767,169,8,77.5,80.33,79.89,1,61,1.0,0.45,8,2,0,2026-02-02 15:00:00
3768,169,9,83.1,84.5,79.59,1,45,1.0,4.91,9,3,0,2026-02-02 20:00:00
3769,169,10,73.0,79.07,79.98,1,79,1.0,-0.91,10,2,0,2026-02-03 21:00:00
3770,169,11,75.1,77.87,79.28,1,55,1.0,-1.41,11,1,0,2026-02-05 03:00:00
3771,169,12,98.9,77.07,78.9,1,70,1.0,-1.83,12,2,0,2026-02-05 08:00:00
3772,169,13,74.9,82.33,80.57,1,50,1.0,1.77,13,2,0,2026-02-05 19:00:00
3773,169,14,52.1,82.97,80.13,1,47,1.0,2.84,14,3,1,2026-02-07 17:00:00
3774,169,15,89.1,75.3,78.13,1,61,1.0,-2.83,15,2,0,2026-02-09 02:00:00
3775,169,16,82.1,72.03,78.86,1,60,1.0,-6.83,15,3,0,2026-02-10 01:00:00
3776,169,16,73.2,74.43,79.06,2,129,1.0,-4.63,15,3,0,2026-02-11 04:00:00
3777,169,16,42.7,81.47,78.72,3,183,1.0,2.75,15,3,1,2026-02-11 18:00:00
3778,170,1,76.6,75.0,75.0,1,53,1.0,0.0,1,1,0,2026-01-31 15:00:00
3779,170,2,44.3,76.6,76.6,1,81,1.0,0.0,2,1,1,2026-02-01 11:00:00
3780,170,3,94.0,60.45,60.45,1,105,0.0,0.0,3,2,0,2026-02-03 01:00:00
3781,170,4,90.8,71.63,71.63,1,84,1.0,0.0,4,2,0,2026-02-05 01:00:00
3782,170,4,92.1,76.37,76.42,2,169,1.0,-0.06,5,2,0,2026-02-05 16:00:00
3783,170,5,61.3,92.3,79.56,1,109,1.0,12.74,6,3,1,2026-02-06 02:00:00
3784,170,6,47.6,81.4,76.52,1,75,1.0,4.88,7,1,1,2026-02-07 08:00:00
3785,170,6,99.9,67.0,72.39,2,134,1.0,-5.39,8,1,0,2026-02-09 07:00:00
3786,170,7,56.3,69.6,75.82,1,86,1.0,-6.22,9,2,1,2026-02-09 17:00:00
3787,170,8,81.3,67.93,73.66,1,80,1.0,-5.72,10,2,0,2026-02-11 06:00:00
3788,170,9,55.4,79.17,74.42,1,70,1.0,4.75,11,3,1,2026-02-11 18:00:00
3789,170,10,59.5,64.33,72.69,1,86,1.0,-8.36,12,2,1,2026-02-12 22:00:00
3790,170,10,89.2,65.4,71.59,2,185,1.0,-6.19,13,2,0,2026-02-14 14:00:00
3791,170,11,90.3,68.03,72.95,1,89,0.0,-4.91,13,1,0,2026-02-15 08:00:00
3792,170,12,68.4,79.67,74.19,1,96,0.5,5.48,13,2,1,2026-02-16 11:00:00
3793,170,12,51.8,82.63,73.8,2,222,0.5,8.83,13,2,1,2026-02-17 23:00:00
3794,170,12,77.3,70.17,72.42,3,305,0.5,-2.26,13,2,0,2026-02-19 08:00:00
3795,170,13,99.4,65.83,72.71,1,95,1.0,-6.88,12,2,0,2026-02-20 06:00:00
3796,170,14,94.0,76.17,74.19,1,79,0.5,1.97,12,3,0,2026-02-22 04:00:00
3797,170,14,97.2,90.23,75.24,2,152,0.5,15.0,12,3,0,2026-02-23 12:00:00
3798,170,14,67.0,96.87,76.34,3,230,0.5,20.53,12,3,1,2026-02-24 16:00:00
3799,170,15,31.2,86.07,75.89,1,80,1.0,10.18,13,2,1,2026-02-25 02:00:00
3800,170,15,97.6,65.13,73.86,2,177,1.0,-8.73,12,2,0,2026-02-26 03:00:00
3801,170,15,64.4,65.27,74.89,3,313,1.0,-9.62,12,2,1,2026-02-27 23:00:00
3802,170,16,95.7,64.4,74.45,1,75,0.5,-10.05,12,3,0,2026-03-01 06:00:00
3803,170,16,49.8,85.9,75.3,2,156,0.5,10.6,12,3,1,2026-03-02 00:00:00
3804,170,16,69.7,69.97,74.32,3,244,0.5,-4.36,12,3,1,2026-03-03 10:00:00
3805,170,17,33.9,71.73,74.15,1,97,1.0,-2.42,12,3,1,2026-03-04 18:00:00
3806,170,18,37.7,51.13,72.71,1,95,1.0,-21.58,11,3,1,2026-03-06 17:00:00
3807,171,1,35.9,75.0,75.0,1,165,1.0,0.0,1,1,1,2026-01-29 04:00:00
3808,171,2,43.6,35.9,35.9,1,91,0.0,0.0,2,1,1,2026-01-30 21:00:00
3809,171,2,38.9,39.75,39.75,2,183,0.0,0.0,3,1,1,2026-01-31 03:00:00
3810,171,3,62.3,39.47,39.47,1,130,0.0,0.0,4,2,1,2026-02-02 01:00:00
3811,171,3,32.1,48.27,45.18,2,291,0.0,3.09,5,2,1,2026-02-02 21:00:00
3812,171,3,33.0,44.43,42.56,3,399,0.0,1.87,6,2,1,2026-02-03 18:00:00
3813,171,4,48.0,42.47,40.97,1,79,0.0,1.5,7,2,1,2026-02-04 21:00:00
3814,171,4,48.8,37.7,41.97,2,230,0.0,-4.27,8,2,1,2026-02-05 03:00:00
3815,171,5,48.8,43.27,42.82,1,144,0.0,0.44,9,3,1,2026-02-06 19:00:00
3816,171,5,86.9,48.53,43.49,2,262,0.0,5.04,10,3,0,2026-02-07 09:00:00
3817,171,6,82.2,61.5,47.83,1,120,1.0,13.67,11,1,0,2026-02-07 14:00:00
3818,171,6,56.2,72.63,50.95,2,240,1.0,21.68,12,1,1,2026-02-09 04:00:00
3819,171,7,56.8,75.1,51.39,1,142,1.0,23.71,13,2,1,2026-02-11 04:00:00
3820,171,7,43.6,65.07,51.81,2,269,1.0,13.26,13,2,1,2026-02-12 04:00:00
3821,171,7,80.0,52.2,51.22,3,418,1.0,0.98,14,2,0,2026-02-13 10:00:00
3822,171,8,38.6,60.13,53.14,1,82,1.0,6.99,13,2,1,2026-02-14 09:00:00
3823,171,8,37.6,54.07,52.23,2,204,1.0,1.84,14,2,1,2026-02-15 15:00:00
3824,171,8,31.4,52.07,51.37,3,321,1.0,0.7,13,2,1,2026-02-17 14:00:00
3825,171,9,69.2,35.87,50.26,1,134,0.0,-14.39,13,3,1,2026-02-18 18:00:00
3826,171,9,57.4,46.07,51.26,2,263,0.0,-5.19,13,3,1,2026-02-18 23:00:00
3827,171,9,43.5,52.67,51.56,3,418,0.0,1.1,13,3,1,2026-02-20 07:00:00
3828,171,10,48.4,56.7,51.18,1,102,1.0,5.52,11,2,1,2026-02-22 04:00:00
3829,171,10,71.2,49.77,51.05,2,242,1.0,-1.29,11,2,0,2026-02-24 03:00:00
3830,171,11,66.4,54.37,51.93,1,151,0.5,2.44,11,1,1,2026-02-25 13:00:00
3831,171,11,37.7,62.0,52.53,2,328,0.5,9.47,12,1,1,2026-02-25 21:00:00
3832,171,11,32.9,58.43,51.94,3,458,0.5,6.49,11,1,1,2026-02-27 17:00:00
3833,171,12,95.5,45.67,51.21,1,146,0.0,-5.54,12,2,0,2026-02-28 06:00:00
3834,171,12,97.6,55.37,52.85,2,249,0.0,2.52,12,2,0,2026-02-28 15:00:00
3835,171,12,50.4,75.33,54.45,3,341,0.0,20.89,13,2,1,2026-03-01 03:00:00
3836,171,13,54.8,81.17,54.31,1,156,1.0,26.86,14,2,1,2026-03-01 10:00:00
3837,171,14,32.5,67.6,54.32,1,139,1.0,13.28,14,3,1,2026-03-03 01:00:00
3838,171,15,69.1,45.9,53.62,1,163,0.0,-7.72,15,2,1,2026-03-03 06:00:00
3839,171,15,78.7,52.13,54.1,2,275,0.0,-1.97,14,2,0,2026-03-04 21:00:00
3840,171,15,35.5,60.1,54.85,3,425,0.0,5.25,13,2,1,2026-03-06 09:00:00
3841,171,16,65.4,61.1,54.28,1,177,0.5,6.82,14,3,1,2026-03-06 14:00:00
3842,171,16,66.6,59.87,54.6,2,325,0.5,5.27,14,3,1,2026-03-08 14:00:00
3843,171,16,51.9,55.83,54.93,3,470,0.5,0.9,15,3,1,2026-03-09 23:00:00
3844,171,17,62.3,61.3,54.85,1,140,0.0,6.45,15,3,1,2026-03-10 03:00:00
3845,171,17,48.3,60.27,55.04,2,248,0.0,5.22,16,3,1,2026-03-11 03:00:00
3846,172,1,36.1,75.0,75.0,1,87,1.0,0.0,1,1,1,2026-01-13 09:00:00
3847,172,2,35.9,36.1,36.1,1,47,0.0,0.0,2,1,1,2026-01-14 21:00:00
3848,172,3,70.0,36.0,36.0,1,70,0.0,0.0,3,2,0,2026-01-15 08:00:00
3849,172,4,91.5,47.33,47.33,1,30,1.0,0.0,4,2,0,2026-01-16 09:00:00
3850,172,5,79.2,65.8,58.38,1,36,1.0,7.42,5,3,0,2026-01-18 06:00:00
3851,172,6,96.4,80.23,62.54,1,88,1.0,17.69,6,1,0,2026-01-18 22:00:00
3852,172,7,78.1,89.03,68.18,1,53,1.0,20.85,7,2,0,2026-01-20 01:00:00
3853,172,8,77.9,84.57,69.6,1,89,1.0,14.97,8,2,0,2026-01-21 20:00:00
3854,172,9,91.7,84.13,70.64,1,58,1.0,13.5,9,3,0,2026-01-23 20:00:00
3855,172,10,91.7,82.57,72.98,1,30,1.0,9.59,10,2,0,2026-01-25 05:00:00
3856,172,11,92.0,87.1,74.85,1,77,0.5,12.25,11,1,0,2026-01-26 20:00:00
3857,172,12,90.1,91.8,76.41,1,48,1.0,15.39,11,2,0,2026-01-27 18:00:00
3858,172,13,94.5,91.27,77.55,1,73,1.0,13.72,10,2,0,2026-01-29 17:00:00
3859,172,14,90.0,92.2,78.85,1,60,1.0,13.35,11,3,0,2026-01-30 00:00:00
3860,172,15,71.0,91.53,79.65,1,30,1.0,11.88,11,2,0,2026-01-31 23:00:00
3861,172,16,48.9,85.17,79.07,1,63,1.0,6.09,10,3,1,2026-02-02 18:00:00
3862,172,17,88.0,69.97,77.19,1,103,0.0,-7.22,10,3,0,2026-02-04 14:00:00
3863,172,17,92.8,69.3,77.82,2,172,0.0,-8.52,10,3,0,2026-02-05 13:00:00
3864,172,18,36.6,76.57,78.66,1,58,0.0,-2.09,11,3,1,2026-02-06 09:00:00
3865,172,18,93.4,72.47,76.44,2,139,0.0,-3.98,11,3,0,2026-02-07 07:00:00
3866,172,18,61.4,74.27,77.29,3,203,0.0,-3.02,12,3,1,2026-02-07 13:00:00
3867,173,1,93.1,75.0,75.0,1,94,1.0,0.0,1,1,0,2026-01-25 05:00:00
3868,173,1,90.3,93.1,93.1,2,162,1.0,0.0,2,1,0,2026-01-26 19:00:00
3869,173,2,71.4,91.7,91.7,1,94,1.0,0.0,3,1,0,2026-01-27 18:00:00
3870,173,2,85.5,84.93,84.93,2,204,1.0,0.0,4,1,0,2026-01-29 13:00:00
3871,173,3,94.6,82.4,85.07,1,73,1.0,-2.67,5,2,0,2026-01-29 20:00:00
3872,173,4,70.8,83.83,86.98,1,118,1.0,-3.15,6,2,0,2026-01-30 16:00:00
3873,173,4,92.9,83.63,84.28,2,206,1.0,-0.65,7,2,0,2026-01-31 07:00:00
3874,173,5,98.9,86.1,85.51,1,72,1.0,0.59,8,3,0,2026-01-31 18:00:00
3875,173,6,82.7,87.53,87.19,1,109,1.0,0.35,9,1,0,2026-02-01 14:00:00
3876,173,6,33.0,91.5,86.69,2,193,1.0,4.81,10,1,1,2026-02-02 08:00:00
3877,173,6,71.6,71.53,81.32,3,298,1.0,-9.79,11,1,0,2026-02-03 20:00:00
3878,173,7,92.8,62.43,80.44,1,84,1.0,-18.0,12,2,0,2026-02-05 10:00:00
3879,173,7,80.4,65.8,81.47,2,172,1.0,-15.67,13,2,0,2026-02-06 16:00:00
3880,173,7,41.8,81.6,81.38,3,271,1.0,0.22,14,2,1,2026-02-07 17:00:00
3881,173,8,35.6,71.67,78.56,1,95,1.0,-6.89,15,2,1,2026-02-08 03:00:00
3882,173,9,79.2,52.6,75.69,1,50,0.0,-23.09,15,3,0,2026-02-09 17:00:00
3883,173,10,66.7,52.2,75.91,1,67,1.0,-23.71,14,2,1,2026-02-11 03:00:00
3884,173,11,75.5,60.5,75.37,1,108,1.0,-14.87,15,1,0,2026-02-12 10:00:00
3885,173,12,95.9,73.8,75.38,1,87,1.0,-1.58,14,2,0,2026-02-13 01:00:00
3886,173,13,98.2,79.37,76.46,1,79,1.0,2.91,13,2,0,2026-02-14 15:00:00
3887,174,1,70.1,75.0,75.0,1,32,1.0,0.0,1,1,0,2026-01-26 08:00:00
3888,174,2,66.6,70.1,70.1,1,38,1.0,0.0,2,1,1,2026-01-27 14:00:00
3889,174,3,71.9,68.35,68.35,1,30,0.0,0.0,3,2,0,2026-01-28 15:00:00
3890,174,4,74.6,69.53,69.53,1,57,1.0,0.0,4,2,0,2026-01-30 09:00:00
3891,174,5,93.6,71.03,70.8,1,48,1.0,0.23,5,3,0,2026-01-31 04:00:00
3892,174,6,94.1,80.03,75.36,1,40,1.0,4.67,6,1,0,2026-02-01 07:00:00
3893,174,7,82.6,87.43,78.48,1,58,1.0,8.95,7,2,0,2026-02-02 16:00:00
3894,174,8,91.2,90.1,79.07,1,67,1.0,11.03,8,2,0,2026-02-03 20:00:00
3895,174,9,66.5,89.3,80.59,1,101,1.0,8.71,9,3,1,2026-02-04 11:00:00
3896,174,9,89.5,80.1,79.02,2,131,1.0,1.08,10,3,0,2026-02-06 01:00:00
3897,174,9,95.8,82.4,80.07,3,214,1.0,2.33,11,3,0,2026-02-07 03:00:00
3898,174,10,75.6,83.93,81.5,1,79,1.0,2.43,12,2,0,2026-02-08 14:00:00
3899,174,11,95.9,86.97,81.01,1,44,0.5,5.96,12,1,0,2026-02-09 13:00:00
3900,174,12,78.9,89.1,82.15,1,64,1.0,6.95,13,2,0,2026-02-10 13:00:00
3901,174,13,74.2,83.47,81.92,1,50,1.0,1.55,12,2,0,2026-02-12 02:00:00
3902,174,14,42.6,83.0,81.41,1,63,1.0,1.59,13,3,1,2026-02-12 08:00:00
3903,174,15,75.3,65.23,78.98,1,90,1.0,-13.75,13,2,0,2026-02-13 21:00:00
3904,174,16,71.3,64.03,78.76,1,72,1.0,-14.73,14,3,0,2026-02-14 03:00:00
3905,174,16,51.6,63.07,78.35,2,142,1.0,-15.28,14,3,1,2026-02-14 17:00:00
3906,174,17,38.3,66.07,76.94,1,51,1.0,-10.88,14,3,1,2026-02-15 07:00:00
3907,175,1,59.9,75.0,75.0,1,60,1.0,0.0,1,1,1,2026-01-13 08:00:00
3908,175,2,37.4,59.9,59.9,1,85,0.0,0.0,2,1,1,2026-01-15 06:00:00
3909,175,3,85.2,48.65,48.65,1,114,0.0,0.0,3,2,0,2026-01-16 01:00:00
3910,175,4,30.3,60.83,60.83,1,59,1.0,0.0,4,2,1,2026-01-16 10:00:00
3911,175,5,43.7,50.97,53.2,1,68,0.0,-2.23,5,3,1,2026-01-17 13:00:00
3912,175,5,94.1,53.07,51.3,2,160,0.0,1.77,6,3,0,2026-01-19 10:00:00
3913,175,5,79.9,56.03,58.43,3,230,0.0,-2.4,7,3,0,2026-01-19 16:00:00
3914,175,6,38.8,72.57,61.5,1,74,1.0,11.07,8,1,1,2026-01-20 04:00:00
3915,175,7,74.9,70.93,58.66,1,81,0.0,12.27,9,2,0,2026-01-20 09:00:00
3916,175,7,80.1,64.53,60.47,2,143,0.0,4.07,10,2,0,2026-01-20 22:00:00
3917,175,8,65.6,64.6,62.43,1,70,1.0,2.17,11,2,1,2026-01-22 15:00:00
3918,175,9,68.1,73.53,62.72,1,104,0.0,10.82,12,3,1,2026-01-24 06:00:00
3919,175,10,85.8,71.27,63.17,1,63,1.0,8.1,13,2,0,2026-01-26 03:00:00
3920,175,11,47.2,73.17,64.91,1,58,0.5,8.26,14,1,1,2026-01-26 23:00:00
3921,175,12,86.3,67.03,63.64,1,77,0.0,3.39,14,2,0,2026-01-28 23:00:00
3922,175,13,46.9,73.1,65.15,1,104,1.0,7.95,15,2,1,2026-01-29 03:00:00
3923,175,14,41.1,60.13,64.01,1,86,1.0,-3.88,13,3,1,2026-01-30 20:00:00
3924,175,14,70.7,58.1,62.66,2,166,1.0,-4.56,14,3,0,2026-01-31 02:00:00
3925,175,14,98.3,52.9,63.11,3,256,1.0,-10.21,15,3,0,2026-01-31 09:00:00
3926,176,1,85.1,75.0,75.0,1,30,1.0,0.0,1,1,0,2026-01-23 19:00:00
3927,176,2,71.6,85.1,85.1,1,69,1.0,0.0,2,1,0,2026-01-25 02:00:00
3928,176,3,76.6,78.35,78.35,1,67,1.0,0.0,3,2,0,2026-01-25 13:00:00
3929,176,4,84.7,77.77,77.77,1,51,1.0,0.0,4,2,0,2026-01-27 09:00:00
3930,176,5,88.6,77.63,79.5,1,80,1.0,-1.87,5,3,0,2026-01-29 03:00:00
3931,176,5,80.3,83.3,81.32,2,117,1.0,1.98,6,3,0,2026-01-30 14:00:00
3932,176,6,88.9,84.53,81.15,1,82,1.0,3.38,7,1,0,2026-02-01 11:00:00
3933,176,7,52.3,85.93,82.26,1,63,1.0,3.68,8,2,1,2026-02-02 09:00:00
3934,176,8,35.7,73.83,78.51,1,53,1.0,-4.68,9,2,1,2026-02-04 07:00:00
3935,176,9,33.0,58.97,73.76,1,59,0.0,-14.79,10,3,1,2026-02-04 21:00:00
3936,176,9,58.3,40.33,69.68,2,116,0.0,-29.35,11,3,1,2026-02-05 05:00:00
3937,176,9,78.9,42.33,68.65,3,200,0.0,-26.31,12,3,0,2026-02-06 16:00:00
3938,176,10,96.5,56.73,69.5,1,38,1.0,-12.77,12,2,0,2026-02-07 20:00:00
3939,177,1,91.9,75.0,75.0,1,124,1.0,0.0,1,1,0,2026-01-13 07:00:00
3940,177,2,41.4,91.9,91.9,1,160,1.0,0.0,2,1,1,2026-01-13 21:00:00
3941,177,3,63.3,66.65,66.65,1,128,0.0,0.0,3,2,1,2026-01-14 15:00:00
3942,177,3,33.5,65.53,65.53,2,286,0.0,0.0,4,2,1,2026-01-15 06:00:00
3943,177,4,53.3,46.07,57.53,1,173,0.0,-11.46,5,2,1,2026-01-16 16:00:00
3944,177,4,40.1,50.03,56.68,2,304,0.0,-6.65,6,2,1,2026-01-18 02:00:00
3945,177,5,33.5,42.3,53.92,1,153,0.0,-11.62,7,3,1,2026-01-19 17:00:00
3946,177,6,58.3,42.3,51.0,1,116,1.0,-8.7,8,1,1,2026-01-20 13:00:00
3947,177,7,46.6,43.97,51.91,1,155,0.0,-7.95,9,2,1,2026-01-21 22:00:00
3948,177,8,93.2,46.13,51.32,1,143,1.0,-5.19,10,2,0,2026-01-22 09:00:00
3949,177,9,87.8,66.03,55.51,1,149,1.0,10.52,11,3,0,2026-01-22 15:00:00
3950,177,10,51.1,75.87,58.45,1,127,1.0,17.42,12,2,1,2026-01-24 06:00:00
3951,177,11,87.2,77.37,57.83,1,106,0.0,19.53,13,1,0,2026-01-24 22:00:00
3952,177,12,59.0,75.37,60.09,1,150,1.0,15.27,14,2,1,2026-01-26 03:00:00
3953,177,13,55.0,65.77,60.01,1,98,0.0,5.75,14,2,1,2026-01-27 10:00:00
3954,177,14,33.4,67.07,59.68,1,133,0.0,7.39,15,3,1,2026-01-27 18:00:00
3955,177,14,33.7,49.13,58.04,2,291,0.0,-8.9,13,3,1,2026-01-29 09:00:00
3956,177,14,42.8,40.7,56.61,3,434,0.0,-15.91,13,3,1,2026-01-30 19:00:00
3957,177,15,94.0,36.63,55.84,1,178,1.0,-19.21,14,2,0,2026-01-31 14:00:00
3958,177,16,45.6,56.83,57.85,1,160,0.5,-1.01,14,3,1,2026-02-02 03:00:00
3959,177,17,33.0,60.8,57.23,1,126,0.0,3.57,14,3,1,2026-02-03 12:00:00
3960,177,17,75.9,57.53,56.08,2,266,0.0,1.45,14,3,0,2026-02-04 17:00:00
3961,177,17,99.2,51.5,56.98,3,405,0.0,-5.48,14,3,0,2026-02-05 01:00:00
3962,177,18,60.3,69.37,58.82,1,108,0.0,10.55,15,3,1,2026-02-05 06:00:00
3963,177,18,82.0,78.47,58.88,2,229,0.0,19.59,14,3,0,2026-02-05 23:00:00
3964,178,1,68.6,75.0,75.0,1,78,1.0,0.0,1,1,1,2026-01-20 18:00:00
3965,178,2,84.8,68.6,68.6,1,49,0.0,0.0,2,1,0,2026-01-22 03:00:00
3966,178,3,32.6,76.7,76.7,1,90,1.0,0.0,3,2,1,2026-01-23 14:00:00
3967,178,3,75.5,62.0,62.0,2,175,1.0,0.0,4,2,0,2026-01-24 20:00:00
3968,178,3,86.0,64.3,65.38,3,231,1.0,-1.08,5,2,0,2026-01-26 01:00:00
3969,178,4,88.7,64.7,69.5,1,98,1.0,-4.8,6,2,0,2026-01-27 14:00:00
3970,178,5,74.3,83.4,72.7,1,104,1.0,10.7,7,3,0,2026-01-29 06:00:00
3971,178,6,100.0,83.0,72.93,1,94,1.0,10.07,8,1,0,2026-01-30 03:00:00
3972,178,6,68.1,87.67,76.31,2,177,1.0,11.35,9,1,1,2026-01-30 14:00:00
3973,178,6,61.1,80.8,75.4,3,278,1.0,5.4,10,1,1,2026-02-01 03:00:00
3974,178,7,96.3,76.4,73.97,1,103,1.0,2.43,11,2,0,2026-02-02 14:00:00
3975,178,7,71.0,75.17,76.0,2,199,1.0,-0.83,12,2,0,2026-02-03 09:00:00
3976,178,7,85.6,76.13,75.58,3,272,1.0,0.55,12,2,0,2026-02-04 05:00:00
3977,178,8,76.9,84.3,76.35,1,95,1.0,7.95,13,2,0,2026-02-05 02:00:00
3978,178,8,83.7,77.83,76.39,2,208,1.0,1.44,13,2,0,2026-02-06 07:00:00
3979,178,8,71.1,82.07,76.88,3,286,1.0,5.19,13,2,0,2026-02-07 15:00:00
3980,178,9,72.4,77.23,76.52,1,131,1.0,0.71,13,3,0,2026-02-08 12:00:00
3981,178,10,32.9,75.73,76.28,1,79,1.0,-0.54,13,2,1,2026-02-09 16:00:00
3982,178,10,97.5,58.8,73.87,2,169,1.0,-15.07,14,2,0,2026-02-10 02:00:00
3983,178,10,75.0,67.6,75.11,3,245,1.0,-7.51,15,2,0,2026-02-10 11:00:00
3984,178,11,80.5,68.47,75.11,1,94,1.0,-6.64,15,1,0,2026-02-11 08:00:00
3985,178,12,66.9,84.33,75.36,1,55,1.0,8.97,15,2,1,2026-02-12 20:00:00
3986,178,12,62.2,74.13,74.98,2,134,1.0,-0.84,15,2,1,2026-02-13 05:00:00
3987,178,13,44.1,69.87,74.42,1,68,0.0,-4.56,15,2,1,2026-02-14 06:00:00
3988,178,14,55.7,57.73,73.16,1,92,0.5,-15.42,15,3,1,2026-02-16 00:00:00
3989,179,1,78.0,75.0,75.0,1,129,1.0,0.0,1,1,0,2026-01-18 17:00:00
3990,179,1,62.0,78.0,78.0,2,251,1.0,0.0,2,1,1,2026-01-20 01:00:00
3991,179,2,90.4,70.0,70.0,1,62,1.0,0.0,3,1,0,2026-01-21 18:00:00
3992,179,3,46.2,76.8,76.8,1,150,1.0,0.0,4,2,1,2026-01-23 12:00:00
3993,179,4,60.1,66.2,69.15,1,115,0.0,-2.95,5,2,1,2026-01-24 08:00:00
3994,179,4,52.4,65.57,67.34,2,209,0.0,-1.77,6,2,1,2026-01-25 21:00:00
3995,179,4,82.6,52.9,64.85,3,322,0.0,-11.95,7,2,0,2026-01-26 03:00:00
3996,179,5,75.4,65.03,67.39,1,113,1.0,-2.35,8,3,0,2026-01-26 14:00:00
3997,179,6,74.1,70.13,68.39,1,96,1.0,1.75,9,1,0,2026-01-28 06:00:00
3998,179,7,80.3,77.37,69.02,1,113,1.0,8.34,10,2,0,2026-01-29 13:00:00
3999,179,8,83.8,76.6,70.15,1,97,1.0,6.45,11,2,0,2026-01-30 06:00:00
4000,179,8,39.3,79.4,71.39,2,198,1.0,8.01,12,2,1,2026-01-31 06:00:00
4001,179,9,59.2,67.8,68.72,1,96,1.0,-0.92,13,3,1,2026-02-01 13:00:00
4002,179,10,86.7,60.77,67.98,1,81,1.0,-7.22,13,2,0,2026-02-02 21:00:00
4003,179,11,82.2,61.73,69.32,1,112,1.0,-7.59,12,1,0,2026-02-04 18:00:00
4004,179,12,33.6,76.03,70.18,1,121,0.5,5.85,13,2,1,2026-02-05 17:00:00
4005,179,12,61.9,67.5,67.89,2,241,0.5,-0.39,12,2,1,2026-02-07 13:00:00
4006,179,12,65.4,59.23,67.54,3,367,0.5,-8.31,13,2,1,2026-02-08 02:00:00
4007,179,13,56.3,53.63,67.42,1,116,0.0,-13.79,12,2,1,2026-02-09 04:00:00
4008,179,13,74.2,61.2,66.84,2,215,0.0,-5.64,12,2,0,2026-02-09 21:00:00
4009,180,1,86.8,75.0,75.0,1,76,1.0,0.0,1,1,0,2026-01-09 09:00:00
4010,180,2,93.7,86.8,86.8,1,32,1.0,0.0,2,1,0,2026-01-11 08:00:00
4011,180,3,99.7,90.25,90.25,1,41,1.0,0.0,3,2,0,2026-01-13 00:00:00
4012,180,4,72.5,93.4,93.4,1,40,1.0,0.0,4,2,0,2026-01-14 04:00:00
4013,180,5,93.0,88.63,88.18,1,81,1.0,0.46,5,3,0,2026-01-15 03:00:00
4014,180,6,93.0,88.4,89.14,1,78,1.0,-0.74,6,1,0,2026-01-16 17:00:00
4015,180,7,52.3,86.17,89.78,1,69,1.0,-3.62,7,2,1,2026-01-18 03:00:00
4016,180,8,80.2,79.43,84.43,1,81,1.0,-5.0,8,2,0,2026-01-18 14:00:00
4017,180,9,46.2,75.17,83.9,1,42,1.0,-8.73,9,3,1,2026-01-19 04:00:00
4018,180,9,46.4,59.57,79.71,2,108,1.0,-20.14,10,3,1,2026-01-20 10:00:00
4019,180,9,91.6,57.6,76.38,3,165,1.0,-18.78,11,3,0,2026-01-21 17:00:00
4020,180,10,82.1,61.4,77.76,1,76,1.0,-16.36,12,2,0,2026-01-22 01:00:00
4021,180,11,99.8,73.37,78.13,1,57,0.5,-4.76,13,1,0,2026-01-22 05:00:00
4022,180,12,77.4,91.17,79.79,1,52,1.0,11.37,13,2,0,2026-01-23 13:00:00
4023,180,13,58.1,86.43,79.62,1,70,1.0,6.81,14,2,1,2026-01-24 19:00:00
4024,180,14,85.1,78.43,78.19,1,77,0.5,0.25,14,3,0,2026-01-26 07:00:00
4025,180,15,96.0,73.53,78.62,1,46,1.0,-5.09,14,2,0,2026-01-27 06:00:00
4026,180,16,56.9,79.73,79.64,1,58,1.0,0.09,14,3,1,2026-01-28 16:00:00
4027,180,17,78.3,79.33,78.38,1,38,0.0,0.96,14,3,0,2026-01-29 21:00:00
4028,181,1,80.5,75.0,75.0,1,40,1.0,0.0,1,1,0,2026-01-16 11:00:00
4029,181,1,60.1,80.5,80.5,2,134,1.0,0.0,2,1,1,2026-01-17 12:00:00
4030,181,2,73.8,70.3,70.3,1,102,1.0,0.0,3,1,0,2026-01-18 06:00:00
4031,181,3,44.8,71.47,71.47,1,95,1.0,0.0,4,2,1,2026-01-18 20:00:00
4032,181,4,31.6,59.57,64.8,1,51,0.0,-5.23,5,2,1,2026-01-19 16:00:00
4033,181,4,80.3,50.07,58.16,2,133,0.0,-8.09,6,2,0,2026-01-20 01:00:00
4034,181,5,91.2,52.23,61.85,1,45,1.0,-9.62,7,3,0,2026-01-20 12:00:00
4035,181,5,69.2,67.7,66.04,2,162,1.0,1.66,8,3,1,2026-01-22 08:00:00
4036,181,6,37.7,80.23,66.44,1,68,1.0,13.8,9,1,1,2026-01-24 02:00:00
4037,181,6,35.2,66.03,63.24,2,183,1.0,2.79,10,1,1,2026-01-24 19:00:00
4038,181,7,65.7,47.37,60.44,1,108,0.0,-13.07,11,2,1,2026-01-25 13:00:00
4039,181,7,92.5,46.2,60.92,2,179,0.0,-14.72,12,2,0,2026-01-26 04:00:00
4040,181,7,58.6,64.47,63.55,3,246,0.0,0.92,13,2,1,2026-01-26 22:00:00
4041,181,8,40.0,72.27,63.17,1,97,1.0,9.1,14,2,1,2026-01-27 11:00:00
4042,181,9,92.8,63.7,61.51,1,73,0.0,2.19,15,3,0,2026-01-28 03:00:00
4043,181,10,81.0,63.8,63.6,1,92,1.0,0.2,16,2,0,2026-01-28 20:00:00
4044,181,10,65.5,71.27,64.69,2,172,1.0,6.58,17,2,1,2026-01-29 23:00:00
4045,181,10,73.0,79.77,64.74,3,226,1.0,15.03,17,2,0,2026-01-31 08:00:00
4046,181,11,52.8,73.17,65.19,1,45,1.0,7.97,16,1,1,2026-02-01 18:00:00
4047,181,12,91.8,63.77,64.54,1,94,0.5,-0.78,15,2,0,2026-02-02 20:00:00
4048,181,13,90.1,72.53,65.9,1,78,1.0,6.63,14,2,0,2026-02-03 14:00:00
4049,181,13,74.4,78.23,67.06,2,156,1.0,11.18,15,2,0,2026-02-04 14:00:00
4050,181,13,85.9,85.43,67.39,3,259,1.0,18.04,15,2,0,2026-02-06 08:00:00
4051,181,14,94.1,83.47,68.2,1,113,1.0,15.27,14,3,0,2026-02-07 23:00:00
4052,181,15,64.4,84.8,69.27,1,84,0.0,15.53,12,2,1,2026-02-09 22:00:00
4053,181,15,77.1,81.47,69.08,2,167,0.0,12.39,10,2,0,2026-02-11 22:00:00
4054,181,16,61.1,78.53,69.39,1,100,1.0,9.14,10,3,1,2026-02-13 00:00:00
4055,181,16,83.1,67.53,69.08,2,162,1.0,-1.55,11,3,0,2026-02-14 01:00:00
4056,181,17,99.7,73.77,69.58,1,94,1.0,4.18,10,3,0,2026-02-15 22:00:00
4057,181,17,63.1,81.3,70.62,2,195,1.0,10.68,11,3,1,2026-02-16 07:00:00
4058,182,1,70.0,75.0,75.0,1,73,1.0,0.0,1,1,0,2026-01-22 09:00:00
4059,182,2,80.6,70.0,70.0,1,30,1.0,0.0,2,1,0,2026-01-22 22:00:00
4060,182,3,39.1,75.3,75.3,1,44,1.0,0.0,3,2,1,2026-01-24 21:00:00
4061,182,4,80.4,63.23,63.23,1,42,0.0,0.0,4,2,0,2026-01-25 13:00:00
4062,182,5,84.1,66.7,67.53,1,61,1.0,-0.83,5,3,0,2026-01-26 16:00:00
4063,182,5,92.1,67.87,70.84,2,130,1.0,-2.97,6,3,0,2026-01-26 22:00:00
4064,182,5,67.7,85.53,74.38,3,219,1.0,11.15,7,3,1,2026-01-27 11:00:00
4065,182,6,81.7,81.3,73.43,1,50,1.0,7.87,8,1,0,2026-01-28 01:00:00
4066,182,7,85.1,80.5,74.46,1,50,1.0,6.04,9,2,0,2026-01-28 18:00:00
4067,182,8,72.9,78.17,75.64,1,82,1.0,2.52,10,2,0,2026-01-29 23:00:00
4068,182,9,59.0,79.9,75.37,1,65,1.0,4.53,11,3,1,2026-01-31 04:00:00
4069,182,10,97.7,72.33,73.88,1,85,1.0,-1.55,12,2,0,2026-02-01 10:00:00
4070,182,11,78.4,76.53,75.87,1,65,1.0,0.67,13,1,0,2026-02-02 13:00:00
4071,182,12,72.9,78.37,76.06,1,36,0.5,2.31,14,2,0,2026-02-04 07:00:00
4072,182,13,34.3,83.0,75.84,1,33,1.0,7.16,13,2,1,2026-02-06 03:00:00
4073,182,14,98.8,61.87,73.07,1,30,1.0,-11.2,14,3,0,2026-02-07 00:00:00
4074,182,15,93.0,68.67,74.68,1,73,1.0,-6.01,15,2,0,2026-02-07 18:00:00
4075,183,1,80.3,75.0,75.0,1,133,1.0,0.0,1,1,0,2026-01-25 01:00:00
4076,183,2,87.8,80.3,80.3,1,146,1.0,0.0,2,1,0,2026-01-26 09:00:00
4077,183,2,94.5,84.05,84.05,2,272,1.0,0.0,3,1,0,2026-01-27 17:00:00
4078,183,2,88.6,87.53,87.53,3,405,1.0,0.0,4,1,0,2026-01-28 22:00:00
4079,183,3,95.8,90.3,87.8,1,98,1.0,2.5,5,2,0,2026-01-29 17:00:00
4080,183,4,76.7,92.97,89.4,1,86,1.0,3.57,6,2,0,2026-01-30 07:00:00
4081,183,4,79.9,87.03,87.28,2,213,1.0,-0.25,7,2,0,2026-01-31 20:00:00
4082,183,4,71.0,84.13,86.23,3,331,1.0,-2.1,8,2,0,2026-02-02 19:00:00
4083,183,5,46.7,75.87,84.32,1,112,1.0,-8.46,9,3,1,2026-02-03 20:00:00
4084,183,6,82.1,65.87,80.14,1,117,1.0,-14.28,10,1,0,2026-02-04 03:00:00
4085,183,7,33.3,66.6,80.34,1,116,1.0,-13.74,11,2,1,2026-02-06 01:00:00
4086,183,8,62.6,54.03,76.06,1,135,1.0,-22.03,12,2,1,2026-02-06 20:00:00
4087,183,9,86.9,59.33,74.94,1,135,0.0,-15.61,12,3,0,2026-02-08 20:00:00
4088,183,9,85.6,60.93,75.86,2,255,0.0,-14.93,12,3,0,2026-02-09 19:00:00
4089,183,9,86.3,78.37,76.56,3,381,0.0,1.81,12,3,0,2026-02-10 22:00:00
4090,183,10,31.0,86.27,77.21,1,120,1.0,9.06,13,2,1,2026-02-11 02:00:00
4091,183,10,85.6,67.63,74.32,2,220,1.0,-6.69,13,2,0,2026-02-12 12:00:00
4092,183,11,33.7,67.63,74.98,1,125,0.5,-7.35,13,1,1,2026-02-12 22:00:00
4093,183,11,53.8,50.1,72.69,2,207,0.5,-22.59,13,1,1,2026-02-14 19:00:00
4094,183,12,80.7,57.7,71.69,1,131,0.5,-13.99,13,2,0,2026-02-15 22:00:00
4095,183,12,97.9,56.07,72.14,2,217,0.5,-16.08,13,2,0,2026-02-17 15:00:00
4096,183,12,89.8,77.47,73.37,3,332,0.5,4.1,12,2,0,2026-02-19 03:00:00
4097,183,13,38.1,89.47,74.12,1,93,1.0,15.35,13,2,1,2026-02-19 16:00:00
4098,183,13,58.0,75.27,72.55,2,214,1.0,2.71,12,2,1,2026-02-21 03:00:00
4099,183,13,38.8,61.97,71.95,3,323,1.0,-9.98,13,2,1,2026-02-21 16:00:00
4100,183,14,67.6,44.97,70.62,1,78,0.5,-25.65,14,3,1,2026-02-21 22:00:00
4101,183,15,48.8,54.8,70.5,1,118,0.0,-15.7,15,2,1,2026-02-22 06:00:00
4102,183,15,91.5,51.73,69.7,2,216,0.0,-17.97,15,2,0,2026-02-23 08:00:00
4103,183,15,90.7,69.3,70.48,3,343,0.0,-1.18,15,2,0,2026-02-24 13:00:00
4104,183,16,66.6,77.0,71.18,1,110,1.0,5.82,16,3,1,2026-02-24 19:00:00
4105,183,17,86.6,82.93,71.02,1,117,0.0,11.91,15,3,0,2026-02-25 09:00:00
4106,183,18,61.1,81.3,71.53,1,90,0.0,9.77,14,3,1,2026-02-27 07:00:00
4107,183,19,53.2,71.43,71.2,1,98,0.5,0.23,14,2,1,2026-02-28 19:00:00
4108,184,1,43.6,75.0,75.0,1,130,1.0,0.0,1,1,1,2026-01-16 22:00:00
4109,184,2,58.1,43.6,43.6,1,157,0.0,0.0,2,1,1,2026-01-17 03:00:00
4110,184,3,43.7,50.85,50.85,1,173,0.0,0.0,3,2,1,2026-01-18 01:00:00
4111,184,4,46.2,48.47,48.47,1,123,0.0,0.0,4,2,1,2026-01-18 05:00:00
4112,184,4,40.1,49.33,47.9,2,284,0.0,1.43,5,2,1,2026-01-19 20:00:00
4113,184,5,34.1,43.33,46.34,1,96,0.0,-3.01,6,3,1,2026-01-21 15:00:00
4114,184,5,40.5,40.13,44.3,2,212,0.0,-4.17,7,3,1,2026-01-22 22:00:00
4115,184,5,90.4,38.23,43.76,3,332,0.0,-5.52,8,3,0,2026-01-24 03:00:00
4116,184,6,83.0,55.0,49.59,1,112,1.0,5.41,9,1,0,2026-01-24 23:00:00
4117,184,6,66.5,71.3,53.3,2,220,1.0,18.0,10,1,1,2026-01-26 18:00:00
4118,184,7,88.6,79.97,54.62,1,148,1.0,25.35,11,2,0,2026-01-27 17:00:00
4119,184,8,37.1,79.37,57.71,1,135,1.0,21.66,12,2,1,2026-01-29 01:00:00
4120,184,8,54.1,64.07,55.99,2,282,1.0,8.07,13,2,1,2026-01-30 06:00:00
4121,184,8,98.1,59.93,55.85,3,435,1.0,4.09,14,2,0,2026-01-30 12:00:00
4122,184,9,56.8,63.1,58.86,1,145,1.0,4.24,13,3,1,2026-01-31 22:00:00
4123,184,10,54.3,69.67,58.73,1,153,1.0,10.94,11,2,1,2026-02-02 21:00:00
4124,184,11,70.2,69.73,58.45,1,138,0.5,11.28,12,1,0,2026-02-04 11:00:00
4125,184,12,53.7,60.43,59.14,1,116,0.5,1.29,12,2,1,2026-02-05 16:00:00
4126,184,13,63.5,59.4,58.84,1,161,0.0,0.56,12,2,1,2026-02-06 19:00:00
4127,185,1,91.5,75.0,75.0,1,78,1.0,0.0,1,1,0,2026-01-18 12:00:00
4128,185,1,76.1,91.5,91.5,2,149,1.0,0.0,2,1,0,2026-01-19 09:00:00
4129,185,2,95.1,83.8,83.8,1,86,1.0,0.0,3,1,0,2026-01-20 22:00:00
4130,185,3,98.7,87.57,87.57,1,71,1.0,0.0,4,2,0,2026-01-21 13:00:00
4131,185,4,72.6,89.97,90.35,1,81,1.0,-0.38,5,2,0,2026-01-22 14:00:00
4132,185,5,54.9,88.8,86.8,1,96,1.0,2.0,6,3,1,2026-01-24 09:00:00
4133,185,6,66.8,75.4,81.48,1,96,1.0,-6.08,7,1,1,2026-01-24 18:00:00
4134,185,7,41.1,64.77,79.39,1,72,0.0,-14.62,8,2,1,2026-01-25 04:00:00
4135,185,8,78.0,54.27,74.6,1,80,1.0,-20.33,9,2,0,2026-01-26 15:00:00
4136,185,8,36.0,61.97,74.98,2,191,1.0,-13.01,10,2,1,2026-01-28 08:00:00
4137,185,8,73.4,51.7,71.08,3,290,1.0,-19.38,11,2,0,2026-01-28 21:00:00
4138,185,9,50.6,62.47,71.29,1,131,1.0,-8.82,12,3,1,2026-01-30 20:00:00
4139,185,9,62.1,53.33,69.57,2,244,1.0,-16.23,13,3,1,2026-01-31 00:00:00
4140,185,9,82.3,62.03,68.99,3,356,1.0,-6.96,14,3,0,2026-01-31 23:00:00
4141,185,10,85.1,65.0,69.94,1,62,1.0,-4.94,13,2,0,2026-02-02 22:00:00
4142,185,11,93.0,76.5,70.95,1,105,0.5,5.55,14,1,0,2026-02-03 10:00:00
4143,186,1,35.9,75.0,75.0,1,138,1.0,0.0,1,1,1,2026-01-30 11:00:00
4144,186,2,84.0,35.9,35.9,1,128,0.0,0.0,2,1,0,2026-01-30 22:00:00
4145,186,3,52.1,59.95,59.95,1,143,1.0,0.0,3,2,1,2026-01-31 23:00:00
4146,186,3,99.6,57.33,57.33,2,301,1.0,0.0,4,2,0,2026-02-02 09:00:00
4147,186,4,51.6,78.57,67.9,1,150,1.0,10.67,5,2,1,2026-02-02 15:00:00
4148,186,4,47.8,67.77,64.64,2,272,1.0,3.13,6,2,1,2026-02-04 15:00:00
4149,186,4,38.3,66.33,61.83,3,426,1.0,4.5,7,2,1,2026-02-06 11:00:00
4150,186,5,93.3,45.9,58.47,1,127,0.0,-12.57,8,3,0,2026-02-07 03:00:00
4151,186,5,89.6,59.8,62.82,2,271,0.0,-3.03,9,3,0,2026-02-07 15:00:00
4152,186,5,68.1,73.73,65.8,3,404,0.0,7.93,10,3,1,2026-02-08 00:00:00
4153,186,6,97.7,83.67,66.03,1,135,1.0,17.64,11,1,0,2026-02-09 04:00:00
4154,186,7,42.4,85.13,68.91,1,155,1.0,16.22,12,2,1,2026-02-10 06:00:00
4155,186,7,63.9,69.4,66.7,2,274,1.0,2.7,13,2,1,2026-02-12 00:00:00
4156,186,8,61.3,68.0,66.48,1,178,1.0,1.52,14,2,1,2026-02-12 19:00:00
4157,186,9,71.4,55.87,66.11,1,103,0.0,-10.25,15,3,0,2026-02-13 04:00:00
4158,186,10,62.5,65.53,66.47,1,128,1.0,-0.93,14,2,1,2026-02-14 18:00:00
4159,186,10,50.9,65.07,66.22,2,275,1.0,-1.15,14,2,1,2026-02-15 02:00:00
4160,186,11,87.7,61.6,65.32,1,151,0.5,-3.72,15,1,0,2026-02-15 13:00:00
4161,186,12,97.1,67.03,66.56,1,137,1.0,0.47,14,2,0,2026-02-17 01:00:00
4162,187,1,86.7,75.0,75.0,1,138,1.0,0.0,1,1,0,2026-01-03 18:00:00
4163,187,2,81.9,86.7,86.7,1,148,1.0,0.0,2,1,0,2026-01-05 07:00:00
4164,187,2,49.8,84.3,84.3,2,283,1.0,0.0,3,1,1,2026-01-06 17:00:00
4165,187,3,90.2,72.8,72.8,1,167,1.0,0.0,4,2,0,2026-01-07 22:00:00
4166,187,3,99.8,73.97,77.15,2,323,1.0,-3.18,5,2,0,2026-01-08 10:00:00
4167,187,4,67.0,79.93,81.68,1,157,1.0,-1.75,6,2,1,2026-01-08 21:00:00
4168,187,5,58.3,85.67,79.23,1,120,0.0,6.43,7,3,1,2026-01-09 09:00:00
4169,187,5,58.8,75.03,76.24,2,258,0.0,-1.21,8,3,1,2026-01-09 13:00:00
4170,187,6,31.3,61.37,74.06,1,133,1.0,-12.7,9,1,1,2026-01-11 11:00:00
4171,187,6,77.6,49.47,69.31,2,252,1.0,-19.84,10,1,0,2026-01-11 21:00:00
4172,187,7,99.0,55.9,70.14,1,147,1.0,-14.24,11,2,0,2026-01-13 12:00:00
4173,187,7,99.0,69.3,72.76,2,276,1.0,-3.46,12,2,0,2026-01-14 14:00:00
4174,187,7,48.7,91.87,74.95,3,429,1.0,16.92,13,2,1,2026-01-15 18:00:00
4175,187,8,67.4,82.23,72.93,1,118,1.0,9.3,14,2,1,2026-01-17 09:00:00
4176,187,9,43.5,71.7,72.54,1,174,0.0,-0.84,13,3,1,2026-01-19 09:00:00
4177,187,10,40.3,53.2,70.6,1,122,1.0,-17.4,14,2,1,2026-01-20 12:00:00
4178,187,10,66.8,50.4,68.71,2,266,1.0,-18.31,13,2,1,2026-01-22 04:00:00
4179,187,10,53.0,50.2,68.59,3,421,1.0,-18.39,10,2,1,2026-01-24 04:00:00
4180,187,11,38.4,53.37,67.73,1,128,1.0,-14.36,10,1,1,2026-01-25 15:00:00
4181,187,11,42.3,52.73,66.18,2,285,1.0,-13.45,10,1,1,2026-01-26 08:00:00
4182,187,12,56.0,44.57,64.99,1,115,0.0,-20.42,11,2,1,2026-01-26 13:00:00
4183,187,12,37.7,45.57,64.56,2,284,0.0,-19.0,11,2,1,2026-01-28 00:00:00
4184,187,12,34.6,45.33,63.34,3,424,0.0,-18.01,11,2,1,2026-01-29 11:00:00
4185,188,1,70.0,75.0,75.0,1,78,1.0,0.0,1,1,0,2026-01-17 23:00:00
4186,188,2,40.4,70.0,70.0,1,84,1.0,0.0,2,1,1,2026-01-18 13:00:00
4187,188,3,66.2,55.2,55.2,1,106,0.0,0.0,3,2,1,2026-01-19 17:00:00
4188,188,4,56.3,58.87,58.87,1,78,0.0,0.0,4,2,1,2026-01-21 13:00:00
4189,188,5,45.2,54.3,58.23,1,75,0.0,-3.93,5,3,1,2026-01-23 11:00:00
4190,188,5,83.6,55.9,55.62,2,160,0.0,0.28,6,3,0,2026-01-25 09:00:00
4191,188,5,60.4,61.7,60.28,3,226,0.0,1.42,7,3,1,2026-01-25 15:00:00
4192,188,6,52.6,63.07,60.3,1,126,1.0,2.77,8,1,1,2026-01-27 03:00:00
4193,188,7,60.0,65.53,59.34,1,78,0.0,6.2,9,2,1,2026-01-27 13:00:00
4194,188,7,36.3,57.67,59.41,2,184,0.0,-1.74,10,2,1,2026-01-28 21:00:00
4195,188,8,99.0,49.63,57.1,1,94,1.0,-7.47,11,2,0,2026-01-30 16:00:00
4196,188,9,99.0,65.1,60.91,1,70,1.0,4.19,12,3,0,2026-01-31 22:00:00
4197,188,10,57.4,78.1,64.08,1,89,1.0,14.02,11,2,1,2026-02-02 12:00:00
4198,188,11,38.0,85.13,63.57,1,105,0.0,21.56,11,1,1,2026-02-04 11:00:00
4199,188,12,76.4,64.8,61.74,1,86,0.5,3.06,11,2,0,2026-02-06 04:00:00
4200,188,13,84.7,57.27,62.72,1,113,1.0,-5.45,11,2,0,2026-02-07 08:00:00
4201,188,14,56.2,66.37,64.09,1,110,0.5,2.27,11,3,1,2026-02-08 09:00:00
4202,188,14,55.3,72.43,63.63,2,218,0.5,8.8,11,3,1,2026-02-09 05:00:00
4203,188,15,83.3,65.4,63.17,1,80,0.0,2.23,12,2,0,2026-02-10 00:00:00
4204,188,15,35.2,64.93,64.23,2,148,0.0,0.71,12,2,1,2026-02-10 06:00:00
4205,188,15,54.0,57.93,62.78,3,225,0.0,-4.84,12,2,1,2026-02-11 14:00:00
4206,188,16,55.6,57.5,62.36,1,93,1.0,-4.86,12,3,1,2026-02-12 14:00:00
4207,188,16,94.4,48.27,62.05,2,193,1.0,-13.78,13,3,0,2026-02-13 09:00:00
4208,188,17,37.9,68.0,63.46,1,46,1.0,4.54,13,3,1,2026-02-14 03:00:00
4209,188,17,91.6,62.63,62.39,2,135,1.0,0.24,13,3,0,2026-02-15 20:00:00
4210,188,18,97.6,74.63,63.56,1,93,1.0,11.07,13,3,0,2026-02-17 09:00:00
4211,188,19,70.0,75.7,64.87,1,84,0.0,10.83,14,2,0,2026-02-18 06:00:00
4212,189,1,92.1,75.0,75.0,1,115,1.0,0.0,1,1,0,2026-01-12 10:00:00
4213,189,1,86.0,92.1,92.1,2,213,1.0,0.0,2,1,0,2026-01-13 23:00:00
4214,189,2,78.0,89.05,89.05,1,116,1.0,0.0,3,1,0,2026-01-14 20:00:00
4215,189,2,95.5,85.37,85.37,2,201,1.0,0.0,4,1,0,2026-01-15 02:00:00
4216,189,3,80.1,86.5,87.9,1,108,1.0,-1.4,5,2,0,2026-01-16 12:00:00
4217,189,4,72.7,84.53,86.34,1,122,1.0,-1.81,6,2,0,2026-01-16 20:00:00
4218,189,5,81.8,82.77,84.07,1,116,1.0,-1.3,7,3,0,2026-01-18 14:00:00
4219,189,6,85.6,78.2,83.74,1,68,1.0,-5.54,8,1,0,2026-01-20 10:00:00
4220,189,7,89.7,80.03,83.98,1,84,1.0,-3.94,9,2,0,2026-01-21 10:00:00
4221,189,8,60.7,85.7,84.61,1,83,1.0,1.09,10,2,1,2026-01-22 12:00:00
4222,189,9,48.8,78.67,82.22,1,99,0.0,-3.55,11,3,1,2026-01-23 17:00:00
4223,189,10,34.8,66.4,79.18,1,103,1.0,-12.78,12,2,1,2026-01-25 07:00:00
4224,189,10,64.4,48.1,75.48,2,176,1.0,-27.38,12,2,1,2026-01-26 12:00:00
4225,189,10,77.6,49.33,74.63,3,267,1.0,-25.3,13,2,0,2026-01-27 04:00:00
4226,189,11,39.9,58.93,74.84,1,49,1.0,-15.91,14,1,1,2026-01-27 21:00:00
4227,189,12,60.3,60.63,72.51,1,118,0.0,-11.88,12,2,1,2026-01-29 08:00:00
4228,189,13,71.1,59.27,71.75,1,79,0.0,-12.48,13,2,0,2026-01-30 05:00:00
4229,189,13,42.0,57.1,71.71,2,170,0.0,-14.61,12,2,1,2026-01-31 19:00:00
4230,189,14,60.7,57.8,70.06,1,83,0.5,-12.26,12,3,1,2026-02-01 15:00:00
4231,190,1,96.0,75.0,75.0,1,82,1.0,0.0,1,1,0,2026-01-26 00:00:00
4232,190,2,83.6,96.0,96.0,1,30,1.0,0.0,2,1,0,2026-01-26 16:00:00
4233,190,3,98.4,89.8,89.8,1,59,1.0,0.0,3,2,0,2026-01-27 12:00:00
4234,190,4,67.8,92.67,92.67,1,57,1.0,0.0,4,2,1,2026-01-29 00:00:00
4235,190,5,53.4,83.27,86.45,1,50,0.0,-3.18,5,3,1,2026-01-30 00:00:00
4236,190,6,83.1,73.2,79.84,1,94,1.0,-6.64,6,1,0,2026-01-31 20:00:00
4237,190,7,80.8,68.1,80.38,1,42,1.0,-12.28,7,2,0,2026-02-01 03:00:00
4238,190,8,75.9,72.43,80.44,1,75,1.0,-8.01,8,2,0,2026-02-02 22:00:00
4239,190,9,69.0,79.93,79.88,1,67,1.0,0.06,9,3,1,2026-02-03 18:00:00
4240,190,9,94.1,75.23,78.67,2,152,1.0,-3.43,10,3,0,2026-02-05 15:00:00
4241,190,10,74.4,79.67,80.21,1,46,1.0,-0.54,11,2,0,2026-02-06 05:00:00
4242,190,11,72.4,79.17,79.68,1,45,1.0,-0.52,12,1,0,2026-02-07 03:00:00
4243,190,12,96.2,80.3,79.08,1,81,1.0,1.22,13,2,0,2026-02-07 10:00:00
4244,190,13,91.3,81.0,80.39,1,68,1.0,0.61,14,2,0,2026-02-08 09:00:00
4245,190,13,84.6,86.63,81.17,2,98,1.0,5.46,13,2,0,2026-02-09 17:00:00
4246,190,14,43.1,90.7,81.4,1,49,1.0,9.3,13,3,1,2026-02-10 14:00:00
4247,190,15,84.6,73.0,79.01,1,67,1.0,-6.01,14,2,0,2026-02-10 23:00:00
4248,191,1,87.6,75.0,75.0,1,76,1.0,0.0,1,1,0,2026-01-15 21:00:00
4249,191,2,93.2,87.6,87.6,1,46,1.0,0.0,2,1,0,2026-01-17 06:00:00
4250,191,3,85.4,90.4,90.4,1,30,1.0,0.0,3,2,0,2026-01-18 01:00:00
4251,191,4,85.1,88.73,88.73,1,70,1.0,0.0,4,2,0,2026-01-19 00:00:00
4252,191,4,91.3,87.9,87.83,2,105,1.0,0.08,5,2,0,2026-01-20 01:00:00
4253,191,5,74.1,87.27,88.52,1,30,1.0,-1.25,6,3,0,2026-01-20 06:00:00
4254,191,5,97.5,83.5,86.12,2,60,1.0,-2.62,7,3,0,2026-01-21 04:00:00
4255,191,6,94.0,87.63,87.74,1,76,1.0,-0.11,8,1,0,2026-01-22 06:00:00
4256,191,7,91.4,88.53,88.52,1,62,1.0,0.01,9,2,0,2026-01-22 13:00:00
4257,191,8,83.6,94.3,88.84,1,55,1.0,5.46,10,2,0,2026-01-23 21:00:00
4258,191,9,34.7,89.67,88.32,1,87,1.0,1.35,11,3,1,2026-01-24 19:00:00
4259,191,9,59.4,69.9,83.45,2,159,1.0,-13.55,12,3,1,2026-01-25 08:00:00
4260,191,10,78.6,59.23,81.44,1,92,1.0,-22.21,13,2,0,2026-01-26 19:00:00
4261,191,11,92.1,57.57,81.22,1,32,1.0,-23.66,14,1,0,2026-01-27 18:00:00
4262,191,12,90.3,76.7,82.0,1,59,0.5,-5.3,15,2,0,2026-01-29 01:00:00
4263,192,1,43.7,75.0,75.0,1,107,1.0,0.0,1,1,1,2026-02-01 03:00:00
4264,192,2,34.9,43.7,43.7,1,135,0.0,0.0,2,1,1,2026-02-01 08:00:00
4265,192,2,45.9,39.3,39.3,2,270,0.0,0.0,3,1,1,2026-02-01 21:00:00
4266,192,2,57.7,41.5,41.5,3,422,0.0,0.0,4,1,1,2026-02-03 00:00:00
4267,192,3,68.3,46.17,45.55,1,140,0.0,0.62,5,2,1,2026-02-03 07:00:00
4268,192,4,62.0,57.3,50.1,1,152,0.0,7.2,6,2,1,2026-02-04 10:00:00
4269,192,4,81.2,62.67,52.08,2,306,0.0,10.58,7,2,0,2026-02-06 08:00:00
4270,192,5,94.6,70.5,56.24,1,183,1.0,14.26,8,3,0,2026-02-07 20:00:00
4271,192,5,62.1,79.27,61.04,2,316,1.0,18.23,9,3,1,2026-02-08 00:00:00
4272,192,6,84.2,79.3,61.16,1,121,1.0,18.14,10,1,0,2026-02-08 22:00:00
4273,192,7,91.5,80.3,63.46,1,144,1.0,16.84,11,2,0,2026-02-09 12:00:00
4274,192,8,39.7,79.27,66.01,1,123,1.0,13.26,12,2,1,2026-02-11 07:00:00
4275,192,9,55.8,71.8,63.82,1,169,0.0,7.98,13,3,1,2026-02-12 19:00:00
4276,192,9,60.4,62.33,63.2,2,303,0.0,-0.87,14,3,1,2026-02-13 22:00:00
4277,192,9,38.2,51.97,63.0,3,431,0.0,-11.03,15,3,1,2026-02-14 08:00:00
4278,192,10,39.5,51.47,61.35,1,130,1.0,-9.88,13,2,1,2026-02-16 07:00:00
4279,192,11,65.5,46.03,59.98,1,154,0.5,-13.95,14,1,1,2026-02-16 11:00:00
4280,193,1,78.5,75.0,75.0,1,106,1.0,0.0,1,1,0,2026-01-22 17:00:00
4281,193,2,77.5,78.5,78.5,1,97,1.0,0.0,2,1,0,2026-01-24 01:00:00
4282,193,3,78.8,78.0,78.0,1,143,1.0,0.0,3,2,0,2026-01-26 01:00:00
4283,193,4,95.4,78.27,78.27,1,92,1.0,0.0,4,2,0,2026-01-27 07:00:00
4284,193,5,47.3,83.9,82.55,1,110,1.0,1.35,5,3,1,2026-01-28 18:00:00
4285,193,6,51.9,73.83,75.5,1,123,1.0,-1.67,6,1,1,2026-01-29 03:00:00
4286,193,7,56.5,64.87,71.57,1,77,0.0,-6.7,7,2,1,2026-01-30 07:00:00
4287,193,8,43.4,51.9,69.41,1,119,1.0,-17.51,8,2,1,2026-01-31 23:00:00
4288,193,9,78.4,50.6,66.16,1,88,0.0,-15.56,9,3,0,2026-02-01 12:00:00
4289,193,9,63.8,59.43,67.52,2,214,0.0,-8.09,10,3,1,2026-02-03 05:00:00
4290,193,9,46.7,61.87,67.15,3,304,0.0,-5.28,11,3,1,2026-02-04 22:00:00
4291,193,10,35.8,62.97,65.29,1,123,1.0,-2.32,11,2,1,2026-02-06 14:00:00
4292,193,11,39.0,48.77,62.83,1,132,0.5,-14.07,11,1,1,2026-02-07 05:00:00
4293,193,12,32.6,40.5,61.0,1,127,0.5,-20.5,12,2,1,2026-02-08 09:00:00
4294,193,13,39.8,35.8,58.97,1,115,0.0,-23.17,12,2,1,2026-02-09 09:00:00
4295,193,13,61.9,37.13,57.69,2,220,0.0,-20.56,12,2,1,2026-02-11 02:00:00
4296,193,13,56.6,44.77,57.96,3,318,0.0,-13.19,11,2,1,2026-02-12 07:00:00
4297,193,14,63.9,52.77,57.88,1,139,0.0,-5.11,11,3,1,2026-02-13 09:00:00
4298,193,15,88.0,60.8,58.21,1,96,0.0,2.59,11,2,0,2026-02-15 05:00:00
4299,193,15,44.7,69.5,59.78,2,185,0.0,9.72,11,2,1,2026-02-15 19:00:00
4300,193,16,78.8,65.53,59.03,1,123,0.5,6.51,12,3,0,2026-02-16 10:00:00
4301,193,16,58.5,70.5,59.97,2,217,0.5,10.53,12,3,1,2026-02-17 18:00:00
4302,193,17,43.9,60.67,59.9,1,90,1.0,0.77,12,3,1,2026-02-19 10:00:00
4303,193,18,64.0,60.4,59.2,1,81,1.0,1.2,13,3,1,2026-02-20 04:00:00
4304,194,1,97.9,75.0,75.0,1,80,1.0,0.0,1,1,0,2026-02-02 16:00:00
4305,194,2,90.8,97.9,97.9,1,88,1.0,0.0,2,1,0,2026-02-04 03:00:00
4306,194,3,99.5,94.35,94.35,1,94,1.0,0.0,3,2,0,2026-02-05 08:00:00
4307,194,4,88.1,96.07,96.07,1,109,1.0,0.0,4,2,0,2026-02-06 11:00:00
4308,194,5,46.2,92.8,94.07,1,100,1.0,-1.27,5,3,1,2026-02-08 04:00:00
4309,194,5,91.1,77.93,84.5,2,186,1.0,-6.57,6,3,0,2026-02-08 16:00:00
4310,194,6,50.1,75.13,85.6,1,86,1.0,-10.47,7,1,1,2026-02-09 16:00:00
4311,194,7,96.9,62.47,80.53,1,100,0.0,-18.06,8,2,0,2026-02-11 02:00:00
4312,194,8,65.8,79.37,82.57,1,115,1.0,-3.21,9,2,1,2026-02-12 20:00:00
4313,194,9,38.0,70.93,80.71,1,92,0.0,-9.78,10,3,1,2026-02-13 21:00:00
4314,194,10,77.4,66.9,76.44,1,80,1.0,-9.54,11,2,0,2026-02-14 10:00:00
4315,194,11,81.9,60.4,76.53,1,70,1.0,-16.13,12,1,0,2026-02-15 17:00:00
4316,194,12,82.6,65.77,76.97,1,61,0.5,-11.21,12,2,0,2026-02-16 18:00:00
4317,194,12,74.5,80.63,77.41,2,164,0.5,3.23,13,2,0,2026-02-17 18:00:00
4318,194,13,35.7,79.67,77.2,1,101,1.0,2.47,13,2,1,2026-02-19 04:00:00
4319,195,1,87.4,75.0,75.0,1,101,1.0,0.0,1,1,0,2026-02-01 11:00:00
4320,195,1,33.3,87.4,87.4,2,188,1.0,0.0,2,1,1,2026-02-01 19:00:00
4321,195,1,53.9,60.35,60.35,3,306,1.0,0.0,3,1,1,2026-02-03 04:00:00
4322,195,2,66.7,58.2,58.2,1,80,1.0,0.0,4,1,1,2026-02-03 22:00:00
4323,195,3,64.7,51.3,60.32,1,109,0.0,-9.03,5,2,1,2026-02-04 22:00:00
4324,195,3,53.2,61.77,61.2,2,198,0.0,0.57,6,2,1,2026-02-05 05:00:00
4325,195,3,74.4,61.53,59.87,3,275,0.0,1.67,7,2,0,2026-02-06 18:00:00
4326,195,4,73.3,64.1,61.94,1,101,1.0,2.16,8,2,0,2026-02-08 17:00:00
4327,195,4,95.7,66.97,63.36,2,199,1.0,3.6,9,2,0,2026-02-08 23:00:00
4328,195,4,71.0,81.13,66.96,3,296,1.0,14.18,10,2,0,2026-02-09 22:00:00
4329,195,5,58.9,80.0,67.36,1,91,1.0,12.64,11,3,1,2026-02-11 03:00:00
4330,195,6,81.0,75.2,66.59,1,89,1.0,8.61,12,1,0,2026-02-12 13:00:00
4331,195,7,65.9,70.3,67.79,1,137,1.0,2.51,13,2,1,2026-02-14 05:00:00
4332,195,8,89.4,68.6,67.65,1,113,1.0,0.95,13,2,0,2026-02-15 13:00:00
4333,195,9,75.5,78.77,69.2,1,104,1.0,9.57,13,3,0,2026-02-15 20:00:00
4334,195,9,38.9,76.93,69.62,2,196,1.0,7.31,13,3,1,2026-02-17 19:00:00
4335,195,10,73.3,67.93,67.7,1,110,1.0,0.23,12,2,0,2026-02-18 22:00:00
4336,195,10,72.8,62.57,68.03,2,210,1.0,-5.46,13,2,0,2026-02-19 04:00:00
4337,195,10,92.9,61.67,68.29,3,300,1.0,-6.63,12,2,0,2026-02-20 20:00:00
4338,195,11,54.2,79.67,69.59,1,83,0.0,10.08,13,1,1,2026-02-21 05:00:00
4339,195,11,87.7,73.3,68.82,2,171,0.0,4.48,12,1,0,2026-02-23 02:00:00
4340,195,11,88.1,78.27,69.72,3,201,0.0,8.55,12,1,0,2026-02-24 13:00:00
4341,195,12,64.7,76.67,70.55,1,94,1.0,6.11,12,2,1,2026-02-25 11:00:00
4342,195,12,44.7,80.17,70.3,2,174,1.0,9.87,13,2,1,2026-02-26 03:00:00
4343,195,12,77.8,65.83,69.23,3,295,1.0,-3.4,13,2,0,2026-02-27 06:00:00
4344,195,13,58.8,62.4,69.58,1,90,1.0,-7.18,14,2,1,2026-02-27 19:00:00
4345,195,13,46.4,60.43,69.16,2,156,1.0,-8.73,13,2,1,2026-03-01 17:00:00
4346,195,14,95.8,61.0,68.32,1,89,0.5,-7.32,13,3,0,2026-03-03 08:00:00
4347,195,15,53.4,67.0,69.3,1,69,1.0,-2.3,13,2,1,2026-03-04 15:00:00
4348,195,16,96.2,65.2,68.75,1,99,1.0,-3.55,12,3,0,2026-03-06 00:00:00
4349,195,17,95.3,81.8,69.67,1,95,1.0,12.13,13,3,0,2026-03-06 05:00:00
4350,195,18,33.4,81.63,70.49,1,109,1.0,11.14,12,3,1,2026-03-07 16:00:00
4351,195,19,80.1,74.97,69.33,1,74,1.0,5.63,13,2,0,2026-03-08 02:00:00
4352,195,20,68.4,69.6,69.66,1,90,1.0,-0.06,14,3,1,2026-03-08 18:00:00
4353,195,20,69.5,60.63,69.62,2,152,1.0,-8.99,14,3,1,2026-03-10 10:00:00
4354,196,1,97.8,75.0,75.0,1,104,1.0,0.0,1,1,0,2026-01-30 05:00:00
4355,196,1,54.3,97.8,97.8,2,204,1.0,0.0,2,1,1,2026-01-31 18:00:00
4356,196,2,65.1,76.05,76.05,1,99,1.0,0.0,3,1,1,2026-02-02 03:00:00
4357,196,3,73.9,72.4,72.4,1,90,0.0,0.0,4,2,0,2026-02-03 17:00:00
4358,196,4,88.2,64.43,72.78,1,98,1.0,-8.34,5,2,0,2026-02-04 15:00:00
4359,196,5,88.1,75.73,75.86,1,122,1.0,-0.13,6,3,0,2026-02-05 10:00:00
4360,196,6,54.4,83.4,77.9,1,84,1.0,5.5,7,1,1,2026-02-05 16:00:00
4361,196,7,34.5,76.9,74.54,1,92,0.0,2.36,8,2,1,2026-02-06 20:00:00
4362,196,8,38.5,59.0,69.54,1,68,1.0,-10.54,9,2,1,2026-02-07 15:00:00
4363,196,9,51.2,42.47,66.09,1,72,0.0,-23.62,10,3,1,2026-02-08 15:00:00
4364,196,10,32.1,41.4,64.6,1,91,1.0,-23.2,11,2,1,2026-02-09 22:00:00
4365,196,11,73.4,40.6,61.65,1,112,0.0,-21.05,12,1,0,2026-02-11 08:00:00
4366,197,1,76.9,75.0,75.0,1,134,1.0,0.0,1,1,0,2026-01-13 03:00:00
4367,197,1,83.2,76.9,76.9,2,269,1.0,0.0,2,1,0,2026-01-14 20:00:00
4368,197,2,91.6,80.05,80.05,1,131,1.0,0.0,3,1,0,2026-01-16 17:00:00
4369,197,2,42.6,83.9,83.9,2,260,1.0,0.0,4,1,1,2026-01-18 14:00:00
4370,197,2,52.4,72.47,73.58,3,405,1.0,-1.11,5,1,1,2026-01-20 00:00:00
4371,197,3,38.2,62.2,69.34,1,110,1.0,-7.14,6,2,1,2026-01-20 23:00:00
4372,197,4,99.1,44.4,64.15,1,165,0.0,-19.75,7,2,0,2026-01-22 16:00:00
4373,197,5,64.1,63.23,69.14,1,126,1.0,-5.91,8,3,1,2026-01-23 20:00:00
4374,197,6,46.2,67.13,68.51,1,154,1.0,-1.38,9,1,1,2026-01-24 12:00:00
4375,197,7,60.3,69.8,66.03,1,114,0.0,3.77,10,2,1,2026-01-24 17:00:00
4376,197,7,91.5,56.87,65.46,2,267,0.0,-8.59,11,2,0,2026-01-25 03:00:00
4377,197,8,75.8,66.0,67.83,1,153,1.0,-1.83,12,2,0,2026-01-26 13:00:00
4378,197,8,85.7,75.87,68.49,2,300,1.0,7.38,13,2,0,2026-01-26 17:00:00
4379,197,8,54.4,84.33,69.82,3,420,1.0,14.52,13,2,1,2026-01-28 13:00:00
4380,197,9,47.9,71.97,68.71,1,144,1.0,3.25,13,3,1,2026-01-30 06:00:00
4381,197,9,65.4,62.67,67.33,2,260,1.0,-4.66,13,3,1,2026-01-31 05:00:00
4382,197,9,31.5,55.9,67.21,3,394,1.0,-11.31,14,3,1,2026-02-01 05:00:00
4383,197,10,63.4,48.27,65.11,1,160,1.0,-16.84,14,2,1,2026-02-01 14:00:00
4384,197,11,30.1,53.43,65.01,1,155,1.0,-11.58,15,1,1,2026-02-02 20:00:00
4385,197,11,61.6,41.67,63.17,2,295,1.0,-21.51,15,1,1,2026-02-03 21:00:00
4386,197,12,33.3,51.7,63.09,1,120,0.0,-11.39,15,2,1,2026-02-05 08:00:00
4387,197,13,63.2,41.67,61.68,1,152,0.0,-20.01,14,2,1,2026-02-07 03:00:00
4388,197,14,69.3,52.7,61.75,1,140,0.5,-9.05,12,3,1,2026-02-08 19:00:00
4389,197,15,33.0,55.27,62.07,1,93,0.0,-6.81,13,2,1,2026-02-09 11:00:00
4390,197,15,75.1,55.17,60.86,2,248,0.0,-5.7,12,2,0,2026-02-10 02:00:00
4391,197,16,40.1,59.13,61.43,1,139,0.0,-2.3,12,3,1,2026-02-11 20:00:00
4392,197,17,62.1,49.4,60.61,1,164,0.0,-11.21,13,3,1,2026-02-13 01:00:00
4393,197,17,32.7,59.1,60.67,2,282,0.0,-1.57,12,3,1,2026-02-14 19:00:00
4394,197,18,51.9,44.97,59.67,1,76,0.0,-14.7,11,3,1,2026-02-15 22:00:00
4395,197,19,64.4,48.9,59.4,1,145,0.0,-10.5,12,2,1,2026-02-16 07:00:00
4396,197,20,41.6,49.67,59.57,1,145,0.0,-9.9,12,3,1,2026-02-17 04:00:00
4397,197,20,50.5,52.63,58.99,2,251,0.0,-6.35,13,3,1,2026-02-17 13:00:00
4398,197,20,34.8,52.17,58.72,3,371,0.0,-6.56,13,3,1,2026-02-19 06:00:00
4399,198,1,65.5,75.0,75.0,1,195,1.0,0.0,1,1,1,2026-01-29 10:00:00
4400,198,2,69.1,65.5,65.5,1,133,0.0,0.0,2,1,1,2026-01-30 09:00:00
4401,198,2,78.9,67.3,67.3,2,287,0.0,0.0,3,1,0,2026-01-31 14:00:00
4402,198,2,53.9,71.17,71.17,3,413,0.0,0.0,4,1,1,2026-02-01 05:00:00
4403,198,3,42.5,67.3,66.85,1,98,1.0,0.45,5,2,1,2026-02-01 15:00:00
4404,198,3,58.7,58.43,61.98,2,234,1.0,-3.55,6,2,1,2026-02-02 07:00:00
4405,198,3,85.5,51.7,61.43,3,368,1.0,-9.73,7,2,0,2026-02-02 17:00:00
4406,198,4,39.4,62.23,64.87,1,132,1.0,-2.64,8,2,1,2026-02-03 07:00:00
4407,198,4,35.9,61.2,61.69,2,269,1.0,-0.49,9,2,1,2026-02-03 11:00:00
4408,198,4,49.0,53.6,58.82,3,414,1.0,-5.22,10,2,1,2026-02-04 02:00:00
4409,198,5,46.9,41.43,57.84,1,136,0.0,-16.41,11,3,1,2026-02-04 16:00:00
4410,198,5,93.2,43.93,56.85,2,250,0.0,-12.91,12,3,0,2026-02-05 20:00:00
4411,198,6,49.7,63.03,59.88,1,149,1.0,3.16,13,1,1,2026-02-07 13:00:00
4412,198,6,42.1,63.27,59.09,2,250,1.0,4.17,14,1,1,2026-02-08 18:00:00
4413,198,6,83.5,61.67,57.88,3,348,1.0,3.79,15,1,0,2026-02-09 06:00:00
4414,198,7,65.2,58.43,59.59,1,154,1.0,-1.15,16,2,1,2026-02-09 23:00:00
4415,198,8,35.8,63.6,59.94,1,150,1.0,3.66,17,2,1,2026-02-11 10:00:00
4416,198,8,80.4,61.5,58.52,2,288,1.0,2.98,18,2,0,2026-02-12 07:00:00
4417,198,8,53.6,60.47,59.73,3,400,1.0,0.73,17,2,1,2026-02-14 05:00:00
4418,198,9,42.7,56.6,59.41,1,125,1.0,-2.81,17,3,1,2026-02-14 23:00:00
4419,198,9,86.5,58.9,58.58,2,259,1.0,0.32,14,3,0,2026-02-16 21:00:00
4420,198,9,56.8,60.93,59.9,3,367,1.0,1.03,11,3,1,2026-02-18 18:00:00
4421,198,10,89.5,62.0,59.76,1,125,1.0,2.24,12,2,0,2026-02-19 00:00:00
4422,198,10,85.6,77.6,61.06,2,278,1.0,16.54,12,2,0,2026-02-20 21:00:00
4423,198,11,56.9,77.3,62.08,1,168,0.5,15.22,12,1,1,2026-02-22 14:00:00
4424,198,11,84.0,77.33,61.87,2,299,0.5,15.46,11,1,0,2026-02-23 09:00:00
4425,198,11,69.8,75.5,62.72,3,454,0.5,12.78,11,1,1,2026-02-24 19:00:00
4426,198,12,56.3,70.23,62.99,1,101,1.0,7.25,11,2,1,2026-02-25 18:00:00
4427,198,12,50.1,70.03,62.75,2,254,1.0,7.29,11,2,1,2026-02-26 20:00:00
4428,198,12,98.0,58.73,62.31,3,377,1.0,-3.58,12,2,0,2026-02-27 04:00:00
4429,199,1,75.1,75.0,75.0,1,146,1.0,0.0,1,1,0,2026-01-27 02:00:00
4430,199,1,95.4,75.1,75.1,2,281,1.0,0.0,2,1,0,2026-01-27 12:00:00
4431,199,1,44.0,85.25,85.25,3,447,1.0,0.0,3,1,1,2026-01-28 12:00:00
4432,199,2,82.3,71.5,71.5,1,122,1.0,0.0,4,1,0,2026-01-28 22:00:00
4433,199,2,95.8,73.9,74.2,2,274,1.0,-0.3,5,1,0,2026-01-30 21:00:00
4434,199,2,30.4,74.03,78.52,3,408,1.0,-4.49,6,1,1,2026-01-31 23:00:00
4435,199,3,35.4,69.5,70.5,1,136,1.0,-1.0,7,2,1,2026-02-01 12:00:00
4436,199,4,63.0,53.87,65.49,1,136,0.0,-11.62,8,2,1,2026-02-02 04:00:00
4437,199,5,71.9,42.93,65.18,1,123,0.0,-22.24,9,3,0,2026-02-03 17:00:00
4438,199,6,64.0,56.77,65.92,1,139,1.0,-9.16,10,1,1,2026-02-05 01:00:00
4439,199,7,60.2,66.3,65.73,1,138,0.0,0.57,11,2,1,2026-02-06 18:00:00
4440,199,7,63.6,65.37,65.23,2,282,0.0,0.14,12,2,1,2026-02-07 03:00:00
4441,199,8,77.2,62.6,65.09,1,141,1.0,-2.49,13,2,0,2026-02-08 08:00:00
4442,199,8,56.9,67.0,66.02,2,296,1.0,0.98,14,2,1,2026-02-10 01:00:00
4443,199,8,94.0,65.9,65.37,3,454,1.0,0.53,12,2,0,2026-02-11 15:00:00
4444,199,9,71.3,76.03,67.28,1,118,1.0,8.75,12,3,0,2026-02-13 14:00:00
4445,199,10,35.4,74.07,67.53,1,157,1.0,6.54,12,2,1,2026-02-13 23:00:00
4446,199,11,55.2,66.9,65.64,1,116,0.5,1.26,12,1,1,2026-02-15 07:00:00
4447,199,11,49.1,53.97,65.06,2,267,0.5,-11.09,11,1,1,2026-02-16 23:00:00
4448,199,11,41.2,46.57,64.22,3,419,0.5,-17.65,12,1,1,2026-02-17 11:00:00
4449,199,12,35.2,48.5,63.07,1,101,0.5,-14.57,12,2,1,2026-02-18 04:00:00
4450,199,13,70.4,41.83,61.74,1,141,0.0,-19.91,12,2,0,2026-02-19 09:00:00
4451,199,13,44.6,48.93,62.14,2,271,0.0,-13.2,13,2,1,2026-02-19 20:00:00
4452,199,14,57.1,50.07,61.37,1,124,0.0,-11.31,12,3,1,2026-02-21 19:00:00
4453,200,1,61.7,75.0,75.0,1,167,1.0,0.0,1,1,1,2026-01-22 09:00:00
4454,200,2,52.1,61.7,61.7,1,126,0.0,0.0,2,1,1,2026-01-24 00:00:00
4455,200,2,66.6,56.9,56.9,2,249,0.0,0.0,3,1,1,2026-01-25 10:00:00
4456,200,2,33.1,60.13,60.13,3,390,0.0,0.0,4,1,1,2026-01-26 20:00:00
4457,200,3,36.4,50.6,53.38,1,153,0.0,-2.78,5,2,1,2026-01-28 17:00:00
4458,200,3,80.8,45.37,49.98,2,290,0.0,-4.61,6,2,0,2026-01-29 11:00:00
4459,200,4,61.5,50.1,55.12,1,163,1.0,-5.02,7,2,1,2026-01-29 20:00:00
4460,200,4,65.9,59.57,56.03,2,313,1.0,3.54,8,2,1,2026-01-30 07:00:00
4461,200,4,42.4,69.4,57.26,3,409,1.0,12.14,9,2,1,2026-02-01 05:00:00
4462,200,5,50.3,56.6,55.61,1,129,0.0,0.99,10,3,1,2026-02-02 16:00:00
4463,200,5,51.5,52.87,55.08,2,257,0.0,-2.21,11,3,1,2026-02-03 02:00:00
4464,200,6,63.0,48.07,54.75,1,149,1.0,-6.69,12,1,1,2026-02-04 05:00:00
4465,200,7,31.2,54.93,55.44,1,87,0.0,-0.51,12,2,1,2026-02-05 21:00:00
4466,200,7,65.8,48.57,53.58,2,277,0.0,-5.01,13,2,1,2026-02-06 21:00:00
4467,200,7,33.0,53.33,54.45,3,427,0.0,-1.12,13,2,1,2026-02-08 06:00:00
4468,200,8,43.8,43.33,53.02,1,142,1.0,-9.69,13,2,1,2026-02-08 13:00:00
4469,200,9,63.9,47.53,52.44,1,163,0.0,-4.91,14,3,1,2026-02-09 11:00:00
4470,200,9,48.2,46.9,53.12,2,349,0.0,-6.22,14,3,1,2026-02-11 04:00:00
4471,200,10,59.1,51.97,52.84,1,157,1.0,-0.88,12,2,1,2026-02-13 01:00:00
4472,200,11,92.7,57.07,53.17,1,158,0.0,3.89,12,1,0,2026-02-13 22:00:00
4473,200,12,57.5,66.67,55.15,1,142,0.5,11.52,13,2,1,2026-02-14 20:00:00
4474,200,13,30.9,69.77,55.26,1,137,0.0,14.5,13,2,1,2026-02-15 06:00:00
4475,200,13,33.3,60.37,54.15,2,267,0.0,6.21,14,2,1,2026-02-16 13:00:00
4476,200,14,67.8,40.57,53.25,1,123,0.0,-12.68,13,3,1,2026-02-17 11:00:00
4477,200,15,69.1,44.0,53.85,1,126,1.0,-9.85,14,2,1,2026-02-17 22:00:00
4478,200,16,31.9,56.73,54.46,1,112,0.0,2.27,14,3,1,2026-02-18 22:00:00
4479,200,17,95.2,56.27,53.6,1,138,0.0,2.67,15,3,0,2026-02-19 17:00:00
4480,201,1,94.3,75.0,75.0,1,56,1.0,0.0,1,1,0,2026-01-05 20:00:00
4481,201,1,98.8,94.3,94.3,2,149,1.0,0.0,2,1,0,2026-01-06 03:00:00
4482,201,1,96.4,96.55,96.55,3,238,1.0,0.0,3,1,0,2026-01-07 11:00:00
4483,201,2,78.5,96.5,96.5,1,92,1.0,0.0,4,1,0,2026-01-08 09:00:00
4484,201,3,93.0,91.23,92.0,1,79,1.0,-0.77,5,2,0,2026-01-08 18:00:00
4485,201,4,33.9,89.3,92.2,1,151,1.0,-2.9,6,2,1,2026-01-09 22:00:00
4486,201,4,96.9,68.47,82.48,2,268,1.0,-14.02,7,2,0,2026-01-11 01:00:00
4487,201,4,97.1,74.6,84.54,3,333,1.0,-9.94,8,2,0,2026-01-11 20:00:00
4488,201,5,48.7,75.97,86.11,1,94,1.0,-10.15,9,3,1,2026-01-13 00:00:00
4489,201,6,76.2,80.9,81.96,1,77,1.0,-1.06,10,1,0,2026-01-14 21:00:00
4490,201,7,31.1,74.0,81.38,1,69,1.0,-7.38,11,2,1,2026-01-15 02:00:00
4491,201,8,44.4,52.0,76.81,1,63,1.0,-24.81,12,2,1,2026-01-15 09:00:00
4492,201,9,46.9,50.57,74.11,1,98,0.0,-23.54,13,3,1,2026-01-15 23:00:00
4493,201,10,42.6,40.8,72.02,1,76,1.0,-31.22,14,2,1,2026-01-16 19:00:00
4494,201,10,90.6,44.63,69.91,2,185,1.0,-25.28,15,2,0,2026-01-18 01:00:00
4495,201,10,91.1,60.03,71.29,3,294,1.0,-11.26,16,2,0,2026-01-18 14:00:00
4496,201,11,46.0,74.77,72.53,1,117,0.5,2.24,15,1,1,2026-01-20 04:00:00
4497,201,11,95.5,75.9,70.97,2,189,0.5,4.93,15,1,0,2026-01-21 18:00:00
4498,201,12,87.8,77.53,72.33,1,99,0.5,5.2,14,2,0,2026-01-22 20:00:00
4499,201,13,89.3,76.43,73.15,1,102,1.0,3.29,14,2,0,2026-01-24 16:00:00
4500,201,13,94.2,90.87,73.96,2,182,1.0,16.91,14,2,0,2026-01-25 17:00:00
4501,201,13,87.6,90.43,74.92,3,256,1.0,15.51,13,2,0,2026-01-27 15:00:00
4502,201,14,78.4,90.37,75.5,1,122,0.5,14.87,14,3,0,2026-01-28 03:00:00
4503,201,14,41.4,86.73,75.62,2,216,0.5,11.11,12,3,1,2026-01-29 14:00:00
4504,201,15,94.2,69.13,74.2,1,102,1.0,-5.06,12,2,0,2026-01-30 13:00:00
4505,201,16,86.4,71.33,75.0,1,73,0.5,-3.66,12,3,0,2026-01-31 01:00:00
4506,201,16,49.8,74.0,75.43,2,138,0.5,-1.43,12,3,1,2026-02-01 04:00:00
4507,201,16,89.5,76.8,74.49,3,216,0.5,2.31,12,3,0,2026-02-02 19:00:00
4508,201,17,40.1,75.23,75.02,1,87,1.0,0.21,13,3,1,2026-02-03 00:00:00
4509,201,18,92.7,59.8,73.82,1,68,1.0,-14.02,13,3,0,2026-02-04 07:00:00
4510,201,18,48.7,74.1,74.45,2,157,1.0,-0.35,12,3,1,2026-02-06 03:00:00
4511,201,18,98.1,60.5,73.62,3,213,1.0,-13.12,13,3,0,2026-02-06 15:00:00
4512,201,19,89.5,79.83,74.38,1,67,1.0,5.45,14,2,0,2026-02-07 03:00:00
4513,202,1,78.0,75.0,75.0,1,73,1.0,0.0,1,1,0,2026-01-31 13:00:00
4514,202,2,93.6,78.0,78.0,1,72,1.0,0.0,2,1,0,2026-02-01 08:00:00
4515,202,3,92.5,85.8,85.8,1,52,1.0,0.0,3,2,0,2026-02-02 07:00:00
4516,202,4,91.8,88.03,88.03,1,39,1.0,0.0,4,2,0,2026-02-03 15:00:00
4517,202,5,51.1,92.63,88.98,1,39,1.0,3.66,5,3,1,2026-02-04 23:00:00
4518,202,6,45.7,78.47,81.4,1,52,1.0,-2.93,6,1,1,2026-02-06 17:00:00
4519,202,7,60.6,62.87,75.45,1,72,0.0,-12.58,7,2,1,2026-02-07 14:00:00
4520,202,8,72.4,52.47,73.33,1,78,1.0,-20.86,8,2,0,2026-02-09 12:00:00
4521,202,9,74.1,59.57,73.21,1,50,1.0,-13.65,9,3,0,2026-02-10 14:00:00
4522,202,10,87.6,69.03,73.31,1,36,1.0,-4.28,10,2,0,2026-02-12 13:00:00
4523,202,11,93.8,78.03,74.74,1,65,0.5,3.29,11,1,0,2026-02-13 19:00:00
4524,202,12,69.7,85.17,76.47,1,43,1.0,8.69,11,2,1,2026-02-14 13:00:00
4525,202,13,54.3,83.7,75.91,1,49,0.0,7.79,11,2,1,2026-02-16 02:00:00
4526,202,14,81.4,72.6,74.25,1,86,0.0,-1.65,11,3,0,2026-02-16 08:00:00
4527,202,15,98.6,68.47,74.76,1,76,1.0,-6.29,11,2,0,2026-02-18 04:00:00
4528,202,16,67.0,78.1,76.35,1,63,0.5,1.75,11,3,1,2026-02-19 08:00:00
4529,202,17,44.2,82.33,75.76,1,34,0.0,6.57,12,3,1,2026-02-19 19:00:00
4530,202,18,69.4,69.93,73.91,1,64,0.0,-3.97,11,3,1,2026-02-21 17:00:00
4531,202,19,73.9,60.2,73.66,1,81,1.0,-13.46,12,2,0,2026-02-22 11:00:00
4532,203,1,93.0,75.0,75.0,1,52,1.0,0.0,1,1,0,2026-01-11 07:00:00
4533,203,2,90.9,93.0,93.0,1,87,1.0,0.0,2,1,0,2026-01-13 03:00:00
4534,203,3,74.5,91.95,91.95,1,85,1.0,0.0,3,2,0,2026-01-14 21:00:00
4535,203,4,92.6,86.13,86.13,1,93,1.0,0.0,4,2,0,2026-01-16 10:00:00
4536,203,5,76.3,86.0,87.75,1,66,1.0,-1.75,5,3,0,2026-01-16 16:00:00
4537,203,6,93.7,81.13,85.46,1,71,1.0,-4.33,6,1,0,2026-01-18 01:00:00
4538,203,7,64.5,87.53,86.83,1,88,1.0,0.7,7,2,1,2026-01-18 08:00:00
4539,203,8,76.6,78.17,83.64,1,68,1.0,-5.48,8,2,0,2026-01-19 05:00:00
4540,203,9,85.5,78.27,82.76,1,49,1.0,-4.5,9,3,0,2026-01-20 16:00:00
4541,203,10,87.3,75.53,83.07,1,51,1.0,-7.53,10,2,0,2026-01-20 20:00:00
4542,203,11,77.4,83.13,83.49,1,64,0.5,-0.36,11,1,0,2026-01-22 04:00:00
4543,203,12,80.2,83.4,82.94,1,34,1.0,0.46,12,2,0,2026-01-23 16:00:00
4544,203,13,66.7,81.63,82.71,1,57,1.0,-1.08,13,2,1,2026-01-24 15:00:00
4545,203,14,82.0,74.77,81.48,1,81,0.5,-6.71,13,3,0,2026-01-26 15:00:00
4546,203,14,67.1,76.3,81.51,2,111,0.5,-5.21,13,3,1,2026-01-27 11:00:00
4547,203,14,93.5,71.93,80.55,3,201,0.5,-8.62,14,3,0,2026-01-28 09:00:00
4548,204,1,57.7,75.0,75.0,1,162,1.0,0.0,1,1,1,2026-01-19 15:00:00
4549,204,1,67.8,57.7,57.7,2,292,1.0,0.0,2,1,1,2026-01-21 15:00:00
4550,204,1,68.2,62.75,62.75,3,442,1.0,0.0,3,1,1,2026-01-22 12:00:00
4551,204,2,82.9,64.57,64.57,1,140,0.0,0.0,4,1,0,2026-01-24 09:00:00
4552,204,2,87.4,72.97,69.15,2,304,0.0,3.82,5,1,0,2026-01-26 04:00:00
4553,204,3,76.4,79.5,72.8,1,159,1.0,6.7,6,2,0,2026-01-26 18:00:00
4554,204,4,69.4,82.23,73.4,1,111,1.0,8.83,7,2,1,2026-01-27 14:00:00
4555,204,5,45.5,77.73,72.83,1,151,0.0,4.9,8,3,1,2026-01-29 10:00:00
4556,204,5,53.1,63.77,69.41,2,286,0.0,-5.65,9,3,1,2026-01-30 13:00:00
4557,204,6,38.3,56.0,67.6,1,141,1.0,-11.6,10,1,1,2026-01-31 03:00:00
4558,204,6,96.7,45.63,64.67,2,266,1.0,-19.04,11,1,0,2026-01-31 16:00:00
4559,204,6,86.6,62.7,67.58,3,440,1.0,-4.88,12,1,0,2026-02-01 11:00:00
4560,204,7,35.7,73.87,69.17,1,160,1.0,4.7,13,2,1,2026-02-01 22:00:00
4561,204,7,30.3,73.0,66.59,2,285,1.0,6.41,13,2,1,2026-02-03 02:00:00
4562,204,7,38.5,50.87,64.0,3,398,1.0,-13.13,14,2,1,2026-02-04 13:00:00
4563,204,8,97.3,34.83,62.3,1,132,1.0,-27.47,14,2,0,2026-02-05 10:00:00
4564,204,9,59.2,55.37,64.49,1,148,1.0,-9.12,14,3,1,2026-02-06 22:00:00
4565,204,10,31.1,65.0,64.18,1,144,1.0,0.82,14,2,1,2026-02-08 06:00:00
4566,204,10,78.2,62.53,62.34,2,309,1.0,0.19,15,2,0,2026-02-08 12:00:00
4567,204,11,71.5,56.17,63.17,1,155,0.5,-7.01,14,1,0,2026-02-09 20:00:00
4568,204,12,86.8,60.27,63.59,1,159,0.5,-3.32,14,2,0,2026-02-10 18:00:00
4569,204,12,48.3,78.83,64.7,2,305,0.5,14.14,15,2,1,2026-02-12 06:00:00
4570,204,13,40.2,68.87,63.95,1,112,1.0,4.92,15,2,1,2026-02-12 10:00:00
4571,204,13,74.5,58.43,62.92,2,248,1.0,-4.48,15,2,0,2026-02-13 17:00:00
4572,204,14,40.0,54.33,63.4,1,161,0.5,-9.07,15,3,1,2026-02-14 11:00:00
4573,204,14,38.3,51.57,62.46,2,299,0.5,-10.9,14,3,1,2026-02-15 21:00:00
4574,204,15,53.4,50.93,61.53,1,150,1.0,-10.6,14,2,1,2026-02-16 15:00:00
4575,204,16,38.4,43.9,61.23,1,133,0.5,-17.33,13,3,1,2026-02-18 15:00:00
4576,204,17,66.9,43.37,60.42,1,119,0.0,-17.05,13,3,1,2026-02-19 17:00:00
4577,204,17,59.3,52.9,60.64,2,256,0.0,-7.74,13,3,1,2026-02-21 15:00:00
4578,205,1,96.8,75.0,75.0,1,96,1.0,0.0,1,1,0,2026-01-21 18:00:00
4579,205,2,60.0,96.8,96.8,1,76,1.0,0.0,2,1,1,2026-01-23 16:00:00
4580,205,3,81.8,78.4,78.4,1,85,0.0,0.0,3,2,0,2026-01-24 12:00:00
4581,205,4,79.9,79.53,79.53,1,71,1.0,0.0,4,2,0,2026-01-26 05:00:00
4582,205,5,50.7,73.9,79.62,1,112,1.0,-5.72,5,3,1,2026-01-27 21:00:00
4583,205,6,79.0,70.8,73.84,1,84,1.0,-3.04,6,1,0,2026-01-28 10:00:00
4584,205,7,46.5,69.87,74.7,1,119,1.0,-4.83,7,2,1,2026-01-29 13:00:00
4585,205,7,90.4,58.73,70.67,2,239,1.0,-11.94,8,2,0,2026-01-31 03:00:00
4586,205,7,71.9,71.97,73.14,3,327,1.0,-1.17,9,2,0,2026-02-02 02:00:00
4587,205,8,74.9,69.6,73.0,1,69,1.0,-3.4,10,2,0,2026-02-03 19:00:00
4588,205,9,39.5,79.07,73.19,1,48,1.0,5.88,10,3,1,2026-02-05 11:00:00
4589,205,10,46.0,62.1,70.13,1,60,1.0,-8.03,11,2,1,2026-02-06 07:00:00
4590,205,10,84.9,53.47,68.12,2,122,1.0,-14.65,11,2,0,2026-02-07 07:00:00
4591,205,10,87.1,56.8,69.41,3,239,1.0,-12.61,11,2,0,2026-02-08 05:00:00
4592,205,11,91.2,72.67,70.67,1,92,0.5,2.0,12,1,0,2026-02-09 01:00:00
4593,205,12,48.2,87.73,72.04,1,97,0.5,15.69,12,2,1,2026-02-09 17:00:00
4594,205,12,68.1,75.5,70.55,2,142,0.5,4.95,13,2,1,2026-02-10 19:00:00
4595,205,12,62.2,69.17,70.41,3,208,0.5,-1.24,11,2,1,2026-02-12 17:00:00
4596,205,13,83.9,59.5,69.95,1,107,0.0,-10.45,11,2,0,2026-02-14 15:00:00
4597,205,14,53.9,71.4,70.68,1,95,0.5,0.72,12,3,1,2026-02-14 21:00:00
4598,205,15,67.3,66.67,69.84,1,87,1.0,-3.18,13,2,1,2026-02-15 17:00:00
4599,205,16,96.6,68.37,69.72,1,101,0.0,-1.36,13,3,0,2026-02-16 09:00:00
4600,206,1,48.3,75.0,75.0,1,92,1.0,0.0,1,1,1,2026-01-07 11:00:00
4601,206,2,96.3,48.3,48.3,1,55,0.0,0.0,2,1,0,2026-01-07 18:00:00
4602,206,3,91.6,72.3,72.3,1,61,1.0,0.0,3,2,0,2026-01-09 13:00:00
4603,206,4,95.8,78.73,78.73,1,63,1.0,0.0,4,2,0,2026-01-10 01:00:00
4604,206,5,79.1,94.57,83.0,1,107,1.0,11.57,5,3,0,2026-01-11 05:00:00
4605,206,5,71.1,88.83,82.22,2,137,1.0,6.61,6,3,0,2026-01-13 05:00:00
4606,206,5,93.8,82.0,80.37,3,210,1.0,1.63,7,3,0,2026-01-14 11:00:00
4607,206,6,73.9,81.33,82.29,1,57,1.0,-0.95,8,1,0,2026-01-15 09:00:00
4608,206,7,71.6,79.6,81.24,1,71,1.0,-1.64,9,2,0,2026-01-16 06:00:00
4609,206,8,32.6,79.77,80.17,1,46,1.0,-0.4,10,2,1,2026-01-17 19:00:00
4610,206,9,78.4,59.37,75.41,1,59,0.0,-16.04,11,3,0,2026-01-18 21:00:00
4611,206,10,55.5,60.87,75.68,1,74,1.0,-14.82,12,2,1,2026-01-19 04:00:00
4612,206,10,70.1,55.5,74.0,2,196,1.0,-18.5,13,2,0,2026-01-19 16:00:00
4613,206,10,84.5,68.0,73.7,3,272,1.0,-5.7,13,2,0,2026-01-21 11:00:00
4614,206,11,35.2,70.03,74.47,1,43,1.0,-4.44,13,1,1,2026-01-22 06:00:00
4615,206,12,83.2,63.27,71.85,1,51,0.5,-8.59,14,2,0,2026-01-23 08:00:00
4616,206,13,79.3,67.63,72.56,1,50,1.0,-4.93,13,2,0,2026-01-24 02:00:00
4617,206,14,73.2,65.9,72.96,1,30,1.0,-7.06,13,3,0,2026-01-25 06:00:00
4618,206,15,83.9,78.57,72.97,1,53,0.0,5.59,14,2,0,2026-01-27 00:00:00
4619,207,1,87.1,75.0,75.0,1,74,1.0,0.0,1,1,0,2026-01-10 18:00:00
4620,207,2,79.9,87.1,87.1,1,34,1.0,0.0,2,1,0,2026-01-12 13:00:00
4621,207,3,73.9,83.5,83.5,1,80,1.0,0.0,3,2,0,2026-01-14 05:00:00
4622,207,4,99.6,80.3,80.3,1,69,1.0,0.0,4,2,0,2026-01-15 23:00:00
4623,207,5,33.5,84.47,85.12,1,45,1.0,-0.66,5,3,1,2026-01-17 08:00:00
4624,207,6,75.3,69.0,74.8,1,57,1.0,-5.8,6,1,0,2026-01-19 07:00:00
4625,207,7,91.5,69.47,74.88,1,91,1.0,-5.42,7,2,0,2026-01-19 16:00:00
4626,207,8,94.7,66.77,77.26,1,74,1.0,-10.49,8,2,0,2026-01-20 14:00:00
4627,207,9,83.9,87.17,79.44,1,60,1.0,7.73,9,3,0,2026-01-20 18:00:00
4628,207,10,85.3,90.03,79.93,1,55,1.0,10.1,10,2,0,2026-01-21 18:00:00
4629,207,11,88.0,87.97,80.47,1,61,1.0,7.5,11,1,0,2026-01-23 04:00:00
4630,207,12,71.3,85.73,81.15,1,49,1.0,4.58,12,2,0,2026-01-23 08:00:00
4631,207,13,82.7,81.53,80.33,1,30,1.0,1.2,12,2,0,2026-01-24 20:00:00
4632,208,1,89.7,75.0,75.0,1,180,1.0,0.0,1,1,0,2026-01-08 10:00:00
4633,208,2,62.7,89.7,89.7,1,143,1.0,0.0,2,1,1,2026-01-09 01:00:00
4634,208,3,43.3,76.2,76.2,1,147,0.0,0.0,3,2,1,2026-01-10 07:00:00
4635,208,3,69.4,65.23,65.23,2,285,0.0,0.0,4,2,1,2026-01-11 00:00:00
4636,208,3,63.6,58.47,66.28,3,410,0.0,-7.81,5,2,1,2026-01-11 10:00:00
4637,208,4,46.3,58.77,65.74,1,136,0.0,-6.97,6,2,1,2026-01-12 13:00:00
4638,208,4,66.6,59.77,62.5,2,244,0.0,-2.73,7,2,1,2026-01-14 09:00:00
4639,208,4,87.1,58.83,63.09,3,429,0.0,-4.25,8,2,0,2026-01-15 09:00:00
4640,208,5,99.1,66.67,66.09,1,115,1.0,0.58,9,3,0,2026-01-17 01:00:00
4641,208,6,55.3,84.27,69.76,1,119,1.0,14.51,10,1,1,2026-01-18 11:00:00
4642,208,7,40.9,80.5,68.31,1,131,0.0,12.19,11,2,1,2026-01-19 16:00:00
4643,208,8,72.3,65.1,65.82,1,165,1.0,-0.72,12,2,0,2026-01-21 02:00:00
4644,208,9,38.0,56.17,66.36,1,140,1.0,-10.19,13,3,1,2026-01-21 07:00:00
4645,208,10,89.1,50.4,64.18,1,115,1.0,-13.78,14,2,0,2026-01-21 20:00:00
4646,208,10,67.3,66.47,65.96,2,280,1.0,0.51,13,2,1,2026-01-23 19:00:00
4647,208,10,83.8,64.8,66.05,3,434,1.0,-1.25,11,2,0,2026-01-25 10:00:00
4648,208,11,56.3,80.07,67.16,1,150,0.0,12.91,11,1,1,2026-01-27 00:00:00
4649,208,11,57.4,69.13,66.52,2,304,0.0,2.62,11,1,1,2026-01-28 11:00:00
4650,208,12,45.1,65.83,66.01,1,187,0.0,-0.18,11,2,1,2026-01-29 18:00:00
4651,208,12,57.1,52.93,64.91,2,370,0.0,-11.98,11,2,1,2026-01-31 17:00:00
4652,208,13,30.7,53.2,64.52,1,126,0.0,-11.32,11,2,1,2026-02-01 19:00:00
4653,208,13,55.3,44.3,62.91,2,298,0.0,-18.61,12,2,1,2026-02-02 10:00:00
4654,208,13,52.6,47.7,62.56,3,445,0.0,-14.86,12,2,1,2026-02-03 01:00:00
4655,208,14,67.7,46.2,62.13,1,149,0.0,-15.93,11,3,1,2026-02-04 12:00:00
4656,208,15,59.0,58.53,62.36,1,106,0.0,-3.83,11,2,1,2026-02-05 22:00:00
4657,208,16,34.2,59.77,62.23,1,136,0.0,-2.46,11,3,1,2026-02-07 05:00:00
4658,208,16,45.4,53.63,61.15,2,259,0.0,-7.52,11,3,1,2026-02-08 23:00:00
4659,208,17,59.5,46.2,60.57,1,156,0.0,-14.37,11,3,1,2026-02-10 14:00:00
4660,208,17,40.8,46.37,60.53,2,317,0.0,-14.16,11,3,1,2026-02-12 09:00:00
4661,208,17,61.8,48.57,59.85,3,415,0.0,-11.28,11,3,1,2026-02-13 04:00:00
4662,208,18,33.5,54.03,59.91,1,139,0.0,-5.88,12,3,1,2026-02-14 04:00:00
4663,208,18,68.9,45.37,59.06,2,301,0.0,-13.69,13,3,1,2026-02-14 11:00:00
4664,208,18,31.1,54.73,59.37,3,437,0.0,-4.64,12,3,1,2026-02-16 01:00:00
4665,209,1,93.7,75.0,75.0,1,74,1.0,0.0,1,1,0,2026-01-22 12:00:00
4666,209,2,52.0,93.7,93.7,1,67,1.0,0.0,2,1,1,2026-01-24 08:00:00
4667,209,3,76.5,72.85,72.85,1,66,0.0,0.0,3,2,0,2026-01-24 13:00:00
4668,209,4,76.5,74.07,74.07,1,54,1.0,0.0,4,2,0,2026-01-24 23:00:00
4669,209,5,70.1,68.33,74.68,1,35,1.0,-6.34,5,3,0,2026-01-25 07:00:00
4670,209,5,75.5,74.37,73.76,2,72,1.0,0.61,6,3,0,2026-01-25 21:00:00
4671,209,5,73.4,74.03,74.05,3,146,1.0,-0.02,7,3,0,2026-01-26 12:00:00
4672,209,6,79.6,73.0,73.96,1,60,1.0,-0.96,8,1,0,2026-01-27 21:00:00
4673,209,7,99.9,76.17,74.66,1,57,1.0,1.5,9,2,0,2026-01-29 18:00:00
4674,209,8,36.9,84.3,77.47,1,51,1.0,6.83,10,2,1,2026-01-30 11:00:00
4675,209,9,97.4,72.13,73.41,1,53,0.0,-1.28,11,3,0,2026-01-31 21:00:00
4676,209,9,88.6,78.07,75.59,2,133,0.0,2.48,12,3,0,2026-02-02 08:00:00
4677,209,9,57.5,74.3,76.68,3,186,0.0,-2.38,13,3,1,2026-02-02 15:00:00
4678,209,10,63.7,81.17,75.2,1,33,1.0,5.97,14,2,1,2026-02-03 06:00:00
4679,209,11,38.1,69.93,74.38,1,74,0.5,-4.45,15,1,1,2026-02-04 20:00:00
4680,209,12,70.4,53.1,71.96,1,55,0.5,-18.86,15,2,0,2026-02-06 00:00:00
4681,209,13,92.6,57.4,71.86,1,60,1.0,-14.46,16,2,0,2026-02-06 12:00:00
4682,209,14,73.4,67.03,73.08,1,92,1.0,-6.05,17,3,0,2026-02-07 02:00:00
4683,209,15,81.6,78.8,73.1,1,59,0.0,5.7,16,2,0,2026-02-07 19:00:00
4684,209,16,73.4,82.53,73.55,1,65,1.0,8.99,14,3,0,2026-02-09 03:00:00
4685,209,17,30.3,76.13,73.54,1,36,1.0,2.59,14,3,1,2026-02-09 15:00:00
4686,209,18,93.4,61.77,71.48,1,55,1.0,-9.71,14,3,0,2026-02-10 22:00:00
4687,209,19,67.1,65.7,72.48,1,72,0.0,-6.78,15,2,1,2026-02-12 08:00:00
4688,210,1,72.3,75.0,75.0,1,30,1.0,0.0,1,1,0,2026-01-09 03:00:00
4689,210,2,70.1,72.3,72.3,1,64,1.0,0.0,2,1,0,2026-01-10 03:00:00
4690,210,3,77.0,71.2,71.2,1,62,1.0,0.0,3,2,0,2026-01-11 14:00:00
4691,210,4,86.8,73.13,73.13,1,60,1.0,0.0,4,2,0,2026-01-11 21:00:00
4692,210,5,71.2,77.97,76.55,1,80,1.0,1.42,5,3,0,2026-01-13 19:00:00
4693,210,6,83.6,78.33,75.48,1,66,1.0,2.85,6,1,0,2026-01-14 09:00:00
4694,210,7,73.5,80.53,76.83,1,89,1.0,3.7,7,2,0,2026-01-15 00:00:00
4695,210,8,75.8,76.1,76.36,1,40,1.0,-0.26,8,2,0,2026-01-15 14:00:00
4696,210,9,53.8,77.63,76.29,1,62,1.0,1.35,9,3,1,2026-01-15 22:00:00
4697,210,10,89.1,67.7,73.79,1,61,1.0,-6.09,10,2,0,2026-01-16 06:00:00
4698,210,11,86.2,72.9,75.32,1,38,1.0,-2.42,11,1,0,2026-01-18 04:00:00
4699,210,12,96.8,76.37,76.31,1,79,0.5,0.06,12,2,0,2026-01-20 02:00:00
4700,210,12,79.2,90.7,78.02,2,185,0.5,12.68,13,2,0,2026-01-22 00:00:00
4701,210,12,50.8,87.4,78.11,3,244,0.5,9.29,13,2,1,2026-01-23 14:00:00
4702,210,13,93.9,75.6,76.16,1,70,1.0,-0.56,12,2,0,2026-01-25 14:00:00
4703,210,13,53.3,74.63,77.34,2,131,1.0,-2.71,12,2,1,2026-01-26 20:00:00
4704,210,14,74.6,66.0,75.84,1,45,1.0,-9.84,12,3,0,2026-01-28 06:00:00
4705,211,1,74.6,75.0,75.0,1,53,1.0,0.0,1,1,0,2026-01-20 06:00:00
4706,211,1,42.2,74.6,74.6,2,128,1.0,0.0,2,1,1,2026-01-21 08:00:00
4707,211,2,32.4,58.4,58.4,1,62,1.0,0.0,3,1,1,2026-01-22 00:00:00
4708,211,3,49.9,49.73,49.73,1,124,0.0,0.0,4,2,1,2026-01-23 03:00:00
4709,211,4,58.0,41.5,49.78,1,87,0.0,-8.27,5,2,1,2026-01-24 23:00:00
4710,211,5,85.1,46.77,51.42,1,83,0.0,-4.65,6,3,0,2026-01-26 18:00:00
4711,211,6,78.6,64.33,57.03,1,107,1.0,7.3,7,1,0,2026-01-27 22:00:00
4712,211,6,79.6,73.9,60.11,2,174,1.0,13.79,8,1,0,2026-01-29 15:00:00
4713,211,7,46.6,81.1,62.55,1,74,1.0,18.55,9,2,1,2026-01-31 06:00:00
4714,211,8,99.4,68.27,60.78,1,91,1.0,7.49,10,2,0,2026-02-01 01:00:00
4715,211,9,73.1,75.2,64.64,1,110,1.0,10.56,11,3,0,2026-02-01 15:00:00
4716,211,9,34.7,73.03,65.41,2,210,1.0,7.62,12,3,1,2026-02-02 12:00:00
4717,211,9,75.9,69.07,62.85,3,304,1.0,6.22,12,3,0,2026-02-03 15:00:00
4718,211,10,96.1,61.23,63.85,1,91,1.0,-2.62,12,2,0,2026-02-04 20:00:00
4719,211,11,78.3,68.9,66.16,1,98,0.0,2.74,11,1,0,2026-02-06 05:00:00
4720,211,12,33.4,83.43,66.97,1,94,1.0,16.47,12,2,1,2026-02-07 03:00:00
4721,211,13,89.2,69.27,64.87,1,69,0.0,4.4,12,2,0,2026-02-08 19:00:00
4722,211,14,45.1,66.97,66.3,1,90,0.0,0.67,12,3,1,2026-02-10 15:00:00
4723,211,15,84.7,55.9,65.12,1,68,1.0,-9.22,12,2,0,2026-02-11 21:00:00
4724,211,16,50.0,73.0,66.15,1,91,0.5,6.85,12,3,1,2026-02-13 14:00:00
4725,211,17,54.8,59.93,65.34,1,80,0.0,-5.41,12,3,1,2026-02-14 07:00:00
4726,212,1,32.4,75.0,75.0,1,190,1.0,0.0,1,1,1,2026-01-28 19:00:00
4727,212,1,56.0,32.4,32.4,2,329,1.0,0.0,2,1,1,2026-01-29 22:00:00
4728,212,2,98.7,44.2,44.2,1,111,0.0,0.0,3,1,0,2026-01-30 17:00:00
4729,212,2,69.8,62.37,62.37,2,248,0.0,0.0,4,1,1,2026-01-31 17:00:00
4730,212,2,99.4,74.83,64.23,3,398,0.0,10.61,5,1,0,2026-02-01 05:00:00
4731,212,3,92.3,89.3,71.26,1,173,1.0,18.04,6,2,0,2026-02-01 19:00:00
4732,212,3,47.0,87.17,74.77,2,301,1.0,12.4,7,2,1,2026-02-03 15:00:00
4733,212,4,59.9,79.57,70.8,1,108,1.0,8.77,8,2,1,2026-02-05 11:00:00
4734,212,4,49.6,66.4,69.44,2,264,1.0,-3.04,9,2,1,2026-02-05 19:00:00
4735,212,4,72.3,52.17,67.23,3,376,1.0,-15.07,10,2,0,2026-02-06 20:00:00
4736,212,5,35.5,60.6,67.74,1,131,1.0,-7.14,11,3,1,2026-02-07 10:00:00
4737,212,6,97.9,52.47,64.81,1,134,1.0,-12.34,12,1,0,2026-02-08 20:00:00
4738,212,7,97.8,68.57,67.57,1,138,1.0,1.0,13,2,0,2026-02-10 16:00:00
4739,212,8,83.9,77.07,69.89,1,153,1.0,7.17,13,2,0,2026-02-11 19:00:00
4740,212,9,36.5,93.2,70.89,1,126,1.0,22.31,13,3,1,2026-02-13 07:00:00
4741,212,9,40.8,72.73,68.6,2,260,1.0,4.13,14,3,1,2026-02-13 16:00:00
4742,212,10,91.2,53.73,66.86,1,139,1.0,-13.13,13,2,0,2026-02-15 03:00:00
4743,212,11,91.1,56.17,68.29,1,142,1.0,-12.13,12,1,0,2026-02-16 06:00:00
4744,212,12,92.6,74.37,69.56,1,141,0.5,4.81,13,2,0,2026-02-17 13:00:00
4745,212,12,80.2,91.63,70.77,2,289,0.5,20.86,13,2,0,2026-02-19 06:00:00
4746,212,12,54.0,87.97,71.24,3,445,0.5,16.72,12,2,1,2026-02-20 16:00:00
4747,212,13,34.0,75.6,70.42,1,147,1.0,5.18,11,2,1,2026-02-21 15:00:00
4748,212,14,62.6,56.07,68.77,1,149,1.0,-12.7,12,3,1,2026-02-21 19:00:00
4749,212,15,52.0,50.2,68.5,1,108,1.0,-18.3,12,2,1,2026-02-23 08:00:00
4750,212,16,57.0,49.53,67.81,1,141,0.5,-18.28,13,3,1,2026-02-24 01:00:00
4751,212,16,61.8,57.2,67.38,2,290,0.5,-10.18,13,3,1,2026-02-25 01:00:00
4752,212,17,45.1,56.93,67.17,1,154,0.0,-10.23,14,3,1,2026-02-25 15:00:00
4753,212,18,41.7,54.63,66.35,1,126,0.0,-11.71,14,3,1,2026-02-26 12:00:00
4754,212,19,43.4,49.53,65.47,1,126,1.0,-15.93,13,2,1,2026-02-27 17:00:00
4755,213,1,46.7,75.0,75.0,1,128,1.0,0.0,1,1,1,2026-01-24 08:00:00
4756,213,2,40.1,46.7,46.7,1,150,0.0,0.0,2,1,1,2026-01-25 19:00:00
4757,213,3,98.3,43.4,43.4,1,160,0.0,0.0,3,2,0,2026-01-26 03:00:00
4758,213,4,84.8,61.7,61.7,1,131,1.0,0.0,4,2,0,2026-01-26 10:00:00
4759,213,4,55.3,74.4,67.48,2,289,1.0,6.92,5,2,1,2026-01-27 20:00:00
4760,213,4,69.6,79.47,65.04,3,431,1.0,14.43,6,2,1,2026-01-29 19:00:00
4761,213,5,67.9,69.9,65.8,1,137,1.0,4.1,7,3,1,2026-01-31 18:00:00
4762,213,5,56.5,64.27,66.1,2,272,1.0,-1.83,8,3,1,2026-02-01 01:00:00
4763,213,6,43.7,64.67,64.9,1,154,1.0,-0.23,9,1,1,2026-02-01 21:00:00
4764,213,7,38.8,56.03,62.54,1,146,0.0,-6.51,10,2,1,2026-02-03 07:00:00
4765,213,7,54.3,46.33,60.17,2,331,0.0,-13.84,11,2,1,2026-02-03 23:00:00
4766,213,8,91.7,45.6,59.64,1,122,1.0,-14.04,12,2,0,2026-02-04 07:00:00
4767,213,8,80.6,61.6,62.31,2,272,1.0,-0.71,13,2,0,2026-02-05 04:00:00
4768,213,9,49.9,75.53,63.72,1,129,1.0,11.82,14,3,1,2026-02-05 12:00:00
4769,213,10,37.5,74.07,62.73,1,122,1.0,11.34,15,2,1,2026-02-07 06:00:00
4770,213,10,98.6,56.0,61.05,2,261,1.0,-5.05,15,2,0,2026-02-08 04:00:00
4771,213,11,94.8,62.0,63.39,1,142,0.0,-1.39,15,1,0,2026-02-08 23:00:00
4772,213,12,42.0,76.97,65.24,1,198,0.5,11.73,15,2,1,2026-02-09 08:00:00
4773,213,12,70.5,78.47,63.95,2,334,0.5,14.52,14,2,0,2026-02-11 06:00:00
4774,213,13,32.7,69.1,64.29,1,117,1.0,4.81,15,2,1,2026-02-11 20:00:00
4775,213,13,58.9,48.4,62.72,2,262,1.0,-14.31,15,2,1,2026-02-13 07:00:00
4776,213,13,64.0,54.03,62.53,3,360,1.0,-8.5,16,2,1,2026-02-14 16:00:00
4777,213,14,65.9,51.87,62.6,1,138,0.5,-10.73,16,3,1,2026-02-14 23:00:00
4778,213,14,57.8,62.93,62.74,2,278,0.5,0.19,15,3,1,2026-02-16 00:00:00
4779,213,14,71.5,62.57,62.54,3,433,0.5,0.03,16,3,0,2026-02-16 11:00:00
4780,213,15,59.2,65.07,62.9,1,159,1.0,2.17,17,2,1,2026-02-16 18:00:00
4781,213,16,56.1,62.83,62.75,1,129,0.5,0.08,18,3,1,2026-02-17 02:00:00
4782,213,16,35.7,62.27,62.51,2,265,0.5,-0.24,18,3,1,2026-02-17 07:00:00
4783,213,16,46.9,50.33,61.55,3,389,0.5,-11.22,19,3,1,2026-02-17 19:00:00
4784,213,17,50.2,46.23,61.04,1,117,0.0,-14.81,18,3,1,2026-02-18 18:00:00
4785,213,18,39.8,44.27,60.68,1,146,0.0,-16.42,17,3,1,2026-02-19 16:00:00
4786,213,18,65.6,45.63,60.01,2,260,0.0,-14.38,17,3,1,2026-02-21 16:00:00
4787,213,19,84.3,51.87,60.18,1,131,1.0,-8.32,15,2,0,2026-02-23 08:00:00
4788,214,1,76.2,75.0,75.0,1,40,1.0,0.0,1,1,0,2026-01-10 03:00:00
4789,214,2,93.0,76.2,76.2,1,70,1.0,0.0,2,1,0,2026-01-10 23:00:00
4790,214,3,44.3,84.6,84.6,1,96,1.0,0.0,3,2,1,2026-01-11 22:00:00
4791,214,3,72.0,71.17,71.17,2,129,1.0,0.0,4,2,0,2026-01-12 23:00:00
4792,214,3,78.8,69.77,71.38,3,159,1.0,-1.61,5,2,0,2026-01-14 04:00:00
4793,214,4,77.7,65.03,72.86,1,57,1.0,-7.83,6,2,0,2026-01-15 21:00:00
4794,214,5,86.2,76.17,73.67,1,60,1.0,2.5,7,3,0,2026-01-17 10:00:00
4795,214,5,50.0,80.9,75.46,2,124,1.0,5.44,8,3,1,2026-01-17 14:00:00
4796,214,5,71.4,71.3,72.28,3,175,1.0,-0.98,9,3,0,2026-01-19 13:00:00
4797,214,6,76.9,69.2,72.18,1,55,1.0,-2.98,10,1,0,2026-01-21 08:00:00
4798,214,7,97.2,66.1,72.65,1,67,1.0,-6.55,11,2,0,2026-01-21 14:00:00
4799,214,8,97.0,81.83,74.88,1,80,1.0,6.95,12,2,0,2026-01-21 22:00:00
4800,214,9,72.9,90.37,76.73,1,30,1.0,13.64,13,3,0,2026-01-22 17:00:00
4801,214,10,59.8,89.03,76.43,1,52,1.0,12.6,14,2,1,2026-01-23 05:00:00
4802,214,11,89.4,76.57,75.24,1,64,1.0,1.32,14,1,0,2026-01-24 16:00:00
4803,214,12,84.7,74.03,76.19,1,41,1.0,-2.15,13,2,0,2026-01-26 07:00:00
4804,215,1,50.3,75.0,75.0,1,174,1.0,0.0,1,1,1,2026-01-11 05:00:00
4805,215,2,33.2,50.3,50.3,1,127,0.0,0.0,2,1,1,2026-01-12 11:00:00
4806,215,2,69.1,41.75,41.75,2,266,0.0,0.0,3,1,1,2026-01-14 04:00:00
4807,215,3,30.6,50.87,50.87,1,151,0.0,0.0,4,2,1,2026-01-15 00:00:00
4808,215,4,53.4,44.3,45.8,1,128,0.0,-1.5,5,2,1,2026-01-15 08:00:00
4809,215,5,54.2,51.03,47.32,1,103,0.0,3.71,6,3,1,2026-01-15 21:00:00
4810,215,5,47.1,46.07,48.47,2,234,0.0,-2.4,7,3,1,2026-01-16 10:00:00
4811,215,5,60.3,51.57,48.27,3,394,0.0,3.3,8,3,1,2026-01-17 09:00:00
4812,215,6,46.3,53.87,49.78,1,133,1.0,4.09,9,1,1,2026-01-19 05:00:00
4813,215,6,32.3,51.23,49.39,2,256,1.0,1.84,10,1,1,2026-01-20 12:00:00
4814,215,6,76.1,46.3,47.68,3,414,1.0,-1.38,11,1,0,2026-01-20 19:00:00
4815,215,7,35.3,51.57,50.26,1,133,1.0,1.3,12,2,1,2026-01-21 04:00:00
4816,215,7,87.6,47.9,49.02,2,262,1.0,-1.12,13,2,0,2026-01-22 14:00:00
4817,215,7,68.8,66.33,51.98,3,404,1.0,14.35,14,2,1,2026-01-24 01:00:00
4818,215,8,56.0,63.9,53.19,1,155,1.0,10.71,14,2,1,2026-01-25 10:00:00
4819,215,9,30.5,70.8,53.37,1,187,0.0,17.43,15,3,1,2026-01-25 23:00:00
4820,215,10,45.6,51.77,51.94,1,156,1.0,-0.18,15,2,1,2026-01-27 10:00:00
4821,215,10,61.9,44.03,51.57,2,319,1.0,-7.54,14,2,1,2026-01-29 04:00:00
4822,215,11,30.7,46.0,52.14,1,129,0.5,-6.14,14,1,1,2026-01-29 18:00:00
4823,215,12,38.3,46.07,51.02,1,119,0.0,-4.95,12,2,1,2026-01-31 18:00:00
4824,215,12,63.5,43.63,50.38,2,260,0.0,-6.75,13,2,1,2026-02-01 12:00:00
4825,215,13,51.5,44.17,51.0,1,142,0.0,-6.84,13,2,1,2026-02-02 07:00:00
4826,215,14,68.6,51.1,51.03,1,118,0.5,0.07,11,3,1,2026-02-04 05:00:00
4827,215,14,55.9,61.2,51.79,2,254,0.5,9.41,12,3,1,2026-02-05 06:00:00
4828,215,14,97.9,58.67,51.96,3,401,0.5,6.7,12,3,0,2026-02-05 16:00:00
4829,215,15,45.4,74.13,53.8,1,147,0.0,20.33,12,2,1,2026-02-07 12:00:00
4830,215,16,55.9,66.4,53.48,1,150,0.0,12.92,13,3,1,2026-02-08 03:00:00
4831,215,16,43.4,66.4,53.57,2,295,0.0,12.83,12,3,1,2026-02-09 20:00:00
4832,215,17,54.0,48.23,53.2,1,129,0.0,-4.97,12,3,1,2026-02-10 11:00:00
4833,215,18,34.3,51.1,53.23,1,129,0.0,-2.13,13,3,1,2026-02-11 03:00:00
4834,215,18,35.0,43.9,52.6,2,245,0.0,-8.7,14,3,1,2026-02-11 23:00:00
4835,215,18,63.1,41.1,52.03,3,420,0.0,-10.93,13,3,1,2026-02-13 00:00:00
4836,215,19,82.1,44.13,52.38,1,140,0.0,-8.24,14,2,0,2026-02-13 19:00:00
4837,215,19,95.7,60.07,53.28,2,275,0.0,6.79,15,2,0,2026-02-14 03:00:00
4838,215,19,54.8,80.3,54.53,3,396,0.0,25.77,15,2,1,2026-02-15 01:00:00
4839,215,20,50.1,77.53,54.53,1,198,0.5,23.0,14,3,1,2026-02-16 13:00:00
4840,215,20,41.0,66.87,54.41,2,316,0.5,12.46,15,3,1,2026-02-16 21:00:00
4841,215,20,33.6,48.63,54.05,3,447,0.5,-5.42,16,3,1,2026-02-18 03:00:00
4842,216,1,97.1,75.0,75.0,1,68,1.0,0.0,1,1,0,2026-01-12 02:00:00
4843,216,2,89.7,97.1,97.1,1,72,1.0,0.0,2,1,0,2026-01-12 12:00:00
4844,216,3,68.2,93.4,93.4,1,79,1.0,0.0,3,2,1,2026-01-12 17:00:00
4845,216,4,95.6,85.0,85.0,1,96,0.0,0.0,4,2,0,2026-01-13 15:00:00
4846,216,5,96.4,84.5,87.65,1,70,1.0,-3.15,5,3,0,2026-01-14 20:00:00
4847,216,5,93.3,86.73,89.4,2,108,1.0,-2.67,6,3,0,2026-01-16 16:00:00
4848,216,6,85.5,95.1,90.05,1,54,1.0,5.05,7,1,0,2026-01-17 21:00:00
4849,216,7,81.5,91.73,89.4,1,66,1.0,2.33,8,2,0,2026-01-19 14:00:00
4850,216,7,89.1,86.77,88.41,2,167,1.0,-1.65,9,2,0,2026-01-20 12:00:00
4851,216,8,85.9,85.37,88.49,1,32,1.0,-3.12,10,2,0,2026-01-21 18:00:00
4852,216,9,58.4,85.5,88.23,1,84,1.0,-2.73,11,3,1,2026-01-22 12:00:00
4853,216,10,47.1,77.8,85.52,1,63,1.0,-7.72,12,2,1,2026-01-23 17:00:00
4854,216,11,93.2,63.8,82.32,1,76,1.0,-18.52,13,1,0,2026-01-25 01:00:00
4855,216,12,87.4,66.23,83.15,1,57,0.5,-16.92,13,2,0,2026-01-26 10:00:00
4856,216,13,63.8,75.9,83.46,1,43,1.0,-7.56,12,2,1,2026-01-27 08:00:00
4857,216,13,77.8,81.47,82.15,2,118,1.0,-0.68,12,2,0,2026-01-28 18:00:00
4858,216,14,98.4,76.33,81.88,1,73,1.0,-5.54,12,3,0,2026-01-30 12:00:00
4859,216,15,77.2,80.0,82.85,1,79,1.0,-2.85,11,2,0,2026-01-31 23:00:00
4860,216,16,95.5,84.47,82.53,1,59,0.5,1.93,12,3,0,2026-02-02 13:00:00
4861,216,16,62.0,90.37,83.22,2,107,0.5,7.15,12,3,1,2026-02-03 01:00:00
4862,216,17,79.8,78.23,82.16,1,30,1.0,-3.92,11,3,0,2026-02-05 00:00:00
4863,217,1,84.0,75.0,75.0,1,106,1.0,0.0,1,1,0,2026-01-07 00:00:00
4864,217,2,85.6,84.0,84.0,1,98,1.0,0.0,2,1,0,2026-01-07 06:00:00
4865,217,3,84.9,84.8,84.8,1,70,1.0,0.0,3,2,0,2026-01-09 02:00:00
4866,217,4,78.3,84.83,84.83,1,79,1.0,0.0,4,2,0,2026-01-09 08:00:00
4867,217,4,87.3,82.93,83.2,2,159,1.0,-0.27,5,2,0,2026-01-10 21:00:00
4868,217,4,76.0,83.5,84.02,3,219,1.0,-0.52,6,2,0,2026-01-11 15:00:00
4869,217,5,72.0,80.53,82.68,1,73,1.0,-2.15,7,3,0,2026-01-12 06:00:00
4870,217,5,64.3,78.43,81.16,2,140,1.0,-2.72,8,3,1,2026-01-13 08:00:00
4871,217,5,32.5,70.77,79.05,3,221,1.0,-8.28,9,3,1,2026-01-15 06:00:00
4872,217,6,90.5,56.27,73.88,1,75,1.0,-17.61,10,1,0,2026-01-16 23:00:00
4873,217,7,45.5,62.43,75.54,1,57,1.0,-13.11,11,2,1,2026-01-18 05:00:00
4874,217,8,79.6,56.17,72.81,1,130,1.0,-16.64,12,2,0,2026-01-19 18:00:00
4875,217,9,88.4,71.87,73.38,1,115,1.0,-1.51,11,3,0,2026-01-21 15:00:00
4876,217,10,30.9,71.17,74.53,1,74,1.0,-3.36,10,2,1,2026-01-23 15:00:00
4877,217,11,89.0,66.3,71.41,1,95,0.5,-5.11,10,1,0,2026-01-25 07:00:00
4878,217,12,70.1,69.43,72.59,1,98,1.0,-3.15,9,2,0,2026-01-26 19:00:00
4879,217,13,94.7,63.33,72.43,1,113,1.0,-9.1,10,2,0,2026-01-27 06:00:00
4880,217,14,46.2,84.6,73.74,1,73,0.5,10.86,10,3,1,2026-01-28 14:00:00
4881,218,1,64.9,75.0,75.0,1,161,1.0,0.0,1,1,1,2026-01-07 12:00:00
4882,218,1,83.1,64.9,64.9,2,290,1.0,0.0,2,1,0,2026-01-08 20:00:00
4883,218,1,37.4,74.0,74.0,3,403,1.0,0.0,3,1,1,2026-01-10 15:00:00
4884,218,2,53.7,61.8,61.8,1,154,1.0,0.0,4,1,1,2026-01-12 04:00:00
4885,218,2,67.1,58.07,59.78,2,319,1.0,-1.71,5,1,1,2026-01-13 22:00:00
4886,218,3,95.2,52.73,61.24,1,191,0.0,-8.51,6,2,0,2026-01-15 03:00:00
4887,218,4,80.7,72.0,66.9,1,116,1.0,5.1,7,2,0,2026-01-16 03:00:00
4888,218,4,41.9,81.0,68.87,2,269,1.0,12.13,8,2,1,2026-01-17 02:00:00
4889,218,5,58.2,72.6,65.5,1,131,1.0,7.1,9,3,1,2026-01-18 18:00:00
4890,218,5,42.6,60.27,64.69,2,286,1.0,-4.42,10,3,1,2026-01-19 04:00:00
4891,218,5,43.7,47.57,62.48,3,396,1.0,-14.91,11,3,1,2026-01-19 22:00:00
4892,218,6,89.8,48.17,60.77,1,114,1.0,-12.61,11,1,0,2026-01-21 19:00:00
4893,218,7,38.9,58.7,63.19,1,124,1.0,-4.49,12,2,1,2026-01-22 03:00:00
4894,218,8,97.7,57.47,61.32,1,141,1.0,-3.86,12,2,0,2026-01-23 10:00:00
4895,218,9,79.0,75.47,63.92,1,127,1.0,11.55,12,3,0,2026-01-25 02:00:00
4896,218,9,43.5,71.87,64.93,2,280,1.0,6.94,13,3,1,2026-01-26 02:00:00
4897,218,9,67.4,73.4,63.59,3,440,1.0,9.81,13,3,1,2026-01-27 12:00:00
4898,218,10,75.0,63.3,63.81,1,151,1.0,-0.51,12,2,0,2026-01-29 08:00:00
4899,218,11,36.4,61.97,64.43,1,172,0.0,-2.47,11,1,1,2026-01-31 06:00:00
4900,218,11,48.5,59.6,62.96,2,320,0.0,-3.36,12,1,1,2026-02-01 10:00:00
4901,218,11,37.2,53.3,62.24,3,435,0.0,-8.93,11,1,1,2026-02-02 16:00:00
4902,218,12,47.7,40.7,61.04,1,167,0.5,-20.34,11,2,1,2026-02-04 02:00:00
4903,218,12,99.7,44.47,60.44,2,294,0.5,-15.97,10,2,0,2026-02-05 15:00:00
4904,218,13,33.6,61.53,62.14,1,158,1.0,-0.61,10,2,1,2026-02-07 07:00:00
4905,218,14,77.2,60.33,60.95,1,171,0.5,-0.62,10,3,0,2026-02-08 12:00:00
4906,218,15,63.6,70.17,61.6,1,149,0.0,8.56,10,2,1,2026-02-09 15:00:00
4907,218,15,65.4,58.13,61.68,2,259,0.0,-3.55,10,2,1,2026-02-11 05:00:00
4908,218,16,39.0,68.73,61.82,1,121,1.0,6.91,11,3,1,2026-02-11 23:00:00
4909,218,17,30.4,56.0,61.0,1,166,0.0,-5.0,11,3,1,2026-02-12 22:00:00
4910,218,17,94.8,44.93,59.95,2,302,0.0,-15.01,11,3,0,2026-02-14 06:00:00
4911,218,17,74.4,54.73,61.11,3,443,0.0,-6.38,12,3,0,2026-02-14 18:00:00
4912,218,18,42.5,66.53,61.54,1,155,0.0,4.99,12,3,1,2026-02-16 00:00:00
4913,218,18,57.3,70.57,60.94,2,308,0.0,9.62,12,3,1,2026-02-17 08:00:00
4914,218,18,64.0,58.07,60.83,3,453,0.0,-2.77,13,3,1,2026-02-17 13:00:00
4915,218,19,67.2,54.6,60.93,1,135,0.5,-6.33,13,2,1,2026-02-18 11:00:00
4916,218,19,76.1,62.83,61.11,2,268,0.5,1.73,14,2,0,2026-02-19 04:00:00
4917,218,19,74.7,69.1,61.52,3,425,0.5,7.58,15,2,0,2026-02-19 10:00:00
4918,218,20,42.4,72.67,61.88,1,151,0.5,10.79,14,3,1,2026-02-21 10:00:00
4919,219,1,72.7,75.0,75.0,1,84,1.0,0.0,1,1,0,2026-01-19 16:00:00
4920,219,2,72.9,72.7,72.7,1,111,1.0,0.0,2,1,0,2026-01-19 22:00:00
4921,219,2,81.3,72.8,72.8,2,198,1.0,0.0,3,1,0,2026-01-21 04:00:00
4922,219,2,79.5,75.63,75.63,3,270,1.0,0.0,4,1,0,2026-01-22 01:00:00
4923,219,3,96.9,77.9,76.6,1,74,1.0,1.3,5,2,0,2026-01-23 05:00:00
4924,219,4,72.4,85.9,80.66,1,70,1.0,5.24,6,2,0,2026-01-24 04:00:00
4925,219,4,61.5,82.93,79.28,2,154,1.0,3.65,7,2,1,2026-01-24 10:00:00
4926,219,4,70.5,76.93,76.74,3,268,1.0,0.19,8,2,0,2026-01-25 08:00:00
4927,219,5,54.9,68.13,75.96,1,73,1.0,-7.83,9,3,1,2026-01-26 20:00:00
4928,219,6,88.8,62.3,73.62,1,93,1.0,-11.32,10,1,0,2026-01-27 01:00:00
4929,219,7,47.2,71.4,75.14,1,76,1.0,-3.74,11,2,1,2026-01-27 14:00:00
4930,219,8,92.3,63.63,72.6,1,84,1.0,-8.97,12,2,0,2026-01-28 06:00:00
4931,219,8,30.6,76.1,74.24,2,143,1.0,1.86,13,2,1,2026-01-28 14:00:00
4932,219,8,75.1,56.7,70.88,3,228,1.0,-14.18,14,2,0,2026-01-30 03:00:00
4933,219,9,77.6,66.0,71.19,1,86,1.0,-5.19,15,3,0,2026-01-31 10:00:00
4934,219,9,73.7,61.1,71.61,2,186,1.0,-10.51,16,3,0,2026-02-02 08:00:00
4935,219,10,32.6,75.47,71.74,1,94,1.0,3.72,15,2,1,2026-02-03 04:00:00
4936,219,11,93.5,61.3,69.44,1,66,0.5,-8.14,16,1,0,2026-02-03 18:00:00
4937,219,12,100.0,66.6,70.78,1,111,1.0,-4.18,15,2,0,2026-02-05 06:00:00
4938,219,13,94.5,75.37,72.32,1,94,1.0,3.05,16,2,0,2026-02-05 10:00:00
4939,219,13,64.0,96.0,73.42,2,187,1.0,22.58,16,2,1,2026-02-06 11:00:00
4940,219,13,35.4,86.17,72.98,3,276,1.0,13.19,16,2,1,2026-02-07 05:00:00
4941,219,14,98.9,64.63,71.27,1,79,0.5,-6.63,16,3,0,2026-02-07 12:00:00
4942,219,15,94.4,66.1,72.47,1,94,1.0,-6.37,16,2,0,2026-02-08 08:00:00
4943,219,16,49.2,76.23,73.38,1,99,1.0,2.85,15,3,1,2026-02-10 07:00:00
4944,219,17,59.4,80.83,72.42,1,55,0.0,8.42,13,3,1,2026-02-11 22:00:00
4945,219,18,41.5,67.67,71.92,1,79,0.0,-4.25,14,3,1,2026-02-12 18:00:00
4946,219,18,50.6,50.03,70.79,2,163,0.0,-20.76,13,3,1,2026-02-14 11:00:00
4947,219,18,50.4,50.5,70.07,3,258,0.0,-19.57,14,3,1,2026-02-15 08:00:00
4948,219,19,76.3,47.5,69.39,1,113,0.5,-21.89,14,2,0,2026-02-16 23:00:00
4949,219,20,57.6,59.1,69.62,1,74,0.5,-10.52,13,3,1,2026-02-17 19:00:00
4950,219,20,49.3,61.43,69.23,2,154,0.5,-7.8,14,3,1,2026-02-18 03:00:00
4951,220,1,57.4,75.0,75.0,1,129,1.0,0.0,1,1,1,2026-02-02 23:00:00
4952,220,2,78.3,57.4,57.4,1,123,0.0,0.0,2,1,0,2026-02-04 09:00:00
4953,220,3,32.3,67.85,67.85,1,133,1.0,0.0,3,2,1,2026-02-05 14:00:00
4954,220,4,50.6,56.0,56.0,1,155,0.0,0.0,4,2,1,2026-02-05 18:00:00
4955,220,4,64.2,53.73,54.65,2,273,0.0,-0.92,5,2,1,2026-02-06 07:00:00
4956,220,4,39.9,49.03,56.56,3,421,0.0,-7.53,6,2,1,2026-02-07 06:00:00
4957,220,5,47.6,51.57,53.78,1,105,0.0,-2.22,7,3,1,2026-02-08 07:00:00
4958,220,5,52.3,50.57,52.9,2,233,0.0,-2.33,8,3,1,2026-02-09 22:00:00
4959,220,5,46.0,46.6,52.82,3,366,0.0,-6.23,9,3,1,2026-02-10 08:00:00
4960,220,6,77.3,48.63,52.07,1,173,1.0,-3.43,10,1,0,2026-02-10 16:00:00
4961,220,6,67.8,58.53,54.59,2,307,1.0,3.94,11,1,1,2026-02-12 11:00:00
4962,220,6,60.4,63.7,55.79,3,402,1.0,7.91,12,1,1,2026-02-13 04:00:00
4963,220,7,51.4,68.5,56.17,1,100,1.0,12.33,13,2,1,2026-02-13 10:00:00
4964,220,7,63.4,59.87,55.81,2,240,1.0,4.06,14,2,1,2026-02-15 04:00:00
4965,220,8,54.0,58.4,56.35,1,152,1.0,2.05,15,2,1,2026-02-16 00:00:00
4966,220,9,56.1,56.27,56.19,1,147,0.0,0.07,16,3,1,2026-02-16 16:00:00
4967,220,9,31.6,57.83,56.19,2,290,0.0,1.65,15,3,1,2026-02-18 09:00:00
4968,220,10,67.7,47.23,54.74,1,163,1.0,-7.51,16,2,1,2026-02-19 10:00:00
4969,220,10,60.9,51.8,55.46,2,292,1.0,-3.66,16,2,1,2026-02-19 16:00:00
4970,220,11,59.1,53.4,55.75,1,157,0.5,-2.35,14,1,1,2026-02-21 06:00:00
4971,220,11,73.3,62.57,55.92,2,264,0.5,6.65,15,1,0,2026-02-21 11:00:00
4972,220,12,58.5,64.43,56.74,1,121,0.5,7.69,16,2,1,2026-02-21 17:00:00
4973,220,13,32.7,63.63,56.82,1,103,0.0,6.81,16,2,1,2026-02-23 15:00:00
4974,220,13,79.6,54.83,55.77,2,237,0.0,-0.94,14,2,0,2026-02-25 08:00:00
4975,220,14,86.1,56.93,56.77,1,139,0.0,0.17,15,3,0,2026-02-25 19:00:00
4976,220,15,62.3,66.13,57.94,1,142,1.0,8.19,16,2,1,2026-02-26 08:00:00
4977,221,1,84.7,75.0,75.0,1,141,1.0,0.0,1,1,0,2026-01-27 11:00:00
4978,221,1,87.3,84.7,84.7,2,262,1.0,0.0,2,1,0,2026-01-29 08:00:00
4979,221,1,85.9,86.0,86.0,3,398,1.0,0.0,3,1,0,2026-01-30 13:00:00
4980,221,2,39.1,85.97,85.97,1,110,1.0,0.0,4,1,1,2026-01-31 05:00:00
4981,221,2,38.1,70.77,74.25,2,277,1.0,-3.48,5,1,1,2026-02-01 14:00:00
4982,221,3,47.4,54.37,67.02,1,133,0.0,-12.65,6,2,1,2026-02-03 01:00:00
4983,221,4,30.1,41.53,63.75,1,130,0.0,-22.22,7,2,1,2026-02-03 22:00:00
4984,221,5,64.4,38.53,58.94,1,171,0.0,-20.41,8,3,1,2026-02-04 11:00:00
4985,221,6,54.2,47.3,59.62,1,115,1.0,-12.32,9,1,1,2026-02-05 19:00:00
4986,221,7,65.8,49.57,59.02,1,117,0.0,-9.46,10,2,1,2026-02-07 10:00:00
4987,221,8,87.7,61.47,59.7,1,118,1.0,1.77,11,2,0,2026-02-08 07:00:00
4988,221,9,62.9,69.23,62.25,1,138,1.0,6.99,12,3,1,2026-02-09 13:00:00
4989,221,10,67.5,72.13,62.3,1,148,1.0,9.83,12,2,1,2026-02-11 04:00:00
4990,221,10,66.3,72.7,62.7,2,302,1.0,10.0,12,2,1,2026-02-12 14:00:00
4991,221,11,53.5,65.57,62.96,1,191,0.0,2.61,12,1,1,2026-02-13 16:00:00
4992,221,12,89.1,62.43,62.33,1,95,0.0,0.11,12,2,0,2026-02-14 21:00:00
4993,221,13,68.1,69.63,64.0,1,152,1.0,5.63,13,2,1,2026-02-15 11:00:00
4994,221,14,35.9,70.23,64.24,1,128,0.5,5.99,13,3,1,2026-02-16 22:00:00
4995,221,14,53.0,64.37,62.67,2,256,0.5,1.7,13,3,1,2026-02-17 11:00:00
4996,221,15,96.2,52.33,62.16,1,127,0.0,-9.82,12,2,0,2026-02-18 11:00:00
4997,221,16,38.4,61.7,63.86,1,121,0.5,-2.16,13,3,1,2026-02-18 16:00:00
4998,221,16,35.4,62.53,62.65,2,294,0.5,-0.11,13,3,1,2026-02-19 22:00:00
4999,221,16,42.4,56.67,61.41,3,450,0.5,-4.74,14,3,1,2026-02-20 11:00:00
5000,221,17,69.7,38.73,60.58,1,140,0.0,-21.85,14,3,1,2026-02-21 11:00:00
5001,221,18,50.4,49.17,60.96,1,167,0.0,-11.8,14,3,1,2026-02-22 20:00:00
5002,221,18,30.9,54.17,60.54,2,276,0.0,-6.37,14,3,1,2026-02-23 13:00:00
5003,222,1,71.9,75.0,75.0,1,63,1.0,0.0,1,1,0,2026-02-01 15:00:00
5004,222,2,36.2,71.9,71.9,1,46,1.0,0.0,2,1,1,2026-02-02 00:00:00
5005,222,3,41.4,54.05,54.05,1,76,0.0,0.0,3,2,1,2026-02-03 05:00:00
5006,222,4,56.0,49.83,49.83,1,93,0.0,0.0,4,2,1,2026-02-03 19:00:00
5007,222,5,50.0,44.53,51.38,1,92,0.0,-6.84,5,3,1,2026-02-04 09:00:00
5008,222,6,39.6,49.13,51.1,1,92,1.0,-1.97,6,1,1,2026-02-06 00:00:00
5009,222,7,94.2,48.53,49.18,1,61,0.0,-0.65,7,2,0,2026-02-06 18:00:00
5010,222,8,73.6,61.27,55.61,1,106,1.0,5.65,8,2,0,2026-02-08 00:00:00
5011,222,9,36.2,69.13,57.86,1,94,1.0,11.27,9,3,1,2026-02-09 03:00:00
5012,222,10,73.8,68.0,55.46,1,104,1.0,12.54,10,2,0,2026-02-10 00:00:00
5013,222,11,89.7,61.2,57.29,1,52,0.5,3.91,11,1,0,2026-02-11 14:00:00
5014,222,11,39.8,66.57,60.24,2,148,0.5,6.33,12,1,1,2026-02-12 03:00:00
5015,222,11,80.0,67.77,58.53,3,214,0.5,9.23,13,1,0,2026-02-13 07:00:00
5016,222,12,33.0,69.83,60.18,1,82,0.5,9.65,14,2,1,2026-02-15 07:00:00
5017,222,12,80.0,50.93,58.24,2,182,0.5,-7.31,13,2,0,2026-02-16 20:00:00
5018,222,13,43.3,64.33,59.69,1,91,1.0,4.64,13,2,1,2026-02-17 16:00:00
5019,222,14,98.1,52.1,58.67,1,72,1.0,-6.57,13,3,0,2026-02-18 06:00:00
5020,222,15,62.1,73.8,60.99,1,90,1.0,12.81,13,2,1,2026-02-18 19:00:00
5021,223,1,60.9,75.0,75.0,1,30,1.0,0.0,1,1,1,2026-01-27 20:00:00
5022,223,2,73.2,60.9,60.9,1,83,0.0,0.0,2,1,0,2026-01-28 17:00:00
5023,223,3,86.7,67.05,67.05,1,55,1.0,0.0,3,2,0,2026-01-28 23:00:00
5024,223,4,97.5,73.6,73.6,1,82,1.0,0.0,4,2,0,2026-01-30 14:00:00
5025,223,4,84.6,85.8,79.58,2,131,1.0,6.22,5,2,0,2026-01-31 19:00:00
5026,223,5,86.3,89.6,80.58,1,49,1.0,9.02,6,3,0,2026-02-01 00:00:00
5027,223,6,78.0,89.47,81.53,1,44,1.0,7.93,7,1,0,2026-02-01 06:00:00
5028,223,6,71.0,82.97,81.03,2,121,1.0,1.94,8,1,0,2026-02-01 11:00:00
5029,223,6,99.4,78.43,79.77,3,166,1.0,-1.34,9,1,0,2026-02-01 18:00:00
5030,223,7,94.1,82.8,81.96,1,72,1.0,0.84,10,2,0,2026-02-03 16:00:00
5031,223,8,91.0,88.17,83.17,1,52,1.0,5.0,11,2,0,2026-02-04 00:00:00
5032,223,9,65.1,94.83,83.88,1,30,1.0,10.95,12,3,1,2026-02-04 14:00:00
5033,223,10,90.6,83.4,82.32,1,48,1.0,1.08,13,2,0,2026-02-05 01:00:00
5034,223,11,94.5,82.23,82.95,1,36,1.0,-0.72,14,1,0,2026-02-05 15:00:00
5035,223,12,88.0,83.4,83.78,1,60,0.5,-0.38,15,2,0,2026-02-07 15:00:00
5036,224,1,95.3,75.0,75.0,1,66,1.0,0.0,1,1,0,2026-01-16 18:00:00
5037,224,2,96.2,95.3,95.3,1,108,1.0,0.0,2,1,0,2026-01-18 05:00:00
5038,224,3,70.7,95.75,95.75,1,88,1.0,0.0,3,2,0,2026-01-20 01:00:00
5039,224,3,85.0,87.4,87.4,2,174,1.0,0.0,4,2,0,2026-01-21 00:00:00
5040,224,3,78.1,83.97,86.8,3,277,1.0,-2.83,5,2,0,2026-01-22 21:00:00
5041,224,4,96.6,77.93,85.06,1,109,1.0,-7.13,6,2,0,2026-01-23 21:00:00
5042,224,4,69.6,86.57,86.98,2,198,1.0,-0.42,7,2,1,2026-01-25 07:00:00
5043,224,4,75.6,81.43,84.5,3,272,1.0,-3.07,8,2,0,2026-01-26 03:00:00
5044,224,5,79.6,80.6,83.39,1,54,1.0,-2.79,9,3,0,2026-01-27 06:00:00
5045,224,6,77.4,74.93,82.97,1,76,1.0,-8.03,10,1,0,2026-01-28 18:00:00
5046,224,7,48.9,77.53,82.41,1,77,1.0,-4.88,11,2,1,2026-01-29 07:00:00
5047,224,7,35.0,68.63,79.36,2,169,1.0,-10.73,11,2,1,2026-01-30 21:00:00
5048,224,8,81.1,53.77,75.67,1,83,1.0,-21.9,11,2,0,2026-02-01 16:00:00
5049,224,9,82.4,55.0,76.08,1,103,1.0,-21.08,12,3,0,2026-02-02 06:00:00
5050,224,10,76.2,66.17,76.54,1,77,1.0,-10.37,12,2,0,2026-02-03 02:00:00
5051,224,11,61.1,79.9,76.51,1,88,0.5,3.39,12,1,1,2026-02-04 17:00:00
5052,224,12,95.8,73.23,75.55,1,113,0.5,-2.32,12,2,0,2026-02-06 05:00:00
5053,225,1,97.4,75.0,75.0,1,96,1.0,0.0,1,1,0,2026-01-22 22:00:00
5054,225,2,80.9,97.4,97.4,1,88,1.0,0.0,2,1,0,2026-01-24 07:00:00
5055,225,3,72.2,89.15,89.15,1,77,1.0,0.0,3,2,0,2026-01-26 07:00:00
5056,225,3,34.9,83.5,83.5,2,154,1.0,0.0,4,2,1,2026-01-27 02:00:00
5057,225,4,82.7,62.67,71.35,1,72,1.0,-8.68,5,2,0,2026-01-28 22:00:00
5058,225,4,55.8,63.27,73.62,2,151,1.0,-10.35,6,2,1,2026-01-29 18:00:00
5059,225,4,96.2,57.8,70.65,3,256,1.0,-12.85,7,2,0,2026-01-30 04:00:00
5060,225,5,36.9,78.23,74.3,1,85,1.0,3.93,8,3,1,2026-01-31 13:00:00
5061,225,6,60.0,62.97,69.62,1,63,1.0,-6.66,9,1,1,2026-02-01 23:00:00
5062,225,7,76.4,64.37,68.56,1,125,0.0,-4.19,10,2,0,2026-02-02 12:00:00
5063,225,7,96.6,57.77,69.34,2,221,0.0,-11.57,11,2,0,2026-02-03 08:00:00
5064,225,8,90.2,77.67,71.82,1,61,1.0,5.85,12,2,0,2026-02-04 04:00:00
5065,225,9,98.1,87.73,73.35,1,81,1.0,14.38,13,3,0,2026-02-04 19:00:00
5066,225,9,39.1,94.97,75.25,2,173,1.0,19.71,13,3,1,2026-02-06 02:00:00
5067,225,10,85.2,75.8,72.67,1,124,1.0,3.13,13,2,0,2026-02-07 13:00:00
5068,225,10,61.8,74.13,73.51,2,191,1.0,0.63,14,2,1,2026-02-07 18:00:00
5069,225,10,96.5,62.03,72.78,3,300,1.0,-10.74,14,2,0,2026-02-09 18:00:00
5070,225,11,32.2,81.17,74.17,1,117,1.0,7.0,14,1,1,2026-02-11 02:00:00
5071,225,11,80.2,63.5,71.84,2,194,1.0,-8.34,13,1,0,2026-02-12 19:00:00
5072,225,12,82.6,69.63,72.28,1,84,1.0,-2.65,13,2,0,2026-02-14 01:00:00
5073,225,12,99.6,65.0,72.8,2,153,1.0,-7.8,13,2,0,2026-02-14 23:00:00
5074,225,13,83.0,87.47,74.07,1,85,1.0,13.4,12,2,0,2026-02-16 15:00:00
5075,225,14,41.6,88.4,74.48,1,89,1.0,13.92,12,3,1,2026-02-17 15:00:00
5076,225,14,99.2,74.73,73.05,2,192,1.0,1.69,11,3,0,2026-02-19 08:00:00
5077,225,14,98.6,74.6,74.14,3,303,1.0,0.46,11,3,0,2026-02-20 16:00:00
5078,225,15,82.7,79.8,75.12,1,75,1.0,4.68,10,2,0,2026-02-22 03:00:00
5079,225,16,52.5,93.5,75.41,1,50,1.0,18.09,11,3,1,2026-02-23 01:00:00
5080,225,16,58.2,77.93,74.56,2,139,1.0,3.37,11,3,1,2026-02-24 10:00:00
5081,226,1,70.9,75.0,75.0,1,65,1.0,0.0,1,1,0,2026-01-02 11:00:00
5082,226,2,81.9,70.9,70.9,1,64,1.0,0.0,2,1,0,2026-01-03 17:00:00
5083,226,3,87.5,76.4,76.4,1,53,1.0,0.0,3,2,0,2026-01-04 03:00:00
5084,226,4,78.0,80.1,80.1,1,62,1.0,0.0,4,2,0,2026-01-04 07:00:00
5085,226,5,49.3,82.47,79.58,1,90,1.0,2.89,5,3,1,2026-01-04 21:00:00
5086,226,6,73.9,71.6,73.52,1,67,1.0,-1.92,6,1,0,2026-01-05 23:00:00
5087,226,6,43.8,67.07,73.58,2,119,1.0,-6.52,7,1,1,2026-01-06 05:00:00
5088,226,7,64.5,55.67,69.33,1,49,1.0,-13.66,8,2,1,2026-01-06 20:00:00
5089,226,8,90.3,60.73,68.72,1,56,1.0,-7.99,9,2,0,2026-01-08 03:00:00
5090,226,9,95.0,66.2,71.12,1,92,1.0,-4.92,10,3,0,2026-01-08 15:00:00
5091,226,10,88.0,83.27,73.51,1,56,1.0,9.76,11,2,0,2026-01-10 12:00:00
5092,226,11,96.0,91.1,74.83,1,59,0.5,16.27,12,1,0,2026-01-12 11:00:00
5093,226,12,77.9,93.0,76.59,1,50,1.0,16.41,13,2,0,2026-01-12 17:00:00
5094,226,12,84.9,87.3,76.69,2,131,1.0,10.61,14,2,0,2026-01-13 23:00:00
5095,226,12,65.8,86.27,77.28,3,230,1.0,8.99,15,2,1,2026-01-14 12:00:00
5096,226,13,82.7,76.2,76.51,1,69,1.0,-0.31,16,2,0,2026-01-15 06:00:00
5097,226,14,75.9,77.8,76.9,1,61,0.5,0.9,17,3,0,2026-01-15 19:00:00
5098,226,15,96.7,74.8,76.84,1,60,1.0,-2.04,17,2,0,2026-01-17 03:00:00
5099,226,16,59.8,85.1,77.94,1,30,1.0,7.16,15,3,1,2026-01-18 18:00:00
5100,226,17,83.8,77.47,76.99,1,74,0.0,0.48,13,3,0,2026-01-20 12:00:00
5101,226,18,33.5,80.1,77.33,1,62,0.0,2.77,13,3,1,2026-01-21 03:00:00
5102,227,1,95.8,75.0,75.0,1,118,1.0,0.0,1,1,0,2026-01-29 16:00:00
5103,227,2,31.5,95.8,95.8,1,95,1.0,0.0,2,1,1,2026-01-31 09:00:00
5104,227,3,32.5,63.65,63.65,1,102,0.0,0.0,3,2,1,2026-02-01 02:00:00
5105,227,3,34.7,53.27,53.27,2,203,0.0,0.0,4,2,1,2026-02-01 15:00:00
5106,227,4,59.6,32.9,48.62,1,130,0.0,-15.73,5,2,1,2026-02-03 03:00:00
5107,227,5,44.5,42.27,50.82,1,102,0.0,-8.55,6,3,1,2026-02-03 20:00:00
5108,227,6,97.9,46.27,49.77,1,151,1.0,-3.5,7,1,0,2026-02-05 14:00:00
5109,227,7,83.8,67.33,56.64,1,118,1.0,10.69,8,2,0,2026-02-07 04:00:00
5110,227,8,99.6,75.4,60.04,1,84,1.0,15.36,9,2,0,2026-02-07 10:00:00
5111,227,8,43.0,93.77,64.43,2,191,1.0,29.33,10,2,1,2026-02-09 04:00:00
5112,227,8,73.8,75.47,62.29,3,287,1.0,13.18,11,2,0,2026-02-09 08:00:00
5113,227,9,52.8,72.13,63.34,1,66,1.0,8.8,12,3,1,2026-02-09 20:00:00
5114,227,10,41.5,56.53,62.46,1,141,1.0,-5.92,13,2,1,2026-02-11 10:00:00
5115,227,11,91.0,56.03,60.85,1,124,0.5,-4.81,13,1,0,2026-02-12 23:00:00
5116,227,12,48.9,61.77,63.0,1,120,0.5,-1.23,14,2,1,2026-02-14 05:00:00
5117,227,13,44.4,60.47,62.06,1,113,0.0,-1.59,14,2,1,2026-02-14 23:00:00
5118,228,1,90.0,75.0,75.0,1,62,1.0,0.0,1,1,0,2026-01-06 16:00:00
5119,228,1,44.2,90.0,90.0,2,142,1.0,0.0,2,1,1,2026-01-07 10:00:00
5120,228,2,97.2,67.1,67.1,1,106,1.0,0.0,3,1,0,2026-01-08 02:00:00
5121,228,3,63.9,77.13,77.13,1,68,1.0,0.0,4,2,1,2026-01-09 15:00:00
5122,228,4,65.8,68.43,73.82,1,39,0.0,-5.39,5,2,1,2026-01-11 00:00:00
5123,228,5,86.4,75.63,72.22,1,85,0.0,3.41,6,3,0,2026-01-12 23:00:00
5124,228,5,62.7,72.03,74.58,2,172,0.0,-2.55,7,3,1,2026-01-14 04:00:00
5125,228,6,85.9,71.63,72.89,1,92,1.0,-1.25,8,1,0,2026-01-16 01:00:00
5126,228,7,49.4,78.33,74.51,1,104,1.0,3.82,9,2,1,2026-01-18 00:00:00
5127,228,8,94.3,66.0,71.72,1,102,1.0,-5.72,10,2,0,2026-01-18 17:00:00
5128,228,9,39.7,76.53,73.98,1,95,1.0,2.55,11,3,1,2026-01-19 21:00:00
5129,228,9,92.3,61.13,70.86,2,208,1.0,-9.73,11,3,0,2026-01-21 05:00:00
5130,228,10,96.0,75.43,72.65,1,59,1.0,2.78,11,2,0,2026-01-21 18:00:00
5131,229,1,84.5,75.0,75.0,1,150,1.0,0.0,1,1,0,2026-01-05 04:00:00
5132,229,1,32.0,84.5,84.5,2,302,1.0,0.0,2,1,1,2026-01-06 02:00:00
5133,229,2,60.0,58.25,58.25,1,115,1.0,0.0,3,1,1,2026-01-06 22:00:00
5134,229,3,98.5,58.83,58.83,1,109,0.0,0.0,4,2,0,2026-01-07 06:00:00
5135,229,4,59.6,63.5,68.75,1,125,1.0,-5.25,5,2,1,2026-01-08 22:00:00
5136,229,5,39.3,72.7,66.92,1,126,0.0,5.78,6,3,1,2026-01-10 09:00:00
5137,229,5,51.1,65.8,62.32,2,281,0.0,3.48,7,3,1,2026-01-12 04:00:00
5138,229,6,66.0,50.0,60.71,1,127,1.0,-10.71,8,1,1,2026-01-14 03:00:00
5139,229,6,89.0,52.13,61.38,2,249,1.0,-9.24,9,1,0,2026-01-14 22:00:00
5140,229,6,58.8,68.7,64.44,3,376,1.0,4.26,10,1,1,2026-01-15 18:00:00
5141,229,7,84.3,71.27,63.88,1,162,1.0,7.39,11,2,0,2026-01-17 04:00:00
5142,229,7,74.2,77.37,65.74,2,302,1.0,11.63,12,2,0,2026-01-19 00:00:00
5143,229,8,86.4,72.43,66.44,1,136,1.0,5.99,11,2,0,2026-01-20 19:00:00
5144,229,9,38.8,81.63,67.98,1,137,1.0,13.66,10,3,1,2026-01-22 09:00:00
5145,229,9,31.1,66.47,65.89,2,302,1.0,0.57,11,3,1,2026-01-22 15:00:00
5146,229,9,44.0,52.1,63.57,3,427,1.0,-11.47,12,3,1,2026-01-22 19:00:00
5147,229,10,87.0,37.97,62.35,1,166,1.0,-24.38,12,2,0,2026-01-23 01:00:00
5148,229,10,41.6,54.03,63.8,2,310,1.0,-9.77,13,2,1,2026-01-24 00:00:00
5149,229,11,96.5,57.53,62.57,1,136,0.5,-5.03,13,1,0,2026-01-24 18:00:00
5150,229,12,48.8,75.03,64.35,1,190,0.5,10.68,14,2,1,2026-01-25 21:00:00
5151,229,13,34.8,62.3,63.57,1,118,0.0,-1.27,14,2,1,2026-01-26 12:00:00
5152,229,13,60.5,60.03,62.2,2,250,0.0,-2.17,15,2,1,2026-01-27 23:00:00
5153,229,13,35.8,48.03,62.13,3,365,0.0,-14.09,13,2,1,2026-01-29 20:00:00
5154,229,14,48.7,43.7,60.98,1,159,0.5,-17.28,14,3,1,2026-01-30 03:00:00
5155,229,15,56.2,48.33,60.47,1,173,1.0,-12.14,15,2,1,2026-01-30 08:00:00
5156,229,15,61.6,46.9,60.3,2,346,1.0,-13.4,15,2,1,2026-01-31 09:00:00
5157,229,16,36.3,55.5,60.35,1,164,0.0,-4.85,16,3,1,2026-01-31 21:00:00
5158,229,16,83.2,51.37,59.46,2,300,0.0,-8.09,17,3,0,2026-02-01 06:00:00
5159,229,17,43.8,60.37,60.31,1,132,1.0,0.06,17,3,1,2026-02-02 14:00:00
5160,229,18,34.8,54.43,59.74,1,106,1.0,-5.3,18,3,1,2026-02-03 16:00:00
5161,229,18,63.5,53.93,58.91,2,286,1.0,-4.97,18,3,1,2026-02-04 09:00:00
5162,229,18,42.6,47.37,59.05,3,435,1.0,-11.69,19,3,1,2026-02-05 06:00:00
5163,229,19,58.4,46.97,58.54,1,130,1.0,-11.57,19,2,1,2026-02-05 10:00:00
5164,229,19,43.5,54.83,58.54,2,296,1.0,-3.7,17,2,1,2026-02-06 02:00:00
5165,230,1,59.6,75.0,75.0,1,70,1.0,0.0,1,1,1,2026-01-23 06:00:00
5166,230,1,46.3,59.6,59.6,2,168,1.0,0.0,2,1,1,2026-01-23 22:00:00
5167,230,2,77.3,52.95,52.95,1,86,0.0,0.0,3,1,0,2026-01-24 22:00:00
5168,230,3,96.3,61.07,61.07,1,102,1.0,0.0,4,2,0,2026-01-25 16:00:00
5169,230,3,58.9,73.3,69.88,2,190,1.0,3.42,5,2,1,2026-01-26 14:00:00
5170,230,4,47.0,77.5,67.68,1,60,1.0,9.82,6,2,1,2026-01-26 18:00:00
5171,230,5,57.3,67.4,64.23,1,91,0.0,3.17,7,3,1,2026-01-28 00:00:00
5172,230,6,76.0,54.4,63.24,1,110,1.0,-8.84,8,1,0,2026-01-29 07:00:00
5173,230,7,81.1,60.1,64.84,1,89,1.0,-4.74,9,2,0,2026-01-30 12:00:00
5174,230,8,70.1,71.47,66.64,1,105,1.0,4.82,10,2,0,2026-01-31 10:00:00
5175,230,8,99.3,75.73,66.99,2,174,1.0,8.74,11,2,0,2026-02-02 08:00:00
5176,230,9,31.0,83.5,69.93,1,89,1.0,13.57,12,3,1,2026-02-03 20:00:00
5177,230,9,76.3,66.8,66.68,2,166,1.0,0.12,13,3,0,2026-02-05 09:00:00
5178,230,9,55.1,68.87,67.42,3,270,1.0,1.44,13,3,1,2026-02-06 12:00:00
5179,230,10,71.8,54.13,66.54,1,90,1.0,-12.41,13,2,0,2026-02-07 10:00:00
5180,230,11,82.8,67.73,66.89,1,103,1.0,0.84,12,1,0,2026-02-08 23:00:00
5181,230,12,78.5,69.9,67.89,1,111,1.0,2.01,13,2,0,2026-02-09 08:00:00
5182,230,12,31.8,77.7,68.51,2,214,1.0,9.19,11,2,1,2026-02-11 06:00:00
5183,230,13,35.5,64.37,66.47,1,95,1.0,-2.11,11,2,1,2026-02-13 03:00:00
5184,231,1,88.2,75.0,75.0,1,120,1.0,0.0,1,1,0,2026-01-29 21:00:00
5185,231,2,55.9,88.2,88.2,1,139,1.0,0.0,2,1,1,2026-01-31 21:00:00
5186,231,3,49.4,72.05,72.05,1,129,0.0,0.0,3,2,1,2026-02-01 14:00:00
5187,231,4,91.9,64.5,64.5,1,133,0.0,0.0,4,2,0,2026-02-03 01:00:00
5188,231,5,78.2,65.73,71.35,1,132,1.0,-5.62,5,3,0,2026-02-04 23:00:00
5189,231,5,54.2,73.17,72.72,2,252,1.0,0.45,6,3,1,2026-02-06 23:00:00
5190,231,5,66.2,74.77,69.63,3,352,1.0,5.13,7,3,1,2026-02-08 01:00:00
5191,231,6,51.7,66.2,69.14,1,126,1.0,-2.94,8,1,1,2026-02-09 16:00:00
5192,231,6,79.5,57.37,66.96,2,269,1.0,-9.6,9,1,0,2026-02-11 12:00:00
5193,231,6,92.2,65.8,68.36,3,382,1.0,-2.56,9,1,0,2026-02-13 04:00:00
5194,231,7,65.4,74.47,70.74,1,140,1.0,3.73,10,2,1,2026-02-14 16:00:00
5195,231,7,88.8,79.03,70.25,2,318,1.0,8.78,10,2,0,2026-02-14 21:00:00
5196,231,7,51.9,82.13,71.8,3,478,1.0,10.33,11,2,1,2026-02-15 07:00:00
5197,231,8,36.1,68.7,70.27,1,172,1.0,-1.57,11,2,1,2026-02-16 13:00:00
5198,231,9,53.7,58.93,67.83,1,147,0.0,-8.9,11,3,1,2026-02-17 01:00:00
5199,231,10,49.9,47.23,66.89,1,163,1.0,-19.65,12,2,1,2026-02-18 18:00:00
5200,231,11,54.6,46.57,65.82,1,125,0.5,-19.26,12,1,1,2026-02-20 10:00:00
5201,231,11,33.6,52.73,65.16,2,252,0.5,-12.43,12,1,1,2026-02-21 04:00:00
5202,231,11,78.3,46.03,63.41,3,337,0.5,-17.38,12,1,0,2026-02-22 11:00:00
5203,231,12,43.3,55.5,64.19,1,163,0.5,-8.69,13,2,1,2026-02-22 20:00:00
5204,231,12,47.2,51.73,63.15,2,333,0.5,-11.42,14,2,1,2026-02-23 06:00:00
5205,231,13,46.5,56.27,62.39,1,128,0.0,-6.12,14,2,1,2026-02-25 00:00:00
5206,231,14,61.8,45.67,61.67,1,134,0.5,-16.0,14,3,1,2026-02-26 23:00:00
5207,231,14,40.1,51.83,61.67,2,258,0.5,-9.84,14,3,1,2026-02-28 08:00:00
5208,231,14,75.7,49.47,60.78,3,405,0.5,-11.31,14,3,0,2026-02-28 20:00:00
5209,231,15,75.2,59.2,61.37,1,162,1.0,-2.17,13,2,0,2026-03-01 10:00:00
5210,231,15,90.3,63.67,61.9,2,267,1.0,1.76,13,2,0,2026-03-02 21:00:00
5211,231,15,75.1,80.4,62.96,3,415,1.0,17.44,13,2,0,2026-03-03 18:00:00
5212,231,16,33.4,80.2,63.39,1,134,0.0,16.81,13,3,1,2026-03-04 20:00:00
5213,231,16,38.3,66.27,62.36,2,276,0.0,3.91,14,3,1,2026-03-05 09:00:00
5214,231,17,44.0,48.93,61.55,1,149,0.0,-12.62,15,3,1,2026-03-05 13:00:00
5215,231,18,50.1,38.57,60.99,1,136,0.0,-22.42,15,3,1,2026-03-06 18:00:00
5216,231,18,66.8,44.13,60.65,2,273,0.0,-16.51,14,3,1,2026-03-08 15:00:00
5217,231,19,71.0,53.63,60.83,1,135,0.5,-7.2,13,2,0,2026-03-09 07:00:00
5218,232,1,77.4,75.0,75.0,1,109,1.0,0.0,1,1,0,2026-01-13 10:00:00
5219,232,2,83.4,77.4,77.4,1,98,1.0,0.0,2,1,0,2026-01-14 16:00:00
5220,232,3,64.3,80.4,80.4,1,94,1.0,0.0,3,2,1,2026-01-16 04:00:00
5221,232,4,53.3,75.03,75.03,1,64,0.0,0.0,4,2,1,2026-01-17 13:00:00
5222,232,4,61.4,67.0,69.6,2,146,0.0,-2.6,5,2,1,2026-01-19 07:00:00
5223,232,4,49.7,59.67,67.96,3,253,0.0,-8.29,6,2,1,2026-01-20 09:00:00
5224,232,5,43.2,54.8,64.92,1,90,0.0,-10.12,7,3,1,2026-01-20 13:00:00
5225,232,5,60.5,51.43,61.81,2,193,0.0,-10.38,8,3,1,2026-01-22 10:00:00
5226,232,5,91.4,51.13,61.65,3,318,0.0,-10.52,9,3,0,2026-01-23 15:00:00
5227,232,6,97.5,65.03,64.96,1,110,1.0,0.08,10,1,0,2026-01-24 10:00:00
5228,232,7,73.2,83.13,68.21,1,91,1.0,14.92,11,2,0,2026-01-24 20:00:00
5229,232,7,82.7,87.37,68.66,2,170,1.0,18.7,12,2,0,2026-01-25 00:00:00
5230,232,7,85.9,84.47,69.83,3,208,1.0,14.63,13,2,0,2026-01-26 18:00:00
5231,232,8,52.5,80.6,71.07,1,86,1.0,9.53,12,2,1,2026-01-28 16:00:00
5232,232,9,53.1,73.7,69.74,1,83,0.0,3.96,13,3,1,2026-01-29 01:00:00
5233,232,10,75.5,63.83,68.63,1,97,1.0,-4.8,13,2,0,2026-01-30 13:00:00
5234,232,11,99.7,60.37,69.06,1,86,1.0,-8.7,14,1,0,2026-01-31 02:00:00
5235,232,12,74.3,76.1,70.86,1,83,0.5,5.24,14,2,0,2026-02-01 22:00:00
5236,232,13,34.0,83.17,71.06,1,54,1.0,12.11,14,2,1,2026-02-03 05:00:00
5237,232,14,31.3,69.33,69.11,1,71,1.0,0.23,14,3,1,2026-02-03 12:00:00
5238,232,15,74.1,46.53,67.22,1,99,1.0,-20.68,14,2,0,2026-02-05 09:00:00
5239,232,16,46.9,46.47,67.54,1,124,0.5,-21.08,14,3,1,2026-02-06 00:00:00
5240,232,16,38.6,50.77,66.6,2,212,0.5,-15.84,15,3,1,2026-02-06 07:00:00
5241,232,17,71.3,53.2,65.39,1,96,0.0,-12.19,15,3,0,2026-02-06 21:00:00
5242,232,17,68.8,52.27,65.63,2,205,0.0,-13.37,16,3,1,2026-02-07 04:00:00
5243,232,17,37.8,59.57,65.76,3,278,0.0,-6.19,15,3,1,2026-02-07 20:00:00
5244,233,1,81.9,75.0,75.0,1,97,1.0,0.0,1,1,0,2026-01-14 22:00:00
5245,233,1,89.6,81.9,81.9,2,172,1.0,0.0,2,1,0,2026-01-16 18:00:00
5246,233,1,65.6,85.75,85.75,3,279,1.0,0.0,3,1,1,2026-01-18 06:00:00
5247,233,2,75.0,79.03,79.03,1,93,1.0,0.0,4,1,0,2026-01-18 20:00:00
5248,233,3,87.2,76.73,78.03,1,95,1.0,-1.29,5,2,0,2026-01-19 13:00:00
5249,233,4,57.0,75.93,79.86,1,74,1.0,-3.93,6,2,1,2026-01-21 06:00:00
5250,233,5,50.2,73.07,76.05,1,104,0.0,-2.98,7,3,1,2026-01-22 01:00:00
5251,233,6,94.4,64.8,72.36,1,131,1.0,-7.56,8,1,0,2026-01-22 08:00:00
5252,233,7,88.0,67.2,75.11,1,69,1.0,-7.91,9,2,0,2026-01-23 13:00:00
5253,233,8,55.9,77.53,76.54,1,83,1.0,0.99,10,2,1,2026-01-25 09:00:00
5254,233,9,49.9,79.43,74.48,1,94,0.0,4.95,11,3,1,2026-01-25 13:00:00
5255,233,10,33.8,64.6,72.25,1,105,1.0,-7.65,12,2,1,2026-01-26 21:00:00
5256,233,11,75.8,46.53,69.04,1,78,1.0,-22.51,13,1,0,2026-01-28 09:00:00
5257,233,12,73.5,53.17,69.56,1,33,0.5,-16.39,13,2,0,2026-01-29 15:00:00
5258,233,13,95.5,61.03,69.84,1,117,1.0,-8.81,14,2,0,2026-01-30 15:00:00
5259,233,14,33.1,81.6,71.55,1,105,1.0,10.05,13,3,1,2026-02-01 14:00:00
5260,233,15,81.4,67.37,69.15,1,55,1.0,-1.78,13,2,0,2026-02-02 08:00:00
5261,234,1,90.7,75.0,75.0,1,77,1.0,0.0,1,1,0,2026-01-13 08:00:00
5262,234,2,73.3,90.7,90.7,1,121,1.0,0.0,2,1,0,2026-01-13 14:00:00
5263,234,3,94.9,82.0,82.0,1,118,1.0,0.0,3,2,0,2026-01-13 18:00:00
5264,234,4,82.5,86.3,86.3,1,108,1.0,0.0,4,2,0,2026-01-14 20:00:00
5265,234,4,94.0,83.57,85.35,2,194,1.0,-1.78,5,2,0,2026-01-15 23:00:00
5266,234,4,89.6,90.47,87.08,3,285,1.0,3.39,6,2,0,2026-01-16 19:00:00
5267,234,5,32.2,88.7,87.5,1,87,1.0,1.2,7,3,1,2026-01-18 05:00:00
5268,234,5,78.8,71.93,79.6,2,199,1.0,-7.67,8,3,0,2026-01-19 12:00:00
5269,234,6,79.0,66.87,79.5,1,72,1.0,-12.63,9,1,0,2026-01-20 10:00:00
5270,234,7,64.5,63.33,79.44,1,73,1.0,-16.11,10,2,1,2026-01-20 22:00:00
5271,234,8,42.6,74.1,77.95,1,110,1.0,-3.85,11,2,1,2026-01-22 03:00:00
5272,234,9,34.6,62.03,74.74,1,89,0.0,-12.7,12,3,1,2026-01-23 21:00:00
5273,234,9,42.7,47.23,71.39,2,206,0.0,-24.16,13,3,1,2026-01-25 07:00:00
5274,234,9,77.9,39.97,69.18,3,282,0.0,-29.22,14,3,0,2026-01-26 03:00:00
5275,234,10,68.5,51.73,69.81,1,88,1.0,-18.07,15,2,1,2026-01-27 06:00:00
5276,234,11,48.8,63.03,69.72,1,71,0.5,-6.69,14,1,1,2026-01-27 14:00:00
5277,234,11,30.0,65.07,68.41,2,161,0.5,-3.35,13,1,1,2026-01-29 06:00:00
5278,234,12,94.4,49.1,66.15,1,60,0.5,-17.05,13,2,0,2026-01-30 08:00:00
5279,234,12,61.7,57.73,67.72,2,140,0.5,-9.99,13,2,1,2026-01-30 19:00:00
5280,234,12,73.1,62.03,67.41,3,201,0.5,-5.37,14,2,0,2026-02-01 04:00:00
5281,234,13,72.7,76.4,67.69,1,103,1.0,8.71,13,2,0,2026-02-02 18:00:00
5282,235,1,95.2,75.0,75.0,1,74,1.0,0.0,1,1,0,2026-02-02 04:00:00
5283,235,2,66.3,95.2,95.2,1,30,1.0,0.0,2,1,1,2026-02-04 01:00:00
5284,235,3,98.8,80.75,80.75,1,86,0.0,0.0,3,2,0,2026-02-05 09:00:00
5285,235,4,75.2,86.77,86.77,1,109,1.0,0.0,4,2,0,2026-02-06 06:00:00
5286,235,5,67.6,80.1,83.88,1,60,1.0,-3.77,5,3,1,2026-02-07 04:00:00
5287,235,6,96.8,80.53,80.62,1,47,1.0,-0.09,6,1,0,2026-02-07 11:00:00
5288,235,7,71.6,79.87,83.32,1,116,1.0,-3.45,7,2,0,2026-02-08 23:00:00
5289,235,8,97.6,78.67,81.64,1,33,1.0,-2.98,8,2,0,2026-02-09 12:00:00
5290,235,9,92.8,88.67,83.64,1,60,1.0,5.03,9,3,0,2026-02-10 08:00:00
5291,235,10,71.0,87.33,84.66,1,63,1.0,2.68,10,2,0,2026-02-11 08:00:00
5292,235,11,76.7,87.13,83.29,1,86,0.5,3.84,11,1,0,2026-02-13 05:00:00
5293,235,12,90.5,80.17,82.69,1,67,1.0,-2.52,12,2,0,2026-02-15 01:00:00
5294,235,13,83.6,79.4,83.34,1,50,1.0,-3.94,12,2,0,2026-02-17 00:00:00
5295,235,14,90.9,83.6,83.36,1,40,1.0,0.24,13,3,0,2026-02-17 04:00:00
5296,235,15,76.7,88.33,83.9,1,53,1.0,4.43,14,2,0,2026-02-17 23:00:00
5297,236,1,93.2,75.0,75.0,1,119,1.0,0.0,1,1,0,2026-01-23 22:00:00
5298,236,2,70.1,93.2,93.2,1,140,1.0,0.0,2,1,0,2026-01-24 05:00:00
5299,236,2,92.4,81.65,81.65,2,268,1.0,0.0,3,1,0,2026-01-24 10:00:00
5300,236,3,59.4,85.23,85.23,1,110,1.0,0.0,4,2,1,2026-01-25 07:00:00
5301,236,3,93.6,73.97,78.78,2,275,1.0,-4.81,5,2,0,2026-01-25 12:00:00
5302,236,4,78.0,81.8,81.74,1,130,1.0,0.06,6,2,0,2026-01-27 00:00:00
5303,236,5,54.2,77.0,81.12,1,114,1.0,-4.12,7,3,1,2026-01-27 17:00:00
5304,236,6,31.4,75.27,77.27,1,136,1.0,-2.0,8,1,1,2026-01-28 19:00:00
5305,236,7,51.3,54.53,71.54,1,141,0.0,-17.0,9,2,1,2026-01-29 00:00:00
5306,236,7,33.6,45.63,69.29,2,246,0.0,-23.66,10,2,1,2026-01-30 12:00:00
5307,236,7,53.2,38.77,65.72,3,392,0.0,-26.95,11,2,1,2026-01-30 23:00:00
5308,236,8,81.7,46.03,64.58,1,119,1.0,-18.55,12,2,0,2026-01-31 08:00:00
5309,236,9,75.2,56.17,66.01,1,174,1.0,-9.84,13,3,0,2026-02-01 15:00:00
5310,236,9,93.7,70.03,66.72,2,324,1.0,3.32,14,3,0,2026-02-02 00:00:00
5311,236,10,40.1,83.53,68.64,1,132,1.0,14.89,15,2,1,2026-02-04 00:00:00
5312,236,11,77.2,69.67,66.74,1,125,0.5,2.93,16,1,0,2026-02-04 06:00:00
5313,236,12,41.5,70.33,67.39,1,137,1.0,2.94,17,2,1,2026-02-06 01:00:00
5314,236,13,64.7,52.93,65.87,1,152,0.0,-12.94,17,2,1,2026-02-07 02:00:00
5315,236,14,49.7,61.13,65.81,1,139,0.0,-4.67,14,3,1,2026-02-09 01:00:00
5316,236,14,37.3,51.97,64.96,2,274,0.0,-12.99,15,3,1,2026-02-09 23:00:00
5317,236,14,38.9,50.57,63.58,3,415,0.0,-13.01,14,3,1,2026-02-11 01:00:00
5318,236,15,33.4,41.97,62.4,1,127,1.0,-20.43,15,2,1,2026-02-11 13:00:00
5319,236,16,34.3,36.53,61.08,1,133,0.5,-24.55,14,3,1,2026-02-13 10:00:00
5320,236,17,46.2,35.53,59.92,1,98,0.0,-24.38,13,3,1,2026-02-14 01:00:00
5321,236,18,35.6,37.97,59.35,1,159,0.0,-21.38,13,3,1,2026-02-14 11:00:00
5322,236,18,66.2,38.7,58.4,2,304,0.0,-19.7,14,3,1,2026-02-15 05:00:00
5323,236,18,42.8,49.33,58.7,3,428,0.0,-9.36,13,3,1,2026-02-16 00:00:00
5324,236,19,53.3,48.2,58.11,1,177,0.5,-9.91,14,2,1,2026-02-17 16:00:00
5325,236,19,68.9,54.1,57.94,2,318,0.5,-3.84,15,2,1,2026-02-17 20:00:00
5326,236,19,36.8,55.0,58.31,3,437,0.5,-3.31,14,2,1,2026-02-18 13:00:00
5327,237,1,85.5,75.0,75.0,1,107,1.0,0.0,1,1,0,2026-01-28 04:00:00
5328,237,2,63.6,85.5,85.5,1,97,1.0,0.0,2,1,1,2026-01-28 12:00:00
5329,237,3,75.9,74.55,74.55,1,97,0.0,0.0,3,2,0,2026-01-29 07:00:00
5330,237,4,76.7,75.0,75.0,1,81,1.0,0.0,4,2,0,2026-01-30 21:00:00
5331,237,5,81.0,72.07,75.42,1,99,1.0,-3.36,5,3,0,2026-01-31 11:00:00
5332,237,5,30.6,77.87,76.54,2,183,1.0,1.33,6,3,1,2026-02-01 22:00:00
5333,237,6,52.0,62.77,68.88,1,101,1.0,-6.12,7,1,1,2026-02-02 15:00:00
5334,237,7,39.3,54.53,66.47,1,51,0.0,-11.94,8,2,1,2026-02-04 07:00:00
5335,237,8,99.3,40.63,63.08,1,81,1.0,-22.44,9,2,0,2026-02-05 18:00:00
5336,237,9,81.1,63.53,67.1,1,124,1.0,-3.57,10,3,0,2026-02-07 03:00:00
5337,237,10,47.8,73.23,68.5,1,74,1.0,4.73,11,2,1,2026-02-07 20:00:00
5338,237,11,57.9,76.07,66.62,1,77,0.0,9.45,12,1,1,2026-02-09 17:00:00
5339,237,12,69.5,62.27,65.89,1,81,0.5,-3.63,13,2,1,2026-02-10 02:00:00
5340,237,12,77.3,58.4,66.17,2,146,0.5,-7.77,14,2,0,2026-02-10 20:00:00
5341,237,12,39.2,68.23,66.96,3,191,0.5,1.27,13,2,1,2026-02-11 16:00:00
5342,237,13,82.4,62.0,65.11,1,85,1.0,-3.11,13,2,0,2026-02-13 13:00:00
5343,237,13,97.6,66.3,66.19,2,177,1.0,0.11,14,2,0,2026-02-13 17:00:00
5344,237,13,72.9,73.07,68.04,3,265,1.0,5.03,13,2,0,2026-02-15 03:00:00
5345,237,14,40.8,84.3,68.31,1,87,0.5,15.99,13,3,1,2026-02-16 02:00:00
5346,237,15,67.7,70.43,66.86,1,90,0.0,3.57,14,2,1,2026-02-16 09:00:00
5347,237,15,97.5,60.47,66.9,2,200,0.0,-6.44,14,2,0,2026-02-17 03:00:00
5348,237,16,49.0,68.67,68.36,1,86,1.0,0.3,15,3,1,2026-02-17 09:00:00
5349,237,16,58.0,71.4,67.48,2,164,1.0,3.92,15,3,1,2026-02-18 09:00:00
5350,237,16,61.5,68.17,67.07,3,248,1.0,1.1,15,3,1,2026-02-20 03:00:00
5351,237,17,61.1,56.17,66.84,1,101,0.0,-10.67,14,3,1,2026-02-22 03:00:00
5352,237,17,31.3,60.2,66.61,2,219,0.0,-6.41,15,3,1,2026-02-23 01:00:00
5353,237,18,56.6,51.3,65.25,1,77,0.0,-13.95,14,3,1,2026-02-24 04:00:00
5354,238,1,94.0,75.0,75.0,1,61,1.0,0.0,1,1,0,2026-01-09 05:00:00
5355,238,2,95.9,94.0,94.0,1,66,1.0,0.0,2,1,0,2026-01-09 23:00:00
5356,238,3,87.1,94.95,94.95,1,40,1.0,0.0,3,2,0,2026-01-11 19:00:00
5357,238,4,30.5,92.33,92.33,1,60,1.0,0.0,4,2,1,2026-01-11 23:00:00
5358,238,5,83.9,71.17,76.88,1,30,0.0,-5.71,5,3,0,2026-01-13 01:00:00
5359,238,6,80.8,67.17,78.28,1,30,1.0,-11.11,6,1,0,2026-01-14 09:00:00
5360,238,7,74.0,65.07,78.7,1,67,1.0,-13.63,7,2,0,2026-01-15 07:00:00
5361,238,8,79.9,79.57,78.03,1,52,1.0,1.54,8,2,0,2026-01-17 07:00:00
5362,238,9,89.7,78.23,78.26,1,64,1.0,-0.03,9,3,0,2026-01-18 09:00:00
5363,238,9,70.7,81.2,79.53,2,123,1.0,1.67,10,3,0,2026-01-20 01:00:00
5364,238,10,77.7,80.1,78.65,1,40,1.0,1.45,11,2,0,2026-01-20 09:00:00
5365,239,1,63.2,75.0,75.0,1,89,1.0,0.0,1,1,1,2026-01-21 16:00:00
5366,239,2,73.6,63.2,63.2,1,65,0.0,0.0,2,1,0,2026-01-22 06:00:00
5367,239,3,85.3,68.4,68.4,1,117,1.0,0.0,3,2,0,2026-01-23 10:00:00
5368,239,4,97.1,74.03,74.03,1,62,1.0,0.0,4,2,0,2026-01-25 07:00:00
5369,239,5,32.7,85.33,79.8,1,86,1.0,5.53,5,3,1,2026-01-26 19:00:00
5370,239,6,93.0,71.7,70.38,1,69,1.0,1.32,6,1,0,2026-01-28 18:00:00
5371,239,7,95.8,74.27,74.15,1,101,1.0,0.12,7,2,0,2026-01-30 10:00:00
5372,239,7,79.3,73.83,77.24,2,184,1.0,-3.41,8,2,0,2026-01-30 14:00:00
5373,239,8,95.3,89.37,77.5,1,79,1.0,11.87,9,2,0,2026-01-31 12:00:00
5374,239,9,56.9,90.13,79.48,1,107,1.0,10.66,10,3,1,2026-02-01 17:00:00
5375,239,9,76.2,77.17,77.22,2,197,1.0,-0.05,11,3,0,2026-02-03 09:00:00
5376,239,10,86.1,76.13,77.13,1,100,1.0,-0.99,11,2,0,2026-02-05 01:00:00
5377,239,11,94.2,73.07,77.88,1,70,1.0,-4.81,11,1,0,2026-02-06 00:00:00
5378,239,12,73.6,85.5,79.13,1,61,1.0,6.37,11,2,0,2026-02-07 19:00:00
5379,239,12,35.0,84.63,78.74,2,153,1.0,5.9,11,2,1,2026-02-08 23:00:00
5380,239,12,87.4,67.6,75.82,3,236,1.0,-8.22,11,2,0,2026-02-10 07:00:00
5381,239,13,88.9,65.33,76.54,1,102,1.0,-11.21,11,2,0,2026-02-11 23:00:00
5382,239,14,62.9,70.43,77.27,1,88,1.0,-6.84,10,3,1,2026-02-13 16:00:00
5383,239,14,78.3,79.73,76.47,2,182,1.0,3.26,10,3,0,2026-02-15 14:00:00
5384,239,14,80.7,76.7,76.57,3,239,1.0,0.13,10,3,0,2026-02-16 01:00:00
5385,239,15,44.4,73.97,76.78,1,127,1.0,-2.81,11,2,1,2026-02-16 06:00:00
5386,239,15,94.9,67.8,75.23,2,213,1.0,-7.43,12,2,0,2026-02-17 04:00:00
5387,239,15,81.7,73.33,76.13,3,316,1.0,-2.79,12,2,0,2026-02-18 04:00:00
5388,239,16,92.0,73.67,76.37,1,73,1.0,-2.7,12,3,0,2026-02-19 01:00:00
5389,239,16,77.3,89.53,77.02,2,169,1.0,12.51,12,3,0,2026-02-21 00:00:00
5390,239,16,69.2,83.67,77.03,3,232,1.0,6.63,13,3,1,2026-02-21 04:00:00
5391,239,17,48.8,79.5,76.73,1,99,1.0,2.77,13,3,1,2026-02-22 14:00:00
5392,239,18,49.9,65.1,75.7,1,82,1.0,-10.6,13,3,1,2026-02-24 02:00:00
5393,239,19,82.3,55.97,74.77,1,90,1.0,-18.81,13,2,0,2026-02-25 07:00:00
5394,239,19,83.9,60.33,75.03,2,193,1.0,-14.7,13,2,0,2026-02-27 03:00:00
5395,239,20,80.8,72.03,75.33,1,65,1.0,-3.3,13,3,0,2026-02-28 01:00:00
5396,239,20,47.3,82.33,75.51,2,141,1.0,6.83,14,3,1,2026-03-01 06:00:00
5397,239,20,40.2,70.67,74.62,3,240,1.0,-3.96,12,3,1,2026-03-02 15:00:00
5398,240,1,81.7,75.0,75.0,1,101,1.0,0.0,1,1,0,2026-01-10 08:00:00
5399,240,2,80.3,81.7,81.7,1,57,1.0,0.0,2,1,0,2026-01-11 09:00:00
5400,240,3,88.7,81.0,81.0,1,71,1.0,0.0,3,2,0,2026-01-12 22:00:00
5401,240,4,76.5,83.57,83.57,1,57,1.0,0.0,4,2,0,2026-01-14 11:00:00
5402,240,5,75.3,81.83,81.8,1,98,1.0,0.03,5,3,0,2026-01-15 21:00:00
5403,240,6,72.7,80.17,80.5,1,30,1.0,-0.33,6,1,0,2026-01-16 07:00:00
5404,240,7,95.4,74.83,79.2,1,61,1.0,-4.37,7,2,0,2026-01-18 07:00:00
5405,240,8,88.0,81.13,81.51,1,30,1.0,-0.38,8,2,0,2026-01-19 22:00:00
5406,240,9,56.1,85.37,82.32,1,30,1.0,3.04,9,3,1,2026-01-20 08:00:00
5407,240,10,81.5,79.83,79.41,1,65,1.0,0.42,10,2,0,2026-01-21 11:00:00
5408,240,11,41.6,75.2,79.62,1,62,1.0,-4.42,11,1,1,2026-01-23 03:00:00
5409,240,12,51.1,59.73,76.16,1,54,0.0,-16.43,12,2,1,2026-01-24 01:00:00
5410,240,12,39.6,58.07,74.08,2,111,0.0,-16.01,11,2,1,2026-01-25 11:00:00
5411,240,12,99.4,44.1,71.42,3,232,0.0,-27.32,12,2,0,2026-01-26 06:00:00
5412,240,13,53.0,63.37,73.42,1,54,1.0,-10.05,13,2,1,2026-01-26 15:00:00
5413,240,14,82.7,64.0,72.06,1,70,1.0,-8.06,13,3,0,2026-01-27 17:00:00
5414,240,14,90.3,78.37,72.72,2,117,1.0,5.64,13,3,0,2026-01-29 14:00:00
5415,241,1,60.4,75.0,75.0,1,115,1.0,0.0,1,1,1,2026-01-07 15:00:00
5416,241,2,33.2,60.4,60.4,1,105,0.0,0.0,2,1,1,2026-01-08 12:00:00
5417,241,2,84.6,46.8,46.8,2,206,0.0,0.0,3,1,0,2026-01-09 20:00:00
5418,241,2,88.5,59.4,59.4,3,352,0.0,0.0,4,1,0,2026-01-11 10:00:00
5419,241,3,88.6,68.77,66.68,1,133,1.0,2.09,5,2,0,2026-01-13 04:00:00
5420,241,4,33.0,87.23,71.06,1,112,1.0,16.17,6,2,1,2026-01-14 04:00:00
5421,241,5,34.1,70.03,64.72,1,63,0.0,5.32,7,3,1,2026-01-14 08:00:00
5422,241,5,57.5,51.9,60.34,2,165,0.0,-8.44,8,3,1,2026-01-15 05:00:00
5423,241,5,51.1,41.53,59.99,3,329,0.0,-18.45,9,3,1,2026-01-16 12:00:00
5424,241,6,76.3,47.57,59.0,1,105,1.0,-11.43,10,1,0,2026-01-16 17:00:00
5425,241,6,73.4,61.63,60.73,2,237,1.0,0.9,11,1,0,2026-01-17 02:00:00
5426,241,7,33.7,66.93,61.88,1,138,1.0,5.05,12,2,1,2026-01-17 20:00:00
5427,241,8,57.7,61.13,59.53,1,114,1.0,1.6,13,2,1,2026-01-18 04:00:00
5428,241,8,98.5,54.93,59.39,2,207,1.0,-4.46,14,2,0,2026-01-19 12:00:00
5429,241,8,58.2,63.3,62.19,3,268,1.0,1.11,15,2,1,2026-01-20 03:00:00
5430,241,9,55.3,71.47,61.92,1,123,1.0,9.55,15,3,1,2026-01-21 21:00:00
5431,241,10,94.0,70.67,61.51,1,93,1.0,9.16,16,2,0,2026-01-22 11:00:00
5432,241,10,30.6,69.17,63.42,2,206,1.0,5.75,15,2,1,2026-01-24 10:00:00
5433,241,11,67.0,59.97,61.59,1,85,0.5,-1.63,15,1,1,2026-01-26 10:00:00
5434,241,12,91.7,63.87,61.88,1,104,0.0,1.99,15,2,0,2026-01-27 05:00:00
5435,241,12,58.4,63.1,63.37,2,214,0.0,-0.27,16,2,1,2026-01-27 13:00:00
5436,242,1,79.8,75.0,75.0,1,115,1.0,0.0,1,1,0,2026-01-02 11:00:00
5437,242,2,37.6,79.8,79.8,1,87,1.0,0.0,2,1,1,2026-01-03 16:00:00
5438,242,3,32.0,58.7,58.7,1,133,0.0,0.0,3,2,1,2026-01-05 10:00:00
5439,242,3,42.6,49.8,49.8,2,231,0.0,0.0,4,2,1,2026-01-06 11:00:00
5440,242,4,65.0,37.4,48.0,1,76,0.0,-10.6,5,2,1,2026-01-06 18:00:00
5441,242,4,60.3,46.53,51.4,2,183,0.0,-4.87,6,2,1,2026-01-07 05:00:00
5442,242,5,73.5,55.97,52.88,1,110,0.0,3.08,7,3,0,2026-01-08 16:00:00
5443,242,6,90.1,66.27,55.83,1,113,1.0,10.44,8,1,0,2026-01-09 00:00:00
5444,242,7,98.7,74.63,60.11,1,137,1.0,14.52,9,2,0,2026-01-10 15:00:00
5445,242,8,41.1,87.43,64.4,1,105,1.0,23.03,10,2,1,2026-01-11 14:00:00
5446,242,9,32.4,76.63,62.07,1,107,0.0,14.56,11,3,1,2026-01-11 19:00:00
5447,242,9,39.1,57.4,59.37,2,194,0.0,-1.97,12,3,1,2026-01-12 20:00:00
5448,242,9,65.2,37.53,57.68,3,320,0.0,-20.15,13,3,1,2026-01-14 02:00:00
5449,242,10,77.6,45.57,58.26,1,113,1.0,-12.69,14,2,0,2026-01-14 08:00:00
5450,242,10,97.2,60.63,59.64,2,214,1.0,0.99,15,2,0,2026-01-15 06:00:00
5451,242,11,82.9,80.0,62.15,1,71,0.5,17.85,15,1,0,2026-01-17 03:00:00
5452,242,12,53.8,85.9,63.44,1,138,0.5,22.46,15,2,1,2026-01-19 01:00:00
5453,242,13,73.6,77.97,62.88,1,85,0.0,15.09,16,2,0,2026-01-19 08:00:00
5454,242,14,48.2,70.1,63.47,1,98,0.5,6.63,13,3,1,2026-01-21 08:00:00
5455,242,15,78.5,58.53,62.67,1,117,1.0,-4.14,14,2,0,2026-01-22 04:00:00
5456,242,15,88.8,66.77,63.46,2,203,1.0,3.31,13,2,0,2026-01-23 11:00:00
5457,242,15,73.9,71.83,64.67,3,283,1.0,7.17,13,2,0,2026-01-24 18:00:00
5458,243,1,70.3,75.0,75.0,1,67,1.0,0.0,1,1,0,2026-01-15 11:00:00
5459,243,2,54.8,70.3,70.3,1,124,1.0,0.0,2,1,1,2026-01-16 02:00:00
5460,243,3,85.7,62.55,62.55,1,99,0.0,0.0,3,2,0,2026-01-18 02:00:00
5461,243,3,43.8,70.27,70.27,2,267,0.0,0.0,4,2,1,2026-01-20 01:00:00
5462,243,4,51.3,61.43,63.65,1,90,1.0,-2.22,5,2,1,2026-01-21 18:00:00
5463,243,4,36.6,60.27,61.18,2,181,1.0,-0.91,6,2,1,2026-01-22 09:00:00
5464,243,5,51.5,43.9,57.08,1,98,0.0,-13.18,7,3,1,2026-01-22 13:00:00
5465,243,5,72.1,46.47,56.29,2,212,0.0,-9.82,8,3,0,2026-01-24 11:00:00
5466,243,5,45.9,53.4,58.26,3,312,0.0,-4.86,9,3,1,2026-01-24 18:00:00
5467,243,6,54.8,56.5,56.89,1,122,1.0,-0.39,10,1,1,2026-01-25 20:00:00
5468,243,6,60.1,57.6,56.68,2,212,1.0,0.92,11,1,1,2026-01-27 04:00:00
5469,243,6,94.2,53.6,56.99,3,294,1.0,-3.39,12,1,0,2026-01-28 20:00:00
5470,243,7,95.9,69.7,60.09,1,74,1.0,9.61,12,2,0,2026-01-29 23:00:00
5471,243,8,96.2,83.4,62.85,1,65,1.0,20.55,12,2,0,2026-01-30 12:00:00
5472,243,8,78.0,95.43,65.23,2,164,1.0,30.2,13,2,0,2026-01-30 17:00:00
5473,243,8,62.8,90.03,66.08,3,267,1.0,23.95,13,2,1,2026-02-01 02:00:00
5474,243,9,65.6,79.0,65.88,1,97,1.0,13.12,14,3,1,2026-02-02 22:00:00
5475,243,10,69.6,68.8,65.86,1,134,1.0,2.94,14,2,1,2026-02-03 20:00:00
5476,243,11,94.4,66.0,66.07,1,134,0.5,-0.07,15,1,0,2026-02-04 03:00:00
5477,243,12,45.3,76.53,67.56,1,103,0.5,8.98,13,2,1,2026-02-05 14:00:00
5478,243,12,30.2,69.77,66.44,2,177,0.5,3.32,14,2,1,2026-02-06 17:00:00
5479,243,12,67.8,56.63,64.72,3,275,0.5,-8.09,15,2,1,2026-02-07 00:00:00
5480,243,13,30.9,47.77,64.86,1,98,0.0,-17.09,13,2,1,2026-02-08 21:00:00
5481,244,1,88.9,75.0,75.0,1,76,1.0,0.0,1,1,0,2026-01-13 07:00:00
5482,244,2,76.3,88.9,88.9,1,76,1.0,0.0,2,1,0,2026-01-14 08:00:00
5483,244,2,75.4,82.6,82.6,2,152,1.0,0.0,3,1,0,2026-01-14 12:00:00
5484,244,3,80.3,80.2,80.2,1,82,1.0,0.0,4,2,0,2026-01-14 16:00:00
5485,244,4,79.6,77.33,80.22,1,77,1.0,-2.89,5,2,0,2026-01-16 06:00:00
5486,244,5,83.1,78.43,80.1,1,94,1.0,-1.67,6,3,0,2026-01-16 15:00:00
5487,244,6,99.5,81.0,80.6,1,97,1.0,0.4,7,1,0,2026-01-17 18:00:00
5488,244,7,72.8,87.4,83.3,1,71,1.0,4.1,8,2,0,2026-01-17 23:00:00
5489,244,8,69.0,85.13,81.99,1,115,1.0,3.15,9,2,1,2026-01-19 19:00:00
5490,244,9,36.1,80.43,80.54,1,70,0.0,-0.11,10,3,1,2026-01-20 12:00:00
5491,244,10,76.8,59.3,76.1,1,57,1.0,-16.8,11,2,0,2026-01-22 05:00:00
5492,244,11,76.1,60.63,76.16,1,97,1.0,-15.53,12,1,0,2026-01-23 08:00:00
5493,244,12,74.5,63.0,76.16,1,73,0.5,-13.16,13,2,0,2026-01-23 14:00:00
5494,244,13,51.4,75.8,76.03,1,96,1.0,-0.23,14,2,1,2026-01-24 02:00:00
5495,245,1,99.0,75.0,75.0,1,30,1.0,0.0,1,1,0,2026-01-04 07:00:00
5496,245,2,68.9,99.0,99.0,1,87,1.0,0.0,2,1,1,2026-01-06 07:00:00
5497,245,2,81.0,83.95,83.95,2,160,1.0,0.0,3,1,0,2026-01-07 22:00:00
5498,245,3,67.1,82.97,82.97,1,30,1.0,0.0,4,2,1,2026-01-08 16:00:00
5499,245,4,39.6,72.33,79.0,1,30,0.0,-6.67,5,2,1,2026-01-09 22:00:00
5500,245,5,76.7,62.57,71.12,1,93,0.0,-8.55,6,3,0,2026-01-10 15:00:00
5501,245,6,93.1,61.13,72.05,1,45,1.0,-10.92,7,1,0,2026-01-12 07:00:00
5502,245,7,70.2,69.8,75.06,1,43,1.0,-5.26,8,2,0,2026-01-13 18:00:00
5503,245,8,84.0,80.0,74.45,1,30,1.0,5.55,9,2,0,2026-01-15 01:00:00
5504,245,8,83.9,82.43,75.51,2,82,1.0,6.92,10,2,0,2026-01-15 07:00:00
5505,245,9,80.7,79.37,76.35,1,55,1.0,3.02,11,3,0,2026-01-16 13:00:00
5506,245,10,96.5,82.87,76.75,1,74,1.0,6.12,12,2,0,2026-01-17 02:00:00
5507,245,11,71.5,87.03,78.39,1,32,1.0,8.64,13,1,0,2026-01-18 00:00:00
5508,245,12,89.8,82.9,77.86,1,30,1.0,5.04,14,2,0,2026-01-18 04:00:00
5509,245,13,89.5,85.93,78.71,1,69,1.0,7.22,14,2,0,2026-01-20 03:00:00
5510,245,14,96.5,83.6,79.43,1,80,1.0,4.17,14,3,0,2026-01-20 07:00:00
5511,246,1,79.3,75.0,75.0,1,78,1.0,0.0,1,1,0,2026-01-18 11:00:00
5512,246,2,70.7,79.3,79.3,1,131,1.0,0.0,2,1,0,2026-01-19 11:00:00
5513,246,3,90.0,75.0,75.0,1,110,1.0,0.0,3,2,0,2026-01-21 07:00:00
5514,246,4,51.2,80.0,80.0,1,131,1.0,0.0,4,2,1,2026-01-21 13:00:00
5515,246,5,51.2,70.63,72.8,1,108,0.0,-2.17,5,3,1,2026-01-22 09:00:00
5516,246,5,77.6,64.13,68.48,2,167,0.0,-4.35,6,3,0,2026-01-23 23:00:00
5517,246,5,55.3,60.0,70.0,3,273,0.0,-10.0,7,3,1,2026-01-25 08:00:00
5518,246,6,91.1,61.37,67.9,1,131,1.0,-6.53,8,1,0,2026-01-27 08:00:00
5519,246,6,89.2,74.67,70.8,2,223,1.0,3.87,9,1,0,2026-01-27 15:00:00
5520,246,6,89.2,78.53,72.84,3,325,1.0,5.69,10,1,0,2026-01-29 14:00:00
5521,246,7,66.8,89.83,74.48,1,106,1.0,15.35,11,2,1,2026-01-30 22:00:00
5522,246,8,92.0,81.73,73.78,1,52,1.0,7.95,12,2,0,2026-01-31 08:00:00
5523,246,9,67.9,82.67,75.3,1,143,1.0,7.37,13,3,1,2026-02-01 08:00:00
5524,246,10,75.0,75.57,74.73,1,91,1.0,0.84,13,2,0,2026-02-01 16:00:00
5525,246,11,68.5,78.3,74.75,1,120,0.5,3.55,13,1,1,2026-02-03 10:00:00
5526,247,1,94.2,75.0,75.0,1,88,1.0,0.0,1,1,0,2026-01-25 08:00:00
5527,247,2,66.8,94.2,94.2,1,115,1.0,0.0,2,1,1,2026-01-26 07:00:00
5528,247,3,43.2,80.5,80.5,1,98,0.0,0.0,3,2,1,2026-01-26 11:00:00
5529,247,4,49.4,68.07,68.07,1,85,0.0,0.0,4,2,1,2026-01-28 05:00:00
5530,247,5,42.0,53.13,63.4,1,72,0.0,-10.27,5,3,1,2026-01-29 06:00:00
5531,247,6,87.2,44.87,59.12,1,105,1.0,-14.25,6,1,0,2026-01-29 21:00:00
5532,247,7,90.0,59.53,63.8,1,52,1.0,-4.27,7,2,0,2026-01-30 18:00:00
5533,247,8,67.0,73.07,67.54,1,102,1.0,5.52,8,2,1,2026-02-01 02:00:00
5534,247,9,62.1,81.4,67.47,1,68,0.0,13.92,9,3,1,2026-02-01 21:00:00
5535,247,10,59.5,73.03,66.88,1,115,1.0,6.16,10,2,1,2026-02-03 04:00:00
5536,247,10,80.8,62.87,66.14,2,208,1.0,-3.27,11,2,0,2026-02-03 13:00:00
5537,247,11,89.6,67.47,67.47,1,102,0.5,-0.01,12,1,0,2026-02-04 12:00:00
5538,247,12,81.0,76.63,69.32,1,91,0.5,7.32,13,2,0,2026-02-05 22:00:00
5539,247,13,78.6,83.8,70.22,1,54,1.0,13.58,14,2,0,2026-02-07 05:00:00
5540,247,14,52.6,83.07,70.81,1,72,1.0,12.25,14,3,1,2026-02-08 23:00:00
5541,247,15,53.7,70.73,69.6,1,103,1.0,1.13,13,2,1,2026-02-10 01:00:00
5542,247,16,84.2,61.63,68.61,1,93,0.5,-6.97,14,3,0,2026-02-10 07:00:00
5543,247,17,94.7,63.5,69.52,1,113,1.0,-6.02,13,3,0,2026-02-12 07:00:00
5544,247,17,90.2,77.53,70.92,2,211,1.0,6.61,14,3,0,2026-02-12 19:00:00
5545,247,17,37.9,89.7,71.94,3,281,1.0,17.76,13,3,1,2026-02-14 18:00:00
5546,248,1,31.8,75.0,75.0,1,94,1.0,0.0,1,1,1,2026-01-07 16:00:00
5547,248,1,46.1,31.8,31.8,2,206,1.0,0.0,2,1,1,2026-01-09 06:00:00
5548,248,2,98.5,38.95,38.95,1,63,0.0,0.0,3,1,0,2026-01-09 19:00:00
5549,248,3,87.3,58.8,58.8,1,143,1.0,0.0,4,2,0,2026-01-10 14:00:00
5550,248,3,56.9,77.3,65.92,2,261,1.0,11.38,5,2,1,2026-01-11 02:00:00
5551,248,4,40.5,80.9,64.12,1,134,1.0,16.78,6,2,1,2026-01-12 13:00:00
5552,248,5,69.2,61.57,60.18,1,78,0.0,1.38,7,3,1,2026-01-13 05:00:00
5553,248,5,65.9,55.53,61.47,2,212,0.0,-5.94,8,3,1,2026-01-14 07:00:00
5554,248,6,56.9,58.53,62.03,1,154,1.0,-3.49,9,1,1,2026-01-15 03:00:00
5555,248,7,95.9,64.0,61.46,1,83,0.0,2.54,10,2,0,2026-01-15 21:00:00
5556,248,8,48.3,72.9,64.9,1,125,1.0,8.0,11,2,1,2026-01-17 15:00:00
5557,248,9,42.3,67.03,63.39,1,110,0.0,3.64,12,3,1,2026-01-18 04:00:00
5558,248,10,41.3,62.17,61.63,1,79,1.0,0.53,13,2,1,2026-01-20 04:00:00
5559,248,10,35.2,43.97,60.07,2,198,1.0,-16.1,14,2,1,2026-01-21 14:00:00
5560,248,11,93.2,39.6,58.29,1,126,1.0,-18.69,14,1,0,2026-01-23 02:00:00
5561,248,12,87.9,56.57,60.62,1,97,0.5,-4.05,14,2,0,2026-01-23 10:00:00
5562,248,12,36.6,72.1,62.32,2,230,0.5,9.78,14,2,1,2026-01-24 01:00:00
5563,248,12,35.2,72.57,60.81,3,306,0.5,11.75,13,2,1,2026-01-25 05:00:00
5564,248,13,32.0,53.23,59.39,1,80,1.0,-6.16,13,2,1,2026-01-26 15:00:00
5565,248,13,80.3,34.6,57.95,2,192,1.0,-23.35,12,2,0,2026-01-28 08:00:00
5566,248,13,44.4,49.17,59.06,3,302,1.0,-9.9,11,2,1,2026-01-30 00:00:00
5567,248,14,69.7,52.23,58.37,1,95,1.0,-6.13,12,3,1,2026-01-30 11:00:00
5568,248,14,91.5,64.8,58.88,2,221,1.0,5.92,13,3,0,2026-01-31 07:00:00
5569,248,15,98.2,68.53,60.3,1,120,1.0,8.23,12,2,0,2026-02-02 04:00:00
5570,249,1,93.5,75.0,75.0,1,127,1.0,0.0,1,1,0,2026-01-21 08:00:00
5571,249,2,34.9,93.5,93.5,1,107,1.0,0.0,2,1,1,2026-01-23 08:00:00
5572,249,3,36.1,64.2,64.2,1,122,0.0,0.0,3,2,1,2026-01-24 13:00:00
5573,249,4,60.6,54.83,54.83,1,101,0.0,0.0,4,2,1,2026-01-26 01:00:00
5574,249,4,95.7,43.87,56.28,2,252,0.0,-12.41,5,2,0,2026-01-27 12:00:00
5575,249,4,58.8,64.13,64.16,3,345,0.0,-0.03,6,2,1,2026-01-28 15:00:00
5576,249,5,67.2,71.7,63.27,1,152,1.0,8.43,7,3,1,2026-01-29 23:00:00
5577,249,6,49.8,73.9,63.83,1,110,1.0,10.07,8,1,1,2026-01-30 03:00:00
5578,249,7,61.6,58.6,62.08,1,82,0.0,-3.48,9,2,1,2026-01-31 15:00:00
5579,249,8,91.0,59.53,62.02,1,137,1.0,-2.49,10,2,0,2026-02-02 13:00:00
5580,249,8,63.3,67.47,64.92,2,249,1.0,2.55,11,2,1,2026-02-04 06:00:00
5581,249,9,73.2,71.97,64.77,1,127,1.0,7.19,11,3,0,2026-02-05 09:00:00
5582,249,9,58.7,75.83,65.48,2,261,1.0,10.36,11,3,1,2026-02-06 12:00:00
5583,249,10,97.5,65.07,64.95,1,116,1.0,0.11,12,2,0,2026-02-06 22:00:00
5584,249,11,47.8,76.47,67.28,1,98,0.0,9.19,12,1,1,2026-02-08 08:00:00
5585,249,12,76.1,68.0,65.98,1,129,0.5,2.02,12,2,0,2026-02-09 02:00:00
5586,249,13,79.0,73.8,66.61,1,110,1.0,7.19,12,2,0,2026-02-11 00:00:00
5587,250,1,45.1,75.0,75.0,1,153,1.0,0.0,1,1,1,2026-01-16 10:00:00
5588,250,1,62.0,45.1,45.1,2,249,1.0,0.0,2,1,1,2026-01-16 21:00:00
5589,250,1,89.9,53.55,53.55,3,397,1.0,0.0,3,1,0,2026-01-18 10:00:00
5590,250,2,44.0,65.67,65.67,1,127,1.0,0.0,4,1,1,2026-01-18 17:00:00
5591,250,2,56.0,65.3,60.25,2,300,1.0,5.05,5,1,1,2026-01-19 11:00:00
5592,250,3,45.3,63.3,59.4,1,152,0.0,3.9,6,2,1,2026-01-20 22:00:00
5593,250,4,96.1,48.43,57.05,1,144,0.0,-8.62,7,2,0,2026-01-22 21:00:00
5594,250,4,37.1,65.8,62.63,2,293,0.0,3.17,8,2,1,2026-01-24 01:00:00
5595,250,4,92.4,59.5,59.44,3,413,0.0,0.06,9,2,0,2026-01-24 17:00:00
5596,250,5,79.8,75.2,63.1,1,172,1.0,12.1,10,3,0,2026-01-26 15:00:00
5597,250,6,93.5,69.77,64.77,1,179,1.0,5.0,11,1,0,2026-01-28 09:00:00
5598,250,7,77.9,88.57,67.38,1,147,1.0,21.18,12,2,0,2026-01-29 13:00:00
5599,250,7,58.6,83.73,68.26,2,318,1.0,15.48,11,2,1,2026-01-31 05:00:00
5600,250,7,80.6,76.67,67.52,3,446,1.0,9.15,10,2,0,2026-02-02 03:00:00
5601,250,8,86.2,72.37,68.45,1,124,1.0,3.92,9,2,0,2026-02-04 02:00:00
5602,250,9,47.3,75.13,69.63,1,140,1.0,5.5,10,3,1,2026-02-04 11:00:00
5603,250,10,44.9,71.37,68.24,1,148,1.0,3.13,11,2,1,2026-02-05 08:00:00
5604,250,11,61.8,59.47,66.86,1,132,0.5,-7.4,11,1,1,2026-02-06 17:00:00
5605,250,12,30.0,51.33,66.58,1,150,0.0,-15.25,12,2,1,2026-02-06 21:00:00
5606,250,13,46.7,45.57,64.66,1,146,0.0,-19.09,11,2,1,2026-02-07 20:00:00
5607,250,13,58.9,46.17,63.76,2,266,0.0,-17.59,12,2,1,2026-02-09 05:00:00
5608,250,13,71.8,45.2,63.53,3,416,0.0,-18.33,12,2,0,2026-02-10 04:00:00
5609,250,14,32.2,59.13,63.9,1,157,0.5,-4.77,13,3,1,2026-02-10 17:00:00
5610,250,14,42.4,54.3,62.53,2,300,0.5,-8.23,12,3,1,2026-02-12 17:00:00
5611,250,14,67.9,48.8,61.69,3,463,0.5,-12.89,13,3,1,2026-02-13 03:00:00
5612,250,15,30.0,47.5,61.94,1,115,0.0,-14.44,14,2,1,2026-02-13 17:00:00
5613,250,15,46.7,46.77,60.71,2,264,0.0,-13.94,14,2,1,2026-02-15 13:00:00
5614,250,16,32.2,48.2,60.19,1,116,0.0,-11.99,15,3,1,2026-02-16 00:00:00
5615,250,16,88.1,36.3,59.19,2,233,0.0,-22.89,15,3,0,2026-02-17 05:00:00
5616,250,17,89.7,55.67,60.19,1,127,1.0,-4.52,16,3,0,2026-02-17 16:00:00
5617,250,18,41.4,70.0,61.17,1,121,1.0,8.83,14,3,1,2026-02-19 10:00:00
5618,250,19,54.6,73.07,60.53,1,129,0.0,12.53,13,2,1,2026-02-21 01:00:00
5619,251,1,84.7,75.0,75.0,1,85,1.0,0.0,1,1,0,2026-01-23 12:00:00
5620,251,2,36.1,84.7,84.7,1,106,1.0,0.0,2,1,1,2026-01-25 00:00:00
5621,251,2,85.9,60.4,60.4,2,189,1.0,0.0,3,1,0,2026-01-26 19:00:00
5622,251,2,66.7,68.9,68.9,3,247,1.0,0.0,4,1,1,2026-01-28 03:00:00
5623,251,3,79.7,62.9,68.35,1,112,1.0,-5.45,5,2,0,2026-01-29 11:00:00
5624,251,3,94.4,77.43,70.62,2,185,1.0,6.81,6,2,0,2026-01-30 13:00:00
5625,251,3,59.0,80.27,74.58,3,273,1.0,5.68,7,2,1,2026-01-31 21:00:00
5626,251,4,86.1,77.7,72.36,1,98,1.0,5.34,8,2,0,2026-02-01 05:00:00
5627,251,4,88.3,79.83,74.08,2,191,1.0,5.76,9,2,0,2026-02-02 10:00:00
5628,251,4,79.8,77.8,75.66,3,302,1.0,2.14,10,2,0,2026-02-02 19:00:00
5629,251,5,97.2,84.73,76.07,1,99,1.0,8.66,11,3,0,2026-02-04 17:00:00
5630,251,6,89.6,88.43,77.99,1,72,1.0,10.44,12,1,0,2026-02-05 11:00:00
5631,251,7,31.1,88.87,78.96,1,133,1.0,9.91,12,2,1,2026-02-07 04:00:00
5632,251,7,41.2,72.63,75.28,2,226,1.0,-2.64,12,2,1,2026-02-08 11:00:00
5633,251,8,76.7,53.97,72.84,1,87,1.0,-18.88,13,2,0,2026-02-08 21:00:00
5634,251,9,54.8,49.67,73.1,1,109,1.0,-23.43,13,3,1,2026-02-10 17:00:00
5635,251,9,30.8,57.57,71.96,2,203,1.0,-14.39,13,3,1,2026-02-12 07:00:00
5636,251,9,63.0,54.1,69.54,3,300,1.0,-15.44,13,3,1,2026-02-12 14:00:00
5637,251,10,91.7,49.53,69.17,1,139,1.0,-19.64,13,2,0,2026-02-14 10:00:00
5638,251,11,70.1,61.83,70.36,1,84,0.5,-8.52,12,1,0,2026-02-15 07:00:00
5639,251,11,85.6,74.93,70.34,2,167,0.5,4.59,13,1,0,2026-02-15 12:00:00
5640,251,11,88.7,82.47,71.07,3,259,0.5,11.4,12,1,0,2026-02-17 11:00:00
5641,251,12,78.5,81.47,71.87,1,111,0.5,9.59,11,2,0,2026-02-19 11:00:00
5642,251,12,81.0,84.27,72.16,2,170,0.5,12.11,12,2,0,2026-02-19 18:00:00
5643,251,13,93.2,82.73,72.53,1,50,1.0,10.2,12,2,0,2026-02-21 12:00:00
5644,251,14,54.3,84.23,73.36,1,78,0.5,10.88,11,3,1,2026-02-23 09:00:00
5645,251,15,87.2,76.17,72.62,1,57,1.0,3.54,12,2,0,2026-02-24 12:00:00
5646,251,16,88.7,78.23,73.16,1,81,0.5,5.07,12,3,0,2026-02-25 05:00:00
5647,251,17,79.8,76.73,73.72,1,100,1.0,3.02,11,3,0,2026-02-26 15:00:00
5648,251,18,59.6,85.23,73.93,1,72,1.0,11.31,11,3,1,2026-02-28 13:00:00
5649,252,1,73.5,75.0,75.0,1,61,1.0,0.0,1,1,0,2026-01-16 13:00:00
5650,252,2,81.1,73.5,73.5,1,91,1.0,0.0,2,1,0,2026-01-16 23:00:00
5651,252,3,98.1,77.3,77.3,1,107,1.0,0.0,3,2,0,2026-01-17 18:00:00
5652,252,3,54.3,84.23,84.23,2,163,1.0,0.0,4,2,1,2026-01-19 06:00:00
5653,252,4,38.8,77.83,76.75,1,106,1.0,1.08,5,2,1,2026-01-21 05:00:00
5654,252,5,61.8,63.73,69.16,1,106,0.0,-5.43,6,3,1,2026-01-21 22:00:00
5655,252,6,96.6,51.63,67.93,1,109,1.0,-16.3,7,1,0,2026-01-22 02:00:00
5656,252,7,79.8,65.73,72.03,1,114,1.0,-6.3,8,2,0,2026-01-24 02:00:00
5657,252,8,95.7,79.4,73.0,1,134,1.0,6.4,9,2,0,2026-01-25 00:00:00
5658,252,9,59.9,90.7,75.52,1,82,1.0,15.18,10,3,1,2026-01-26 02:00:00
5659,252,10,36.3,78.47,73.96,1,92,1.0,4.51,11,2,1,2026-01-27 09:00:00
5660,252,11,71.8,63.97,70.54,1,81,1.0,-6.57,12,1,0,2026-01-28 13:00:00
5661,252,12,82.3,56.0,70.64,1,90,0.5,-14.64,13,2,0,2026-01-30 11:00:00
5662,252,12,75.9,63.47,71.54,2,210,0.5,-8.07,13,2,0,2026-01-30 19:00:00
5663,252,12,38.6,76.67,71.85,3,273,0.5,4.82,13,2,1,2026-01-31 00:00:00
5664,253,1,51.7,75.0,75.0,1,122,1.0,0.0,1,1,1,2026-01-06 04:00:00
5665,253,1,99.6,51.7,51.7,2,289,1.0,0.0,2,1,0,2026-01-07 15:00:00
5666,253,2,75.5,75.65,75.65,1,160,1.0,0.0,3,1,0,2026-01-08 16:00:00
5667,253,2,61.0,75.6,75.6,2,292,1.0,0.0,4,1,1,2026-01-09 05:00:00
5668,253,2,44.5,78.7,71.95,3,449,1.0,6.75,5,1,1,2026-01-10 13:00:00
5669,253,3,88.8,60.33,66.46,1,146,1.0,-6.13,6,2,0,2026-01-11 14:00:00
5670,253,3,98.9,64.77,70.18,2,316,1.0,-5.42,7,2,0,2026-01-12 03:00:00
5671,253,4,35.2,77.4,74.29,1,141,1.0,3.11,8,2,1,2026-01-13 00:00:00
5672,253,4,47.9,74.3,69.4,2,301,1.0,4.9,9,2,1,2026-01-13 17:00:00
5673,253,4,61.8,60.67,67.01,3,493,1.0,-6.34,10,2,1,2026-01-15 00:00:00
5674,253,5,36.1,48.3,66.49,1,151,0.0,-18.19,11,3,1,2026-01-15 16:00:00
5675,253,5,50.6,48.6,63.73,2,291,0.0,-15.13,12,3,1,2026-01-16 05:00:00
5676,253,5,49.3,49.5,62.63,3,445,0.0,-13.13,13,3,1,2026-01-17 04:00:00
5677,253,6,55.3,45.33,61.61,1,132,1.0,-16.27,14,1,1,2026-01-18 10:00:00
5678,253,7,87.4,51.73,61.16,1,187,0.0,-9.42,14,2,0,2026-01-20 06:00:00
5679,253,7,75.0,64.0,62.91,2,330,0.0,1.09,15,2,0,2026-01-20 18:00:00
5680,253,8,60.4,72.57,63.66,1,134,1.0,8.9,15,2,1,2026-01-22 07:00:00
5681,253,8,41.3,74.27,63.47,2,257,1.0,10.8,16,2,1,2026-01-22 11:00:00
5682,253,8,93.4,58.9,62.24,3,418,1.0,-3.34,15,2,0,2026-01-23 16:00:00
5683,253,9,40.4,65.03,63.88,1,157,1.0,1.15,14,3,1,2026-01-25 14:00:00
5684,253,9,63.5,58.37,62.71,2,287,1.0,-4.34,15,3,1,2026-01-26 02:00:00
5685,253,9,64.1,65.77,62.74,3,438,1.0,3.02,14,3,1,2026-01-27 13:00:00
5686,253,10,32.2,56.0,62.8,1,109,1.0,-6.8,13,2,1,2026-01-29 12:00:00
5687,253,11,52.7,53.27,61.47,1,143,1.0,-8.21,11,1,1,2026-01-31 05:00:00
5688,253,12,73.6,49.67,61.11,1,149,0.0,-11.44,12,2,0,2026-01-31 20:00:00
5689,253,12,36.6,52.83,61.61,2,323,0.0,-8.77,12,2,1,2026-02-02 06:00:00
5690,253,13,30.3,54.3,60.65,1,124,1.0,-6.35,12,2,1,2026-02-03 14:00:00
5691,253,13,72.2,46.83,59.52,2,238,1.0,-12.69,12,2,0,2026-02-04 07:00:00
5692,253,13,58.1,46.37,59.97,3,360,1.0,-13.61,13,2,1,2026-02-04 12:00:00
5693,253,14,62.4,53.53,59.91,1,113,1.0,-6.38,12,3,1,2026-02-06 02:00:00
5694,253,15,83.6,64.23,59.99,1,166,0.0,4.24,12,2,0,2026-02-07 04:00:00
5695,253,16,33.9,68.03,60.75,1,170,0.5,7.28,12,3,1,2026-02-08 20:00:00
5696,253,17,81.9,59.97,59.92,1,146,0.0,0.05,12,3,0,2026-02-09 20:00:00
5697,254,1,37.0,75.0,75.0,1,114,1.0,0.0,1,1,1,2026-01-14 08:00:00
5698,254,2,33.3,37.0,37.0,1,92,0.0,0.0,2,1,1,2026-01-15 12:00:00
5699,254,2,49.8,35.15,35.15,2,180,0.0,0.0,3,1,1,2026-01-15 18:00:00
5700,254,3,52.8,40.03,40.03,1,83,0.0,0.0,4,2,1,2026-01-16 01:00:00
5701,254,4,44.0,45.3,43.22,1,83,0.0,2.07,5,2,1,2026-01-18 00:00:00
5702,254,4,82.1,48.87,43.38,2,142,0.0,5.49,6,2,0,2026-01-18 05:00:00
5703,254,4,31.4,59.63,49.83,3,237,0.0,9.8,7,2,1,2026-01-19 05:00:00
5704,254,5,62.3,52.5,47.2,1,89,1.0,5.3,8,3,1,2026-01-20 08:00:00
5705,254,6,71.7,58.6,49.09,1,104,1.0,9.51,9,1,0,2026-01-21 13:00:00
5706,254,7,38.0,55.13,51.6,1,91,1.0,3.53,10,2,1,2026-01-21 22:00:00
5707,254,8,39.0,57.33,50.24,1,86,1.0,7.09,11,2,1,2026-01-22 16:00:00
5708,254,9,30.8,49.57,49.22,1,72,0.0,0.35,12,3,1,2026-01-23 16:00:00
5709,254,9,81.8,35.93,47.68,2,163,0.0,-11.75,13,3,0,2026-01-25 07:00:00
5710,254,9,91.4,50.53,50.31,3,267,0.0,0.23,14,3,0,2026-01-26 10:00:00
5711,254,10,94.9,68.0,53.24,1,67,1.0,14.76,15,2,0,2026-01-27 13:00:00
5712,254,11,59.0,89.37,56.02,1,91,0.0,33.35,15,1,1,2026-01-29 01:00:00
5713,254,11,32.3,81.77,56.21,2,185,0.0,25.56,14,1,1,2026-01-29 23:00:00
5714,255,1,72.8,75.0,75.0,1,45,1.0,0.0,1,1,0,2026-01-04 17:00:00
5715,255,2,95.3,72.8,72.8,1,48,1.0,0.0,2,1,0,2026-01-05 22:00:00
5716,255,3,45.6,84.05,84.05,1,64,1.0,0.0,3,2,1,2026-01-07 15:00:00
5717,255,4,81.7,71.23,71.23,1,37,0.0,0.0,4,2,0,2026-01-08 20:00:00
5718,255,5,59.3,74.2,73.85,1,66,1.0,0.35,5,3,1,2026-01-09 18:00:00
5719,255,6,92.8,62.2,70.94,1,42,1.0,-8.74,6,1,0,2026-01-11 14:00:00
5720,255,7,33.2,77.93,74.58,1,81,1.0,3.35,7,2,1,2026-01-13 05:00:00
5721,255,8,92.6,61.77,68.67,1,106,1.0,-6.9,8,2,0,2026-01-14 03:00:00
5722,255,9,97.2,72.87,71.66,1,42,1.0,1.2,9,3,0,2026-01-15 13:00:00
5723,255,9,78.9,74.33,74.5,2,112,1.0,-0.17,10,3,0,2026-01-16 06:00:00
5724,255,9,68.3,89.57,74.94,3,157,1.0,14.63,11,3,1,2026-01-16 10:00:00
5725,255,10,80.5,81.47,74.34,1,80,1.0,7.13,12,2,0,2026-01-17 17:00:00
5726,255,11,87.8,75.9,74.85,1,34,0.5,1.05,12,1,0,2026-01-19 01:00:00
5727,255,12,40.4,78.87,75.85,1,69,1.0,3.02,12,2,1,2026-01-20 14:00:00
5728,255,13,75.9,69.57,73.31,1,42,0.0,-3.75,13,2,0,2026-01-20 20:00:00
5729,255,13,93.5,68.03,73.49,2,97,0.0,-5.45,14,2,0,2026-01-21 07:00:00
5730,255,14,33.2,69.93,74.74,1,39,0.0,-4.8,14,3,1,2026-01-21 23:00:00
5731,255,15,43.8,67.53,72.29,1,76,1.0,-4.76,15,2,1,2026-01-22 04:00:00
5732,255,15,72.9,56.83,70.71,2,119,1.0,-13.88,15,2,0,2026-01-23 01:00:00
5733,255,15,86.5,49.97,70.83,3,190,1.0,-20.86,16,2,0,2026-01-23 07:00:00
5734,255,16,54.7,67.73,71.61,1,53,0.5,-3.88,16,3,1,2026-01-25 02:00:00
5735,255,17,46.9,71.37,70.8,1,57,0.0,0.56,16,3,1,2026-01-25 16:00:00
5736,255,17,71.8,62.7,69.72,2,119,0.0,-7.02,17,3,0,2026-01-26 02:00:00
5737,255,17,63.4,57.8,69.81,3,163,0.0,-12.01,18,3,1,2026-01-26 23:00:00
5738,255,18,71.4,60.7,69.54,1,64,0.0,-8.84,18,3,0,2026-01-27 13:00:00
5739,255,18,96.0,68.87,69.62,2,154,0.0,-0.75,18,3,0,2026-01-29 12:00:00
5740,255,19,84.1,76.93,70.63,1,44,1.0,6.3,16,2,0,2026-01-31 04:00:00
5741,255,19,74.3,83.83,71.13,2,127,1.0,12.7,16,2,0,2026-02-01 11:00:00
5742,255,19,85.9,84.8,71.24,3,216,1.0,13.56,17,2,0,2026-02-01 21:00:00
5743,256,1,51.6,75.0,75.0,1,73,1.0,0.0,1,1,1,2026-01-14 23:00:00
5744,256,2,80.5,51.6,51.6,1,60,0.0,0.0,2,1,0,2026-01-16 12:00:00
5745,256,2,43.5,66.05,66.05,2,156,0.0,0.0,3,1,1,2026-01-16 18:00:00
5746,256,2,59.3,58.53,58.53,3,235,0.0,0.0,4,1,1,2026-01-17 12:00:00
5747,256,3,55.4,61.1,58.72,1,127,1.0,2.38,5,2,1,2026-01-17 22:00:00
5748,256,4,43.1,52.73,58.06,1,90,0.0,-5.33,6,2,1,2026-01-18 09:00:00
5749,256,4,80.6,52.6,55.57,2,163,0.0,-2.97,7,2,0,2026-01-19 18:00:00
5750,256,4,91.2,59.7,59.14,3,230,0.0,0.56,8,2,0,2026-01-20 17:00:00
5751,256,5,61.9,71.63,63.15,1,111,1.0,8.48,9,3,1,2026-01-21 12:00:00
5752,256,5,73.5,77.9,63.01,2,189,1.0,14.89,10,3,0,2026-01-23 09:00:00
5753,256,6,88.0,75.53,64.06,1,90,1.0,11.47,11,1,0,2026-01-24 16:00:00
5754,256,7,38.7,74.47,66.24,1,109,1.0,8.23,12,2,1,2026-01-25 06:00:00
5755,256,8,87.1,66.73,63.94,1,80,1.0,2.79,13,2,0,2026-01-27 02:00:00
5756,256,9,40.6,71.27,65.72,1,89,1.0,5.54,14,3,1,2026-01-27 12:00:00
5757,256,10,36.0,55.47,63.93,1,89,1.0,-8.46,14,2,1,2026-01-29 09:00:00
5758,256,11,82.9,54.57,62.07,1,103,0.5,-7.5,13,1,0,2026-01-31 06:00:00
5759,256,12,77.1,53.17,63.37,1,101,0.5,-10.2,12,2,0,2026-02-01 03:00:00
5760,256,13,76.5,65.33,64.18,1,85,1.0,1.16,12,2,0,2026-02-02 17:00:00
5761,257,1,73.6,75.0,75.0,1,111,1.0,0.0,1,1,0,2026-01-13 23:00:00
5762,257,2,96.9,73.6,73.6,1,102,1.0,0.0,2,1,0,2026-01-15 08:00:00
5763,257,2,84.4,85.25,85.25,2,182,1.0,0.0,3,1,0,2026-01-16 04:00:00
5764,257,3,98.1,84.97,84.97,1,115,1.0,0.0,4,2,0,2026-01-17 03:00:00
5765,257,3,50.4,93.13,88.25,2,262,1.0,4.88,5,2,1,2026-01-17 13:00:00
5766,257,4,96.0,77.63,80.68,1,92,1.0,-3.05,6,2,0,2026-01-17 18:00:00
5767,257,4,73.7,81.5,83.23,2,186,1.0,-1.73,7,2,0,2026-01-19 09:00:00
5768,257,4,65.5,73.37,81.87,3,278,1.0,-8.5,8,2,1,2026-01-20 21:00:00
5769,257,5,50.3,78.4,79.82,1,124,1.0,-1.43,9,3,1,2026-01-21 17:00:00
5770,257,5,78.5,63.17,76.54,2,242,1.0,-13.38,10,3,0,2026-01-23 15:00:00
5771,257,5,47.2,64.77,76.74,3,348,1.0,-11.97,11,3,1,2026-01-25 04:00:00
5772,257,6,92.9,58.67,74.05,1,91,1.0,-15.39,12,1,0,2026-01-26 18:00:00
5773,257,7,97.3,72.87,75.62,1,111,1.0,-2.76,13,2,0,2026-01-27 03:00:00
5774,257,7,70.2,79.13,77.29,2,189,1.0,1.84,14,2,0,2026-01-27 07:00:00
5775,257,7,59.5,86.8,76.79,3,301,1.0,10.01,14,2,1,2026-01-29 04:00:00
5776,257,8,84.3,75.67,75.63,1,127,1.0,0.03,13,2,0,2026-01-30 21:00:00
5777,257,8,77.0,71.33,76.18,2,211,1.0,-4.84,13,2,0,2026-01-31 07:00:00
5778,257,9,72.3,73.6,76.22,1,79,1.0,-2.62,12,3,0,2026-02-01 22:00:00
5779,257,9,90.7,77.87,76.01,2,220,1.0,1.86,12,3,0,2026-02-03 15:00:00
5780,257,9,81.9,80.0,76.78,3,317,1.0,3.22,12,3,0,2026-02-04 06:00:00
5781,257,10,91.8,81.63,77.04,1,132,1.0,4.6,12,2,0,2026-02-05 05:00:00
5782,257,11,48.8,88.13,77.74,1,106,1.0,10.4,12,1,1,2026-02-06 23:00:00
5783,257,12,87.6,74.17,76.42,1,106,0.5,-2.26,12,2,0,2026-02-08 23:00:00
5784,257,13,38.8,76.07,76.91,1,118,1.0,-0.84,10,2,1,2026-02-10 07:00:00
5785,258,1,55.8,75.0,75.0,1,122,1.0,0.0,1,1,1,2026-02-01 15:00:00
5786,258,2,94.8,55.8,55.8,1,142,0.0,0.0,2,1,0,2026-02-03 08:00:00
5787,258,3,62.5,75.3,75.3,1,132,1.0,0.0,3,2,1,2026-02-03 22:00:00
5788,258,4,71.6,71.03,71.03,1,113,0.0,0.0,4,2,0,2026-02-04 12:00:00
5789,258,4,90.4,76.3,71.18,2,259,0.0,5.12,5,2,0,2026-02-06 03:00:00
5790,258,4,41.1,74.83,75.02,3,393,0.0,-0.19,6,2,1,2026-02-06 09:00:00
5791,258,5,69.6,67.7,69.37,1,136,1.0,-1.67,7,3,1,2026-02-07 07:00:00
5792,258,6,85.1,67.03,69.4,1,115,1.0,-2.37,8,1,0,2026-02-08 22:00:00
5793,258,7,49.1,65.27,71.36,1,171,1.0,-6.1,9,2,1,2026-02-10 05:00:00
5794,258,7,31.0,67.93,68.89,2,328,1.0,-0.96,10,2,1,2026-02-11 14:00:00
5795,258,7,55.6,55.07,65.1,3,487,1.0,-10.03,11,2,1,2026-02-13 11:00:00
5796,258,8,48.9,45.23,64.24,1,133,1.0,-19.0,12,2,1,2026-02-14 18:00:00
5797,258,9,39.7,45.17,62.96,1,105,0.0,-17.79,12,3,1,2026-02-15 23:00:00
5798,258,9,33.4,48.07,61.17,2,284,0.0,-13.1,13,3,1,2026-02-17 02:00:00
5799,258,10,44.5,40.67,59.19,1,138,1.0,-18.52,11,2,1,2026-02-18 13:00:00
5800,258,10,72.2,39.2,58.21,2,263,1.0,-19.01,12,2,0,2026-02-20 01:00:00
5801,258,10,42.5,50.03,59.08,3,411,1.0,-9.05,11,2,1,2026-02-20 17:00:00
5802,259,1,79.7,75.0,75.0,1,113,1.0,0.0,1,1,0,2026-01-13 12:00:00
5803,259,2,62.4,79.7,79.7,1,89,1.0,0.0,2,1,1,2026-01-13 23:00:00
5804,259,3,60.3,71.05,71.05,1,115,0.0,0.0,3,2,1,2026-01-14 07:00:00
5805,259,4,30.1,67.47,67.47,1,111,0.0,0.0,4,2,1,2026-01-14 21:00:00
5806,259,5,65.6,50.93,58.12,1,68,0.0,-7.19,5,3,1,2026-01-15 11:00:00
5807,259,6,82.4,52.0,59.62,1,76,1.0,-7.62,6,1,0,2026-01-15 22:00:00
5808,259,7,93.7,59.37,63.42,1,109,1.0,-4.05,7,2,0,2026-01-17 10:00:00
5809,259,7,71.0,80.57,67.74,2,144,1.0,12.82,8,2,0,2026-01-17 22:00:00
5810,259,7,75.4,82.37,68.15,3,231,1.0,14.22,9,2,0,2026-01-19 01:00:00
5811,259,8,85.6,80.03,68.96,1,61,1.0,11.08,10,2,0,2026-01-20 01:00:00
5812,259,9,60.1,77.33,70.62,1,80,1.0,6.71,11,3,1,2026-01-21 12:00:00
5813,259,9,49.1,73.7,69.66,2,164,1.0,4.04,12,3,1,2026-01-22 13:00:00
5814,259,9,30.3,64.93,67.95,3,246,1.0,-3.02,13,3,1,2026-01-22 20:00:00
5815,259,10,56.3,46.5,65.05,1,78,1.0,-18.55,14,2,1,2026-01-24 19:00:00
5816,259,11,78.8,45.23,64.43,1,68,0.5,-19.2,15,1,0,2026-01-26 19:00:00
5817,259,12,76.9,55.13,65.39,1,135,0.5,-10.25,16,2,0,2026-01-27 04:00:00
5818,259,12,80.0,70.67,66.11,2,262,0.5,4.56,14,2,0,2026-01-28 12:00:00
5819,259,12,75.7,78.57,66.92,3,328,0.5,11.64,15,2,0,2026-01-28 17:00:00
5820,259,13,94.4,77.53,67.41,1,121,1.0,10.12,13,2,0,2026-01-30 06:00:00
5821,259,14,84.0,83.37,68.83,1,82,1.0,14.54,12,3,0,2026-02-01 05:00:00
5822,259,14,78.7,84.7,69.59,2,174,1.0,15.11,13,3,0,2026-02-01 11:00:00
5823,259,14,51.0,85.7,70.02,3,262,1.0,15.68,13,3,1,2026-02-02 05:00:00
5824,259,15,64.6,71.23,69.16,1,76,1.0,2.07,13,2,1,2026-02-03 21:00:00
5825,259,16,57.4,64.77,68.96,1,109,0.5,-4.19,14,3,1,2026-02-04 02:00:00
5826,260,1,58.4,75.0,75.0,1,62,1.0,0.0,1,1,1,2026-01-09 21:00:00
5827,260,2,80.3,58.4,58.4,1,50,0.0,0.0,2,1,0,2026-01-10 03:00:00
5828,260,3,82.6,69.35,69.35,1,33,1.0,0.0,3,2,0,2026-01-12 00:00:00
5829,260,4,98.9,73.77,73.77,1,42,1.0,0.0,4,2,0,2026-01-13 23:00:00
5830,260,5,54.2,87.27,80.05,1,30,1.0,7.22,5,3,1,2026-01-15 03:00:00
5831,260,6,76.5,78.57,74.88,1,60,1.0,3.69,6,1,0,2026-01-16 21:00:00
5832,260,7,31.2,76.53,75.15,1,36,1.0,1.38,7,2,1,2026-01-17 08:00:00
5833,260,8,41.1,53.97,68.87,1,54,1.0,-14.9,8,2,1,2026-01-19 03:00:00
5834,260,8,95.2,49.6,65.4,2,141,1.0,-15.8,9,2,0,2026-01-20 16:00:00
5835,260,8,39.4,55.83,68.71,3,224,1.0,-12.88,10,2,1,2026-01-21 13:00:00
5836,260,9,45.6,58.57,65.78,1,59,1.0,-7.21,11,3,1,2026-01-23 07:00:00
5837,260,9,39.3,60.07,63.95,2,117,1.0,-3.88,10,3,1,2026-01-24 17:00:00
5838,260,9,42.9,41.43,61.89,3,214,1.0,-20.46,10,3,1,2026-01-26 07:00:00
5839,260,10,83.7,42.6,60.43,1,70,1.0,-17.83,11,2,0,2026-01-27 16:00:00
5840,260,10,91.8,55.3,62.09,2,123,1.0,-6.79,11,2,0,2026-01-28 15:00:00
5841,260,11,84.3,72.8,64.07,1,31,0.5,8.73,11,1,0,2026-01-30 12:00:00
5842,261,1,45.2,75.0,75.0,1,97,1.0,0.0,1,1,1,2026-01-26 11:00:00
5843,261,2,85.7,45.2,45.2,1,106,0.0,0.0,2,1,0,2026-01-27 05:00:00
5844,261,3,84.8,65.45,65.45,1,77,1.0,0.0,3,2,0,2026-01-29 02:00:00
5845,261,4,90.2,71.9,71.9,1,95,1.0,0.0,4,2,0,2026-01-29 18:00:00
5846,261,5,42.1,86.9,76.47,1,82,1.0,10.42,5,3,1,2026-01-31 04:00:00
5847,261,5,49.1,72.37,69.6,2,168,1.0,2.77,6,3,1,2026-01-31 13:00:00
5848,261,5,82.2,60.47,66.18,3,208,1.0,-5.72,7,3,0,2026-02-01 18:00:00
5849,261,6,86.0,57.8,68.47,1,85,1.0,-10.67,8,1,0,2026-02-02 23:00:00
5850,261,6,82.3,72.43,70.66,2,194,1.0,1.77,9,1,0,2026-02-03 12:00:00
5851,261,6,77.6,83.5,71.96,3,271,1.0,11.54,10,1,0,2026-02-04 11:00:00
5852,261,7,78.9,81.97,72.52,1,91,1.0,9.45,11,2,0,2026-02-05 11:00:00
5853,261,8,84.0,79.6,73.1,1,74,1.0,6.5,12,2,0,2026-02-05 23:00:00
5854,261,9,54.6,80.17,74.01,1,97,1.0,6.16,13,3,1,2026-02-06 14:00:00
5855,261,9,70.7,72.5,72.52,2,182,1.0,-0.02,14,3,0,2026-02-08 04:00:00
5856,261,9,81.6,69.77,72.39,3,253,1.0,-2.62,15,3,0,2026-02-09 06:00:00
5857,261,10,71.2,68.97,73.0,1,116,1.0,-4.03,14,2,0,2026-02-11 01:00:00
5858,261,11,78.2,74.5,72.89,1,108,1.0,1.61,15,1,0,2026-02-12 00:00:00
5859,261,12,35.8,77.0,73.2,1,77,1.0,3.8,14,2,1,2026-02-12 21:00:00
5860,261,13,62.5,61.73,71.12,1,99,0.0,-9.39,15,2,1,2026-02-13 12:00:00
5861,261,14,74.6,58.83,70.67,1,100,0.5,-11.84,14,3,0,2026-02-15 07:00:00
5862,261,15,96.1,57.63,70.86,1,102,1.0,-13.23,14,2,0,2026-02-16 11:00:00
5863,261,16,41.2,77.73,72.07,1,56,0.5,5.67,15,3,1,2026-02-16 18:00:00
5864,261,16,89.1,70.63,70.66,2,166,0.5,-0.03,14,3,0,2026-02-18 08:00:00
5865,261,17,89.0,75.47,71.47,1,78,1.0,4.0,14,3,0,2026-02-18 20:00:00
5866,261,18,35.1,73.1,72.2,1,82,1.0,0.9,13,3,1,2026-02-20 03:00:00
5867,261,19,75.2,71.07,70.71,1,142,1.0,0.35,13,2,0,2026-02-21 09:00:00
5868,262,1,34.6,75.0,75.0,1,116,1.0,0.0,1,1,1,2026-01-27 12:00:00
5869,262,1,94.5,34.6,34.6,2,218,1.0,0.0,2,1,0,2026-01-28 05:00:00
5870,262,1,62.7,64.55,64.55,3,283,1.0,0.0,3,1,1,2026-01-30 01:00:00
5871,262,2,92.8,63.93,63.93,1,137,1.0,0.0,4,1,0,2026-01-31 13:00:00
5872,262,3,92.9,83.33,71.15,1,83,1.0,12.18,5,2,0,2026-01-31 21:00:00
5873,262,4,91.0,82.8,75.5,1,89,1.0,7.3,6,2,0,2026-02-01 21:00:00
5874,262,4,80.4,92.23,78.08,2,192,1.0,14.15,7,2,0,2026-02-02 17:00:00
5875,262,4,71.8,88.1,78.41,3,330,1.0,9.69,8,2,0,2026-02-03 19:00:00
5876,262,5,58.8,81.07,77.59,1,125,1.0,3.48,9,3,1,2026-02-05 14:00:00
5877,262,6,39.3,70.33,75.5,1,106,1.0,-5.17,10,1,1,2026-02-06 09:00:00
5878,262,7,57.4,56.63,71.88,1,116,0.0,-15.25,11,2,1,2026-02-06 21:00:00
5879,262,7,61.1,51.83,70.56,2,213,0.0,-18.73,12,2,1,2026-02-08 14:00:00
5880,262,8,39.7,52.6,69.77,1,112,1.0,-17.17,13,2,1,2026-02-10 00:00:00
5881,262,9,55.2,52.73,67.46,1,111,0.0,-14.73,12,3,1,2026-02-11 20:00:00
5882,262,9,79.9,52.0,66.59,2,240,0.0,-14.59,13,3,0,2026-02-12 09:00:00
5883,262,10,44.8,58.27,67.47,1,129,1.0,-9.21,13,2,1,2026-02-13 08:00:00
5884,262,10,99.5,59.97,66.06,2,248,1.0,-6.09,12,2,0,2026-02-15 08:00:00
5885,262,10,38.3,74.73,68.02,3,350,1.0,6.71,11,2,1,2026-02-17 01:00:00
5886,262,11,51.8,60.87,66.37,1,124,0.5,-5.51,11,1,1,2026-02-18 03:00:00
5887,262,12,43.6,63.2,65.61,1,108,0.5,-2.41,11,2,1,2026-02-20 02:00:00
5888,262,13,52.4,44.57,64.5,1,88,0.0,-19.94,10,2,1,2026-02-22 01:00:00
5889,262,14,60.2,49.27,63.93,1,101,0.0,-14.66,10,3,1,2026-02-23 14:00:00
5890,262,14,46.7,52.07,63.76,2,212,0.0,-11.69,10,3,1,2026-02-24 12:00:00
5891,262,14,30.1,53.1,63.02,3,340,0.0,-9.92,11,3,1,2026-02-25 16:00:00
5892,262,15,83.6,45.67,61.65,1,106,0.0,-15.98,10,2,0,2026-02-27 00:00:00
5893,262,15,31.3,53.47,62.52,2,191,0.0,-9.06,10,2,1,2026-02-28 17:00:00
5894,262,15,56.5,48.33,61.32,3,302,0.0,-12.99,10,2,1,2026-03-01 18:00:00
5895,262,16,38.3,57.13,61.14,1,112,0.5,-4.01,10,3,1,2026-03-03 03:00:00
5896,262,17,31.7,42.03,60.33,1,113,0.0,-18.3,11,3,1,2026-03-03 19:00:00
5897,262,17,84.3,42.17,59.34,2,241,0.0,-17.17,11,3,0,2026-03-04 16:00:00
5898,262,18,30.0,51.43,60.17,1,130,0.0,-8.74,11,3,1,2026-03-06 11:00:00
5899,262,18,49.5,48.67,59.2,2,228,0.0,-10.53,12,3,1,2026-03-07 03:00:00
5900,262,18,55.1,54.6,58.9,3,325,0.0,-4.3,12,3,1,2026-03-08 08:00:00
5901,263,1,72.0,75.0,75.0,1,39,1.0,0.0,1,1,0,2026-01-25 06:00:00
5902,263,2,81.0,72.0,72.0,1,73,1.0,0.0,2,1,0,2026-01-26 14:00:00
5903,263,3,81.6,76.5,76.5,1,88,1.0,0.0,3,2,0,2026-01-26 18:00:00
5904,263,4,32.4,78.2,78.2,1,53,1.0,0.0,4,2,1,2026-01-28 10:00:00
5905,263,5,40.7,65.0,66.75,1,55,0.0,-1.75,5,3,1,2026-01-29 14:00:00
5906,263,6,81.9,51.57,61.54,1,89,1.0,-9.97,6,1,0,2026-01-31 12:00:00
5907,263,7,48.9,51.67,64.93,1,70,1.0,-13.27,7,2,1,2026-02-01 08:00:00
5908,263,8,39.5,57.17,62.64,1,68,1.0,-5.48,8,2,1,2026-02-02 17:00:00
5909,263,9,94.2,56.77,59.75,1,36,0.0,-2.98,9,3,0,2026-02-03 00:00:00
5910,263,10,89.7,60.87,63.58,1,73,1.0,-2.71,10,2,0,2026-02-03 06:00:00
5911,263,10,78.1,74.47,66.19,2,114,1.0,8.28,11,2,0,2026-02-04 08:00:00
5912,263,10,81.1,87.33,67.27,3,151,1.0,20.06,12,2,0,2026-02-05 09:00:00
5913,263,11,83.8,82.97,68.43,1,53,0.5,14.54,13,1,0,2026-02-06 03:00:00
5914,263,12,97.9,81.0,69.61,1,48,1.0,11.39,14,2,0,2026-02-07 00:00:00
5915,263,13,38.7,87.6,71.63,1,55,1.0,15.97,14,2,1,2026-02-08 17:00:00
5916,263,14,71.3,73.47,69.43,1,31,0.5,4.03,15,3,0,2026-02-09 07:00:00
5917,263,15,88.4,69.3,69.55,1,79,1.0,-0.25,14,2,0,2026-02-10 00:00:00
5918,263,16,98.6,66.13,70.66,1,82,1.0,-4.53,15,3,0,2026-02-10 05:00:00
5919,264,1,61.5,75.0,75.0,1,51,1.0,0.0,1,1,1,2026-01-30 07:00:00
5920,264,1,72.4,61.5,61.5,2,160,1.0,0.0,2,1,0,2026-01-31 20:00:00
5921,264,1,95.3,66.95,66.95,3,233,1.0,0.0,3,1,0,2026-02-01 12:00:00
5922,264,2,70.9,76.4,76.4,1,107,1.0,0.0,4,1,0,2026-02-03 11:00:00
5923,264,3,96.7,79.53,75.03,1,88,1.0,4.51,5,2,0,2026-02-05 07:00:00
5924,264,3,93.2,87.63,79.36,2,178,1.0,8.27,6,2,0,2026-02-05 16:00:00
5925,264,3,39.2,86.93,81.67,3,264,1.0,5.27,7,2,1,2026-02-06 15:00:00
5926,264,4,73.0,76.37,75.6,1,114,1.0,0.77,8,2,0,2026-02-08 01:00:00
5927,264,5,33.8,68.47,75.28,1,65,1.0,-6.81,9,3,1,2026-02-09 17:00:00
5928,264,6,74.6,48.67,70.67,1,102,1.0,-22.0,10,1,0,2026-02-10 05:00:00
5929,264,6,72.2,60.47,71.06,2,214,1.0,-10.59,11,1,0,2026-02-12 02:00:00
5930,264,7,99.8,60.2,71.16,1,104,1.0,-10.96,11,2,0,2026-02-13 09:00:00
5931,264,8,47.1,82.2,73.55,1,136,1.0,8.65,11,2,1,2026-02-15 03:00:00
5932,264,9,79.5,73.03,71.52,1,79,0.0,1.52,11,3,0,2026-02-15 18:00:00
5933,264,10,84.5,75.47,72.09,1,109,1.0,3.38,11,2,0,2026-02-17 18:00:00
5934,264,11,99.2,70.37,72.91,1,87,1.0,-2.55,12,1,0,2026-02-18 12:00:00
5935,264,12,30.7,87.73,74.56,1,114,1.0,13.18,12,2,1,2026-02-19 08:00:00
5936,264,13,62.3,71.47,71.98,1,89,0.0,-0.51,11,2,1,2026-02-20 16:00:00
5937,265,1,71.7,75.0,75.0,1,132,1.0,0.0,1,1,0,2026-01-22 18:00:00
5938,265,1,87.7,71.7,71.7,2,298,1.0,0.0,2,1,0,2026-01-23 07:00:00
5939,265,1,54.3,79.7,79.7,3,428,1.0,0.0,3,1,1,2026-01-25 03:00:00
5940,265,2,33.7,71.23,71.23,1,111,1.0,0.0,4,1,1,2026-01-26 15:00:00
5941,265,3,45.9,58.57,61.85,1,129,0.0,-3.28,5,2,1,2026-01-28 15:00:00
5942,265,4,55.5,44.63,58.66,1,152,0.0,-14.03,6,2,1,2026-01-29 17:00:00
5943,265,5,32.4,45.03,58.13,1,167,0.0,-13.1,7,3,1,2026-01-30 17:00:00
5944,265,6,41.8,44.6,54.46,1,142,1.0,-9.86,8,1,1,2026-01-31 15:00:00
5945,265,7,49.6,43.23,52.88,1,166,0.0,-9.64,9,2,1,2026-02-01 01:00:00
5946,265,8,89.2,41.27,52.51,1,112,1.0,-11.24,10,2,0,2026-02-02 00:00:00
5947,265,9,55.5,60.2,56.18,1,131,1.0,4.02,11,3,1,2026-02-03 18:00:00
5948,265,10,79.4,64.77,56.12,1,134,1.0,8.65,12,2,0,2026-02-05 11:00:00
5949,265,11,97.7,74.7,58.06,1,137,0.0,16.64,12,1,0,2026-02-06 05:00:00
5950,265,12,70.2,77.53,61.11,1,141,0.5,16.43,12,2,0,2026-02-07 10:00:00
5951,265,12,99.6,82.43,61.76,2,294,0.5,20.68,12,2,0,2026-02-08 06:00:00
5952,265,13,61.9,89.17,64.28,1,131,1.0,24.89,12,2,1,2026-02-10 01:00:00
5953,265,14,57.4,77.23,64.13,1,142,0.5,13.1,13,3,1,2026-02-10 11:00:00
5954,265,14,31.2,72.97,63.74,2,281,0.5,9.23,14,3,1,2026-02-11 07:00:00
5955,265,15,58.3,50.17,61.93,1,121,1.0,-11.76,14,2,1,2026-02-12 03:00:00
5956,265,15,83.8,48.97,61.74,2,258,1.0,-12.77,14,2,0,2026-02-13 09:00:00
5957,265,16,49.8,57.77,62.84,1,137,0.5,-5.07,13,3,1,2026-02-14 18:00:00
5958,266,1,44.5,75.0,75.0,1,136,1.0,0.0,1,1,1,2026-01-14 12:00:00
5959,266,2,84.6,44.5,44.5,1,140,0.0,0.0,2,1,0,2026-01-15 07:00:00
5960,266,2,77.9,64.55,64.55,2,281,0.0,0.0,3,1,0,2026-01-16 13:00:00
5961,266,3,52.7,69.0,69.0,1,131,1.0,0.0,4,2,1,2026-01-17 22:00:00
5962,266,4,42.5,71.73,64.92,1,165,0.0,6.81,5,2,1,2026-01-18 17:00:00
5963,266,4,35.4,57.7,60.44,2,281,0.0,-2.74,6,2,1,2026-01-18 21:00:00
5964,266,4,57.8,43.53,56.27,3,406,0.0,-12.73,7,2,1,2026-01-20 05:00:00
5965,266,5,33.8,45.23,56.49,1,195,0.0,-11.25,8,3,1,2026-01-20 09:00:00
5966,266,5,67.7,42.33,53.65,2,314,0.0,-11.32,9,3,1,2026-01-21 20:00:00
5967,266,5,61.7,53.1,55.21,3,426,0.0,-2.11,10,3,1,2026-01-23 18:00:00
5968,266,6,72.9,54.4,55.86,1,154,1.0,-1.46,11,1,0,2026-01-24 23:00:00
5969,266,7,39.8,67.43,57.41,1,98,1.0,10.02,12,2,1,2026-01-25 12:00:00
5970,266,8,50.9,58.13,55.94,1,135,1.0,2.19,13,2,1,2026-01-26 20:00:00
5971,266,8,75.4,54.53,55.55,2,317,1.0,-1.02,14,2,0,2026-01-28 00:00:00
5972,266,8,87.4,55.37,56.97,3,426,1.0,-1.6,13,2,0,2026-01-29 15:00:00
5973,266,9,30.0,71.23,59.0,1,100,1.0,12.23,13,3,1,2026-01-31 15:00:00
5974,266,10,61.4,64.27,57.19,1,110,1.0,7.08,11,2,1,2026-02-02 01:00:00
5975,266,10,72.1,59.6,57.44,2,267,1.0,2.16,12,2,0,2026-02-02 17:00:00
5976,266,10,36.8,54.5,58.25,3,429,1.0,-3.75,11,2,1,2026-02-04 00:00:00
5977,266,11,73.4,56.77,57.12,1,129,0.5,-0.35,11,1,0,2026-02-05 21:00:00
5978,266,12,70.1,60.77,57.94,1,153,0.5,2.83,11,2,0,2026-02-07 12:00:00
5979,266,12,36.6,60.1,58.51,2,320,0.5,1.59,11,2,1,2026-02-08 00:00:00
5980,266,12,38.6,60.03,57.52,3,495,0.5,2.52,10,2,1,2026-02-09 22:00:00
5981,266,13,60.8,48.43,56.7,1,135,1.0,-8.26,11,2,1,2026-02-10 14:00:00
5982,266,13,42.9,45.33,56.87,2,228,1.0,-11.53,11,2,1,2026-02-12 11:00:00
5983,266,14,44.3,47.43,56.31,1,123,0.5,-8.87,11,3,1,2026-02-13 05:00:00
5984,266,14,35.9,49.33,55.85,2,254,0.5,-6.51,12,3,1,2026-02-14 14:00:00
5985,266,14,55.8,41.03,55.11,3,388,0.5,-14.07,12,3,1,2026-02-15 19:00:00
5986,266,15,52.1,45.33,55.13,1,136,1.0,-9.8,11,2,1,2026-02-16 19:00:00
5987,266,16,91.6,47.93,55.03,1,162,0.5,-7.09,11,3,0,2026-02-18 01:00:00
5988,266,17,84.0,66.5,56.25,1,165,1.0,10.25,12,3,0,2026-02-19 00:00:00
5989,266,17,87.9,75.9,57.14,2,301,1.0,18.76,13,3,0,2026-02-19 06:00:00
5990,266,17,66.8,87.83,58.1,3,462,1.0,29.73,13,3,1,2026-02-20 07:00:00
5991,266,18,78.4,79.57,58.37,1,147,1.0,21.2,12,3,0,2026-02-22 03:00:00
5992,266,18,40.3,77.7,58.96,2,288,1.0,18.74,13,3,1,2026-02-23 13:00:00
5993,267,1,69.1,75.0,75.0,1,158,1.0,0.0,1,1,1,2026-01-12 14:00:00
5994,267,2,94.1,69.1,69.1,1,141,0.0,0.0,2,1,0,2026-01-12 19:00:00
5995,267,2,56.2,81.6,81.6,2,322,0.0,0.0,3,1,1,2026-01-13 12:00:00
5996,267,2,97.2,73.13,73.13,3,433,0.0,0.0,4,1,0,2026-01-15 11:00:00
5997,267,3,31.0,82.5,79.15,1,129,1.0,3.35,5,2,1,2026-01-17 07:00:00
5998,267,3,30.1,61.47,69.52,2,266,1.0,-8.05,6,2,1,2026-01-19 01:00:00
5999,267,4,41.7,52.77,62.95,1,148,0.0,-10.18,7,2,1,2026-01-19 22:00:00
6000,267,5,43.8,34.27,59.91,1,165,0.0,-25.65,8,3,1,2026-01-20 10:00:00
6001,267,6,78.1,38.53,57.9,1,139,1.0,-19.37,9,1,0,2026-01-20 22:00:00
6002,267,7,36.4,54.53,60.14,1,111,1.0,-5.61,10,2,1,2026-01-22 22:00:00
6003,267,7,39.7,52.77,57.77,2,267,1.0,-5.0,11,2,1,2026-01-23 20:00:00
6004,267,8,33.8,51.4,56.13,1,155,1.0,-4.73,12,2,1,2026-01-24 01:00:00
6005,267,8,40.0,36.63,54.27,2,256,1.0,-17.63,13,2,1,2026-01-26 01:00:00
6006,267,8,33.2,37.83,53.17,3,395,1.0,-15.34,11,2,1,2026-01-27 21:00:00
6007,267,9,52.5,35.67,51.74,1,108,0.0,-16.08,12,3,1,2026-01-28 21:00:00
6008,267,10,63.9,41.9,51.79,1,126,1.0,-9.89,12,2,1,2026-01-29 12:00:00
6009,267,10,43.8,49.87,52.55,2,247,1.0,-2.68,13,2,1,2026-01-30 15:00:00
6010,267,10,81.5,53.4,52.04,3,403,1.0,1.36,13,2,0,2026-02-01 06:00:00
6011,267,11,99.0,63.07,53.67,1,142,0.5,9.39,13,1,0,2026-02-02 10:00:00
6012,267,12,38.9,74.77,56.06,1,114,0.5,18.71,11,2,1,2026-02-03 22:00:00
6013,267,13,39.5,73.13,55.2,1,157,0.0,17.93,12,2,1,2026-02-04 23:00:00
6014,267,13,55.4,59.13,54.45,2,268,0.0,4.68,13,2,1,2026-02-05 11:00:00
6015,267,14,44.8,44.6,54.5,1,146,0.0,-9.9,11,3,1,2026-02-07 11:00:00
6016,267,15,55.9,46.57,54.07,1,123,1.0,-7.51,11,2,1,2026-02-09 05:00:00
6017,267,15,34.8,52.03,54.15,2,255,1.0,-2.12,11,2,1,2026-02-10 22:00:00
6018,267,16,52.9,45.17,53.38,1,150,0.0,-8.21,12,3,1,2026-02-11 19:00:00
6019,267,16,33.1,47.87,53.36,2,300,0.0,-5.49,10,3,1,2026-02-13 16:00:00
6020,267,16,70.2,40.27,52.61,3,466,0.0,-12.34,11,3,0,2026-02-14 01:00:00
6021,268,1,94.9,75.0,75.0,1,138,1.0,0.0,1,1,0,2026-01-26 16:00:00
6022,268,2,38.9,94.9,94.9,1,146,1.0,0.0,2,1,1,2026-01-27 02:00:00
6023,268,2,38.2,66.9,66.9,2,277,1.0,0.0,3,1,1,2026-01-27 22:00:00
6024,268,3,58.5,57.33,57.33,1,143,0.0,0.0,4,2,1,2026-01-29 12:00:00
6025,268,3,58.0,45.2,57.62,2,291,0.0,-12.43,5,2,1,2026-01-31 08:00:00
6026,268,3,59.0,51.57,57.7,3,429,0.0,-6.13,6,2,1,2026-02-01 12:00:00
6027,268,4,59.0,58.5,57.92,1,103,0.0,0.58,7,2,1,2026-02-03 08:00:00
6028,268,4,31.1,58.67,58.07,2,249,0.0,0.6,8,2,1,2026-02-03 14:00:00
6029,268,5,49.6,49.7,54.7,1,147,0.0,-5.0,9,3,1,2026-02-04 14:00:00
6030,268,6,51.5,46.57,54.13,1,126,1.0,-7.57,10,1,1,2026-02-05 15:00:00
6031,268,6,96.1,44.07,53.87,2,240,1.0,-9.8,11,1,0,2026-02-06 15:00:00
6032,268,7,48.0,65.73,57.71,1,169,1.0,8.02,12,2,1,2026-02-08 02:00:00
6033,268,8,34.4,65.2,56.9,1,149,1.0,8.3,12,2,1,2026-02-09 19:00:00
6034,268,8,91.5,59.5,55.17,2,284,1.0,4.33,12,2,0,2026-02-10 15:00:00
6035,268,9,42.7,57.97,57.76,1,117,1.0,0.2,12,3,1,2026-02-11 06:00:00
6036,268,10,76.2,56.2,56.76,1,123,1.0,-0.56,12,2,0,2026-02-12 15:00:00
6037,268,10,46.4,70.13,57.98,2,289,1.0,12.16,13,2,1,2026-02-13 03:00:00
6038,268,10,73.0,55.1,57.29,3,431,1.0,-2.19,14,2,0,2026-02-13 10:00:00
6039,268,11,88.9,65.2,58.17,1,128,0.0,7.03,14,1,0,2026-02-14 14:00:00
6040,268,12,82.5,69.43,59.78,1,150,0.5,9.65,15,2,0,2026-02-15 07:00:00
6041,268,13,53.6,81.47,60.92,1,123,1.0,20.55,15,2,1,2026-02-16 12:00:00
6042,268,14,64.9,75.0,60.57,1,170,0.5,14.43,14,3,1,2026-02-17 15:00:00
6043,268,15,56.7,67.0,60.77,1,167,1.0,6.23,15,2,1,2026-02-18 03:00:00
6044,268,16,96.5,58.4,60.59,1,130,0.5,-2.19,15,3,0,2026-02-19 07:00:00
6045,268,17,65.6,72.7,62.09,1,127,1.0,10.61,15,3,1,2026-02-19 21:00:00
6046,269,1,78.0,75.0,75.0,1,37,1.0,0.0,1,1,0,2026-01-16 19:00:00
6047,269,2,85.2,78.0,78.0,1,60,1.0,0.0,2,1,0,2026-01-17 11:00:00
6048,269,3,81.0,81.6,81.6,1,63,1.0,0.0,3,2,0,2026-01-18 05:00:00
6049,269,3,86.6,81.4,81.4,2,155,1.0,0.0,4,2,0,2026-01-19 17:00:00
6050,269,3,54.4,84.27,82.7,3,238,1.0,1.57,5,2,1,2026-01-20 13:00:00
6051,269,4,58.6,74.0,77.04,1,63,1.0,-3.04,6,2,1,2026-01-20 19:00:00
6052,269,5,68.7,66.53,73.97,1,84,0.0,-7.43,7,3,1,2026-01-22 14:00:00
6053,269,6,96.5,60.57,73.21,1,100,1.0,-12.65,8,1,0,2026-01-23 13:00:00
6054,269,7,95.2,74.6,76.12,1,100,1.0,-1.52,9,2,0,2026-01-24 14:00:00
6055,269,8,42.9,86.8,78.24,1,52,1.0,8.56,10,2,1,2026-01-24 20:00:00
6056,269,9,75.5,78.2,74.71,1,87,0.0,3.49,11,3,0,2026-01-25 12:00:00
6057,269,10,63.0,71.2,74.78,1,62,1.0,-3.58,12,2,1,2026-01-25 22:00:00
6058,269,10,77.3,60.47,73.8,2,170,1.0,-13.33,13,2,0,2026-01-26 17:00:00
6059,269,10,33.6,71.93,74.07,3,275,1.0,-2.14,14,2,1,2026-01-28 15:00:00
6060,269,11,94.5,57.97,71.18,1,72,1.0,-13.21,15,1,0,2026-01-29 20:00:00
6061,270,1,97.9,75.0,75.0,1,74,1.0,0.0,1,1,0,2026-01-26 12:00:00
6062,270,2,74.5,97.9,97.9,1,80,1.0,0.0,2,1,0,2026-01-27 10:00:00
6063,270,3,83.4,86.2,86.2,1,44,1.0,0.0,3,2,0,2026-01-27 20:00:00
6064,270,4,71.8,85.27,85.27,1,96,1.0,0.0,4,2,0,2026-01-29 18:00:00
6065,270,5,68.8,76.57,81.9,1,84,1.0,-5.33,5,3,1,2026-01-30 08:00:00
6066,270,6,92.1,74.67,79.28,1,109,1.0,-4.61,6,1,0,2026-01-31 21:00:00
6067,270,6,65.8,77.57,81.42,2,177,1.0,-3.85,7,1,1,2026-02-02 11:00:00
6068,270,6,38.6,75.57,79.19,3,254,1.0,-3.62,8,1,1,2026-02-04 04:00:00
6069,270,7,71.6,65.5,74.11,1,59,1.0,-8.61,9,2,0,2026-02-05 13:00:00
6070,270,8,95.2,58.67,73.83,1,69,1.0,-15.17,10,2,0,2026-02-06 14:00:00
6071,270,9,74.4,68.47,75.97,1,66,1.0,-7.5,11,3,0,2026-02-07 21:00:00
6072,270,10,37.3,80.4,75.83,1,109,1.0,4.57,12,2,1,2026-02-09 11:00:00
6073,270,11,75.6,68.97,72.62,1,76,1.0,-3.65,10,1,0,2026-02-11 05:00:00
6074,271,1,74.9,75.0,75.0,1,142,1.0,0.0,1,1,0,2026-01-24 00:00:00
6075,271,2,62.6,74.9,74.9,1,132,1.0,0.0,2,1,1,2026-01-24 22:00:00
6076,271,2,79.3,68.75,68.75,2,246,1.0,0.0,3,1,0,2026-01-25 21:00:00
6077,271,2,81.1,72.27,72.27,3,382,1.0,0.0,4,1,0,2026-01-26 10:00:00
6078,271,3,66.1,74.33,74.47,1,151,1.0,-0.14,5,2,1,2026-01-28 02:00:00
6079,271,4,89.3,75.5,72.8,1,115,0.0,2.7,6,2,0,2026-01-30 02:00:00
6080,271,4,64.3,78.83,75.55,2,271,0.0,3.28,7,2,1,2026-01-31 04:00:00
6081,271,4,55.7,73.23,73.94,3,394,0.0,-0.71,8,2,1,2026-02-01 17:00:00
6082,271,5,60.4,69.77,71.66,1,130,1.0,-1.9,9,3,1,2026-02-01 22:00:00
6083,271,5,52.8,60.13,70.41,2,280,1.0,-10.28,10,3,1,2026-02-03 13:00:00
6084,271,5,66.3,56.3,68.65,3,406,1.0,-12.35,11,3,1,2026-02-04 04:00:00
6085,271,6,52.3,59.83,68.44,1,140,1.0,-8.6,12,1,1,2026-02-04 08:00:00
6086,271,7,41.4,57.13,67.09,1,133,0.0,-9.96,13,2,1,2026-02-05 13:00:00
6087,271,7,86.4,53.33,65.12,2,275,0.0,-11.78,13,2,0,2026-02-07 08:00:00
6088,271,8,52.8,60.03,66.64,1,92,1.0,-6.6,12,2,1,2026-02-09 04:00:00
6089,271,8,75.2,60.2,65.71,2,195,1.0,-5.51,11,2,0,2026-02-11 02:00:00
6090,271,8,65.6,71.47,66.31,3,347,1.0,5.16,12,2,1,2026-02-13 00:00:00
6091,271,9,37.1,64.53,66.26,1,160,1.0,-1.73,12,3,1,2026-02-14 02:00:00
6092,271,9,47.8,59.3,64.64,2,281,1.0,-5.34,12,3,1,2026-02-15 09:00:00
6093,271,10,52.7,50.17,63.76,1,135,1.0,-13.59,13,2,1,2026-02-15 16:00:00
6094,271,10,94.6,45.87,63.2,2,280,1.0,-17.34,12,2,0,2026-02-16 11:00:00
6095,271,11,78.1,65.03,64.7,1,153,1.0,0.33,13,1,0,2026-02-16 16:00:00
6096,272,1,71.8,75.0,75.0,1,99,1.0,0.0,1,1,0,2026-01-21 18:00:00
6097,272,2,73.6,71.8,71.8,1,122,1.0,0.0,2,1,0,2026-01-22 15:00:00
6098,272,2,46.4,72.7,72.7,2,255,1.0,0.0,3,1,1,2026-01-24 14:00:00
6099,272,2,99.0,63.93,63.93,3,409,1.0,0.0,4,1,0,2026-01-25 17:00:00
6100,272,3,83.3,73.0,72.7,1,189,1.0,0.3,5,2,0,2026-01-26 22:00:00
6101,272,4,74.9,76.23,74.82,1,135,1.0,1.41,6,2,0,2026-01-28 02:00:00
6102,272,4,59.4,85.73,74.83,2,246,1.0,10.9,7,2,1,2026-01-29 11:00:00
6103,272,4,59.3,72.53,72.63,3,394,1.0,-0.1,8,2,1,2026-01-29 17:00:00
6104,272,5,54.2,64.53,70.96,1,166,1.0,-6.43,9,3,1,2026-01-29 21:00:00
6105,272,5,49.2,57.63,69.1,2,308,1.0,-11.47,10,3,1,2026-01-30 08:00:00
6106,272,5,32.8,54.23,67.11,3,429,1.0,-12.88,11,3,1,2026-01-31 05:00:00
6107,272,6,36.9,45.4,63.99,1,159,1.0,-18.59,12,1,1,2026-02-01 03:00:00
6108,272,6,91.4,39.63,61.73,2,312,1.0,-22.1,13,1,0,2026-02-02 21:00:00
6109,272,6,72.2,53.7,64.02,3,431,1.0,-10.32,14,1,0,2026-02-03 17:00:00
6110,272,7,80.4,66.83,64.6,1,147,1.0,2.23,15,2,0,2026-02-04 01:00:00
6111,272,8,81.6,81.33,65.65,1,159,1.0,15.68,14,2,0,2026-02-05 16:00:00
6112,272,8,40.7,78.07,66.65,2,322,1.0,11.42,15,2,1,2026-02-06 18:00:00
6113,272,9,40.6,67.57,65.12,1,138,1.0,2.44,15,3,1,2026-02-08 10:00:00
6114,272,10,34.6,54.3,63.76,1,132,1.0,-9.46,15,2,1,2026-02-09 04:00:00
6115,272,11,40.2,38.63,62.23,1,164,1.0,-23.59,15,1,1,2026-02-10 14:00:00
6116,272,12,30.4,38.47,61.12,1,115,0.0,-22.66,15,2,1,2026-02-11 20:00:00
6117,272,13,76.0,35.07,59.66,1,148,0.0,-24.6,12,2,0,2026-02-13 20:00:00
6118,272,14,42.2,48.87,60.4,1,112,0.5,-11.54,11,3,1,2026-02-15 10:00:00
6119,272,15,47.1,49.53,59.61,1,161,0.0,-10.08,12,2,1,2026-02-15 16:00:00
6120,272,15,46.3,55.1,59.09,2,295,0.0,-3.99,13,2,1,2026-02-16 10:00:00
6121,272,16,53.6,45.2,58.58,1,165,0.0,-13.38,14,3,1,2026-02-16 18:00:00
6122,272,17,58.7,49.0,58.39,1,149,0.0,-9.39,14,3,1,2026-02-17 05:00:00
6123,272,17,53.4,52.87,58.4,2,264,0.0,-5.53,15,3,1,2026-02-17 16:00:00
6124,272,17,65.9,55.23,58.22,3,432,0.0,-2.99,14,3,1,2026-02-19 05:00:00
6125,272,18,44.2,59.33,58.49,1,171,0.0,0.85,13,3,1,2026-02-21 00:00:00
6126,272,18,35.9,54.5,58.01,2,328,0.0,-3.51,14,3,1,2026-02-22 01:00:00
6127,272,19,64.1,48.67,57.3,1,124,0.0,-8.63,13,2,1,2026-02-23 08:00:00
6128,272,19,31.5,48.07,57.51,2,257,0.0,-9.44,14,2,1,2026-02-23 16:00:00
6129,272,19,57.9,43.83,56.72,3,399,0.0,-12.89,14,2,1,2026-02-25 12:00:00
6130,272,20,56.5,51.17,56.76,1,125,0.0,-5.59,14,3,1,2026-02-27 07:00:00
6131,272,20,70.1,48.63,56.75,2,298,0.0,-8.12,15,3,0,2026-02-27 15:00:00
6132,273,1,91.5,75.0,75.0,1,142,1.0,0.0,1,1,0,2026-01-27 20:00:00
6133,273,2,86.9,91.5,91.5,1,85,1.0,0.0,2,1,0,2026-01-29 12:00:00
6134,273,2,94.9,89.2,89.2,2,231,1.0,0.0,3,1,0,2026-01-30 19:00:00
6135,273,3,45.2,91.1,91.1,1,133,1.0,0.0,4,2,1,2026-01-31 06:00:00
6136,273,3,46.7,75.67,79.62,2,271,1.0,-3.96,5,2,1,2026-02-01 21:00:00
6137,273,4,56.9,62.27,73.04,1,132,0.0,-10.77,6,2,1,2026-02-03 12:00:00
6138,273,5,49.3,49.6,70.35,1,156,0.0,-20.75,7,3,1,2026-02-04 22:00:00
6139,273,5,65.4,50.97,67.34,2,318,0.0,-16.38,8,3,1,2026-02-06 11:00:00
6140,273,5,43.8,57.2,67.1,3,463,0.0,-9.9,9,3,1,2026-02-08 05:00:00
6141,273,6,43.6,52.83,64.51,1,133,1.0,-11.68,10,1,1,2026-02-08 09:00:00
6142,273,6,43.6,50.93,62.42,2,272,1.0,-11.49,11,1,1,2026-02-08 14:00:00
6143,273,7,91.3,43.67,60.71,1,140,0.0,-17.04,12,2,0,2026-02-09 17:00:00
6144,273,8,72.3,59.5,63.26,1,123,1.0,-3.76,13,2,0,2026-02-10 15:00:00
6145,273,8,40.4,69.07,63.95,2,274,1.0,5.11,13,2,1,2026-02-10 23:00:00
6146,273,9,53.3,68.0,62.27,1,149,1.0,5.73,13,3,1,2026-02-12 19:00:00
6147,273,9,60.4,55.33,61.67,2,319,1.0,-6.34,14,3,1,2026-02-13 04:00:00
6148,273,9,51.4,51.37,61.59,3,484,1.0,-10.23,14,3,1,2026-02-14 03:00:00
6149,273,10,41.1,55.03,60.99,1,126,1.0,-5.96,14,2,1,2026-02-14 12:00:00
6150,273,11,99.1,50.97,59.89,1,156,1.0,-8.92,15,1,0,2026-02-15 13:00:00
6151,273,12,47.8,63.87,61.95,1,120,0.5,1.91,15,2,1,2026-02-15 23:00:00
6152,273,13,52.3,62.67,61.24,1,153,0.0,1.42,15,2,1,2026-02-17 13:00:00
6153,273,14,44.4,66.4,60.82,1,129,0.5,5.58,16,3,1,2026-02-18 20:00:00
6154,273,14,43.0,48.17,60.07,2,248,0.5,-11.91,16,3,1,2026-02-19 13:00:00
6155,273,14,69.1,46.57,59.33,3,393,0.5,-12.76,17,3,1,2026-02-20 09:00:00
6156,273,15,36.8,52.17,59.74,1,86,1.0,-7.57,17,2,1,2026-02-20 13:00:00
6157,273,16,64.2,49.63,58.82,1,104,0.0,-9.19,18,3,1,2026-02-22 00:00:00
6158,273,17,77.2,56.7,59.03,1,136,0.0,-2.33,16,3,0,2026-02-23 12:00:00
6159,273,18,58.1,59.4,59.7,1,141,0.0,-0.3,15,3,1,2026-02-24 21:00:00
6160,273,18,52.4,66.5,59.64,2,273,0.0,6.86,15,3,1,2026-02-26 02:00:00
6161,273,18,53.9,62.57,59.39,3,381,0.0,3.17,15,3,1,2026-02-27 01:00:00
6162,274,1,89.4,75.0,75.0,1,93,1.0,0.0,1,1,0,2026-01-02 08:00:00
6163,274,1,47.7,89.4,89.4,2,210,1.0,0.0,2,1,1,2026-01-04 08:00:00
6164,274,2,95.5,68.55,68.55,1,121,1.0,0.0,3,1,0,2026-01-05 12:00:00
6165,274,3,58.2,77.53,77.53,1,109,1.0,0.0,4,2,1,2026-01-06 01:00:00
6166,274,3,46.0,67.13,72.7,2,242,1.0,-5.57,5,2,1,2026-01-07 15:00:00
6167,274,3,69.1,66.57,67.36,3,359,1.0,-0.79,6,2,1,2026-01-09 13:00:00
6168,274,4,52.2,57.77,67.65,1,95,0.0,-9.88,7,2,1,2026-01-10 07:00:00
6169,274,5,60.7,55.77,65.44,1,104,0.0,-9.68,8,3,1,2026-01-11 01:00:00
6170,274,6,83.2,60.67,64.85,1,81,1.0,-4.18,9,1,0,2026-01-11 08:00:00
6171,274,7,56.1,65.37,66.89,1,107,1.0,-1.52,10,2,1,2026-01-12 21:00:00
6172,274,8,61.8,66.67,65.81,1,132,1.0,0.86,11,2,1,2026-01-14 08:00:00
6173,274,9,99.3,67.03,65.45,1,123,0.0,1.59,12,3,0,2026-01-15 08:00:00
6174,274,10,67.2,72.4,68.27,1,138,1.0,4.13,13,2,1,2026-01-15 12:00:00
6175,274,10,96.8,76.1,68.18,2,241,1.0,7.92,14,2,0,2026-01-15 17:00:00
6176,274,10,36.4,87.77,70.23,3,377,1.0,17.54,14,2,1,2026-01-17 01:00:00
6177,274,11,87.3,66.8,67.97,1,106,0.5,-1.17,14,1,0,2026-01-18 16:00:00
6178,274,12,78.8,73.5,69.18,1,139,1.0,4.32,13,2,0,2026-01-20 14:00:00
6179,274,12,52.0,67.5,69.75,2,248,1.0,-2.25,14,2,1,2026-01-21 08:00:00
6180,274,12,98.5,72.7,68.76,3,372,1.0,3.94,14,2,0,2026-01-22 04:00:00
6181,274,13,71.3,76.43,70.33,1,139,1.0,6.11,14,2,0,2026-01-23 17:00:00
6182,274,14,38.9,73.93,70.38,1,106,0.5,3.56,12,3,1,2026-01-25 08:00:00
6183,274,15,88.0,69.57,68.88,1,114,1.0,0.69,13,2,0,2026-01-25 13:00:00
6184,274,16,33.0,66.07,69.75,1,135,1.0,-3.68,14,3,1,2026-01-26 20:00:00
6185,274,16,66.4,53.3,68.15,2,242,1.0,-14.85,13,3,1,2026-01-28 16:00:00
6186,274,16,85.8,62.47,68.08,3,325,1.0,-5.61,14,3,0,2026-01-29 00:00:00
6187,274,17,34.3,61.73,68.78,1,152,1.0,-7.05,12,3,1,2026-01-30 11:00:00
6188,274,18,94.1,62.17,67.46,1,100,1.0,-5.29,12,3,0,2026-01-31 13:00:00
6189,274,19,63.0,71.4,68.44,1,113,1.0,2.96,13,2,1,2026-02-01 05:00:00
6190,274,20,93.3,63.8,68.25,1,133,0.5,-4.45,13,3,0,2026-02-02 06:00:00
6191,274,20,62.7,83.47,69.11,2,230,0.5,14.35,13,3,1,2026-02-04 02:00:00
6192,275,1,75.4,75.0,75.0,1,69,1.0,0.0,1,1,0,2026-01-20 04:00:00
6193,275,2,74.5,75.4,75.4,1,95,1.0,0.0,2,1,0,2026-01-21 11:00:00
6194,275,3,91.0,74.95,74.95,1,54,1.0,0.0,3,2,0,2026-01-23 11:00:00
6195,275,3,72.3,80.3,80.3,2,138,1.0,0.0,4,2,0,2026-01-24 10:00:00
6196,275,3,59.7,79.27,78.3,3,232,1.0,0.97,5,2,1,2026-01-25 18:00:00
6197,275,4,84.8,74.33,74.58,1,84,1.0,-0.25,6,2,0,2026-01-26 23:00:00
6198,275,5,91.9,72.27,76.28,1,59,1.0,-4.02,7,3,0,2026-01-27 06:00:00
6199,275,6,56.1,78.8,78.51,1,121,1.0,0.29,8,1,1,2026-01-28 07:00:00
6200,275,6,94.2,77.6,75.71,2,213,1.0,1.89,9,1,0,2026-01-29 20:00:00
6201,275,6,77.8,80.73,77.77,3,331,1.0,2.97,10,1,0,2026-01-31 06:00:00
6202,275,7,73.4,76.03,77.77,1,84,1.0,-1.74,11,2,0,2026-01-31 17:00:00
6203,275,8,93.5,81.8,77.37,1,72,1.0,4.43,12,2,0,2026-02-01 05:00:00
6204,275,9,90.0,81.57,78.72,1,95,1.0,2.85,13,3,0,2026-02-02 21:00:00
6205,275,10,30.6,85.63,79.58,1,85,1.0,6.05,12,2,1,2026-02-04 20:00:00
6206,275,10,83.5,71.37,76.09,2,151,1.0,-4.72,12,2,0,2026-02-06 12:00:00
6207,275,11,71.5,68.03,76.58,1,119,1.0,-8.55,13,1,0,2026-02-07 02:00:00
6208,275,12,96.3,61.87,76.26,1,77,1.0,-14.4,13,2,0,2026-02-08 07:00:00
6209,275,12,58.2,83.77,77.44,2,130,1.0,6.33,12,2,1,2026-02-10 05:00:00
6210,275,13,36.6,75.33,76.37,1,116,1.0,-1.04,11,2,1,2026-02-12 05:00:00
6211,276,1,50.7,75.0,75.0,1,79,1.0,0.0,1,1,1,2026-01-25 13:00:00
6212,276,2,61.1,50.7,50.7,1,77,0.0,0.0,2,1,1,2026-01-27 10:00:00
6213,276,3,39.6,55.9,55.9,1,54,0.0,0.0,3,2,1,2026-01-28 19:00:00
6214,276,3,32.4,50.47,50.47,2,178,0.0,0.0,4,2,1,2026-01-29 10:00:00
6215,276,3,82.7,44.37,45.95,3,242,0.0,-1.58,5,2,0,2026-01-29 14:00:00
6216,276,4,31.9,51.57,53.3,1,91,1.0,-1.73,6,2,1,2026-01-31 05:00:00
6217,276,5,83.2,49.0,49.73,1,108,0.0,-0.73,7,3,0,2026-02-01 16:00:00
6218,276,6,98.3,65.93,54.51,1,98,1.0,11.42,8,1,0,2026-02-02 08:00:00
6219,276,7,98.0,71.13,59.99,1,88,1.0,11.15,9,2,0,2026-02-03 19:00:00
6220,276,8,91.0,93.17,64.21,1,55,1.0,28.96,10,2,0,2026-02-04 03:00:00
6221,276,9,93.2,95.77,66.89,1,73,1.0,28.88,11,3,0,2026-02-05 10:00:00
6222,276,10,87.3,94.07,69.28,1,93,1.0,24.78,12,2,0,2026-02-07 00:00:00
6223,276,11,75.4,90.5,70.78,1,74,0.5,19.72,13,1,0,2026-02-07 08:00:00
6224,276,12,99.6,85.3,71.14,1,94,1.0,14.16,13,2,0,2026-02-08 15:00:00
6225,276,12,78.0,87.43,73.17,2,197,1.0,14.26,14,2,0,2026-02-09 23:00:00
6226,276,12,83.7,84.33,73.49,3,306,1.0,10.84,14,2,0,2026-02-11 18:00:00
6227,276,13,99.9,87.1,74.13,1,65,1.0,12.97,12,2,0,2026-02-13 06:00:00
6228,276,13,83.2,87.2,75.65,2,198,1.0,11.55,13,2,0,2026-02-13 14:00:00
6229,276,13,49.1,88.93,76.07,3,303,1.0,12.87,14,2,1,2026-02-14 02:00:00
6230,276,14,52.2,77.4,74.65,1,89,1.0,2.75,14,3,1,2026-02-14 17:00:00
6231,276,15,47.3,61.5,73.53,1,111,1.0,-12.03,14,2,1,2026-02-16 01:00:00
6232,276,16,95.4,49.53,72.28,1,137,1.0,-22.74,14,3,0,2026-02-16 18:00:00
6233,276,17,79.7,64.97,73.33,1,61,1.0,-8.36,15,3,0,2026-02-17 16:00:00
6234,276,18,80.1,74.13,73.6,1,85,1.0,0.53,15,3,0,2026-02-17 22:00:00
6235,277,1,44.3,75.0,75.0,1,92,1.0,0.0,1,1,1,2026-01-05 17:00:00
6236,277,2,51.3,44.3,44.3,1,143,0.0,0.0,2,1,1,2026-01-05 21:00:00
6237,277,2,71.2,47.8,47.8,2,290,0.0,0.0,3,1,0,2026-01-07 12:00:00
6238,277,3,54.6,55.6,55.6,1,139,1.0,0.0,4,2,1,2026-01-08 17:00:00
6239,277,4,42.0,59.03,55.35,1,126,0.0,3.68,5,2,1,2026-01-10 13:00:00
6240,277,5,67.1,55.93,52.68,1,99,0.0,3.25,6,3,1,2026-01-10 18:00:00
6241,277,6,55.3,54.57,55.08,1,147,1.0,-0.52,7,1,1,2026-01-11 10:00:00
6242,277,7,60.2,54.8,55.11,1,169,0.0,-0.31,8,2,1,2026-01-13 05:00:00
6243,277,7,38.5,60.87,55.75,2,297,0.0,5.12,9,2,1,2026-01-14 13:00:00
6244,277,7,49.3,51.33,53.83,3,445,0.0,-2.5,10,2,1,2026-01-15 20:00:00
6245,277,8,73.6,49.33,53.38,1,108,1.0,-4.05,11,2,0,2026-01-17 06:00:00
6246,277,9,92.7,53.8,55.22,1,149,1.0,-1.42,12,3,0,2026-01-18 18:00:00
6247,277,9,61.2,71.87,58.34,2,281,1.0,13.52,11,3,1,2026-01-19 21:00:00
6248,277,9,49.6,75.83,58.56,3,405,1.0,17.27,12,3,1,2026-01-20 23:00:00
6249,277,10,50.5,67.83,57.92,1,124,1.0,9.91,11,2,1,2026-01-22 19:00:00
6250,277,10,99.2,53.77,57.43,2,256,1.0,-3.66,12,2,0,2026-01-23 00:00:00
6251,277,10,94.1,66.43,60.04,3,403,1.0,6.4,12,2,0,2026-01-24 13:00:00
6252,277,11,75.6,81.27,62.04,1,113,0.5,19.23,11,1,0,2026-01-26 00:00:00
6253,277,11,80.0,89.63,62.79,2,245,0.5,26.84,12,1,0,2026-01-27 02:00:00
6254,278,1,95.3,75.0,75.0,1,89,1.0,0.0,1,1,0,2026-01-22 10:00:00
6255,278,2,89.3,95.3,95.3,1,68,1.0,0.0,2,1,0,2026-01-23 08:00:00
6256,278,3,76.1,92.3,92.3,1,125,1.0,0.0,3,2,0,2026-01-24 07:00:00
6257,278,3,69.4,86.9,86.9,2,197,1.0,0.0,4,2,1,2026-01-24 12:00:00
6258,278,3,43.6,78.27,82.52,3,273,1.0,-4.26,5,2,1,2026-01-24 22:00:00
6259,278,4,44.5,63.03,74.74,1,70,1.0,-11.71,6,2,1,2026-01-25 15:00:00
6260,278,4,71.8,52.5,69.7,2,195,1.0,-17.2,7,2,0,2026-01-27 02:00:00
6261,278,5,88.9,53.3,70.0,1,101,1.0,-16.7,8,3,0,2026-01-28 03:00:00
6262,278,6,57.0,68.4,72.36,1,71,1.0,-3.96,9,1,1,2026-01-28 18:00:00
6263,278,6,77.9,72.57,70.66,2,183,1.0,1.91,10,1,0,2026-01-30 12:00:00
6264,278,6,33.9,74.6,71.38,3,277,1.0,3.22,11,1,1,2026-01-31 14:00:00
6265,278,7,55.5,56.27,67.97,1,95,1.0,-11.71,12,2,1,2026-02-01 15:00:00
6266,278,8,88.8,55.77,66.93,1,83,1.0,-11.17,13,2,0,2026-02-02 07:00:00
6267,278,9,46.0,59.4,68.62,1,75,1.0,-9.22,14,3,1,2026-02-03 12:00:00
6268,278,10,66.5,63.43,67.0,1,96,1.0,-3.57,15,2,1,2026-02-03 20:00:00
6269,278,11,75.7,67.1,66.97,1,79,0.5,0.13,16,1,0,2026-02-04 16:00:00
6270,278,12,43.0,62.73,67.51,1,126,0.5,-4.78,15,2,1,2026-02-06 09:00:00
6271,278,12,54.3,61.73,66.07,2,190,0.5,-4.34,14,2,1,2026-02-07 21:00:00
6272,278,12,83.6,57.67,65.42,3,310,0.5,-7.75,13,2,0,2026-02-09 07:00:00
6273,278,13,42.2,60.3,66.37,1,87,1.0,-6.07,13,2,1,2026-02-10 23:00:00
6274,278,13,85.6,60.03,65.16,2,182,1.0,-5.13,13,2,0,2026-02-11 06:00:00
6275,278,14,66.9,70.47,66.14,1,106,0.5,4.33,13,3,1,2026-02-13 06:00:00
6276,278,14,39.7,64.9,66.17,2,183,0.5,-1.27,13,3,1,2026-02-13 14:00:00
6277,278,15,50.5,64.07,65.02,1,107,1.0,-0.96,14,2,1,2026-02-13 20:00:00
6278,278,16,56.6,52.37,64.42,1,35,0.5,-12.05,15,3,1,2026-02-14 08:00:00
6279,278,16,79.8,48.93,64.1,2,110,0.5,-15.17,14,3,0,2026-02-16 01:00:00
6280,278,16,35.8,62.3,64.71,3,181,0.5,-2.41,12,3,1,2026-02-18 01:00:00
6281,278,17,69.0,57.4,63.64,1,64,1.0,-6.24,12,3,1,2026-02-20 01:00:00
6282,278,17,32.3,61.53,63.83,2,149,1.0,-2.3,12,3,1,2026-02-20 09:00:00
6283,278,17,77.7,45.7,62.74,3,246,1.0,-17.04,13,3,0,2026-02-21 10:00:00
6284,278,18,91.1,59.67,63.24,1,104,1.0,-3.57,13,3,0,2026-02-22 00:00:00
6285,278,19,81.6,67.03,64.14,1,94,0.5,2.89,14,2,0,2026-02-22 08:00:00
6286,278,19,63.7,83.47,64.68,2,170,0.5,18.78,15,2,1,2026-02-22 17:00:00
6287,279,1,87.4,75.0,75.0,1,147,1.0,0.0,1,1,0,2026-02-01 11:00:00
6288,279,2,37.5,87.4,87.4,1,142,1.0,0.0,2,1,1,2026-02-02 20:00:00
6289,279,3,45.7,62.45,62.45,1,158,0.0,0.0,3,2,1,2026-02-03 15:00:00
6290,279,4,99.4,56.87,56.87,1,155,0.0,0.0,4,2,0,2026-02-05 12:00:00
6291,279,4,54.5,60.87,67.5,2,295,0.0,-6.63,5,2,1,2026-02-07 07:00:00
6292,279,4,47.4,66.53,64.9,3,417,0.0,1.63,6,2,1,2026-02-08 20:00:00
6293,279,5,49.6,67.1,61.98,1,126,1.0,5.12,7,3,1,2026-02-09 01:00:00
6294,279,6,98.7,50.5,60.21,1,129,1.0,-9.71,8,1,0,2026-02-10 18:00:00
6295,279,6,59.9,65.23,65.03,2,262,1.0,0.21,9,1,1,2026-02-12 06:00:00
6296,279,7,82.7,69.4,64.46,1,145,1.0,4.94,10,2,0,2026-02-13 09:00:00
6297,279,7,75.9,80.43,66.28,2,299,1.0,14.15,11,2,0,2026-02-13 21:00:00
6298,279,8,86.0,72.83,67.15,1,138,1.0,5.68,11,2,0,2026-02-15 19:00:00
6299,279,8,55.7,81.53,68.73,2,278,1.0,12.81,12,2,1,2026-02-16 08:00:00
6300,279,8,56.1,72.53,67.72,3,420,1.0,4.81,12,2,1,2026-02-17 08:00:00
6301,279,9,39.7,65.93,66.89,1,129,1.0,-0.96,12,3,1,2026-02-17 19:00:00
6302,279,9,81.2,50.5,65.08,2,250,1.0,-14.58,13,3,0,2026-02-18 23:00:00
6303,279,9,32.6,59.0,66.09,3,354,1.0,-7.09,14,3,1,2026-02-19 11:00:00
6304,279,10,37.4,51.17,64.12,1,126,1.0,-12.95,14,2,1,2026-02-20 10:00:00
6305,279,11,44.8,50.4,62.63,1,149,0.5,-12.23,15,1,1,2026-02-20 15:00:00
6306,279,11,68.5,38.27,61.69,2,274,0.5,-23.43,16,1,1,2026-02-21 03:00:00
6307,279,11,52.5,50.23,62.04,3,409,0.5,-11.8,16,1,1,2026-02-21 10:00:00
6308,279,12,82.1,55.27,61.58,1,149,0.5,-6.31,15,2,0,2026-02-23 10:00:00
6309,279,12,76.4,67.7,62.51,2,299,0.5,5.19,16,2,0,2026-02-24 09:00:00
6310,279,13,36.7,70.33,63.12,1,118,1.0,7.22,16,2,1,2026-02-26 04:00:00
6311,280,1,97.3,75.0,75.0,1,159,1.0,0.0,1,1,0,2026-01-24 06:00:00
6312,280,2,74.3,97.3,97.3,1,162,1.0,0.0,2,1,0,2026-01-24 12:00:00
6313,280,3,39.4,85.8,85.8,1,117,1.0,0.0,3,2,1,2026-01-26 04:00:00
6314,280,3,79.1,70.33,70.33,2,240,1.0,0.0,4,2,0,2026-01-27 19:00:00
6315,280,4,54.8,64.27,72.53,1,163,1.0,-8.26,5,2,1,2026-01-29 00:00:00
6316,280,4,96.3,57.77,68.98,2,300,1.0,-11.21,6,2,0,2026-01-30 23:00:00
6317,280,5,53.1,76.73,73.53,1,95,1.0,3.2,7,3,1,2026-02-01 12:00:00
6318,280,6,71.8,68.07,70.61,1,112,1.0,-2.55,8,1,0,2026-02-02 00:00:00
6319,280,6,67.3,73.73,70.76,2,247,1.0,2.97,9,1,1,2026-02-03 00:00:00
6320,280,7,58.9,64.07,70.38,1,116,1.0,-6.31,10,2,1,2026-02-04 05:00:00
6321,280,8,63.9,66.0,69.23,1,131,1.0,-3.23,11,2,1,2026-02-05 09:00:00
6322,280,8,49.8,63.37,68.75,2,271,1.0,-5.38,12,2,1,2026-02-06 18:00:00
6323,280,8,57.7,57.53,67.17,3,440,1.0,-9.63,13,2,1,2026-02-06 23:00:00
6324,280,9,42.2,57.13,66.44,1,134,0.0,-9.31,12,3,1,2026-02-08 12:00:00
6325,280,9,60.9,49.9,64.71,2,295,0.0,-14.81,12,3,1,2026-02-09 23:00:00
6326,280,10,68.2,53.6,64.45,1,168,1.0,-10.85,12,2,1,2026-02-11 04:00:00
6327,280,11,86.2,57.1,64.69,1,168,0.5,-7.59,12,1,0,2026-02-12 13:00:00
6328,280,11,84.7,71.77,65.95,2,313,0.5,5.81,12,1,0,2026-02-14 02:00:00
6329,280,11,53.5,79.7,66.99,3,413,0.5,12.71,13,1,1,2026-02-15 10:00:00
6330,280,12,55.6,74.8,66.28,1,149,0.5,8.52,11,2,1,2026-02-17 10:00:00
6331,280,13,49.8,64.6,65.75,1,160,0.0,-1.15,12,2,1,2026-02-17 20:00:00
6332,280,13,60.6,52.97,64.99,2,298,0.0,-12.02,12,2,1,2026-02-18 21:00:00
6333,280,13,48.2,55.33,64.79,3,472,0.0,-9.46,11,2,1,2026-02-20 19:00:00
6334,280,14,63.2,52.87,64.07,1,157,0.0,-11.2,11,3,1,2026-02-22 03:00:00
6335,280,15,75.9,57.33,64.03,1,151,1.0,-6.7,12,2,0,2026-02-22 08:00:00
6336,280,16,75.5,62.43,64.51,1,161,0.0,-2.07,12,3,0,2026-02-22 23:00:00
6337,280,16,40.3,71.53,64.93,2,307,0.0,6.6,12,3,1,2026-02-24 07:00:00
6338,280,16,36.5,63.9,64.02,3,397,0.0,-0.12,12,3,1,2026-02-26 04:00:00
6339,280,17,46.1,50.77,63.04,1,130,1.0,-12.27,12,3,1,2026-02-26 17:00:00
6340,280,17,50.2,40.97,62.45,2,293,1.0,-21.49,13,3,1,2026-02-28 01:00:00
6341,280,18,52.8,44.27,62.04,1,123,1.0,-17.78,13,3,1,2026-03-01 07:00:00
6342,281,1,50.5,75.0,75.0,1,135,1.0,0.0,1,1,1,2026-01-09 10:00:00
6343,281,1,39.3,50.5,50.5,2,254,1.0,0.0,2,1,1,2026-01-10 16:00:00
6344,281,1,69.6,44.9,44.9,3,429,1.0,0.0,3,1,1,2026-01-10 23:00:00
6345,281,2,92.0,53.13,53.13,1,173,0.0,0.0,4,1,0,2026-01-11 14:00:00
6346,281,3,60.6,66.97,62.85,1,122,1.0,4.12,5,2,1,2026-01-12 01:00:00
6347,281,3,35.1,74.07,62.4,2,264,1.0,11.67,6,2,1,2026-01-12 22:00:00
6348,281,3,97.2,62.57,57.85,3,390,1.0,4.72,7,2,0,2026-01-13 18:00:00
6349,281,4,49.6,64.3,63.47,1,152,1.0,0.83,8,2,1,2026-01-15 08:00:00
6350,281,5,80.9,60.63,61.74,1,150,0.0,-1.1,9,3,0,2026-01-15 23:00:00
6351,281,6,80.1,75.9,63.87,1,156,1.0,12.03,10,1,0,2026-01-17 15:00:00
6352,281,7,37.2,70.2,65.49,1,146,1.0,4.71,11,2,1,2026-01-18 12:00:00
6353,281,8,86.8,66.07,62.92,1,198,1.0,3.15,12,2,0,2026-01-19 02:00:00
6354,281,8,82.0,68.03,64.91,2,317,1.0,3.12,13,2,0,2026-01-20 18:00:00
6355,281,9,69.3,68.67,66.22,1,105,1.0,2.44,14,3,1,2026-01-22 05:00:00
6356,281,10,50.6,79.37,66.44,1,132,1.0,12.92,14,2,1,2026-01-23 17:00:00
6357,281,11,98.0,67.3,65.39,1,108,0.5,1.91,14,1,0,2026-01-24 19:00:00
6358,281,12,31.8,72.63,67.43,1,110,0.5,5.21,12,2,1,2026-01-26 04:00:00
6359,282,1,90.4,75.0,75.0,1,69,1.0,0.0,1,1,0,2026-01-29 20:00:00
6360,282,2,81.9,90.4,90.4,1,71,1.0,0.0,2,1,0,2026-01-30 10:00:00
6361,282,2,84.0,86.15,86.15,2,141,1.0,0.0,3,1,0,2026-02-01 06:00:00
6362,282,2,71.7,85.43,85.43,3,241,1.0,0.0,4,1,0,2026-02-02 23:00:00
6363,282,3,90.1,79.2,82.0,1,79,1.0,-2.8,5,2,0,2026-02-03 05:00:00
6364,282,3,56.4,81.93,83.62,2,165,1.0,-1.69,6,2,1,2026-02-05 00:00:00
6365,282,3,92.4,72.73,79.08,3,272,1.0,-6.35,7,2,0,2026-02-05 22:00:00
6366,282,4,48.3,79.63,80.99,1,74,1.0,-1.35,8,2,1,2026-02-07 17:00:00
6367,282,5,62.6,65.7,76.9,1,84,0.0,-11.2,9,3,1,2026-02-08 12:00:00
6368,282,6,92.8,67.77,75.31,1,97,1.0,-7.54,10,1,0,2026-02-08 16:00:00
6369,282,6,97.3,67.9,77.06,2,148,1.0,-9.16,11,1,0,2026-02-10 09:00:00
6370,282,7,73.5,84.23,78.9,1,42,1.0,5.33,12,2,0,2026-02-12 03:00:00
6371,282,7,88.1,87.87,78.45,2,138,1.0,9.42,13,2,0,2026-02-12 14:00:00
6372,282,8,98.3,86.3,79.19,1,99,1.0,7.11,12,2,0,2026-02-13 19:00:00
6373,282,9,83.3,86.63,80.56,1,131,1.0,6.08,13,3,0,2026-02-14 15:00:00
6374,282,10,90.1,89.9,80.74,1,93,1.0,9.16,13,2,0,2026-02-16 02:00:00
6375,282,11,87.6,90.57,81.32,1,106,1.0,9.24,12,1,0,2026-02-17 09:00:00
6376,282,11,76.0,87.0,81.69,2,192,1.0,5.31,13,1,0,2026-02-18 07:00:00
6377,282,12,95.6,84.57,81.38,1,95,1.0,3.19,12,2,0,2026-02-20 03:00:00
6378,282,13,49.2,86.4,82.13,1,123,1.0,4.27,12,2,1,2026-02-21 17:00:00
6379,283,1,80.9,75.0,75.0,1,47,1.0,0.0,1,1,0,2026-01-07 13:00:00
6380,283,2,54.7,80.9,80.9,1,98,1.0,0.0,2,1,1,2026-01-08 23:00:00
6381,283,2,72.6,67.8,67.8,2,230,1.0,0.0,3,1,0,2026-01-09 17:00:00
6382,283,3,87.1,69.4,69.4,1,95,1.0,0.0,4,2,0,2026-01-10 08:00:00
6383,283,4,96.2,71.47,73.82,1,123,1.0,-2.36,5,2,0,2026-01-11 20:00:00
6384,283,4,59.6,85.3,78.3,2,200,1.0,7.0,6,2,1,2026-01-13 07:00:00
6385,283,4,59.2,80.97,75.18,3,289,1.0,5.78,7,2,1,2026-01-14 02:00:00
6386,283,5,97.5,71.67,72.9,1,90,1.0,-1.23,8,3,0,2026-01-15 12:00:00
6387,283,6,72.3,72.1,75.97,1,45,1.0,-3.87,9,1,0,2026-01-17 10:00:00
6388,283,7,91.7,76.33,75.57,1,66,1.0,0.77,10,2,0,2026-01-19 04:00:00
6389,283,8,61.0,87.17,77.18,1,68,1.0,9.99,11,2,1,2026-01-19 17:00:00
6390,283,8,77.8,75.0,75.71,2,174,1.0,-0.71,12,2,0,2026-01-21 03:00:00
6391,283,9,96.9,76.83,75.88,1,107,1.0,0.95,12,3,0,2026-01-22 13:00:00
6392,283,9,71.5,78.57,77.5,2,203,1.0,1.07,12,3,0,2026-01-23 08:00:00
6393,283,9,96.2,82.07,77.07,3,309,1.0,5.0,11,3,0,2026-01-25 01:00:00
6394,283,10,94.4,88.2,78.35,1,86,1.0,9.85,11,2,0,2026-01-26 23:00:00
6395,284,1,93.5,75.0,75.0,1,84,1.0,0.0,1,1,0,2026-01-30 22:00:00
6396,284,2,67.9,93.5,93.5,1,60,1.0,0.0,2,1,1,2026-01-31 02:00:00
6397,284,3,49.1,80.7,80.7,1,61,0.0,0.0,3,2,1,2026-02-01 01:00:00
6398,284,4,92.1,70.17,70.17,1,54,0.0,0.0,4,2,0,2026-02-02 10:00:00
6399,284,5,60.9,69.7,75.65,1,73,1.0,-5.95,5,3,1,2026-02-03 13:00:00
6400,284,6,61.4,67.37,72.7,1,51,1.0,-5.33,6,1,1,2026-02-04 14:00:00
6401,284,7,88.6,71.47,70.82,1,79,0.0,0.65,7,2,0,2026-02-05 17:00:00
6402,284,8,92.2,70.3,73.36,1,37,1.0,-3.06,8,2,0,2026-02-07 01:00:00
6403,284,8,52.8,80.73,75.71,2,75,1.0,5.02,9,2,1,2026-02-07 22:00:00
6404,284,8,39.4,77.87,73.17,3,148,1.0,4.7,10,2,1,2026-02-08 08:00:00
6405,284,9,82.5,61.47,69.79,1,58,1.0,-8.32,11,3,0,2026-02-10 02:00:00
6406,284,9,92.9,58.23,70.95,2,108,1.0,-12.71,12,3,0,2026-02-11 13:00:00
6407,284,10,89.4,71.6,72.77,1,77,1.0,-1.17,13,2,0,2026-02-12 12:00:00
6408,284,10,92.0,88.27,74.05,2,124,1.0,14.21,13,2,0,2026-02-14 00:00:00
6409,284,10,73.1,91.43,75.34,3,179,1.0,16.1,13,2,0,2026-02-14 20:00:00
6410,284,11,91.9,84.83,75.19,1,87,0.5,9.65,13,1,0,2026-02-15 23:00:00
6411,284,12,79.0,85.67,76.23,1,90,1.0,9.44,13,2,0,2026-02-17 09:00:00
6412,285,1,58.3,75.0,75.0,1,121,1.0,0.0,1,1,1,2026-01-28 16:00:00
6413,285,2,68.6,58.3,58.3,1,84,0.0,0.0,2,1,1,2026-01-30 15:00:00
6414,285,3,80.8,63.45,63.45,1,114,0.0,0.0,3,2,0,2026-02-01 11:00:00
6415,285,4,84.5,69.23,69.23,1,71,1.0,0.0,4,2,0,2026-02-02 11:00:00
6416,285,5,98.4,77.97,73.05,1,71,1.0,4.92,5,3,0,2026-02-04 01:00:00
6417,285,6,67.2,87.9,78.12,1,42,1.0,9.78,6,1,1,2026-02-04 16:00:00
6418,285,7,60.2,83.37,76.3,1,123,0.0,7.07,7,2,1,2026-02-06 15:00:00
6419,285,8,75.9,75.27,74.0,1,72,1.0,1.27,8,2,0,2026-02-07 13:00:00
6420,285,9,85.5,67.77,74.24,1,87,1.0,-6.47,9,3,0,2026-02-08 05:00:00
6421,285,10,82.9,73.87,75.49,1,71,1.0,-1.62,10,2,0,2026-02-08 14:00:00
6422,285,10,90.5,81.43,76.23,2,174,1.0,5.2,11,2,0,2026-02-09 09:00:00
6423,285,11,70.1,86.3,77.53,1,82,0.0,8.77,12,1,0,2026-02-11 09:00:00
6424,285,12,62.5,81.17,76.91,1,63,1.0,4.26,12,2,1,2026-02-12 18:00:00
6425,285,13,87.8,74.37,75.8,1,98,0.0,-1.43,12,2,0,2026-02-14 02:00:00
6426,285,14,88.5,73.47,76.66,1,61,0.0,-3.19,12,3,0,2026-02-15 21:00:00
6427,285,15,67.3,79.6,77.45,1,73,1.0,2.15,12,2,1,2026-02-16 21:00:00
6428,285,15,93.4,81.2,76.81,2,120,1.0,4.39,13,2,0,2026-02-17 17:00:00
6429,286,1,43.0,75.0,75.0,1,31,1.0,0.0,1,1,1,2026-01-09 08:00:00
6430,286,2,86.2,43.0,43.0,1,63,0.0,0.0,2,1,0,2026-01-10 06:00:00
6431,286,3,78.4,64.6,64.6,1,30,1.0,0.0,3,2,0,2026-01-11 10:00:00
6432,286,4,80.7,69.2,69.2,1,30,1.0,0.0,4,2,0,2026-01-11 19:00:00
6433,286,5,38.7,81.77,72.08,1,59,1.0,9.69,5,3,1,2026-01-13 18:00:00
6434,286,6,76.3,65.93,65.4,1,49,1.0,0.53,6,1,0,2026-01-14 10:00:00
6435,286,7,51.4,65.23,67.22,1,99,1.0,-1.98,7,2,1,2026-01-15 02:00:00
6436,286,7,88.2,55.47,64.96,2,195,1.0,-9.49,8,2,0,2026-01-16 19:00:00
6437,286,8,89.7,71.97,67.86,1,42,1.0,4.1,9,2,0,2026-01-18 00:00:00
6438,286,9,82.2,76.43,70.29,1,71,1.0,6.14,10,3,0,2026-01-18 18:00:00
6439,286,9,72.3,86.7,71.48,2,145,1.0,15.22,11,3,0,2026-01-20 06:00:00
6440,286,10,80.4,81.4,71.55,1,48,1.0,9.85,12,2,0,2026-01-22 00:00:00
6441,286,10,87.0,78.3,72.29,2,78,1.0,6.01,13,2,0,2026-01-22 07:00:00
6442,286,11,77.1,79.9,73.42,1,59,1.0,6.48,14,1,0,2026-01-23 03:00:00
6443,286,12,83.4,81.5,73.69,1,56,1.0,7.81,13,2,0,2026-01-24 23:00:00
6444,286,13,72.1,82.5,74.33,1,51,1.0,8.17,12,2,0,2026-01-25 19:00:00
6445,287,1,35.9,75.0,75.0,1,98,1.0,0.0,1,1,1,2026-02-02 09:00:00
6446,287,2,90.1,35.9,35.9,1,74,0.0,0.0,2,1,0,2026-02-03 12:00:00
6447,287,3,98.0,63.0,63.0,1,66,1.0,0.0,3,2,0,2026-02-04 21:00:00
6448,287,4,49.5,74.67,74.67,1,92,1.0,0.0,4,2,1,2026-02-06 13:00:00
6449,287,4,89.7,79.2,68.38,2,189,1.0,10.83,5,2,0,2026-02-06 18:00:00
6450,287,5,46.3,79.07,72.64,1,66,1.0,6.43,6,3,1,2026-02-07 15:00:00
6451,287,6,74.5,61.83,68.25,1,108,1.0,-6.42,7,1,0,2026-02-09 03:00:00
6452,287,7,90.6,70.17,69.14,1,54,1.0,1.02,8,2,0,2026-02-09 07:00:00
6453,287,8,63.1,70.47,71.82,1,78,1.0,-1.36,9,2,1,2026-02-10 03:00:00
6454,287,9,84.4,76.07,70.86,1,84,0.0,5.21,10,3,0,2026-02-11 03:00:00
6455,287,9,49.7,79.37,72.21,2,161,0.0,7.16,11,3,1,2026-02-12 22:00:00
6456,287,10,81.5,65.73,70.16,1,78,1.0,-4.43,12,2,0,2026-02-13 20:00:00
6457,288,1,64.6,75.0,75.0,1,127,1.0,0.0,1,1,1,2026-01-16 23:00:00
6458,288,2,93.8,64.6,64.6,1,72,0.0,0.0,2,1,0,2026-01-17 21:00:00
6459,288,3,93.1,79.2,79.2,1,138,1.0,0.0,3,2,0,2026-01-18 04:00:00
6460,288,4,41.6,83.83,83.83,1,98,1.0,0.0,4,2,1,2026-01-18 23:00:00
6461,288,4,54.9,76.17,73.27,2,189,1.0,2.89,5,2,1,2026-01-20 09:00:00
6462,288,4,67.3,63.2,69.6,3,288,1.0,-6.4,6,2,1,2026-01-22 08:00:00
6463,288,5,62.6,54.6,69.22,1,140,0.0,-14.62,7,3,1,2026-01-22 19:00:00
6464,288,5,65.3,61.6,68.27,2,210,0.0,-6.67,8,3,1,2026-01-23 23:00:00
6465,288,6,89.0,65.07,67.9,1,67,1.0,-2.83,9,1,0,2026-01-25 03:00:00
6466,288,7,96.1,72.3,70.24,1,74,1.0,2.06,10,2,0,2026-01-25 10:00:00
6467,288,8,95.2,83.47,72.83,1,90,1.0,10.64,11,2,0,2026-01-27 09:00:00
6468,288,9,78.1,93.43,74.86,1,55,1.0,18.57,12,3,0,2026-01-28 11:00:00
6469,288,10,48.0,89.8,75.13,1,90,1.0,14.67,13,2,1,2026-01-29 09:00:00
6470,288,11,70.5,73.77,73.05,1,123,1.0,0.72,14,1,0,2026-01-29 23:00:00
6471,288,12,84.2,65.53,72.86,1,93,1.0,-7.33,15,2,0,2026-01-30 06:00:00
6472,288,13,75.7,67.57,73.62,1,84,1.0,-6.05,14,2,0,2026-02-01 03:00:00
6473,288,14,80.2,76.8,73.75,1,77,1.0,3.05,13,3,0,2026-02-02 22:00:00
6474,288,14,49.2,80.03,74.13,2,184,1.0,5.9,13,3,1,2026-02-04 02:00:00
6475,288,15,41.8,68.37,72.74,1,73,1.0,-4.38,14,2,1,2026-02-04 19:00:00
6476,288,15,81.7,57.07,71.12,2,199,1.0,-14.05,13,2,0,2026-02-06 19:00:00
6477,288,16,59.5,57.57,71.65,1,128,1.0,-14.08,13,3,1,2026-02-07 21:00:00
6478,288,17,66.0,61.0,71.07,1,95,0.0,-10.07,12,3,1,2026-02-09 17:00:00
6479,288,18,30.2,69.07,70.84,1,89,0.0,-1.77,12,3,1,2026-02-11 04:00:00
6480,288,18,62.9,51.9,69.07,2,199,0.0,-17.17,12,3,1,2026-02-11 14:00:00
6481,288,19,48.0,53.03,68.81,1,111,0.5,-15.78,13,2,1,2026-02-12 00:00:00
6482,288,20,51.1,47.03,67.98,1,73,0.0,-20.95,11,3,1,2026-02-13 18:00:00
6483,288,20,90.7,54.0,67.33,2,152,0.0,-13.33,12,3,0,2026-02-14 11:00:00
6484,288,20,50.3,63.27,68.2,3,215,0.0,-4.93,12,3,1,2026-02-16 07:00:00
6485,289,1,95.0,75.0,75.0,1,98,1.0,0.0,1,1,0,2026-01-18 18:00:00
6486,289,2,92.9,95.0,95.0,1,103,1.0,0.0,2,1,0,2026-01-20 15:00:00
6487,289,3,81.6,93.95,93.95,1,63,1.0,0.0,3,2,0,2026-01-21 17:00:00
6488,289,4,95.6,89.83,89.83,1,80,1.0,0.0,4,2,0,2026-01-22 23:00:00
6489,289,5,67.8,90.03,91.28,1,63,1.0,-1.24,5,3,1,2026-01-23 14:00:00
6490,289,5,98.6,81.67,86.58,2,135,1.0,-4.91,6,3,0,2026-01-24 04:00:00
6491,289,5,59.3,87.33,88.58,3,236,1.0,-1.25,7,3,1,2026-01-24 10:00:00
6492,289,6,47.1,75.23,84.4,1,75,1.0,-9.17,8,1,1,2026-01-25 03:00:00
6493,289,7,67.3,68.33,79.74,1,83,0.0,-11.4,9,2,1,2026-01-26 05:00:00
6494,289,8,87.5,57.9,78.36,1,57,1.0,-20.46,10,2,0,2026-01-27 16:00:00
6495,289,9,64.4,67.3,79.27,1,93,1.0,-11.97,11,3,1,2026-01-28 03:00:00
6496,289,9,53.2,73.07,77.92,2,182,1.0,-4.85,12,3,1,2026-01-29 21:00:00
6497,289,10,99.9,68.37,75.86,1,75,1.0,-7.49,13,2,0,2026-01-31 16:00:00
6498,289,10,96.2,72.5,77.71,2,161,1.0,-5.21,13,2,0,2026-02-02 01:00:00
6499,289,11,91.9,83.1,79.03,1,93,0.5,4.07,14,1,0,2026-02-03 03:00:00
6500,289,12,85.2,96.0,79.89,1,73,0.5,16.11,13,2,0,2026-02-04 23:00:00
6501,289,12,34.1,91.1,80.22,2,133,0.5,10.88,14,2,1,2026-02-05 05:00:00
6502,289,12,55.1,70.4,77.51,3,259,0.5,-7.11,15,2,1,2026-02-05 09:00:00
6503,289,13,93.0,58.13,76.26,1,77,1.0,-18.13,15,2,0,2026-02-06 00:00:00
6504,289,14,45.3,60.73,77.14,1,88,0.5,-16.41,15,3,1,2026-02-06 20:00:00
6505,289,14,91.6,64.47,75.55,2,198,0.5,-11.08,14,3,0,2026-02-07 15:00:00
6506,289,15,90.2,76.63,76.31,1,160,1.0,0.32,13,2,0,2026-02-09 13:00:00
6507,289,15,91.9,75.7,76.95,2,225,1.0,-1.25,12,2,0,2026-02-11 04:00:00
6508,289,16,56.4,91.23,77.6,1,98,0.5,13.64,13,3,1,2026-02-12 05:00:00
6509,289,17,55.7,79.5,76.71,1,75,0.0,2.79,13,3,1,2026-02-13 07:00:00
6510,289,18,70.2,68.0,75.87,1,79,0.0,-7.87,14,3,0,2026-02-13 16:00:00
6511,289,18,90.0,60.77,75.65,2,154,0.0,-14.89,14,3,0,2026-02-15 07:00:00
6512,289,19,46.9,71.97,76.19,1,67,1.0,-4.22,14,2,1,2026-02-16 05:00:00
6513,290,1,70.1,75.0,75.0,1,89,1.0,0.0,1,1,0,2026-01-13 07:00:00
6514,290,2,83.6,70.1,70.1,1,60,1.0,0.0,2,1,0,2026-01-13 17:00:00
6515,290,3,38.3,76.85,76.85,1,108,1.0,0.0,3,2,1,2026-01-14 20:00:00
6516,290,4,79.0,64.0,64.0,1,91,0.0,0.0,4,2,0,2026-01-15 05:00:00
6517,290,5,67.9,66.97,67.75,1,98,1.0,-0.78,5,3,1,2026-01-16 19:00:00
6518,290,6,71.0,61.73,67.78,1,80,1.0,-6.05,6,1,0,2026-01-17 10:00:00
6519,290,7,81.1,72.63,68.32,1,82,1.0,4.32,7,2,0,2026-01-19 02:00:00
6520,290,8,31.2,73.33,70.14,1,95,1.0,3.19,8,2,1,2026-01-20 06:00:00
6521,290,8,78.3,61.1,65.28,2,161,1.0,-4.18,9,2,0,2026-01-22 04:00:00
6522,290,8,40.5,63.53,66.72,3,243,1.0,-3.19,10,2,1,2026-01-22 18:00:00
6523,290,9,44.5,50.0,64.1,1,72,1.0,-14.1,11,3,1,2026-01-23 21:00:00
6524,290,10,65.4,54.43,62.32,1,72,1.0,-7.88,12,2,1,2026-01-25 16:00:00
6525,290,10,90.1,50.13,62.58,2,119,1.0,-12.44,13,2,0,2026-01-26 20:00:00
6526,290,10,55.7,66.67,64.69,3,235,1.0,1.97,14,2,1,2026-01-27 01:00:00
6527,290,11,56.3,70.4,64.05,1,76,1.0,6.35,13,1,1,2026-01-28 03:00:00
6528,290,12,98.5,67.37,63.53,1,113,0.0,3.83,12,2,0,2026-01-29 20:00:00
6529,290,12,65.1,70.17,65.72,2,224,0.0,4.45,13,2,1,2026-01-30 16:00:00
6530,290,13,96.0,73.3,65.68,1,64,1.0,7.62,12,2,0,2026-02-01 02:00:00
6531,290,14,65.5,86.53,67.37,1,68,1.0,19.17,12,3,1,2026-02-02 16:00:00
6532,290,15,58.1,75.53,67.27,1,141,0.0,8.26,12,2,1,2026-02-04 14:00:00
6533,290,16,72.8,73.2,66.81,1,125,0.5,6.39,12,3,0,2026-02-05 04:00:00
6534,290,16,47.6,65.47,67.1,2,214,0.5,-1.63,13,3,1,2026-02-05 13:00:00
6535,290,16,85.1,59.5,66.21,3,309,0.5,-6.71,13,3,0,2026-02-05 23:00:00
6536,290,17,63.6,68.5,67.03,1,77,1.0,1.47,13,3,1,2026-02-07 18:00:00
6537,290,18,67.4,65.43,66.89,1,98,1.0,-1.45,14,3,1,2026-02-08 01:00:00
6538,290,19,34.5,72.03,66.91,1,75,0.5,5.13,14,2,1,2026-02-08 20:00:00
6539,290,19,96.4,55.17,65.66,2,124,0.5,-10.49,13,2,0,2026-02-10 11:00:00
6540,290,19,31.4,66.1,66.8,3,187,0.5,-0.7,14,2,1,2026-02-10 22:00:00
6541,291,1,96.0,75.0,75.0,1,60,1.0,0.0,1,1,0,2026-01-03 04:00:00
6542,291,2,73.7,96.0,96.0,1,37,1.0,0.0,2,1,0,2026-01-04 15:00:00
6543,291,3,76.3,84.85,84.85,1,58,1.0,0.0,3,2,0,2026-01-06 02:00:00
6544,291,4,80.0,82.0,82.0,1,38,1.0,0.0,4,2,0,2026-01-07 12:00:00
6545,291,5,85.0,76.67,81.5,1,44,1.0,-4.83,5,3,0,2026-01-07 23:00:00
6546,291,5,64.2,80.43,82.2,2,121,1.0,-1.77,6,3,1,2026-01-09 19:00:00
6547,291,5,100.0,76.4,79.2,3,185,1.0,-2.8,7,3,0,2026-01-11 01:00:00
6548,291,6,71.3,83.07,82.17,1,59,1.0,0.9,8,1,0,2026-01-11 08:00:00
6549,291,7,91.6,78.5,80.81,1,77,1.0,-2.31,9,2,0,2026-01-12 12:00:00
6550,291,7,94.8,87.63,82.01,2,146,1.0,5.62,10,2,0,2026-01-13 05:00:00
6551,291,7,91.7,85.9,83.29,3,234,1.0,2.61,11,2,0,2026-01-15 05:00:00
6552,291,8,69.1,92.7,84.05,1,50,1.0,8.65,12,2,1,2026-01-16 19:00:00
6553,291,8,86.9,85.2,82.81,2,101,1.0,2.39,12,2,0,2026-01-18 12:00:00
6554,291,9,97.3,82.57,83.12,1,33,1.0,-0.56,12,3,0,2026-01-19 14:00:00
6555,291,9,80.6,84.43,84.14,2,84,1.0,0.3,12,3,0,2026-01-21 08:00:00
6556,291,10,95.0,88.27,83.9,1,79,1.0,4.37,11,2,0,2026-01-22 19:00:00
6557,291,11,70.1,90.97,84.59,1,85,1.0,6.37,11,1,0,2026-01-24 11:00:00
6558,291,12,94.0,81.9,83.74,1,79,1.0,-1.84,10,2,0,2026-01-25 10:00:00
6559,291,13,91.1,86.37,84.31,1,30,1.0,2.06,11,2,0,2026-01-26 00:00:00
6560,291,14,70.5,85.07,84.67,1,81,1.0,0.4,11,3,0,2026-01-27 04:00:00
6561,291,15,72.3,85.2,83.96,1,30,1.0,1.24,11,2,0,2026-01-28 19:00:00
6562,291,16,85.8,77.97,83.4,1,77,1.0,-5.44,11,3,0,2026-01-30 06:00:00
6563,291,16,100.0,76.2,83.51,2,129,1.0,-7.31,11,3,0,2026-01-31 17:00:00
6564,291,16,40.0,86.03,84.23,3,203,1.0,1.8,12,3,1,2026-02-01 04:00:00
6565,291,17,57.0,75.27,82.39,1,33,1.0,-7.12,12,3,1,2026-02-01 21:00:00
6566,291,18,31.7,65.67,81.37,1,83,1.0,-15.71,12,3,1,2026-02-03 06:00:00
6567,291,19,90.2,42.9,79.46,1,30,1.0,-36.56,12,2,0,2026-02-04 16:00:00
6568,292,1,67.4,75.0,75.0,1,46,1.0,0.0,1,1,1,2026-01-30 15:00:00
6569,292,2,89.2,67.4,67.4,1,40,0.0,0.0,2,1,0,2026-02-01 04:00:00
6570,292,3,36.3,78.3,78.3,1,30,1.0,0.0,3,2,1,2026-02-02 10:00:00
6571,292,4,80.4,64.3,64.3,1,61,0.0,0.0,4,2,0,2026-02-02 17:00:00
6572,292,4,73.7,68.63,68.33,2,157,0.0,0.31,5,2,0,2026-02-04 15:00:00
6573,292,4,94.5,63.47,69.4,3,270,0.0,-5.93,6,2,0,2026-02-06 06:00:00
6574,292,5,97.5,82.87,73.58,1,61,1.0,9.28,7,3,0,2026-02-06 22:00:00
6575,292,6,83.6,88.57,77.0,1,82,1.0,11.57,8,1,0,2026-02-07 20:00:00
6576,292,7,76.5,91.87,77.82,1,64,1.0,14.04,9,2,0,2026-02-09 12:00:00
6577,292,8,72.4,85.87,77.68,1,69,1.0,8.19,10,2,0,2026-02-09 17:00:00
6578,292,9,70.1,77.5,77.15,1,53,1.0,0.35,11,3,0,2026-02-10 15:00:00
6579,292,10,95.2,73.0,76.51,1,63,1.0,-3.51,12,2,0,2026-02-12 01:00:00
6580,292,11,88.6,79.23,78.07,1,70,1.0,1.17,13,1,0,2026-02-12 15:00:00
6581,292,12,52.7,84.63,78.88,1,48,1.0,5.76,14,2,1,2026-02-13 14:00:00
6582,292,13,75.3,78.83,77.01,1,58,0.0,1.83,13,2,0,2026-02-15 11:00:00
6583,292,13,94.4,72.2,76.89,2,116,0.0,-4.69,12,2,0,2026-02-17 03:00:00
6584,292,14,87.3,74.13,77.99,1,76,0.5,-3.85,13,3,0,2026-02-18 12:00:00
6585,292,14,32.2,85.67,78.54,2,114,0.5,7.13,13,3,1,2026-02-19 14:00:00
6586,292,14,99.2,71.3,75.96,3,172,0.5,-4.66,13,3,0,2026-02-20 17:00:00
6587,292,15,81.7,72.9,77.18,1,98,1.0,-4.28,13,2,0,2026-02-21 05:00:00
6588,292,16,59.9,71.03,77.41,1,83,0.5,-6.38,13,3,1,2026-02-22 09:00:00
6589,292,17,93.9,80.27,76.58,1,86,0.0,3.69,12,3,0,2026-02-24 00:00:00
6590,292,18,96.0,78.5,77.36,1,60,0.0,1.14,12,3,0,2026-02-25 03:00:00
6591,293,1,95.6,75.0,75.0,1,146,1.0,0.0,1,1,0,2026-02-02 06:00:00
6592,293,2,58.7,95.6,95.6,1,160,1.0,0.0,2,1,1,2026-02-02 23:00:00
6593,293,3,48.1,77.15,77.15,1,171,0.0,0.0,3,2,1,2026-02-03 05:00:00
6594,293,4,78.4,67.47,67.47,1,100,0.0,0.0,4,2,0,2026-02-04 21:00:00
6595,293,5,47.3,61.73,70.2,1,113,1.0,-8.47,5,3,1,2026-02-05 15:00:00
6596,293,5,68.0,57.93,65.62,2,279,1.0,-7.69,6,3,1,2026-02-06 17:00:00
6597,293,6,38.1,64.57,66.02,1,134,1.0,-1.45,7,1,1,2026-02-07 07:00:00
6598,293,6,45.3,51.13,62.03,2,260,1.0,-10.9,8,1,1,2026-02-08 14:00:00
6599,293,7,47.6,50.47,59.94,1,114,0.0,-9.47,9,2,1,2026-02-10 01:00:00
6600,293,8,92.7,43.67,58.57,1,128,1.0,-14.9,10,2,0,2026-02-10 14:00:00
6601,293,9,48.0,61.87,61.98,1,111,1.0,-0.11,11,3,1,2026-02-11 17:00:00
6602,293,10,89.4,62.77,60.71,1,181,1.0,2.06,12,2,0,2026-02-12 22:00:00
6603,293,10,38.9,76.7,63.1,2,320,1.0,13.6,13,2,1,2026-02-14 09:00:00
6604,293,10,63.8,58.77,61.24,3,458,1.0,-2.47,14,2,1,2026-02-14 20:00:00
6605,293,11,57.2,64.03,61.42,1,151,0.0,2.61,14,1,1,2026-02-16 16:00:00
6606,294,1,89.2,75.0,75.0,1,109,1.0,0.0,1,1,0,2026-01-12 20:00:00
6607,294,2,39.6,89.2,89.2,1,108,1.0,0.0,2,1,1,2026-01-14 09:00:00
6608,294,3,77.9,64.4,64.4,1,111,0.0,0.0,3,2,0,2026-01-15 16:00:00
6609,294,4,58.4,68.9,68.9,1,77,1.0,0.0,4,2,1,2026-01-17 08:00:00
6610,294,5,32.3,58.63,66.28,1,84,0.0,-7.64,5,3,1,2026-01-19 01:00:00
6611,294,5,84.3,56.2,59.48,2,189,0.0,-3.28,6,3,0,2026-01-20 14:00:00
6612,294,5,65.4,58.33,63.62,3,268,0.0,-5.28,7,3,1,2026-01-22 07:00:00
6613,294,6,64.9,60.67,63.87,1,89,1.0,-3.2,8,1,1,2026-01-23 20:00:00
6614,294,6,92.8,71.53,64.0,2,186,1.0,7.53,9,1,0,2026-01-24 20:00:00
6615,294,7,65.4,74.37,67.2,1,105,1.0,7.17,10,2,1,2026-01-26 19:00:00
6616,294,7,65.7,74.37,67.02,2,159,1.0,7.35,10,2,1,2026-01-27 05:00:00
6617,294,7,89.4,74.63,66.9,3,263,1.0,7.73,10,2,0,2026-01-28 11:00:00
6618,294,8,70.3,73.5,68.77,1,85,1.0,4.73,11,2,0,2026-01-28 21:00:00
6619,294,9,52.3,75.13,68.89,1,104,1.0,6.24,12,3,1,2026-01-29 05:00:00
6620,294,10,45.0,70.67,67.71,1,105,1.0,2.96,12,2,1,2026-01-30 21:00:00
6621,295,1,84.5,75.0,75.0,1,92,1.0,0.0,1,1,0,2026-01-27 10:00:00
6622,295,2,98.6,84.5,84.5,1,87,1.0,0.0,2,1,0,2026-01-28 21:00:00
6623,295,3,40.6,91.55,91.55,1,86,1.0,0.0,3,2,1,2026-01-30 10:00:00
6624,295,4,83.8,74.57,74.57,1,88,0.0,0.0,4,2,0,2026-01-31 21:00:00
6625,295,5,94.0,74.33,76.88,1,65,1.0,-2.54,5,3,0,2026-02-02 12:00:00
6626,295,6,93.8,72.8,80.3,1,60,1.0,-7.5,6,1,0,2026-02-03 18:00:00
6627,295,7,70.5,90.53,82.55,1,77,1.0,7.98,7,2,0,2026-02-04 01:00:00
6628,295,8,85.4,86.1,80.83,1,74,1.0,5.27,8,2,0,2026-02-05 10:00:00
6629,295,9,81.3,83.23,81.4,1,53,1.0,1.83,9,3,0,2026-02-05 18:00:00
6630,295,9,31.6,79.07,81.39,2,121,1.0,-2.32,10,3,1,2026-02-06 13:00:00
6631,295,10,75.1,66.1,76.41,1,59,1.0,-10.31,11,2,0,2026-02-07 01:00:00
6632,295,11,99.0,62.67,76.29,1,42,1.0,-13.62,12,1,0,2026-02-07 07:00:00
6633,295,12,73.4,68.57,78.18,1,85,1.0,-9.62,13,2,0,2026-02-08 04:00:00
6634,295,13,34.4,82.5,77.82,1,61,1.0,4.68,14,2,1,2026-02-08 10:00:00
6635,295,14,92.3,68.93,74.71,1,100,1.0,-5.78,15,3,0,2026-02-09 01:00:00
6636,296,1,81.6,75.0,75.0,1,57,1.0,0.0,1,1,0,2026-01-04 01:00:00
6637,296,1,96.2,81.6,81.6,2,135,1.0,0.0,2,1,0,2026-01-04 11:00:00
6638,296,1,61.4,88.9,88.9,3,225,1.0,0.0,3,1,1,2026-01-05 07:00:00
6639,296,2,33.3,79.73,79.73,1,112,1.0,0.0,4,1,1,2026-01-05 21:00:00
6640,296,3,90.9,63.63,68.12,1,97,0.0,-4.49,5,2,0,2026-01-07 10:00:00
6641,296,4,56.0,61.87,72.68,1,96,1.0,-10.81,6,2,1,2026-01-07 23:00:00
6642,296,5,55.1,60.07,69.9,1,67,0.0,-9.83,7,3,1,2026-01-08 10:00:00
6643,296,6,36.1,67.33,67.79,1,66,1.0,-0.45,8,1,1,2026-01-10 09:00:00
6644,296,7,73.2,49.07,63.82,1,96,0.0,-14.76,9,2,0,2026-01-10 21:00:00
6645,296,7,61.4,54.8,64.87,2,158,0.0,-10.07,10,2,1,2026-01-12 04:00:00
6646,296,7,37.1,56.9,64.52,3,237,0.0,-7.62,11,2,1,2026-01-13 17:00:00
6647,296,8,65.8,57.23,62.03,1,100,1.0,-4.79,12,2,1,2026-01-13 23:00:00
6648,296,9,60.2,54.77,62.34,1,70,0.0,-7.57,13,3,1,2026-01-15 04:00:00
6649,296,9,74.7,54.37,62.18,2,192,0.0,-7.81,14,3,0,2026-01-16 08:00:00
6650,296,10,93.8,66.9,63.07,1,114,1.0,3.83,14,2,0,2026-01-18 04:00:00
6651,296,11,68.7,76.23,65.12,1,58,0.5,11.11,14,1,1,2026-01-19 00:00:00
6652,296,12,98.4,79.07,65.34,1,71,0.5,13.72,13,2,0,2026-01-20 09:00:00
6653,296,12,75.0,86.97,67.29,2,115,0.5,19.68,13,2,0,2026-01-21 11:00:00
6654,297,1,93.5,75.0,75.0,1,124,1.0,0.0,1,1,0,2026-01-21 17:00:00
6655,297,1,79.6,93.5,93.5,2,279,1.0,0.0,2,1,0,2026-01-22 21:00:00
6656,297,2,41.6,86.55,86.55,1,131,1.0,0.0,3,1,1,2026-01-24 15:00:00
6657,297,3,36.2,71.57,71.57,1,149,0.0,0.0,4,2,1,2026-01-24 20:00:00
6658,297,4,66.5,52.47,62.72,1,109,0.0,-10.26,5,2,1,2026-01-25 18:00:00
6659,297,4,42.2,48.1,63.48,2,264,0.0,-15.38,6,2,1,2026-01-26 06:00:00
6660,297,4,50.5,48.3,59.93,3,392,0.0,-11.63,7,2,1,2026-01-27 08:00:00
6661,297,5,60.7,53.07,58.59,1,140,0.0,-5.52,8,3,1,2026-01-28 14:00:00
6662,297,5,35.9,51.13,58.85,2,278,0.0,-7.72,9,3,1,2026-01-30 08:00:00
6663,297,5,34.5,49.03,56.3,3,392,0.0,-7.27,10,3,1,2026-02-01 03:00:00
6664,297,6,49.2,43.7,54.12,1,116,1.0,-10.42,11,1,1,2026-02-02 06:00:00
6665,297,7,60.8,39.87,53.67,1,159,0.0,-13.81,12,2,1,2026-02-02 15:00:00
6666,297,8,72.2,48.17,54.27,1,147,1.0,-6.1,13,2,0,2026-02-03 12:00:00
6667,297,9,65.8,60.73,55.65,1,161,1.0,5.09,14,3,1,2026-02-03 20:00:00
6668,297,9,62.7,66.27,56.37,2,307,1.0,9.9,14,3,1,2026-02-04 23:00:00
6669,297,9,89.7,66.9,56.79,3,449,1.0,10.11,14,3,0,2026-02-06 02:00:00
6670,297,10,74.2,72.73,58.85,1,105,1.0,13.88,15,2,0,2026-02-06 20:00:00
6671,297,10,43.4,75.53,59.75,2,239,1.0,15.78,16,2,1,2026-02-07 00:00:00
6672,297,11,89.0,69.1,58.84,1,139,0.0,10.26,15,1,0,2026-02-08 15:00:00
6673,297,12,57.7,68.87,60.43,1,179,1.0,8.44,14,2,1,2026-02-09 21:00:00
6674,297,12,71.8,63.37,60.3,2,332,1.0,3.07,14,2,0,2026-02-10 16:00:00
6675,297,13,78.0,72.83,60.84,1,170,1.0,11.99,15,2,0,2026-02-11 01:00:00
6676,297,13,76.6,69.17,61.62,2,321,1.0,7.54,15,2,0,2026-02-11 23:00:00
6677,297,14,38.1,75.47,62.27,1,125,0.5,13.19,16,3,1,2026-02-12 15:00:00
6678,297,15,59.0,64.23,61.27,1,142,1.0,2.97,17,2,1,2026-02-13 03:00:00
6679,297,16,61.5,57.9,61.18,1,144,1.0,-3.28,17,3,1,2026-02-13 23:00:00
6680,297,16,67.9,52.87,61.19,2,265,1.0,-8.32,18,3,1,2026-02-14 11:00:00
6681,297,17,51.7,62.8,61.44,1,132,0.0,1.36,18,3,1,2026-02-16 02:00:00
6682,297,17,31.1,60.37,61.09,2,267,0.0,-0.72,17,3,1,2026-02-17 04:00:00
6683,297,17,73.4,50.23,60.06,3,439,0.0,-9.82,17,3,0,2026-02-17 15:00:00
6684,297,18,52.6,52.07,60.5,1,98,0.0,-8.43,17,3,1,2026-02-18 12:00:00
6685,297,18,54.7,52.37,60.25,2,262,0.0,-7.88,17,3,1,2026-02-19 14:00:00
6686,298,1,80.2,75.0,75.0,1,41,1.0,0.0,1,1,0,2026-01-14 17:00:00
6687,298,2,92.1,80.2,80.2,1,32,1.0,0.0,2,1,0,2026-01-15 05:00:00
6688,298,3,94.7,86.15,86.15,1,83,1.0,0.0,3,2,0,2026-01-15 22:00:00
6689,298,4,95.2,89.0,89.0,1,74,1.0,0.0,4,2,0,2026-01-17 01:00:00
6690,298,5,73.7,94.0,90.55,1,85,1.0,3.45,5,3,0,2026-01-17 09:00:00
6691,298,6,89.0,87.87,87.18,1,76,1.0,0.69,6,1,0,2026-01-18 07:00:00
6692,298,7,96.6,85.97,87.48,1,101,1.0,-1.52,7,2,0,2026-01-19 01:00:00
6693,298,8,38.6,86.43,88.79,1,71,1.0,-2.35,8,2,1,2026-01-21 00:00:00
6694,298,9,60.8,74.73,82.51,1,56,0.0,-7.78,9,3,1,2026-01-21 21:00:00
6695,298,9,49.3,65.33,80.1,2,122,0.0,-14.77,10,3,1,2026-01-22 11:00:00
6696,298,10,70.0,49.57,77.02,1,84,1.0,-27.45,11,2,0,2026-01-22 20:00:00
6697,298,10,89.8,60.03,76.38,2,128,1.0,-16.35,12,2,0,2026-01-24 02:00:00
6698,298,11,81.9,69.7,77.5,1,46,1.0,-7.8,13,1,0,2026-01-24 12:00:00
6699,298,12,81.5,80.57,77.84,1,53,0.5,2.73,14,2,0,2026-01-25 14:00:00
6700,298,13,95.7,84.4,78.1,1,30,1.0,6.3,15,2,0,2026-01-27 04:00:00
6701,298,14,94.6,86.37,79.27,1,62,1.0,7.09,16,3,0,2026-01-27 13:00:00
6702,298,15,89.1,90.6,80.23,1,30,1.0,10.37,17,2,0,2026-01-28 13:00:00
6703,298,16,71.2,93.13,80.75,1,61,0.5,12.38,17,3,0,2026-01-29 01:00:00
6704,299,1,73.7,75.0,75.0,1,107,1.0,0.0,1,1,0,2026-01-28 23:00:00
6705,299,2,76.0,73.7,73.7,1,80,1.0,0.0,2,1,0,2026-01-30 01:00:00
6706,299,3,90.1,74.85,74.85,1,123,1.0,0.0,3,2,0,2026-01-31 09:00:00
6707,299,3,42.3,79.93,79.93,2,183,1.0,0.0,4,2,1,2026-02-01 09:00:00
6708,299,3,61.2,69.47,70.52,3,296,1.0,-1.06,5,2,1,2026-02-02 18:00:00
6709,299,4,65.9,64.53,68.66,1,103,1.0,-4.13,6,2,1,2026-02-04 15:00:00
6710,299,5,75.3,56.47,68.2,1,55,0.0,-11.73,7,3,0,2026-02-05 10:00:00
6711,299,6,80.0,67.47,69.21,1,144,1.0,-1.75,8,1,0,2026-02-06 17:00:00
6712,299,7,71.8,73.73,70.56,1,88,1.0,3.17,9,2,0,2026-02-07 00:00:00
6713,299,7,71.3,75.7,70.7,2,160,1.0,5.0,10,2,0,2026-02-08 04:00:00
6714,299,8,98.5,74.37,70.76,1,61,1.0,3.61,11,2,0,2026-02-08 17:00:00
6715,299,9,92.9,80.53,73.28,1,85,1.0,7.25,12,3,0,2026-02-09 10:00:00
6716,299,10,78.2,87.57,74.92,1,87,1.0,12.65,13,2,0,2026-02-09 18:00:00
6717,299,10,78.5,89.87,75.17,2,179,1.0,14.7,14,2,0,2026-02-11 10:00:00
6718,299,11,72.0,83.2,75.41,1,84,1.0,7.79,15,1,0,2026-02-11 14:00:00
6719,299,12,51.2,76.23,75.18,1,102,1.0,1.05,15,2,1,2026-02-12 18:00:00
6720,299,13,72.9,67.23,73.68,1,82,0.0,-6.45,15,2,0,2026-02-14 04:00:00
6721,300,1,73.9,75.0,75.0,1,30,1.0,0.0,1,1,0,2026-01-24 10:00:00
6722,300,1,98.7,73.9,73.9,2,87,1.0,0.0,2,1,0,2026-01-24 20:00:00
6723,300,1,73.1,86.3,86.3,3,117,1.0,0.0,3,1,0,2026-01-26 02:00:00
6724,300,2,73.8,81.9,81.9,1,67,1.0,0.0,4,1,0,2026-01-27 02:00:00
6725,300,3,76.7,81.87,79.88,1,40,1.0,1.99,5,2,0,2026-01-29 01:00:00
6726,300,4,92.5,74.53,79.24,1,63,1.0,-4.71,6,2,0,2026-01-30 08:00:00
6727,300,5,73.5,81.0,81.45,1,86,1.0,-0.45,7,3,0,2026-01-31 06:00:00
6728,300,5,47.0,80.9,80.31,2,127,1.0,0.59,8,3,1,2026-02-01 17:00:00
6729,300,6,72.8,71.0,76.15,1,81,1.0,-5.15,9,1,0,2026-02-03 15:00:00
6730,300,6,82.7,64.43,75.78,2,132,1.0,-11.34,10,1,0,2026-02-04 22:00:00
6731,300,7,79.9,67.5,76.47,1,95,1.0,-8.97,11,2,0,2026-02-06 08:00:00
6732,300,8,93.5,78.47,76.78,1,52,1.0,1.68,12,2,0,2026-02-07 06:00:00
6733,300,9,89.0,85.37,78.18,1,43,1.0,7.19,11,3,0,2026-02-08 23:00:00
6734,300,9,92.3,87.47,79.01,2,116,1.0,8.46,10,3,0,2026-02-10 07:00:00
6735,300,10,96.7,91.6,79.96,1,51,1.0,11.64,11,2,0,2026-02-10 18:00:00
6736,300,11,96.8,92.67,81.07,1,43,1.0,11.59,12,1,0,2026-02-11 04:00:00
6737,301,1,80.5,75.0,75.0,1,50,1.0,0.0,1,1,0,2026-01-23 06:00:00
6738,301,2,86.4,80.5,80.5,1,59,1.0,0.0,2,1,0,2026-01-24 10:00:00
6739,301,3,76.6,83.45,83.45,1,86,1.0,0.0,3,2,0,2026-01-25 17:00:00
6740,301,4,75.0,81.17,81.17,1,30,1.0,0.0,4,2,0,2026-01-26 11:00:00
6741,301,5,94.9,79.33,79.62,1,60,1.0,-0.29,5,3,0,2026-01-27 06:00:00
6742,301,5,35.4,82.17,82.68,2,132,1.0,-0.51,6,3,1,2026-01-28 15:00:00
6743,301,5,92.9,68.43,74.8,3,195,1.0,-6.37,7,3,0,2026-01-29 19:00:00
6744,301,6,77.0,74.4,77.39,1,86,1.0,-2.99,8,1,0,2026-01-30 14:00:00
6745,301,7,92.1,68.43,77.34,1,58,1.0,-8.9,9,2,0,2026-01-31 00:00:00
6746,301,8,99.6,87.33,78.98,1,56,1.0,8.36,10,2,0,2026-01-31 11:00:00
6747,301,8,41.0,89.57,81.04,2,127,1.0,8.53,11,2,1,2026-02-02 09:00:00
6748,301,8,92.1,77.57,77.4,3,188,1.0,0.17,12,2,0,2026-02-03 21:00:00
6749,301,9,70.3,77.57,78.63,1,52,1.0,-1.06,13,3,0,2026-02-04 14:00:00
6750,301,10,50.0,67.8,77.98,1,70,1.0,-10.18,14,2,1,2026-02-05 00:00:00
6751,301,11,85.8,70.8,75.99,1,46,1.0,-5.19,14,1,0,2026-02-06 21:00:00
6752,301,12,96.4,68.7,76.64,1,47,1.0,-7.94,14,2,0,2026-02-08 08:00:00
6753,301,13,46.6,77.4,77.88,1,49,1.0,-0.47,13,2,1,2026-02-10 02:00:00
6754,301,14,87.1,76.27,76.04,1,87,1.0,0.23,13,3,0,2026-02-10 20:00:00
6755,301,15,60.4,76.7,76.65,1,30,1.0,0.05,14,2,1,2026-02-11 13:00:00
6756,301,16,52.8,64.7,75.79,1,67,1.0,-11.09,13,3,1,2026-02-13 11:00:00
6757,301,16,98.3,66.77,74.64,2,127,1.0,-7.88,13,3,0,2026-02-13 16:00:00
6758,301,16,65.0,70.5,75.77,3,157,1.0,-5.27,13,3,1,2026-02-14 10:00:00
6759,301,17,44.9,72.03,75.28,1,66,1.0,-3.25,13,3,1,2026-02-15 18:00:00
6760,302,1,77.5,75.0,75.0,1,99,1.0,0.0,1,1,0,2026-01-07 10:00:00
6761,302,2,74.9,77.5,77.5,1,101,1.0,0.0,2,1,0,2026-01-09 06:00:00
6762,302,3,82.0,76.2,76.2,1,36,1.0,0.0,3,2,0,2026-01-10 13:00:00
6763,302,4,37.8,78.13,78.13,1,117,1.0,0.0,4,2,1,2026-01-12 09:00:00
6764,302,5,34.8,64.9,68.05,1,75,0.0,-3.15,5,3,1,2026-01-13 03:00:00
6765,302,5,57.3,51.53,61.4,2,178,0.0,-9.87,6,3,1,2026-01-14 15:00:00
6766,302,5,99.5,43.3,60.72,3,282,0.0,-17.42,7,3,0,2026-01-14 23:00:00
6767,302,6,99.2,63.87,66.26,1,72,1.0,-2.39,8,1,0,2026-01-15 05:00:00
6768,302,7,37.3,85.33,70.38,1,103,1.0,14.96,9,2,1,2026-01-16 10:00:00
6769,302,8,71.9,78.67,66.7,1,82,1.0,11.97,10,2,0,2026-01-18 06:00:00
6770,302,9,72.2,69.47,67.22,1,48,1.0,2.25,11,3,0,2026-01-19 11:00:00
6771,302,9,59.0,60.47,67.67,2,161,1.0,-7.21,12,3,1,2026-01-21 09:00:00
6772,302,10,84.9,67.7,66.95,1,74,1.0,0.75,12,2,0,2026-01-21 19:00:00
6773,302,11,59.2,72.03,68.33,1,72,0.5,3.7,13,1,1,2026-01-22 20:00:00
6774,302,11,78.2,67.7,67.68,2,153,0.5,0.02,14,1,0,2026-01-23 05:00:00
6775,302,12,68.9,74.1,68.38,1,95,1.0,5.72,14,2,1,2026-01-24 11:00:00
6776,302,13,84.5,68.77,68.41,1,88,0.0,0.35,14,2,0,2026-01-24 20:00:00
6777,302,14,93.1,77.2,69.36,1,100,0.0,7.84,15,3,0,2026-01-26 03:00:00
6778,302,14,47.9,82.17,70.68,2,163,0.0,11.49,14,3,1,2026-01-27 06:00:00
6779,302,14,87.7,75.17,69.48,3,238,0.0,5.69,15,3,0,2026-01-27 21:00:00
6780,303,1,70.0,75.0,75.0,1,87,1.0,0.0,1,1,0,2026-01-15 11:00:00
6781,303,2,75.5,70.0,70.0,1,127,1.0,0.0,2,1,0,2026-01-16 08:00:00
6782,303,2,70.3,72.75,72.75,2,214,1.0,0.0,3,1,0,2026-01-16 12:00:00
6783,303,2,46.8,71.93,71.93,3,325,1.0,0.0,4,1,1,2026-01-18 08:00:00
6784,303,3,92.9,64.2,65.65,1,90,1.0,-1.45,5,2,0,2026-01-20 02:00:00
6785,303,4,49.4,70.0,71.1,1,80,1.0,-1.1,6,2,1,2026-01-21 20:00:00
6786,303,4,91.7,63.03,67.48,2,165,1.0,-4.45,7,2,0,2026-01-22 11:00:00
6787,303,5,90.6,78.0,70.94,1,86,1.0,7.06,8,3,0,2026-01-23 21:00:00
6788,303,5,61.4,77.23,73.4,2,188,1.0,3.83,9,3,1,2026-01-25 08:00:00
6789,303,5,65.4,81.23,72.07,3,305,1.0,9.17,10,3,1,2026-01-27 08:00:00
6790,303,6,34.5,72.47,71.4,1,97,1.0,1.07,11,1,1,2026-01-27 13:00:00
6791,303,7,74.9,53.77,68.05,1,113,0.0,-14.28,12,2,0,2026-01-28 09:00:00
6792,303,8,97.2,58.27,68.62,1,70,1.0,-10.35,12,2,0,2026-01-30 01:00:00
6793,303,9,74.4,68.87,70.82,1,81,1.0,-1.95,11,3,0,2026-01-31 08:00:00
6794,303,10,90.4,82.17,71.07,1,75,1.0,11.1,11,2,0,2026-02-01 23:00:00
6795,303,11,85.8,87.33,72.36,1,96,1.0,14.97,12,1,0,2026-02-02 12:00:00
6796,303,12,87.6,83.53,73.2,1,82,1.0,10.33,12,2,0,2026-02-04 08:00:00
6797,303,13,93.9,87.93,74.05,1,104,1.0,13.89,11,2,0,2026-02-06 04:00:00
6798,303,14,52.0,89.1,75.15,1,71,1.0,13.95,11,3,1,2026-02-07 19:00:00
6799,303,14,85.4,77.83,73.93,2,161,1.0,3.9,11,3,0,2026-02-09 08:00:00
6800,303,15,99.9,77.1,74.51,1,103,1.0,2.59,10,2,0,2026-02-10 22:00:00
6801,303,16,58.4,79.1,75.71,1,48,1.0,3.39,10,3,1,2026-02-12 18:00:00
6802,303,17,73.4,81.23,74.93,1,132,0.0,6.31,9,3,0,2026-02-14 14:00:00
6803,303,17,40.2,77.23,74.86,2,216,0.0,2.37,10,3,1,2026-02-15 18:00:00
6804,303,17,76.3,57.33,73.42,3,265,0.0,-16.08,9,3,0,2026-02-17 16:00:00
6805,304,1,83.9,75.0,75.0,1,93,1.0,0.0,1,1,0,2026-01-22 07:00:00
6806,304,2,71.7,83.9,83.9,1,90,1.0,0.0,2,1,0,2026-01-23 21:00:00
6807,304,3,68.4,77.8,77.8,1,88,1.0,0.0,3,2,1,2026-01-25 11:00:00
6808,304,4,31.8,74.67,74.67,1,109,0.0,0.0,4,2,1,2026-01-25 19:00:00
6809,304,5,71.0,57.3,63.95,1,104,0.0,-6.65,5,3,0,2026-01-27 11:00:00
6810,304,5,36.3,57.07,65.36,2,199,0.0,-8.29,6,3,1,2026-01-27 17:00:00
6811,304,5,77.1,46.37,60.52,3,298,0.0,-14.15,7,3,0,2026-01-28 04:00:00
6812,304,6,85.8,61.47,62.89,1,87,1.0,-1.42,8,1,0,2026-01-29 08:00:00
6813,304,7,74.2,66.4,65.75,1,125,1.0,0.65,9,2,0,2026-01-30 13:00:00
6814,304,8,95.5,79.03,66.69,1,60,1.0,12.34,10,2,0,2026-01-31 09:00:00
6815,304,9,31.4,85.17,69.57,1,92,1.0,15.6,11,3,1,2026-02-02 09:00:00
6816,304,9,63.7,67.03,66.1,2,183,1.0,0.93,12,3,1,2026-02-04 08:00:00
6817,304,9,88.7,63.53,65.9,3,289,1.0,-2.37,13,3,0,2026-02-04 12:00:00
6818,304,10,90.9,61.27,67.65,1,73,1.0,-6.39,13,2,0,2026-02-06 04:00:00
6819,304,10,32.6,81.1,69.31,2,128,1.0,11.79,14,2,1,2026-02-06 09:00:00
6820,304,10,59.8,70.73,66.87,3,221,1.0,3.87,14,2,1,2026-02-07 21:00:00
6821,304,11,63.6,61.1,66.42,1,95,1.0,-5.32,14,1,1,2026-02-08 16:00:00
6822,304,11,91.6,52.0,66.26,2,214,1.0,-14.26,14,1,0,2026-02-08 23:00:00
6823,304,12,97.2,71.67,67.67,1,64,1.0,4.0,15,2,0,2026-02-10 06:00:00
6824,304,13,84.9,84.13,69.22,1,113,1.0,14.91,15,2,0,2026-02-10 12:00:00
6825,304,14,62.1,91.23,70.0,1,137,1.0,21.23,14,3,1,2026-02-11 22:00:00
6826,304,15,86.1,81.4,69.63,1,82,1.0,11.77,13,2,0,2026-02-13 14:00:00
6827,304,16,30.4,77.7,70.38,1,64,1.0,7.32,13,3,1,2026-02-15 11:00:00
6828,304,16,65.3,59.53,68.64,2,145,1.0,-9.11,14,3,1,2026-02-16 00:00:00
6829,304,17,80.4,60.6,68.5,1,90,0.0,-7.9,14,3,0,2026-02-17 23:00:00
6830,304,17,65.7,58.7,68.98,2,191,0.0,-10.28,13,3,1,2026-02-18 17:00:00
6831,304,17,98.3,70.47,68.85,3,269,0.0,1.62,14,3,0,2026-02-19 13:00:00
6832,304,18,42.3,81.47,69.94,1,121,0.0,11.53,13,3,1,2026-02-21 03:00:00
6833,304,19,66.3,68.77,68.95,1,67,1.0,-0.19,13,2,1,2026-02-22 06:00:00
6834,305,1,53.4,75.0,75.0,1,105,1.0,0.0,1,1,1,2026-02-02 07:00:00
6835,305,1,56.9,53.4,53.4,2,267,1.0,0.0,2,1,1,2026-02-03 09:00:00
6836,305,2,56.0,55.15,55.15,1,94,0.0,0.0,3,1,1,2026-02-04 15:00:00
6837,305,3,32.5,55.43,55.43,1,135,0.0,0.0,4,2,1,2026-02-06 03:00:00
6838,305,3,54.0,48.47,49.7,2,337,0.0,-1.23,5,2,1,2026-02-07 07:00:00
6839,305,3,51.8,47.5,50.56,3,476,0.0,-3.06,6,2,1,2026-02-08 04:00:00
6840,305,4,37.5,46.1,50.77,1,117,0.0,-4.67,7,2,1,2026-02-08 08:00:00
6841,305,5,52.3,47.77,48.87,1,138,0.0,-1.1,8,3,1,2026-02-09 12:00:00
6842,305,5,82.3,47.2,49.3,2,276,0.0,-2.1,9,3,0,2026-02-09 22:00:00
6843,305,6,52.0,57.37,52.97,1,143,1.0,4.4,10,1,1,2026-02-10 18:00:00
6844,305,6,39.6,62.2,52.87,2,296,1.0,9.33,11,1,1,2026-02-10 22:00:00
6845,305,7,67.6,57.97,51.66,1,119,0.0,6.3,12,2,1,2026-02-12 09:00:00
6846,305,8,82.0,53.07,52.99,1,173,1.0,0.07,13,2,0,2026-02-13 19:00:00
6847,305,9,30.3,63.07,55.22,1,144,1.0,7.84,14,3,1,2026-02-14 22:00:00
6848,305,10,35.5,59.97,53.44,1,154,1.0,6.52,15,2,1,2026-02-15 02:00:00
6849,305,10,55.1,49.27,52.25,2,281,1.0,-2.98,16,2,1,2026-02-15 09:00:00
6850,305,11,63.3,40.3,52.42,1,165,0.0,-12.12,16,1,1,2026-02-16 11:00:00
6851,305,12,94.1,51.3,53.06,1,134,0.0,-1.76,16,2,0,2026-02-18 03:00:00
6852,305,12,42.3,70.83,55.34,2,279,0.0,15.49,17,2,1,2026-02-18 13:00:00
6853,305,12,63.6,66.57,54.66,3,400,0.0,11.91,17,2,1,2026-02-19 02:00:00
6854,305,13,67.2,66.67,55.1,1,120,1.0,11.56,17,2,1,2026-02-20 18:00:00
6855,306,1,90.3,75.0,75.0,1,123,1.0,0.0,1,1,0,2026-01-13 23:00:00
6856,306,2,60.4,90.3,90.3,1,101,1.0,0.0,2,1,1,2026-01-15 06:00:00
6857,306,3,67.8,75.35,75.35,1,92,0.0,0.0,3,2,1,2026-01-15 16:00:00
6858,306,3,99.9,72.83,72.83,2,189,0.0,0.0,4,2,0,2026-01-17 06:00:00
6859,306,3,60.7,76.03,79.6,3,312,0.0,-3.57,5,2,1,2026-01-18 17:00:00
6860,306,4,40.5,76.13,75.82,1,97,1.0,0.31,6,2,1,2026-01-19 08:00:00
6861,306,4,97.0,67.03,69.93,2,204,1.0,-2.9,7,2,0,2026-01-20 08:00:00
6862,306,4,89.8,66.07,73.8,3,314,1.0,-7.73,8,2,0,2026-01-21 22:00:00
6863,306,5,96.4,75.77,75.8,1,71,1.0,-0.03,9,3,0,2026-01-23 20:00:00
6864,306,5,64.5,94.4,78.09,2,151,1.0,16.31,10,3,1,2026-01-25 06:00:00
6865,306,5,86.3,83.57,76.73,3,267,1.0,6.84,11,3,0,2026-01-26 03:00:00
6866,306,6,48.1,82.4,77.6,1,95,1.0,4.8,12,1,1,2026-01-26 10:00:00
6867,306,7,64.8,66.3,75.14,1,131,0.0,-8.84,12,2,1,2026-01-27 23:00:00
6868,306,7,63.5,66.4,74.35,2,260,0.0,-7.95,11,2,1,2026-01-29 19:00:00
6869,306,8,73.3,58.8,73.57,1,124,1.0,-14.77,11,2,0,2026-01-31 13:00:00
6870,306,8,46.6,67.2,73.55,2,270,1.0,-6.35,11,2,1,2026-02-01 19:00:00
6871,306,8,44.4,61.13,71.87,3,378,1.0,-10.74,11,2,1,2026-02-03 02:00:00
6872,306,9,62.0,54.77,70.25,1,122,1.0,-15.49,11,3,1,2026-02-03 20:00:00
6873,306,9,44.1,51.0,69.79,2,220,1.0,-18.79,11,3,1,2026-02-05 14:00:00
6874,306,10,94.1,50.17,68.44,1,159,1.0,-18.28,12,2,0,2026-02-06 02:00:00
6875,306,11,34.3,66.73,69.72,1,149,0.0,-2.99,12,1,1,2026-02-07 01:00:00
6876,306,11,74.8,57.5,68.04,2,259,0.0,-10.54,13,1,0,2026-02-08 00:00:00
6877,306,11,51.4,67.73,68.35,3,376,0.0,-0.61,13,1,1,2026-02-08 17:00:00
6878,306,12,90.3,53.5,67.61,1,137,0.5,-14.11,12,2,0,2026-02-10 13:00:00
6879,306,13,41.6,72.17,68.55,1,107,1.0,3.61,12,2,1,2026-02-11 03:00:00
6880,306,14,75.3,61.1,67.48,1,96,0.5,-6.38,13,3,0,2026-02-12 11:00:00
6881,307,1,96.4,75.0,75.0,1,107,1.0,0.0,1,1,0,2026-01-18 06:00:00
6882,307,2,76.5,96.4,96.4,1,91,1.0,0.0,2,1,0,2026-01-20 04:00:00
6883,307,2,79.1,86.45,86.45,2,184,1.0,0.0,3,1,0,2026-01-22 03:00:00
6884,307,3,84.3,84.0,84.0,1,73,1.0,0.0,4,2,0,2026-01-23 11:00:00
6885,307,4,87.7,79.97,84.08,1,55,1.0,-4.11,5,2,0,2026-01-24 12:00:00
6886,307,5,79.9,83.7,84.8,1,94,1.0,-1.1,6,3,0,2026-01-25 10:00:00
6887,307,6,96.9,83.97,83.98,1,108,1.0,-0.02,7,1,0,2026-01-26 10:00:00
6888,307,7,86.4,88.17,85.83,1,85,1.0,2.34,8,2,0,2026-01-27 17:00:00
6889,307,8,95.0,87.73,85.9,1,118,1.0,1.83,9,2,0,2026-01-29 01:00:00
6890,307,9,100.0,92.77,86.91,1,75,1.0,5.86,10,3,0,2026-01-30 00:00:00
6891,307,10,98.2,93.8,88.22,1,68,1.0,5.58,11,2,0,2026-01-30 10:00:00
6892,307,11,84.3,97.73,89.13,1,88,1.0,8.61,12,1,0,2026-01-31 20:00:00
6893,307,11,78.0,94.17,88.72,2,176,1.0,5.44,12,1,0,2026-02-02 15:00:00
6894,308,1,89.3,75.0,75.0,1,105,1.0,0.0,1,1,0,2026-01-12 16:00:00
6895,308,2,90.7,89.3,89.3,1,74,1.0,0.0,2,1,0,2026-01-13 13:00:00
6896,308,3,71.1,90.0,90.0,1,117,1.0,0.0,3,2,0,2026-01-14 06:00:00
6897,308,4,77.2,83.7,83.7,1,129,1.0,0.0,4,2,0,2026-01-14 13:00:00
6898,308,4,42.4,79.67,82.08,2,218,1.0,-2.41,5,2,1,2026-01-15 17:00:00
6899,308,4,56.0,63.57,74.14,3,332,1.0,-10.57,6,2,1,2026-01-16 07:00:00
6900,308,5,80.2,58.53,71.12,1,68,1.0,-12.58,7,3,0,2026-01-17 11:00:00
6901,308,5,70.1,59.53,72.41,2,179,1.0,-12.88,8,3,0,2026-01-17 15:00:00
6902,308,5,50.4,68.77,72.12,3,289,1.0,-3.36,9,3,1,2026-01-19 10:00:00
6903,308,6,39.5,66.9,69.71,1,107,1.0,-2.81,10,1,1,2026-01-21 06:00:00
6904,308,7,42.9,53.33,66.69,1,89,0.0,-13.36,11,2,1,2026-01-22 13:00:00
6905,308,8,71.4,44.27,64.53,1,30,1.0,-20.26,12,2,0,2026-01-22 19:00:00
6906,308,9,40.4,51.27,65.1,1,77,1.0,-13.83,13,3,1,2026-01-24 17:00:00
6907,308,10,52.5,51.57,63.2,1,77,1.0,-11.63,14,2,1,2026-01-25 10:00:00
6908,309,1,89.0,75.0,75.0,1,120,1.0,0.0,1,1,0,2026-01-26 13:00:00
6909,309,1,48.3,89.0,89.0,2,262,1.0,0.0,2,1,1,2026-01-28 04:00:00
6910,309,2,34.6,68.65,68.65,1,131,1.0,0.0,3,1,1,2026-01-30 01:00:00
6911,309,3,44.7,57.3,57.3,1,123,0.0,0.0,4,2,1,2026-02-01 01:00:00
6912,309,4,65.3,42.53,54.15,1,118,0.0,-11.62,5,2,1,2026-02-02 04:00:00
6913,309,5,36.7,48.2,56.38,1,125,0.0,-8.18,6,3,1,2026-02-03 20:00:00
6914,309,5,54.3,48.9,53.1,2,287,0.0,-4.2,7,3,1,2026-02-04 23:00:00
6915,309,5,66.9,52.1,53.27,3,413,0.0,-1.17,8,3,1,2026-02-06 20:00:00
6916,309,6,41.1,52.63,54.98,1,129,1.0,-2.34,9,1,1,2026-02-07 04:00:00
6917,309,7,42.6,54.1,53.43,1,130,0.0,0.67,10,2,1,2026-02-08 06:00:00
6918,309,7,54.7,50.2,52.35,2,276,0.0,-2.15,10,2,1,2026-02-09 18:00:00
6919,309,8,48.1,46.13,52.56,1,149,1.0,-6.43,11,2,1,2026-02-11 01:00:00
6920,309,8,73.8,48.47,52.19,2,228,1.0,-3.73,11,2,0,2026-02-11 05:00:00
6921,309,9,38.4,58.87,53.85,1,160,1.0,5.01,12,3,1,2026-02-12 16:00:00
6922,309,9,59.4,53.43,52.75,2,328,1.0,0.68,13,3,1,2026-02-13 00:00:00
6923,309,9,43.2,57.2,53.19,3,446,1.0,4.01,13,3,1,2026-02-14 23:00:00
6924,309,10,50.8,47.0,52.57,1,120,1.0,-5.57,12,2,1,2026-02-16 18:00:00
6925,309,11,67.4,51.13,52.46,1,130,0.0,-1.33,12,1,1,2026-02-18 13:00:00
6926,309,12,41.4,53.8,53.29,1,124,0.0,0.51,12,2,1,2026-02-19 05:00:00
6927,309,12,58.9,53.2,52.67,2,268,0.0,0.53,13,2,1,2026-02-20 12:00:00
6928,309,13,34.2,55.9,52.98,1,101,0.0,2.92,12,2,1,2026-02-21 12:00:00
6929,309,13,76.4,44.83,52.09,2,218,0.0,-7.25,13,2,0,2026-02-21 20:00:00
6930,309,14,44.5,56.5,53.19,1,170,0.0,3.31,13,3,1,2026-02-23 13:00:00
6931,309,15,80.7,51.7,52.81,1,121,0.0,-1.11,13,2,0,2026-02-24 05:00:00
6932,309,16,46.5,67.2,53.98,1,164,0.0,13.23,14,3,1,2026-02-24 23:00:00
6933,309,16,38.1,57.23,53.68,2,311,0.0,3.56,13,3,1,2026-02-25 21:00:00
6934,309,17,51.7,55.1,53.08,1,103,0.0,2.02,12,3,1,2026-02-27 16:00:00
6935,309,18,55.5,45.43,53.03,1,152,0.0,-7.59,13,3,1,2026-02-28 01:00:00
6936,309,19,45.7,48.43,53.11,1,137,0.0,-4.68,14,2,1,2026-02-28 16:00:00
6937,310,1,94.7,75.0,75.0,1,80,1.0,0.0,1,1,0,2026-01-28 16:00:00
6938,310,2,75.3,94.7,94.7,1,94,1.0,0.0,2,1,0,2026-01-30 08:00:00
6939,310,3,47.4,85.0,85.0,1,99,1.0,0.0,3,2,1,2026-01-31 23:00:00
6940,310,4,99.6,72.47,72.47,1,104,0.0,0.0,4,2,0,2026-02-02 06:00:00
6941,310,4,54.6,74.1,79.25,2,217,0.0,-5.15,5,2,1,2026-02-04 01:00:00
6942,310,5,52.4,67.2,74.32,1,98,1.0,-7.12,6,3,1,2026-02-04 05:00:00
6943,310,5,38.7,68.87,70.67,2,160,1.0,-1.8,7,3,1,2026-02-05 21:00:00
6944,310,6,86.9,48.57,66.1,1,80,1.0,-17.53,8,1,0,2026-02-07 17:00:00
6945,310,7,90.9,59.33,68.7,1,148,1.0,-9.37,9,2,0,2026-02-09 15:00:00
6946,310,8,43.0,72.17,71.17,1,104,1.0,1.0,10,2,1,2026-02-11 02:00:00
6947,310,9,85.1,73.6,68.35,1,137,0.0,5.25,10,3,0,2026-02-12 12:00:00
6948,310,10,86.2,73.0,69.87,1,117,1.0,3.13,10,2,0,2026-02-14 02:00:00
6949,310,11,90.1,71.43,71.23,1,94,1.0,0.2,11,1,0,2026-02-14 10:00:00
6950,310,12,88.4,87.13,72.68,1,96,1.0,14.45,11,2,0,2026-02-15 19:00:00
6951,310,13,83.2,88.23,73.81,1,89,1.0,14.43,12,2,0,2026-02-16 00:00:00
6952,310,14,82.4,87.23,74.43,1,55,1.0,12.8,12,3,0,2026-02-17 09:00:00
6953,310,15,64.6,84.67,74.93,1,90,1.0,9.74,12,2,1,2026-02-18 01:00:00
6954,310,16,60.7,76.73,74.32,1,114,1.0,2.41,12,3,1,2026-02-18 21:00:00
6955,310,17,99.1,69.23,73.57,1,78,0.0,-4.33,12,3,0,2026-02-20 04:00:00
6956,310,18,64.7,74.8,74.91,1,98,0.0,-0.11,12,3,1,2026-02-22 01:00:00
6957,310,19,71.8,74.83,74.4,1,107,1.0,0.43,13,2,0,2026-02-22 05:00:00
6958,310,19,56.9,78.53,74.28,2,178,1.0,4.26,14,2,1,2026-02-22 14:00:00
6959,310,20,96.7,64.47,73.49,1,80,0.5,-9.02,14,3,0,2026-02-23 20:00:00
6960,311,1,87.2,75.0,75.0,1,69,1.0,0.0,1,1,0,2026-01-25 00:00:00
6961,311,2,70.8,87.2,87.2,1,73,1.0,0.0,2,1,0,2026-01-25 22:00:00
6962,311,3,67.1,79.0,79.0,1,64,1.0,0.0,3,2,1,2026-01-27 01:00:00
6963,311,4,67.8,75.03,75.03,1,71,0.0,0.0,4,2,1,2026-01-28 09:00:00
6964,311,5,79.2,68.57,73.22,1,118,0.0,-4.66,5,3,0,2026-01-28 19:00:00
6965,311,5,61.1,71.37,74.42,2,189,0.0,-3.05,6,3,1,2026-01-29 15:00:00
6966,311,5,70.2,69.37,72.2,3,281,0.0,-2.83,7,3,0,2026-01-31 02:00:00
6967,311,6,57.4,70.17,71.91,1,79,1.0,-1.75,8,1,1,2026-01-31 12:00:00
6968,311,7,74.1,62.9,70.1,1,113,0.0,-7.2,9,2,0,2026-01-31 23:00:00
6969,311,8,79.3,67.23,70.54,1,116,1.0,-3.31,10,2,0,2026-02-02 13:00:00
6970,311,9,81.0,70.27,71.42,1,107,1.0,-1.15,11,3,0,2026-02-03 22:00:00
6971,311,9,73.4,78.13,72.29,2,203,1.0,5.84,12,3,0,2026-02-04 10:00:00
6972,311,9,97.7,77.9,72.38,3,288,1.0,5.52,13,3,0,2026-02-04 15:00:00
6973,311,10,66.6,84.03,74.33,1,66,1.0,9.7,14,2,1,2026-02-05 23:00:00
6974,311,10,44.2,79.23,73.78,2,194,1.0,5.45,15,2,1,2026-02-06 07:00:00
6975,311,11,82.4,69.5,71.81,1,74,1.0,-2.31,16,1,0,2026-02-07 06:00:00
6976,311,11,76.4,64.4,72.47,2,177,1.0,-8.07,16,1,0,2026-02-08 09:00:00
6977,311,11,67.7,67.67,72.7,3,288,1.0,-5.03,15,1,1,2026-02-10 06:00:00
6978,311,12,72.6,75.5,72.42,1,78,1.0,3.08,15,2,0,2026-02-11 10:00:00
6979,311,13,42.0,72.23,72.43,1,110,1.0,-0.2,15,2,1,2026-02-11 19:00:00
6980,311,13,74.2,60.77,70.91,2,215,1.0,-10.14,15,2,0,2026-02-13 15:00:00
6981,311,14,53.8,62.93,71.07,1,124,1.0,-8.13,15,3,1,2026-02-14 06:00:00
6982,311,15,86.5,56.67,70.28,1,80,1.0,-13.62,14,2,0,2026-02-15 14:00:00
6983,312,1,70.2,75.0,75.0,1,34,1.0,0.0,1,1,0,2026-01-26 23:00:00
6984,312,2,77.8,70.2,70.2,1,49,1.0,0.0,2,1,0,2026-01-27 05:00:00
6985,312,3,74.3,74.0,74.0,1,64,1.0,0.0,3,2,0,2026-01-27 15:00:00
6986,312,4,70.5,74.1,74.1,1,61,1.0,0.0,4,2,0,2026-01-28 11:00:00
6987,312,5,46.5,74.2,73.2,1,52,1.0,1.0,5,3,1,2026-01-29 03:00:00
6988,312,6,46.2,63.77,67.86,1,30,1.0,-4.09,6,1,1,2026-01-29 18:00:00
6989,312,7,49.2,54.4,64.25,1,69,0.0,-9.85,7,2,1,2026-01-31 15:00:00
6990,312,8,85.4,47.3,62.1,1,99,1.0,-14.8,8,2,0,2026-02-01 06:00:00
6991,312,9,74.0,60.27,65.01,1,69,1.0,-4.75,9,3,0,2026-02-02 00:00:00
6992,312,10,56.6,69.53,66.01,1,72,1.0,3.52,10,2,1,2026-02-03 21:00:00
6993,312,11,72.8,72.0,65.07,1,71,0.5,6.93,11,1,0,2026-02-05 15:00:00
6994,312,12,59.5,67.8,65.77,1,67,1.0,2.03,12,2,1,2026-02-06 02:00:00
6995,312,13,82.6,62.97,65.25,1,78,0.0,-2.28,13,2,0,2026-02-07 07:00:00
6996,312,14,93.4,71.63,66.58,1,67,0.0,5.05,14,3,0,2026-02-08 12:00:00
6997,312,15,36.3,78.5,68.5,1,53,1.0,10.0,13,2,1,2026-02-10 07:00:00
6998,312,16,31.7,70.77,66.35,1,44,0.5,4.41,13,3,1,2026-02-11 08:00:00
6999,312,16,65.1,53.8,64.19,2,99,0.5,-10.39,13,3,1,2026-02-11 15:00:00
7000,312,16,62.6,44.37,64.24,3,165,0.5,-19.87,12,3,1,2026-02-13 01:00:00
7001,312,17,55.9,53.13,64.15,1,53,0.0,-11.02,13,3,1,2026-02-13 06:00:00
7002,313,1,94.6,75.0,75.0,1,66,1.0,0.0,1,1,0,2026-02-02 01:00:00
7003,313,2,75.9,94.6,94.6,1,68,1.0,0.0,2,1,0,2026-02-03 10:00:00
7004,313,3,88.5,85.25,85.25,1,76,1.0,0.0,3,2,0,2026-02-04 04:00:00
7005,313,4,92.9,86.33,86.33,1,85,1.0,0.0,4,2,0,2026-02-05 23:00:00
7006,313,4,74.7,85.77,87.98,2,146,1.0,-2.21,5,2,0,2026-02-07 21:00:00
7007,313,4,62.8,85.37,85.32,3,179,1.0,0.05,6,2,1,2026-02-09 05:00:00
7008,313,5,81.5,76.8,81.57,1,53,1.0,-4.77,7,3,0,2026-02-09 17:00:00
7009,313,6,78.1,73.0,81.56,1,60,1.0,-8.56,8,1,0,2026-02-10 21:00:00
7010,313,7,90.3,74.13,81.12,1,30,1.0,-6.99,9,2,0,2026-02-11 05:00:00
7011,313,8,74.2,83.3,82.14,1,87,1.0,1.16,10,2,0,2026-02-12 17:00:00
7012,313,9,89.4,80.87,81.35,1,62,1.0,-0.48,11,3,0,2026-02-13 14:00:00
7013,313,9,86.5,84.63,82.08,2,129,1.0,2.55,12,3,0,2026-02-13 23:00:00
7014,313,9,75.9,83.37,82.45,3,216,1.0,0.92,13,3,0,2026-02-15 05:00:00
7015,313,10,80.2,83.93,81.95,1,47,1.0,1.99,13,2,0,2026-02-16 02:00:00
7016,313,11,87.7,80.87,81.82,1,71,1.0,-0.95,14,1,0,2026-02-16 12:00:00
7017,313,12,97.8,81.27,82.21,1,57,1.0,-0.95,13,2,0,2026-02-18 09:00:00
7018,313,13,62.3,88.57,83.19,1,56,1.0,5.38,13,2,1,2026-02-20 08:00:00
7019,313,14,39.3,82.6,81.96,1,44,1.0,0.64,13,3,1,2026-02-22 05:00:00
7020,313,15,89.9,66.47,79.59,1,93,1.0,-13.12,13,2,0,2026-02-23 05:00:00
7021,313,15,74.8,63.83,80.13,2,145,1.0,-16.3,13,2,0,2026-02-24 15:00:00
7022,313,15,79.8,68.0,79.86,3,218,1.0,-11.86,12,2,0,2026-02-25 12:00:00
7023,314,1,94.0,75.0,75.0,1,72,1.0,0.0,1,1,0,2026-01-17 13:00:00
7024,314,2,84.4,94.0,94.0,1,133,1.0,0.0,2,1,0,2026-01-19 01:00:00
7025,314,2,97.1,89.2,89.2,2,264,1.0,0.0,3,1,0,2026-01-20 20:00:00
7026,314,3,57.3,91.83,91.83,1,111,1.0,0.0,4,2,1,2026-01-22 19:00:00
7027,314,3,63.0,79.6,83.2,2,216,1.0,-3.6,5,2,1,2026-01-23 04:00:00
7028,314,3,75.7,72.47,79.16,3,334,1.0,-6.69,6,2,0,2026-01-24 08:00:00
7029,314,4,50.4,65.33,78.58,1,155,1.0,-13.25,7,2,1,2026-01-25 13:00:00
7030,314,4,51.5,63.03,74.56,2,229,1.0,-11.52,8,2,1,2026-01-26 10:00:00
7031,314,4,72.4,59.2,71.68,3,354,1.0,-12.48,9,2,0,2026-01-27 17:00:00
7032,314,5,48.5,58.1,71.76,1,91,1.0,-13.66,10,3,1,2026-01-29 08:00:00
7033,314,6,95.6,57.47,69.43,1,109,1.0,-11.96,11,1,0,2026-01-29 17:00:00
7034,314,6,47.7,72.17,71.81,2,214,1.0,0.36,12,1,1,2026-01-31 04:00:00
7035,314,7,37.4,63.93,69.8,1,101,1.0,-5.87,12,2,1,2026-02-02 00:00:00
7036,314,8,96.6,60.23,67.31,1,109,1.0,-7.07,12,2,0,2026-02-02 15:00:00
7037,314,8,92.8,60.57,69.4,2,196,1.0,-8.83,13,2,0,2026-02-03 09:00:00
7038,314,8,53.5,75.6,70.96,3,326,1.0,4.64,13,2,1,2026-02-04 18:00:00
7039,314,9,53.6,80.97,69.87,1,74,1.0,11.1,14,3,1,2026-02-04 23:00:00
7040,314,10,71.8,66.63,68.91,1,120,1.0,-2.28,14,2,0,2026-02-05 20:00:00
7041,314,11,83.3,59.63,69.07,1,103,0.5,-9.44,15,1,0,2026-02-06 02:00:00
7042,314,12,91.7,69.57,69.82,1,86,0.5,-0.25,15,2,0,2026-02-06 12:00:00
7043,314,13,67.2,82.27,70.91,1,114,1.0,11.35,15,2,1,2026-02-08 09:00:00
7044,315,1,81.7,75.0,75.0,1,108,1.0,0.0,1,1,0,2026-01-16 12:00:00
7045,315,2,81.1,81.7,81.7,1,140,1.0,0.0,2,1,0,2026-01-17 08:00:00
7046,315,3,46.4,81.4,81.4,1,111,1.0,0.0,3,2,1,2026-01-18 02:00:00
7047,315,4,68.6,69.73,69.73,1,149,0.0,0.0,4,2,1,2026-01-18 06:00:00
7048,315,5,31.1,65.37,69.45,1,121,0.0,-4.08,5,3,1,2026-01-18 14:00:00
7049,315,6,39.7,48.7,61.78,1,130,1.0,-13.08,6,1,1,2026-01-20 03:00:00
7050,315,7,43.8,46.47,58.1,1,145,0.0,-11.63,7,2,1,2026-01-21 19:00:00
7051,315,7,95.9,38.2,56.06,2,269,0.0,-17.86,8,2,0,2026-01-23 05:00:00
7052,315,7,42.7,59.8,61.04,3,407,0.0,-1.24,9,2,1,2026-01-23 19:00:00
7053,315,8,33.8,60.8,59.0,1,109,1.0,1.8,10,2,1,2026-01-24 23:00:00
7054,315,9,85.7,57.47,56.48,1,152,0.0,0.99,11,3,0,2026-01-26 10:00:00
7055,315,10,49.6,54.07,59.14,1,175,1.0,-5.07,12,2,1,2026-01-27 13:00:00
7056,315,11,43.9,56.37,58.34,1,195,1.0,-1.98,13,1,1,2026-01-28 22:00:00
7057,315,12,71.4,59.73,57.23,1,141,0.5,2.5,13,2,0,2026-01-30 19:00:00
7058,315,12,60.3,54.97,58.24,2,296,0.5,-3.28,11,2,1,2026-02-01 07:00:00
7059,315,12,62.7,58.53,58.38,3,400,0.5,0.15,11,2,1,2026-02-01 23:00:00
7060,315,13,35.2,64.8,58.65,1,170,1.0,6.15,11,2,1,2026-02-03 13:00:00
7061,315,13,87.5,52.73,57.27,2,325,1.0,-4.54,12,2,0,2026-02-04 08:00:00
7062,315,14,62.4,61.8,58.95,1,130,1.0,2.85,12,3,1,2026-02-05 03:00:00
7063,315,15,31.7,61.7,59.13,1,164,0.0,2.57,13,2,1,2026-02-05 13:00:00
7064,315,16,49.5,60.53,57.76,1,134,1.0,2.77,13,3,1,2026-02-06 15:00:00
7065,315,17,52.5,47.87,57.37,1,130,0.0,-9.5,12,3,1,2026-02-08 00:00:00
7066,315,18,50.6,44.57,57.15,1,149,0.0,-12.58,12,3,1,2026-02-09 16:00:00
7067,315,18,51.6,50.87,56.86,2,267,0.0,-5.99,12,3,1,2026-02-10 13:00:00
7068,315,18,46.5,51.57,56.64,3,427,0.0,-5.08,12,3,1,2026-02-12 06:00:00
7069,316,1,48.3,75.0,75.0,1,118,1.0,0.0,1,1,1,2026-01-11 09:00:00
7070,316,2,57.5,48.3,48.3,1,118,0.0,0.0,2,1,1,2026-01-13 08:00:00
7071,316,2,55.2,52.9,52.9,2,239,0.0,0.0,3,1,1,2026-01-14 05:00:00
7072,316,3,63.2,53.67,53.67,1,155,0.0,0.0,4,2,1,2026-01-14 17:00:00
7073,316,4,31.6,58.63,56.05,1,127,0.0,2.58,5,2,1,2026-01-15 18:00:00
7074,316,4,51.3,50.0,51.16,2,240,0.0,-1.16,6,2,1,2026-01-16 16:00:00
7075,316,5,96.6,48.7,51.18,1,127,0.0,-2.48,7,3,0,2026-01-16 21:00:00
7076,316,5,97.6,59.83,57.67,2,266,0.0,2.16,8,3,0,2026-01-18 06:00:00
7077,316,6,88.7,81.83,62.66,1,116,1.0,19.17,9,1,0,2026-01-19 01:00:00
7078,316,7,67.1,94.3,65.56,1,116,1.0,28.74,10,2,1,2026-01-20 15:00:00
7079,316,8,59.0,84.47,65.71,1,182,1.0,18.76,11,2,1,2026-01-22 05:00:00
7080,316,9,50.0,71.6,65.1,1,122,0.0,6.5,12,3,1,2026-01-22 23:00:00
7081,316,9,41.8,58.7,63.84,2,255,0.0,-5.14,13,3,1,2026-01-23 22:00:00
7082,316,10,69.0,50.27,62.15,1,132,1.0,-11.88,14,2,1,2026-01-24 13:00:00
7083,316,11,83.8,53.6,62.64,1,131,0.0,-9.04,14,1,0,2026-01-25 19:00:00
7084,316,12,57.7,64.87,64.05,1,152,0.5,0.82,14,2,1,2026-01-27 11:00:00
7085,316,13,44.9,70.17,63.65,1,158,0.0,6.52,15,2,1,2026-01-27 16:00:00
7086,316,13,68.7,62.13,62.55,2,291,0.0,-0.41,14,2,1,2026-01-28 18:00:00
7087,316,14,35.7,57.1,62.89,1,115,0.0,-5.79,14,3,1,2026-01-30 14:00:00
7088,316,15,31.0,49.77,61.46,1,165,1.0,-11.69,13,2,1,2026-01-31 15:00:00
7089,316,15,82.8,45.13,59.94,2,303,1.0,-14.8,13,2,0,2026-02-01 12:00:00
7090,316,15,65.7,49.83,61.02,3,477,1.0,-11.19,13,2,1,2026-02-02 15:00:00
7091,316,16,51.6,59.83,61.24,1,95,0.0,-1.4,14,3,1,2026-02-03 02:00:00
7092,316,17,76.8,66.7,60.82,1,143,0.0,5.88,15,3,0,2026-02-03 07:00:00
7093,316,17,56.5,64.7,61.48,2,321,0.0,3.22,16,3,1,2026-02-03 12:00:00
7094,316,18,54.3,61.63,61.28,1,132,0.0,0.35,16,3,1,2026-02-04 09:00:00
7095,316,18,49.2,62.53,61.02,2,267,0.0,1.52,16,3,1,2026-02-05 18:00:00
7096,316,18,40.8,53.33,60.58,3,412,0.0,-7.24,15,3,1,2026-02-07 04:00:00
7097,316,19,36.2,48.1,59.87,1,128,0.5,-11.77,15,2,1,2026-02-08 02:00:00
7098,316,20,55.3,42.07,59.06,1,133,0.0,-16.99,15,3,1,2026-02-09 04:00:00
7099,316,20,57.0,44.1,58.93,2,266,0.0,-14.83,16,3,1,2026-02-10 06:00:00
7100,317,1,78.3,75.0,75.0,1,77,1.0,0.0,1,1,0,2026-01-07 00:00:00
7101,317,2,86.8,78.3,78.3,1,114,1.0,0.0,2,1,0,2026-01-08 21:00:00
7102,317,3,72.6,82.55,82.55,1,99,1.0,0.0,3,2,0,2026-01-09 14:00:00
7103,317,3,99.8,79.23,79.23,2,194,1.0,0.0,4,2,0,2026-01-10 19:00:00
7104,317,4,83.3,86.4,84.38,1,106,1.0,2.02,5,2,0,2026-01-12 06:00:00
7105,317,5,86.1,85.23,84.16,1,84,1.0,1.07,6,3,0,2026-01-12 22:00:00
7106,317,6,85.2,89.73,84.48,1,74,1.0,5.25,7,1,0,2026-01-14 04:00:00
7107,317,7,43.2,84.87,84.59,1,77,1.0,0.28,8,2,1,2026-01-14 19:00:00
7108,317,7,99.0,71.5,79.41,2,167,1.0,-7.91,9,2,0,2026-01-15 19:00:00
7109,317,7,77.9,75.8,81.59,3,235,1.0,-5.79,10,2,0,2026-01-16 03:00:00
7110,317,8,43.8,73.37,81.22,1,79,1.0,-7.85,11,2,1,2026-01-17 03:00:00
7111,317,9,88.5,73.57,77.82,1,79,0.0,-4.25,12,3,0,2026-01-18 16:00:00
7112,317,10,66.7,70.07,78.71,1,132,1.0,-8.64,13,2,1,2026-01-19 16:00:00
7113,317,10,34.1,66.33,77.78,2,166,1.0,-11.45,14,2,1,2026-01-19 23:00:00
7114,317,11,62.5,63.1,74.66,1,86,1.0,-11.56,15,1,1,2026-01-20 09:00:00
7115,317,12,74.0,54.43,73.85,1,124,0.5,-19.42,15,2,0,2026-01-21 08:00:00
7116,317,13,99.0,56.87,73.86,1,92,1.0,-17.0,16,2,0,2026-01-22 19:00:00
7117,317,14,37.2,78.5,75.34,1,105,1.0,3.16,16,3,1,2026-01-22 23:00:00
7118,317,15,92.4,70.07,73.22,1,91,0.0,-3.16,17,2,0,2026-01-23 06:00:00
7119,318,1,95.6,75.0,75.0,1,46,1.0,0.0,1,1,0,2026-01-11 23:00:00
7120,318,2,86.8,95.6,95.6,1,30,1.0,0.0,2,1,0,2026-01-13 20:00:00
7121,318,3,81.7,91.2,91.2,1,64,1.0,0.0,3,2,0,2026-01-15 16:00:00
7122,318,4,85.7,88.03,88.03,1,44,1.0,0.0,4,2,0,2026-01-17 04:00:00
7123,318,5,50.4,84.73,87.45,1,43,1.0,-2.72,5,3,1,2026-01-18 13:00:00
7124,318,6,74.3,72.6,80.04,1,50,1.0,-7.44,6,1,0,2026-01-19 22:00:00
7125,318,7,59.0,70.13,79.08,1,94,1.0,-8.95,7,2,1,2026-01-21 12:00:00
7126,318,8,76.0,61.23,76.21,1,108,1.0,-14.98,8,2,0,2026-01-22 11:00:00
7127,318,8,91.6,69.77,76.19,2,172,1.0,-6.42,9,2,0,2026-01-23 18:00:00
7128,318,8,85.0,75.53,77.9,3,222,1.0,-2.37,10,2,0,2026-01-25 10:00:00
7129,318,9,61.8,84.2,78.61,1,36,1.0,5.59,10,3,1,2026-01-26 23:00:00
7130,318,10,87.0,79.47,77.08,1,69,1.0,2.38,10,2,0,2026-01-28 16:00:00
7131,318,11,92.6,77.93,77.91,1,95,0.5,0.03,11,1,0,2026-01-28 22:00:00
7132,318,12,85.3,80.47,79.04,1,55,0.5,1.43,12,2,0,2026-01-29 07:00:00
7133,318,13,99.9,88.3,79.49,1,30,1.0,8.81,11,2,0,2026-01-31 05:00:00
7134,318,14,72.3,92.6,80.85,1,73,0.5,11.75,11,3,0,2026-02-01 16:00:00
7135,318,14,91.8,85.83,80.31,2,152,0.5,5.52,12,3,0,2026-02-02 07:00:00
7136,319,1,84.0,75.0,75.0,1,30,1.0,0.0,1,1,0,2026-01-09 19:00:00
7137,319,2,99.7,84.0,84.0,1,63,1.0,0.0,2,1,0,2026-01-10 02:00:00
7138,319,3,39.7,91.85,91.85,1,69,1.0,0.0,3,2,1,2026-01-11 04:00:00
7139,319,4,88.6,74.47,74.47,1,58,0.0,0.0,4,2,0,2026-01-12 18:00:00
7140,319,5,76.2,76.0,78.0,1,44,1.0,-2.0,5,3,0,2026-01-13 07:00:00
7141,319,6,75.9,68.17,77.64,1,80,1.0,-9.47,6,1,0,2026-01-14 19:00:00
7142,319,6,86.3,80.23,77.35,2,131,1.0,2.88,7,1,0,2026-01-15 12:00:00
7143,319,6,89.9,79.47,78.63,3,161,1.0,0.84,8,1,0,2026-01-16 13:00:00
7144,319,7,91.6,84.03,80.04,1,30,1.0,4.0,9,2,0,2026-01-18 12:00:00
7145,319,8,88.1,89.27,81.32,1,85,1.0,7.94,10,2,0,2026-01-19 22:00:00
7146,319,9,61.9,89.87,82.0,1,72,1.0,7.87,11,3,1,2026-01-21 22:00:00
7147,319,10,78.9,80.53,80.17,1,61,1.0,0.36,12,2,0,2026-01-22 12:00:00
7148,319,11,81.1,76.3,80.07,1,51,1.0,-3.77,12,1,0,2026-01-23 19:00:00
7149,319,12,80.3,73.97,80.15,1,49,0.5,-6.18,12,2,0,2026-01-24 21:00:00
7150,319,13,44.0,80.1,80.16,1,38,1.0,-0.06,11,2,1,2026-01-26 21:00:00
7151,319,14,70.2,68.47,77.75,1,51,1.0,-9.28,11,3,0,2026-01-27 12:00:00
7152,319,15,77.5,64.83,77.28,1,30,1.0,-12.44,11,2,0,2026-01-29 03:00:00
7153,319,16,79.4,63.9,77.29,1,45,0.5,-13.39,10,3,0,2026-01-31 00:00:00
7154,319,17,56.5,75.7,77.41,1,53,1.0,-1.71,10,3,1,2026-02-01 16:00:00
7155,319,18,87.4,71.13,76.31,1,72,1.0,-5.17,10,3,0,2026-02-02 22:00:00
7156,319,18,65.2,74.43,76.86,2,131,1.0,-2.43,11,3,1,2026-02-03 06:00:00
7157,320,1,99.6,75.0,75.0,1,105,1.0,0.0,1,1,0,2026-01-14 12:00:00
7158,320,2,91.6,99.6,99.6,1,116,1.0,0.0,2,1,0,2026-01-16 05:00:00
7159,320,3,95.5,95.6,95.6,1,111,1.0,0.0,3,2,0,2026-01-17 12:00:00
7160,320,4,65.8,95.57,95.57,1,99,1.0,0.0,4,2,1,2026-01-18 21:00:00
7161,320,5,46.7,84.3,88.12,1,90,0.0,-3.83,5,3,1,2026-01-19 03:00:00
7162,320,6,82.9,69.33,79.84,1,70,1.0,-10.51,6,1,0,2026-01-20 06:00:00
7163,320,7,94.9,65.13,80.35,1,104,1.0,-15.22,7,2,0,2026-01-21 13:00:00
7164,320,8,99.0,74.83,82.43,1,123,1.0,-7.6,8,2,0,2026-01-21 17:00:00
7165,320,8,68.0,92.27,84.5,2,219,1.0,7.77,9,2,1,2026-01-23 02:00:00
7166,320,9,67.7,87.3,82.67,1,128,1.0,4.63,10,3,1,2026-01-23 11:00:00
7167,320,10,82.5,78.23,81.17,1,59,1.0,-2.94,11,2,0,2026-01-24 10:00:00
7168,320,10,59.2,72.73,81.29,2,125,1.0,-8.56,12,2,1,2026-01-26 06:00:00
7169,321,1,70.5,75.0,75.0,1,107,1.0,0.0,1,1,0,2026-01-10 12:00:00
7170,321,2,78.1,70.5,70.5,1,95,1.0,0.0,2,1,0,2026-01-11 04:00:00
7171,321,2,94.4,74.3,74.3,2,211,1.0,0.0,3,1,0,2026-01-12 14:00:00
7172,321,3,93.1,81.0,81.0,1,89,1.0,0.0,4,2,0,2026-01-14 00:00:00
7173,321,4,78.3,88.53,84.02,1,72,1.0,4.51,5,2,0,2026-01-14 06:00:00
7174,321,5,90.9,88.6,82.88,1,85,1.0,5.72,6,3,0,2026-01-15 13:00:00
7175,321,5,64.0,87.43,84.22,2,144,1.0,3.22,7,3,1,2026-01-16 15:00:00
7176,321,6,54.9,77.73,81.33,1,67,1.0,-3.6,8,1,1,2026-01-18 09:00:00
7177,321,7,99.1,69.93,78.03,1,109,0.0,-8.09,9,2,0,2026-01-18 16:00:00
7178,321,7,68.7,72.67,80.37,2,216,0.0,-7.7,10,2,1,2026-01-19 01:00:00
7179,321,8,93.2,74.23,79.2,1,97,1.0,-4.97,11,2,0,2026-01-20 11:00:00
7180,321,8,85.3,87.0,80.47,2,152,1.0,6.53,12,2,0,2026-01-22 11:00:00
7181,321,8,92.3,82.4,80.88,3,234,1.0,1.52,13,2,0,2026-01-23 22:00:00
7182,321,9,75.9,90.27,81.75,1,65,1.0,8.51,14,3,0,2026-01-24 03:00:00
7183,321,9,99.6,84.5,81.34,2,178,1.0,3.16,13,3,0,2026-01-25 15:00:00
7184,321,10,98.5,89.27,82.55,1,78,1.0,6.71,13,2,0,2026-01-27 10:00:00
7185,321,11,95.2,91.33,83.55,1,68,1.0,7.78,12,1,0,2026-01-28 18:00:00
7186,322,1,91.7,75.0,75.0,1,140,1.0,0.0,1,1,0,2026-01-23 02:00:00
7187,322,2,74.7,91.7,91.7,1,127,1.0,0.0,2,1,0,2026-01-24 22:00:00
7188,322,3,54.5,83.2,83.2,1,169,1.0,0.0,3,2,1,2026-01-26 16:00:00
7189,322,3,85.2,73.63,73.63,2,294,1.0,0.0,4,2,0,2026-01-26 21:00:00
7190,322,4,92.1,71.47,76.53,1,112,1.0,-5.06,5,2,0,2026-01-27 07:00:00
7191,322,4,72.6,77.27,79.64,2,208,1.0,-2.37,6,2,0,2026-01-28 23:00:00
7192,322,5,30.9,83.3,78.47,1,139,1.0,4.83,7,3,1,2026-01-30 14:00:00
7193,322,5,37.9,65.2,71.67,2,267,1.0,-6.47,8,3,1,2026-01-31 06:00:00
7194,322,6,90.6,47.13,67.45,1,111,1.0,-20.32,9,1,0,2026-02-01 23:00:00
7195,322,7,56.3,53.13,70.02,1,163,1.0,-16.89,10,2,1,2026-02-02 19:00:00
7196,322,8,63.0,61.6,68.65,1,153,1.0,-7.05,11,2,1,2026-02-03 00:00:00
7197,322,9,94.0,69.97,68.14,1,139,0.0,1.83,12,3,0,2026-02-03 07:00:00
7198,322,10,69.3,71.1,70.29,1,167,1.0,0.81,13,2,1,2026-02-04 10:00:00
7199,322,10,58.7,75.43,70.22,2,320,1.0,5.22,14,2,1,2026-02-05 08:00:00
7200,322,11,39.6,74.0,69.39,1,123,0.5,4.61,14,1,1,2026-02-06 23:00:00
7201,322,12,62.3,55.87,67.41,1,119,0.5,-11.54,14,2,1,2026-02-08 07:00:00
7202,322,13,35.5,53.53,67.09,1,156,0.0,-13.55,13,2,1,2026-02-10 03:00:00
7203,322,13,48.9,45.8,65.23,2,303,0.0,-19.43,13,2,1,2026-02-10 12:00:00
7204,322,13,76.8,48.9,64.32,3,446,0.0,-15.42,14,2,0,2026-02-10 22:00:00
7205,323,1,42.7,75.0,75.0,1,123,1.0,0.0,1,1,1,2026-01-31 08:00:00
7206,323,1,50.0,42.7,42.7,2,275,1.0,0.0,2,1,1,2026-02-02 04:00:00
7207,323,2,33.6,46.35,46.35,1,124,0.0,0.0,3,1,1,2026-02-02 08:00:00
7208,323,3,40.2,42.1,42.1,1,137,0.0,0.0,4,2,1,2026-02-03 23:00:00
7209,323,3,60.8,41.27,41.62,2,305,0.0,-0.36,5,2,1,2026-02-04 18:00:00
7210,323,4,48.6,44.87,45.46,1,126,0.0,-0.59,6,2,1,2026-02-05 02:00:00
7211,323,4,83.4,49.87,45.98,2,234,0.0,3.88,7,2,0,2026-02-06 00:00:00
7212,323,4,91.9,64.27,51.33,3,352,0.0,12.94,8,2,0,2026-02-07 04:00:00
7213,323,5,59.7,74.63,56.4,1,159,1.0,18.23,9,3,1,2026-02-09 04:00:00
7214,323,5,47.7,78.33,56.77,2,304,1.0,21.57,10,3,1,2026-02-10 05:00:00
7215,323,6,69.7,66.43,55.86,1,137,1.0,10.57,11,1,1,2026-02-11 17:00:00
7216,323,7,85.7,59.03,57.12,1,129,0.0,1.92,12,2,0,2026-02-12 11:00:00
7217,323,7,84.1,67.7,59.5,2,278,0.0,8.2,13,2,0,2026-02-13 18:00:00
7218,323,7,82.1,79.83,61.39,3,401,0.0,18.44,14,2,0,2026-02-14 02:00:00
7219,323,8,69.0,83.97,62.87,1,146,1.0,21.1,14,2,1,2026-02-14 16:00:00
7220,323,8,46.9,78.4,63.28,2,271,1.0,15.12,14,2,1,2026-02-16 04:00:00
7221,323,8,59.3,66.0,62.26,3,393,1.0,3.74,14,2,1,2026-02-17 02:00:00
7222,323,9,38.5,58.4,62.08,1,127,0.0,-3.68,14,3,1,2026-02-18 13:00:00
7223,323,9,42.7,48.23,60.77,2,259,0.0,-12.54,14,3,1,2026-02-18 19:00:00
7224,323,10,41.1,46.83,59.82,1,139,1.0,-12.99,14,2,1,2026-02-19 13:00:00
7225,323,11,43.5,40.77,58.89,1,144,0.5,-18.12,14,1,1,2026-02-21 01:00:00
7226,323,11,66.1,42.43,58.15,2,210,0.5,-15.72,14,1,1,2026-02-22 22:00:00
7227,323,11,60.1,50.23,58.51,3,333,0.5,-8.28,15,1,1,2026-02-23 02:00:00
7228,323,12,30.1,56.57,58.58,1,132,0.0,-2.02,15,2,1,2026-02-23 10:00:00
7229,323,13,30.6,52.1,57.4,1,170,0.0,-5.3,15,2,1,2026-02-24 22:00:00
7230,323,13,43.3,40.27,56.32,2,288,0.0,-16.06,14,2,1,2026-02-26 20:00:00
7231,323,13,85.7,34.67,55.82,3,431,0.0,-21.16,15,2,0,2026-02-27 13:00:00
7232,323,14,56.8,53.2,56.93,1,169,0.5,-3.73,15,3,1,2026-02-27 21:00:00
7233,323,14,56.4,61.93,56.92,2,282,0.5,5.01,15,3,1,2026-02-28 09:00:00
7234,323,14,42.2,66.3,56.91,3,429,0.5,9.39,15,3,1,2026-03-01 07:00:00
7235,323,15,68.8,51.8,56.42,1,123,0.0,-4.62,16,2,1,2026-03-01 11:00:00
7236,323,15,83.2,55.8,56.82,2,252,0.0,-1.02,17,2,0,2026-03-01 22:00:00
7237,323,16,38.1,64.73,57.64,1,123,0.0,7.09,16,3,1,2026-03-03 02:00:00
7238,323,16,98.0,63.37,57.05,2,248,0.0,6.32,17,3,0,2026-03-03 22:00:00
7239,323,16,50.2,73.1,58.25,3,442,0.0,14.85,17,3,1,2026-03-04 13:00:00
7240,323,17,73.0,62.1,58.02,1,156,1.0,4.08,17,3,0,2026-03-05 08:00:00
7241,324,1,70.2,75.0,75.0,1,112,1.0,0.0,1,1,0,2026-01-21 11:00:00
7242,324,2,64.6,70.2,70.2,1,99,1.0,0.0,2,1,1,2026-01-21 20:00:00
7243,324,3,81.9,67.4,67.4,1,57,0.0,0.0,3,2,0,2026-01-23 11:00:00
7244,324,4,77.1,72.23,72.23,1,97,1.0,0.0,4,2,0,2026-01-25 07:00:00
7245,324,5,79.8,74.53,73.45,1,111,1.0,1.08,5,3,0,2026-01-26 09:00:00
7246,324,6,93.8,79.6,74.72,1,72,1.0,4.88,6,1,0,2026-01-28 02:00:00
7247,324,7,45.2,83.57,77.9,1,109,1.0,5.67,7,2,1,2026-01-28 07:00:00
7248,324,8,83.4,72.93,73.23,1,104,1.0,-0.3,8,2,0,2026-01-29 08:00:00
7249,324,9,33.5,74.13,74.5,1,127,1.0,-0.37,9,3,1,2026-01-29 16:00:00
7250,324,10,95.3,54.03,69.94,1,81,1.0,-15.91,10,2,0,2026-01-30 23:00:00
7251,324,10,94.7,70.73,72.48,2,149,1.0,-1.75,11,2,0,2026-02-01 11:00:00
7252,324,10,36.0,74.5,74.5,3,231,1.0,0.0,12,2,1,2026-02-02 10:00:00
7253,324,11,97.5,75.33,71.29,1,118,0.0,4.04,13,1,0,2026-02-03 10:00:00
7254,325,1,45.1,75.0,75.0,1,73,1.0,0.0,1,1,1,2026-01-28 06:00:00
7255,325,1,46.1,45.1,45.1,2,141,1.0,0.0,2,1,1,2026-01-29 02:00:00
7256,325,2,89.7,45.6,45.6,1,111,0.0,0.0,3,1,0,2026-01-29 08:00:00
7257,325,3,40.6,60.3,60.3,1,101,1.0,0.0,4,2,1,2026-01-30 03:00:00
7258,325,3,53.0,58.8,55.38,2,211,1.0,3.43,5,2,1,2026-01-31 22:00:00
7259,325,4,39.5,61.1,54.9,1,128,0.0,6.2,6,2,1,2026-02-02 02:00:00
7260,325,5,35.4,44.37,52.33,1,98,0.0,-7.97,7,3,1,2026-02-03 19:00:00
7261,325,6,54.2,42.63,49.91,1,72,1.0,-7.28,8,1,1,2026-02-05 19:00:00
7262,325,7,70.8,43.03,50.45,1,150,0.0,-7.42,9,2,0,2026-02-06 12:00:00
7263,325,8,80.9,53.47,52.71,1,90,1.0,0.76,10,2,0,2026-02-08 07:00:00
7264,325,8,46.0,68.63,55.53,2,178,1.0,13.1,11,2,1,2026-02-08 16:00:00
7265,325,8,33.4,65.9,54.66,3,310,1.0,11.24,12,2,1,2026-02-10 03:00:00
7266,325,9,58.1,53.43,52.89,1,102,1.0,0.54,13,3,1,2026-02-10 21:00:00
7267,325,10,39.9,45.83,53.29,1,108,1.0,-7.46,13,2,1,2026-02-11 06:00:00
7268,325,11,69.2,43.8,52.34,1,119,1.0,-8.54,14,1,1,2026-02-11 18:00:00
7269,325,11,69.8,55.73,53.46,2,250,1.0,2.27,13,1,1,2026-02-12 15:00:00
7270,325,11,93.8,59.63,54.48,3,353,1.0,5.15,13,1,0,2026-02-13 11:00:00
7271,326,1,36.9,75.0,75.0,1,170,1.0,0.0,1,1,1,2026-01-10 22:00:00
7272,326,1,74.8,36.9,36.9,2,267,1.0,0.0,2,1,0,2026-01-11 20:00:00
7273,326,1,84.6,55.85,55.85,3,422,1.0,0.0,3,1,0,2026-01-13 00:00:00
7274,326,2,65.6,65.43,65.43,1,123,1.0,0.0,4,1,1,2026-01-15 00:00:00
7275,326,3,40.1,75.0,65.47,1,167,0.0,9.52,5,2,1,2026-01-15 12:00:00
7276,326,4,33.1,63.43,60.4,1,142,0.0,3.03,6,2,1,2026-01-16 17:00:00
7277,326,5,43.9,46.27,55.85,1,126,0.0,-9.58,7,3,1,2026-01-18 07:00:00
7278,326,5,33.6,39.03,54.14,2,279,0.0,-15.11,8,3,1,2026-01-19 16:00:00
7279,326,6,56.6,36.87,51.58,1,157,1.0,-14.71,9,1,1,2026-01-21 01:00:00
7280,326,7,73.8,44.7,52.13,1,152,0.0,-7.43,10,2,0,2026-01-22 18:00:00
7281,326,8,98.5,54.67,54.3,1,119,1.0,0.37,11,2,0,2026-01-23 21:00:00
7282,326,9,66.8,76.3,58.32,1,130,1.0,17.98,11,3,1,2026-01-25 05:00:00
7283,326,9,59.7,79.7,59.02,2,269,1.0,20.68,11,3,1,2026-01-26 19:00:00
7284,326,9,43.8,75.0,59.08,3,408,1.0,15.92,11,3,1,2026-01-28 02:00:00
7285,326,10,89.8,56.77,57.99,1,154,1.0,-1.22,12,2,0,2026-01-28 07:00:00
7286,326,11,77.5,64.43,60.11,1,99,0.5,4.33,13,1,0,2026-01-28 21:00:00
7287,326,11,85.6,70.37,61.19,2,245,0.5,9.17,12,1,0,2026-01-29 23:00:00
7288,326,12,52.3,84.3,62.63,1,134,0.5,21.67,13,2,1,2026-01-30 06:00:00
7289,326,12,55.6,71.8,62.06,2,257,0.5,9.74,14,2,1,2026-01-30 11:00:00
7290,326,12,71.1,64.5,61.72,3,382,0.5,2.78,14,2,0,2026-01-31 02:00:00
7291,326,13,74.3,59.67,62.18,1,135,1.0,-2.52,14,2,0,2026-02-01 19:00:00
7292,326,14,49.5,67.0,62.76,1,67,1.0,4.24,15,3,1,2026-02-02 02:00:00
7293,326,15,70.5,64.97,62.16,1,125,1.0,2.81,15,2,0,2026-02-03 02:00:00
7294,326,16,52.8,64.77,62.52,1,122,0.5,2.24,15,3,1,2026-02-04 05:00:00
7295,327,1,93.7,75.0,75.0,1,100,1.0,0.0,1,1,0,2026-01-22 17:00:00
7296,327,2,89.3,93.7,93.7,1,73,1.0,0.0,2,1,0,2026-01-24 14:00:00
7297,327,3,32.0,91.5,91.5,1,85,1.0,0.0,3,2,1,2026-01-25 00:00:00
7298,327,4,87.3,71.67,71.67,1,120,0.0,0.0,4,2,0,2026-01-26 17:00:00
7299,327,4,80.7,69.53,75.58,2,229,0.0,-6.04,5,2,0,2026-01-27 17:00:00
7300,327,4,81.5,66.67,76.6,3,337,0.0,-9.93,6,2,0,2026-01-29 05:00:00
7301,327,5,66.6,83.17,77.42,1,80,1.0,5.75,7,3,1,2026-01-30 03:00:00
7302,327,5,65.8,76.27,75.87,2,180,1.0,0.4,8,3,1,2026-01-31 06:00:00
7303,327,5,39.9,71.3,74.61,3,265,1.0,-3.31,9,3,1,2026-02-01 18:00:00
7304,327,6,35.8,57.43,70.76,1,86,1.0,-13.32,10,1,1,2026-02-01 23:00:00
7305,327,7,69.3,47.17,67.26,1,98,0.0,-20.09,11,2,1,2026-02-02 17:00:00
7306,327,8,79.4,48.33,67.45,1,78,1.0,-19.11,12,2,0,2026-02-04 04:00:00
7307,327,9,65.4,61.5,68.44,1,119,1.0,-6.94,12,3,1,2026-02-06 03:00:00
7308,327,9,90.1,71.37,68.21,2,205,1.0,3.16,12,3,0,2026-02-07 20:00:00
7309,327,10,58.1,78.3,69.77,1,102,1.0,8.53,12,2,1,2026-02-08 05:00:00
7310,327,11,88.8,71.2,68.99,1,119,0.5,2.21,12,1,0,2026-02-10 00:00:00
7311,327,11,80.2,79.0,70.23,2,229,0.5,8.77,12,1,0,2026-02-10 21:00:00
7312,327,12,97.9,75.7,70.82,1,61,1.0,4.88,13,2,0,2026-02-12 03:00:00
7313,327,12,71.7,88.97,72.32,2,159,1.0,16.64,13,2,0,2026-02-12 21:00:00
7314,327,13,85.0,83.27,72.29,1,107,1.0,10.98,12,2,0,2026-02-14 21:00:00
7315,327,14,45.4,84.87,72.93,1,107,0.5,11.94,13,3,1,2026-02-15 10:00:00
7316,327,15,79.2,67.37,71.61,1,67,1.0,-4.25,11,2,0,2026-02-17 07:00:00
7317,327,16,52.6,69.87,71.96,1,76,1.0,-2.09,12,3,1,2026-02-17 11:00:00
7318,327,17,95.1,59.07,71.12,1,109,0.0,-12.05,13,3,0,2026-02-18 01:00:00
7319,327,18,85.4,75.63,72.12,1,74,0.0,3.52,13,3,0,2026-02-19 01:00:00
7320,327,18,50.0,77.7,72.65,2,158,0.0,5.05,13,3,1,2026-02-20 22:00:00
7321,327,18,53.9,76.83,71.78,3,279,0.0,5.06,14,3,1,2026-02-21 06:00:00
7322,327,19,65.8,63.1,71.11,1,89,0.5,-8.01,15,2,1,2026-02-21 12:00:00
7323,327,20,99.9,56.57,70.93,1,75,0.0,-14.36,14,3,0,2026-02-22 05:00:00
7324,327,20,96.4,73.2,71.92,2,147,0.0,1.28,15,3,0,2026-02-23 18:00:00
7325,327,20,88.4,87.37,72.74,3,243,0.0,14.63,14,3,0,2026-02-25 11:00:00
7326,328,1,92.7,75.0,75.0,1,63,1.0,0.0,1,1,0,2026-01-18 10:00:00
7327,328,2,80.1,92.7,92.7,1,85,1.0,0.0,2,1,0,2026-01-19 18:00:00
7328,328,3,81.3,86.4,86.4,1,96,1.0,0.0,3,2,0,2026-01-21 07:00:00
7329,328,4,94.1,84.7,84.7,1,115,1.0,0.0,4,2,0,2026-01-21 17:00:00
7330,328,5,78.1,85.17,87.05,1,103,1.0,-1.88,5,3,0,2026-01-23 04:00:00
7331,328,6,96.0,84.5,85.26,1,75,1.0,-0.76,6,1,0,2026-01-23 13:00:00
7332,328,7,40.2,89.4,87.05,1,113,1.0,2.35,7,2,1,2026-01-25 05:00:00
7333,328,8,92.0,71.43,80.36,1,84,1.0,-8.92,8,2,0,2026-01-26 18:00:00
7334,328,8,64.8,76.07,81.81,2,149,1.0,-5.75,9,2,1,2026-01-28 14:00:00
7335,328,9,30.9,65.67,79.92,1,86,1.0,-14.26,10,3,1,2026-01-30 10:00:00
7336,328,10,36.9,62.57,75.02,1,118,1.0,-12.45,11,2,1,2026-01-31 05:00:00
7337,328,11,92.1,44.2,71.55,1,93,0.5,-27.35,11,1,0,2026-02-02 02:00:00
7338,328,11,51.8,53.3,73.27,2,183,0.5,-19.97,11,1,1,2026-02-03 05:00:00
7339,328,11,81.7,60.27,71.62,3,305,0.5,-11.35,12,1,0,2026-02-04 04:00:00
7340,328,12,82.3,75.2,72.34,1,61,0.5,2.86,11,2,0,2026-02-05 22:00:00
7341,328,12,96.2,71.93,73.0,2,125,0.5,-1.07,10,2,0,2026-02-06 23:00:00
7342,328,13,71.9,86.73,74.45,1,57,1.0,12.28,11,2,0,2026-02-07 08:00:00
7343,328,13,31.1,83.47,74.3,2,154,1.0,9.17,11,2,1,2026-02-09 06:00:00
7344,329,1,97.7,75.0,75.0,1,93,1.0,0.0,1,1,0,2026-01-15 14:00:00
7345,329,1,97.1,97.7,97.7,2,213,1.0,0.0,2,1,0,2026-01-16 16:00:00
7346,329,2,61.7,97.4,97.4,1,94,1.0,0.0,3,1,1,2026-01-18 09:00:00
7347,329,3,91.0,85.5,85.5,1,81,0.0,0.0,4,2,0,2026-01-19 14:00:00
7348,329,4,87.8,83.27,86.88,1,90,1.0,-3.61,5,2,0,2026-01-20 14:00:00
7349,329,5,92.7,80.17,87.06,1,92,1.0,-6.89,6,3,0,2026-01-21 02:00:00
7350,329,6,46.8,90.5,88.0,1,56,1.0,2.5,7,1,1,2026-01-23 01:00:00
7351,329,7,46.7,75.77,82.11,1,144,0.0,-6.35,8,2,1,2026-01-23 12:00:00
7352,329,7,75.4,62.07,77.69,2,244,0.0,-15.62,9,2,0,2026-01-25 09:00:00
7353,329,8,82.5,56.3,77.43,1,94,1.0,-21.13,10,2,0,2026-01-26 17:00:00
7354,329,9,80.1,68.2,77.94,1,102,1.0,-9.74,11,3,0,2026-01-28 00:00:00
7355,329,10,68.7,79.33,78.14,1,104,1.0,1.2,11,2,1,2026-01-29 22:00:00
7356,329,11,79.7,77.1,77.35,1,87,0.5,-0.25,12,1,0,2026-01-30 05:00:00
7357,329,12,83.6,76.17,77.53,1,77,1.0,-1.36,12,2,0,2026-01-31 04:00:00
7358,329,13,38.8,77.33,77.96,1,101,1.0,-0.63,13,2,1,2026-02-01 02:00:00
7359,329,14,61.0,67.37,75.35,1,97,1.0,-7.99,13,3,1,2026-02-01 18:00:00
7360,330,1,91.1,75.0,75.0,1,43,1.0,0.0,1,1,0,2026-01-08 02:00:00
7361,330,2,75.8,91.1,91.1,1,88,1.0,0.0,2,1,0,2026-01-08 10:00:00
7362,330,3,86.6,83.45,83.45,1,65,1.0,0.0,3,2,0,2026-01-09 17:00:00
7363,330,4,62.9,84.5,84.5,1,74,1.0,0.0,4,2,1,2026-01-10 02:00:00
7364,330,5,86.3,75.1,79.1,1,87,0.0,-4.0,5,3,0,2026-01-10 12:00:00
7365,330,5,33.1,78.6,80.54,2,147,0.0,-1.94,6,3,1,2026-01-10 16:00:00
7366,330,6,88.9,60.77,72.63,1,66,1.0,-11.87,7,1,0,2026-01-12 16:00:00
7367,330,7,76.0,69.43,74.96,1,76,1.0,-5.52,8,2,0,2026-01-13 20:00:00
7368,330,8,99.3,66.0,75.09,1,45,1.0,-9.09,9,2,0,2026-01-14 02:00:00
7369,330,9,62.3,88.07,77.78,1,61,1.0,10.29,10,3,1,2026-01-15 04:00:00
7370,330,10,99.3,79.2,76.23,1,62,1.0,2.97,11,2,0,2026-01-15 16:00:00
7371,330,11,75.8,86.97,78.33,1,40,1.0,8.64,12,1,0,2026-01-16 09:00:00
7372,330,12,74.8,79.13,78.12,1,106,0.5,1.02,13,2,0,2026-01-17 17:00:00
7373,330,13,68.8,83.3,77.86,1,31,1.0,5.44,14,2,1,2026-01-17 21:00:00
7374,330,14,89.0,73.13,77.21,1,34,1.0,-4.08,15,3,0,2026-01-18 17:00:00
7375,330,15,39.8,77.53,78.0,1,86,1.0,-0.47,16,2,1,2026-01-20 17:00:00
7376,330,16,45.7,65.87,75.61,1,74,0.5,-9.75,15,3,1,2026-01-22 16:00:00
7377,330,17,81.6,58.17,73.85,1,39,0.0,-15.69,14,3,0,2026-01-24 09:00:00
7378,330,18,84.2,55.7,74.28,1,72,0.0,-18.58,13,3,0,2026-01-26 03:00:00
7379,330,19,87.2,70.5,74.81,1,89,1.0,-4.31,13,2,0,2026-01-27 16:00:00
7380,331,1,96.0,75.0,75.0,1,89,1.0,0.0,1,1,0,2026-01-19 13:00:00
7381,331,2,84.2,96.0,96.0,1,141,1.0,0.0,2,1,0,2026-01-20 20:00:00
7382,331,3,77.7,90.1,90.1,1,55,1.0,0.0,3,2,0,2026-01-22 11:00:00
7383,331,4,83.6,85.97,85.97,1,103,1.0,0.0,4,2,0,2026-01-24 10:00:00
7384,331,4,85.3,81.83,85.38,2,216,1.0,-3.54,5,2,0,2026-01-25 15:00:00
7385,331,5,76.4,82.2,85.36,1,107,1.0,-3.16,6,3,0,2026-01-26 05:00:00
7386,331,6,56.6,81.77,83.87,1,85,1.0,-2.1,7,1,1,2026-01-27 14:00:00
7387,331,6,45.8,72.77,79.97,2,169,1.0,-7.2,8,1,1,2026-01-28 16:00:00
7388,331,7,88.9,59.6,75.7,1,98,0.0,-16.1,9,2,0,2026-01-29 12:00:00
7389,331,8,71.7,63.77,77.17,1,106,1.0,-13.4,10,2,0,2026-01-30 00:00:00
7390,331,9,35.2,68.8,76.62,1,102,1.0,-7.82,11,3,1,2026-01-30 18:00:00
7391,331,10,44.0,65.27,72.85,1,110,1.0,-7.59,12,2,1,2026-01-31 11:00:00
7392,331,11,58.9,50.3,70.45,1,69,1.0,-20.15,13,1,1,2026-02-01 00:00:00
7393,331,12,56.6,46.03,69.56,1,85,0.0,-23.53,14,2,1,2026-02-02 08:00:00
7394,331,12,88.3,53.17,68.64,2,156,0.0,-15.47,14,2,0,2026-02-02 13:00:00
7395,332,1,98.4,75.0,75.0,1,132,1.0,0.0,1,1,0,2026-01-15 10:00:00
7396,332,2,57.3,98.4,98.4,1,160,1.0,0.0,2,1,1,2026-01-16 00:00:00
7397,332,2,58.9,77.85,77.85,2,302,1.0,0.0,3,1,1,2026-01-16 17:00:00
7398,332,2,51.2,71.53,71.53,3,494,1.0,0.0,4,1,1,2026-01-18 12:00:00
7399,332,3,72.6,55.8,66.45,1,143,0.0,-10.65,5,2,0,2026-01-19 14:00:00
7400,332,4,84.1,60.9,67.68,1,141,1.0,-6.78,6,2,0,2026-01-20 20:00:00
7401,332,4,58.5,69.3,70.42,2,283,1.0,-1.12,7,2,1,2026-01-22 19:00:00
7402,332,4,42.2,71.73,68.71,3,410,1.0,3.02,8,2,1,2026-01-23 06:00:00
7403,332,5,31.4,61.6,65.4,1,138,1.0,-3.8,9,3,1,2026-01-24 07:00:00
7404,332,5,40.4,44.03,61.62,2,300,1.0,-17.59,10,3,1,2026-01-25 00:00:00
7405,332,6,72.2,38.0,59.5,1,142,1.0,-21.5,11,1,0,2026-01-26 21:00:00
7406,332,7,73.8,48.0,60.65,1,124,1.0,-12.65,12,2,0,2026-01-27 07:00:00
7407,332,8,87.0,62.13,61.75,1,121,1.0,0.38,13,2,0,2026-01-28 01:00:00
7408,332,8,98.6,77.67,63.69,2,251,1.0,13.97,14,2,0,2026-01-28 07:00:00
7409,332,8,61.2,86.47,66.19,3,392,1.0,20.28,14,2,1,2026-01-29 14:00:00
7410,332,9,36.6,82.27,65.85,1,163,1.0,16.41,13,3,1,2026-01-31 05:00:00
7411,332,9,97.9,65.47,64.03,2,276,1.0,1.44,14,3,0,2026-02-01 03:00:00
7412,332,9,38.8,65.23,66.02,3,409,1.0,-0.78,13,3,1,2026-02-03 01:00:00
7413,332,10,44.0,57.77,64.51,1,142,1.0,-6.74,13,2,1,2026-02-04 23:00:00
7414,332,11,74.9,60.23,63.43,1,103,0.5,-3.19,14,1,0,2026-02-05 15:00:00
7415,332,12,38.9,52.57,64.0,1,123,1.0,-11.43,13,2,1,2026-02-06 19:00:00
7416,332,12,47.3,52.6,62.8,2,249,1.0,-10.2,12,2,1,2026-02-08 15:00:00
7417,332,13,88.6,53.7,62.1,1,124,0.0,-8.4,13,2,0,2026-02-09 06:00:00
7418,332,14,39.1,58.27,63.25,1,143,0.5,-4.99,12,3,1,2026-02-10 09:00:00
7419,332,14,61.1,58.33,62.25,2,279,0.5,-3.91,11,3,1,2026-02-12 06:00:00
7420,332,15,30.5,62.93,62.2,1,128,1.0,0.73,11,2,1,2026-02-13 04:00:00
7421,332,15,74.8,43.57,60.98,2,276,1.0,-17.41,11,2,0,2026-02-14 09:00:00
7422,332,15,68.3,55.47,61.49,3,450,1.0,-6.03,11,2,1,2026-02-16 02:00:00
7423,332,16,50.2,57.87,61.74,1,172,0.5,-3.87,11,3,1,2026-02-17 08:00:00
7424,332,16,57.1,64.43,61.34,2,273,0.5,3.1,12,3,1,2026-02-17 13:00:00
7425,332,16,42.4,58.53,61.2,3,424,0.5,-2.66,13,3,1,2026-02-18 15:00:00
7426,333,1,93.0,75.0,75.0,1,56,1.0,0.0,1,1,0,2026-01-27 20:00:00
7427,333,2,77.8,93.0,93.0,1,63,1.0,0.0,2,1,0,2026-01-28 10:00:00
7428,333,3,32.1,85.4,85.4,1,52,1.0,0.0,3,2,1,2026-01-30 06:00:00
7429,333,4,47.7,67.63,67.63,1,62,0.0,0.0,4,2,1,2026-01-31 00:00:00
7430,333,5,80.4,52.53,62.65,1,63,0.0,-10.12,5,3,0,2026-02-01 17:00:00
7431,333,6,83.4,53.4,66.2,1,48,1.0,-12.8,6,1,0,2026-02-02 15:00:00
7432,333,7,90.4,70.5,69.07,1,42,1.0,1.43,7,2,0,2026-02-03 01:00:00
7433,333,8,98.2,84.73,72.11,1,51,1.0,12.62,8,2,0,2026-02-03 09:00:00
7434,333,9,87.5,90.67,75.38,1,64,1.0,15.29,9,3,0,2026-02-04 18:00:00
7435,333,10,84.3,92.03,76.72,1,71,1.0,15.31,10,2,0,2026-02-04 22:00:00
7436,333,11,93.2,90.0,77.48,1,77,1.0,12.52,11,1,0,2026-02-06 15:00:00
7437,333,12,98.6,88.33,78.91,1,50,1.0,9.42,12,2,0,2026-02-08 07:00:00
7438,333,13,48.2,92.03,80.55,1,65,1.0,11.48,13,2,1,2026-02-09 18:00:00
7439,333,13,78.4,80.0,78.06,2,144,1.0,1.94,14,2,0,2026-02-10 13:00:00
7440,333,14,83.3,75.07,78.09,1,83,1.0,-3.02,13,3,0,2026-02-11 19:00:00
7441,333,15,82.1,69.97,78.43,1,58,1.0,-8.47,14,2,0,2026-02-12 06:00:00
7442,333,16,84.8,81.27,78.66,1,55,1.0,2.6,15,3,0,2026-02-13 05:00:00
7443,334,1,92.0,75.0,75.0,1,63,1.0,0.0,1,1,0,2026-01-23 20:00:00
7444,334,2,97.7,92.0,92.0,1,37,1.0,0.0,2,1,0,2026-01-24 01:00:00
7445,334,3,78.1,94.85,94.85,1,56,1.0,0.0,3,2,0,2026-01-25 23:00:00
7446,334,3,72.4,89.27,89.27,2,130,1.0,0.0,4,2,0,2026-01-26 11:00:00
7447,334,3,72.8,82.73,85.05,3,202,1.0,-2.32,5,2,0,2026-01-27 07:00:00
7448,334,4,85.0,74.43,82.6,1,54,1.0,-8.17,6,2,0,2026-01-27 19:00:00
7449,334,4,90.8,76.73,83.0,2,118,1.0,-6.27,7,2,0,2026-01-28 15:00:00
7450,334,5,31.7,82.87,84.11,1,43,1.0,-1.25,8,3,1,2026-01-28 20:00:00
7451,334,6,82.3,69.17,77.56,1,74,1.0,-8.4,9,1,0,2026-01-29 17:00:00
7452,334,7,45.4,68.27,78.09,1,58,1.0,-9.82,10,2,1,2026-01-30 00:00:00
7453,334,8,73.9,53.13,74.82,1,54,1.0,-21.69,11,2,0,2026-01-31 07:00:00
7454,334,9,92.6,67.2,74.74,1,52,1.0,-7.54,12,3,0,2026-01-31 20:00:00
7455,334,10,82.3,70.63,76.22,1,58,1.0,-5.59,13,2,0,2026-02-01 01:00:00
7456,334,11,87.5,82.93,76.69,1,51,0.5,6.24,14,1,0,2026-02-01 22:00:00
7457,334,12,79.7,87.47,77.46,1,73,1.0,10.0,15,2,0,2026-02-03 10:00:00
7458,335,1,36.1,75.0,75.0,1,52,1.0,0.0,1,1,1,2026-01-19 04:00:00
7459,335,2,58.6,36.1,36.1,1,91,0.0,0.0,2,1,1,2026-01-20 19:00:00
7460,335,3,48.3,47.35,47.35,1,89,0.0,0.0,3,2,1,2026-01-21 17:00:00
7461,335,4,55.3,47.67,47.67,1,42,0.0,0.0,4,2,1,2026-01-22 12:00:00
7462,335,5,64.5,54.07,49.58,1,61,0.0,4.49,5,3,1,2026-01-24 02:00:00
7463,335,6,84.2,56.03,52.56,1,46,1.0,3.47,6,1,0,2026-01-25 22:00:00
7464,335,7,79.4,68.0,57.83,1,53,1.0,10.17,7,2,0,2026-01-27 18:00:00
7465,335,8,85.4,76.03,60.91,1,100,1.0,15.12,8,2,0,2026-01-28 08:00:00
7466,335,9,36.0,83.0,63.98,1,53,1.0,19.03,9,3,1,2026-01-28 23:00:00
7467,335,10,65.1,66.93,60.87,1,67,1.0,6.07,10,2,1,2026-01-29 07:00:00
7468,335,11,86.3,62.17,61.29,1,70,0.5,0.88,11,1,0,2026-01-29 16:00:00
7469,335,11,90.1,62.47,63.56,2,109,0.5,-1.1,12,1,0,2026-01-31 14:00:00
7470,335,11,91.8,80.5,65.77,3,151,0.5,14.72,13,1,0,2026-02-01 05:00:00
7471,335,12,91.2,89.4,67.78,1,35,0.5,21.62,14,2,0,2026-02-01 14:00:00
7472,335,13,92.6,91.03,69.45,1,42,1.0,21.58,14,2,0,2026-02-02 08:00:00
7473,335,14,40.3,91.87,70.99,1,30,1.0,20.87,15,3,1,2026-02-03 10:00:00
7474,335,15,55.4,74.7,69.08,1,70,1.0,5.62,14,2,1,2026-02-05 05:00:00
7475,335,15,75.3,62.77,68.27,2,171,1.0,-5.5,14,2,0,2026-02-06 01:00:00
7476,335,15,77.6,57.0,68.66,3,233,1.0,-11.66,15,2,0,2026-02-06 07:00:00
7477,335,16,60.0,69.43,69.13,1,31,0.5,0.3,16,3,1,2026-02-06 20:00:00
7478,335,17,49.5,70.97,68.68,1,47,0.0,2.29,16,3,1,2026-02-08 16:00:00
7479,335,18,97.1,62.37,67.76,1,50,0.0,-5.4,16,3,0,2026-02-10 09:00:00
7480,335,18,80.0,68.87,69.1,2,89,0.0,-0.23,16,3,0,2026-02-11 03:00:00
7481,336,1,97.9,75.0,75.0,1,77,1.0,0.0,1,1,0,2026-01-17 19:00:00
7482,336,2,90.4,97.9,97.9,1,76,1.0,0.0,2,1,0,2026-01-19 13:00:00
7483,336,3,92.3,94.15,94.15,1,36,1.0,0.0,3,2,0,2026-01-21 02:00:00
7484,336,4,87.2,93.53,93.53,1,74,1.0,0.0,4,2,0,2026-01-22 16:00:00
7485,336,5,83.5,89.97,91.95,1,90,1.0,-1.98,5,3,0,2026-01-23 23:00:00
7486,336,5,95.5,87.67,90.26,2,188,1.0,-2.59,6,3,0,2026-01-24 06:00:00
7487,336,6,83.6,88.73,91.13,1,117,1.0,-2.4,7,1,0,2026-01-25 07:00:00
7488,336,7,79.1,87.53,90.06,1,41,1.0,-2.52,8,2,0,2026-01-26 13:00:00
7489,336,8,71.3,86.07,88.69,1,116,1.0,-2.62,9,2,0,2026-01-28 01:00:00
7490,336,9,95.3,78.0,86.76,1,52,1.0,-8.76,10,3,0,2026-01-29 12:00:00
7491,336,10,90.3,81.9,87.61,1,48,1.0,-5.71,11,2,0,2026-01-30 00:00:00
7492,336,10,73.6,85.63,87.85,2,114,1.0,-2.22,12,2,0,2026-01-30 17:00:00
7493,336,10,93.7,86.4,86.67,3,162,1.0,-0.27,13,2,0,2026-01-31 17:00:00
7494,336,11,95.7,85.87,87.21,1,67,1.0,-1.34,13,1,0,2026-02-01 11:00:00
7495,336,12,76.6,87.67,87.81,1,33,1.0,-0.15,14,2,0,2026-02-02 06:00:00
7496,336,13,55.0,88.67,87.07,1,55,1.0,1.6,14,2,1,2026-02-03 21:00:00
7497,336,13,91.1,75.77,85.06,2,140,1.0,-9.3,13,2,0,2026-02-05 16:00:00
7498,336,14,49.2,74.23,85.42,1,58,1.0,-11.18,14,3,1,2026-02-06 04:00:00
7499,336,15,33.8,65.1,83.41,1,62,1.0,-18.31,15,2,1,2026-02-06 21:00:00
7500,336,15,82.9,58.03,80.79,2,131,1.0,-22.76,15,2,0,2026-02-07 02:00:00
7501,336,16,53.1,55.3,80.9,1,83,1.0,-25.6,15,3,1,2026-02-07 10:00:00
7502,336,16,84.0,56.6,79.58,2,113,1.0,-22.98,15,3,0,2026-02-08 15:00:00
7503,336,16,53.4,73.33,79.78,3,184,1.0,-6.44,16,3,1,2026-02-09 12:00:00
7504,336,17,99.2,63.5,78.63,1,54,1.0,-15.13,16,3,0,2026-02-10 02:00:00
7505,336,18,74.1,78.87,79.49,1,63,1.0,-0.62,17,3,0,2026-02-10 08:00:00
7506,336,18,74.8,75.57,79.27,2,144,1.0,-3.71,17,3,0,2026-02-11 02:00:00
7507,336,18,63.2,82.7,79.1,3,180,1.0,3.6,17,3,1,2026-02-12 13:00:00
7508,336,19,72.1,70.7,78.51,1,39,1.0,-7.81,16,2,0,2026-02-14 11:00:00
7509,337,1,83.9,75.0,75.0,1,101,1.0,0.0,1,1,0,2026-02-02 14:00:00
7510,337,2,41.0,83.9,83.9,1,129,1.0,0.0,2,1,1,2026-02-04 06:00:00
7511,337,2,68.0,62.45,62.45,2,295,1.0,0.0,3,1,1,2026-02-06 06:00:00
7512,337,2,92.8,64.3,64.3,3,432,1.0,0.0,4,1,0,2026-02-07 14:00:00
7513,337,3,47.4,67.27,71.42,1,113,1.0,-4.16,5,2,1,2026-02-09 11:00:00
7514,337,4,52.5,69.4,66.62,1,130,0.0,2.78,6,2,1,2026-02-10 01:00:00
7515,337,4,30.8,64.23,64.27,2,240,0.0,-0.03,7,2,1,2026-02-10 17:00:00
7516,337,5,84.5,43.57,59.49,1,117,0.0,-15.92,8,3,0,2026-02-10 21:00:00
7517,337,6,38.1,55.93,62.61,1,147,1.0,-6.68,9,1,1,2026-02-11 11:00:00
7518,337,6,57.1,51.13,59.89,2,263,1.0,-8.76,10,1,1,2026-02-13 04:00:00
7519,337,6,92.0,59.9,59.61,3,425,1.0,0.29,11,1,0,2026-02-13 19:00:00
7520,337,7,40.3,62.4,62.55,1,138,1.0,-0.15,12,2,1,2026-02-15 05:00:00
7521,337,8,67.8,63.13,60.7,1,141,1.0,2.43,13,2,1,2026-02-16 03:00:00
7522,337,8,41.6,66.7,61.25,2,275,1.0,5.45,13,2,1,2026-02-17 21:00:00
7523,337,9,47.9,49.9,59.84,1,155,0.0,-9.94,13,3,1,2026-02-19 02:00:00
7524,337,10,82.9,52.43,59.05,1,155,1.0,-6.61,14,2,0,2026-02-19 13:00:00
7525,337,10,62.8,57.47,60.54,2,301,1.0,-3.07,14,2,1,2026-02-20 21:00:00
7526,337,11,50.7,64.53,60.67,1,151,0.5,3.86,15,1,1,2026-02-21 02:00:00
7527,337,12,65.8,65.47,60.12,1,135,0.0,5.35,16,2,1,2026-02-21 11:00:00
7528,337,13,31.3,59.77,60.42,1,150,0.0,-0.65,16,2,1,2026-02-22 18:00:00
7529,337,14,37.7,49.27,58.96,1,133,0.0,-9.69,17,3,1,2026-02-23 04:00:00
7530,337,14,41.6,44.93,57.95,2,273,0.0,-13.01,16,3,1,2026-02-24 16:00:00
7531,337,14,50.0,36.87,57.2,3,407,0.0,-20.34,15,3,1,2026-02-25 07:00:00
7532,337,15,37.4,43.1,56.89,1,130,0.0,-13.79,15,2,1,2026-02-25 13:00:00
7533,337,16,46.7,43.0,56.08,1,126,0.0,-13.08,15,3,1,2026-02-27 08:00:00
7534,337,16,99.1,44.7,55.7,2,275,0.0,-11.0,15,3,0,2026-02-28 01:00:00
7535,338,1,76.4,75.0,75.0,1,166,1.0,0.0,1,1,0,2026-01-28 10:00:00
7536,338,2,54.5,76.4,76.4,1,163,1.0,0.0,2,1,1,2026-01-29 14:00:00
7537,338,2,30.1,65.45,65.45,2,277,1.0,0.0,3,1,1,2026-01-29 22:00:00
7538,338,2,93.7,53.67,53.67,3,442,1.0,0.0,4,1,0,2026-01-31 05:00:00
7539,338,3,43.8,59.43,63.68,1,133,1.0,-4.24,5,2,1,2026-02-01 03:00:00
7540,338,3,96.4,55.87,59.7,2,285,1.0,-3.83,6,2,0,2026-02-01 23:00:00
7541,338,3,58.2,77.97,65.82,3,406,1.0,12.15,7,2,1,2026-02-02 14:00:00
7542,338,4,31.9,66.13,64.73,1,142,1.0,1.4,8,2,1,2026-02-04 12:00:00
7543,338,4,62.4,62.17,60.62,2,288,1.0,1.54,9,2,1,2026-02-05 07:00:00
7544,338,4,36.7,50.83,60.82,3,398,1.0,-9.99,10,2,1,2026-02-05 22:00:00
7545,338,5,90.4,43.67,58.41,1,152,0.0,-14.74,11,3,0,2026-02-07 18:00:00
7546,338,5,61.2,63.17,61.32,2,318,0.0,1.85,12,3,1,2026-02-08 06:00:00
7547,338,6,52.5,62.77,61.31,1,136,1.0,1.46,13,1,1,2026-02-09 17:00:00
7548,338,7,92.6,68.03,60.63,1,167,0.0,7.4,14,2,0,2026-02-11 00:00:00
7549,338,7,63.4,68.77,62.91,2,303,0.0,5.85,13,2,1,2026-02-12 18:00:00
7550,338,8,34.4,69.5,62.95,1,156,1.0,6.55,12,2,1,2026-02-14 13:00:00
7551,338,9,44.2,63.47,61.16,1,95,0.0,2.3,11,3,1,2026-02-16 09:00:00
7552,338,10,30.8,47.33,60.16,1,188,1.0,-12.83,11,2,1,2026-02-17 12:00:00
7553,338,10,99.4,36.47,58.53,2,357,1.0,-22.07,11,2,0,2026-02-19 03:00:00
7554,338,10,79.8,58.13,60.68,3,491,1.0,-2.55,10,2,0,2026-02-20 17:00:00
7555,339,1,93.2,75.0,75.0,1,50,1.0,0.0,1,1,0,2026-01-18 09:00:00
7556,339,2,80.5,93.2,93.2,1,95,1.0,0.0,2,1,0,2026-01-19 23:00:00
7557,339,3,90.9,86.85,86.85,1,61,1.0,0.0,3,2,0,2026-01-20 17:00:00
7558,339,3,74.8,88.2,88.2,2,159,1.0,0.0,4,2,0,2026-01-21 09:00:00
7559,339,4,89.4,82.07,84.85,1,98,1.0,-2.78,5,2,0,2026-01-22 14:00:00
7560,339,5,71.5,85.03,85.76,1,71,1.0,-0.73,6,3,0,2026-01-23 05:00:00
7561,339,6,84.2,78.57,83.38,1,112,1.0,-4.82,7,1,0,2026-01-24 05:00:00
7562,339,7,71.3,81.7,83.5,1,106,1.0,-1.8,8,2,0,2026-01-25 11:00:00
7563,339,7,98.7,75.67,81.98,2,215,1.0,-6.31,9,2,0,2026-01-25 21:00:00
7564,339,8,89.2,84.73,83.83,1,90,1.0,0.9,10,2,0,2026-01-26 12:00:00
7565,339,9,71.2,86.4,84.37,1,61,1.0,2.03,11,3,0,2026-01-27 21:00:00
7566,339,9,50.2,86.37,83.17,2,170,1.0,3.19,12,3,1,2026-01-28 22:00:00
7567,339,9,41.3,70.2,80.43,3,254,1.0,-10.23,13,3,1,2026-01-30 01:00:00
7568,339,10,32.8,54.23,77.42,1,62,1.0,-23.18,14,2,1,2026-01-30 10:00:00
7569,339,10,71.5,41.43,74.23,2,179,1.0,-32.8,15,2,0,2026-01-30 23:00:00
7570,339,11,86.2,48.53,74.05,1,131,1.0,-25.51,15,1,0,2026-02-01 15:00:00
7571,339,11,71.4,63.5,74.81,2,220,1.0,-11.31,15,1,0,2026-02-03 08:00:00
7572,339,11,46.9,76.37,74.61,3,353,1.0,1.76,15,1,1,2026-02-04 03:00:00
7573,339,12,38.0,68.17,73.07,1,91,1.0,-4.9,15,2,1,2026-02-05 02:00:00
7574,339,12,94.6,52.1,71.22,2,173,1.0,-19.12,15,2,0,2026-02-06 03:00:00
7575,339,12,39.0,59.83,72.39,3,250,1.0,-12.56,15,2,1,2026-02-06 19:00:00
7576,339,13,67.1,57.2,70.8,1,122,1.0,-13.6,15,2,1,2026-02-07 17:00:00
7577,339,13,70.2,66.9,70.63,2,196,1.0,-3.73,13,2,0,2026-02-09 13:00:00
7578,340,1,71.0,75.0,75.0,1,74,1.0,0.0,1,1,0,2026-01-24 00:00:00
7579,340,2,96.9,71.0,71.0,1,48,1.0,0.0,2,1,0,2026-01-24 06:00:00
7580,340,3,91.5,83.95,83.95,1,50,1.0,0.0,3,2,0,2026-01-25 21:00:00
7581,340,4,99.2,86.47,86.47,1,80,1.0,0.0,4,2,0,2026-01-26 05:00:00
7582,340,4,74.4,95.87,89.65,2,132,1.0,6.22,5,2,0,2026-01-27 11:00:00
7583,340,4,92.7,88.37,86.6,3,183,1.0,1.77,6,2,0,2026-01-28 01:00:00
7584,340,5,87.6,88.77,87.62,1,82,1.0,1.15,7,3,0,2026-01-29 10:00:00
7585,340,6,97.2,84.9,87.61,1,91,1.0,-2.71,8,1,0,2026-01-30 15:00:00
7586,340,7,90.1,92.5,88.81,1,72,1.0,3.69,9,2,0,2026-01-30 20:00:00
7587,340,8,70.6,91.63,88.96,1,46,1.0,2.68,10,2,0,2026-01-31 18:00:00
7588,340,9,79.7,85.97,87.12,1,49,1.0,-1.15,11,3,0,2026-02-01 05:00:00
7589,340,10,64.1,80.13,86.45,1,61,1.0,-6.31,12,2,1,2026-02-01 16:00:00
7590,340,11,89.2,71.47,84.58,1,66,1.0,-13.12,13,1,0,2026-02-03 03:00:00
7591,340,12,92.1,77.67,84.94,1,40,1.0,-7.27,14,2,0,2026-02-04 00:00:00
7592,340,13,83.6,81.8,85.45,1,74,1.0,-3.65,15,2,0,2026-02-04 16:00:00
7593,340,14,88.7,88.3,85.33,1,61,1.0,2.97,16,3,0,2026-02-06 05:00:00
7594,340,15,32.7,88.13,85.54,1,30,1.0,2.6,15,2,1,2026-02-08 03:00:00
7595,340,16,79.6,68.33,82.43,1,41,1.0,-14.1,14,3,0,2026-02-09 20:00:00
7596,340,17,78.1,67.0,82.27,1,49,1.0,-15.27,13,3,0,2026-02-11 12:00:00
7597,341,1,87.0,75.0,75.0,1,88,1.0,0.0,1,1,0,2026-01-04 23:00:00
7598,341,1,71.1,87.0,87.0,2,215,1.0,0.0,2,1,0,2026-01-05 07:00:00
7599,341,2,95.1,79.05,79.05,1,94,1.0,0.0,3,1,0,2026-01-06 15:00:00
7600,341,3,34.0,84.4,84.4,1,73,1.0,0.0,4,2,1,2026-01-07 04:00:00
7601,341,4,71.2,66.73,71.8,1,94,0.0,-5.07,5,2,0,2026-01-08 06:00:00
7602,341,4,79.0,66.77,71.68,2,176,0.0,-4.91,6,2,0,2026-01-09 21:00:00
7603,341,5,88.5,61.4,72.9,1,96,1.0,-11.5,7,3,0,2026-01-10 10:00:00
7604,341,5,48.4,79.57,75.13,2,197,1.0,4.44,8,3,1,2026-01-11 08:00:00
7605,341,6,90.9,71.97,71.79,1,114,1.0,0.18,9,1,0,2026-01-11 21:00:00
7606,341,7,40.0,75.93,73.91,1,89,1.0,2.02,10,2,1,2026-01-12 01:00:00
7607,341,8,69.5,59.77,70.52,1,122,1.0,-10.75,11,2,1,2026-01-13 14:00:00
7608,341,9,96.3,66.8,70.43,1,108,0.0,-3.63,12,3,0,2026-01-14 15:00:00
7609,341,9,70.7,68.6,72.58,2,183,0.0,-3.98,13,3,0,2026-01-15 14:00:00
7610,341,9,98.5,78.83,72.44,3,317,0.0,6.39,14,3,0,2026-01-17 14:00:00
7611,341,10,74.7,88.5,74.3,1,96,1.0,14.2,15,2,0,2026-01-18 15:00:00
7612,341,10,90.9,81.3,74.33,2,169,1.0,6.97,14,2,0,2026-01-20 06:00:00
7613,341,11,83.7,88.03,75.36,1,123,0.5,12.67,13,1,0,2026-01-21 05:00:00
7614,341,12,84.5,83.1,75.85,1,131,1.0,7.25,13,2,0,2026-01-22 11:00:00
7615,341,13,33.4,86.37,76.33,1,89,1.0,10.03,14,2,1,2026-01-23 09:00:00
7616,341,13,73.2,67.2,74.07,2,168,1.0,-6.87,14,2,0,2026-01-24 02:00:00
7617,341,13,78.1,63.7,74.03,3,254,1.0,-10.33,15,2,0,2026-01-24 07:00:00
7618,341,14,62.0,61.57,74.22,1,104,0.5,-12.66,13,3,1,2026-01-26 00:00:00
7619,342,1,97.7,75.0,75.0,1,115,1.0,0.0,1,1,0,2026-01-15 07:00:00
7620,342,2,79.1,97.7,97.7,1,101,1.0,0.0,2,1,0,2026-01-16 07:00:00
7621,342,3,80.1,88.4,88.4,1,92,1.0,0.0,3,2,0,2026-01-17 20:00:00
7622,342,4,84.8,85.63,85.63,1,119,1.0,0.0,4,2,0,2026-01-18 09:00:00
7623,342,5,82.2,81.33,85.42,1,83,1.0,-4.09,5,3,0,2026-01-19 12:00:00
7624,342,6,71.7,82.37,84.78,1,110,1.0,-2.41,6,1,0,2026-01-19 21:00:00
7625,342,7,83.5,79.57,82.6,1,84,1.0,-3.03,7,2,0,2026-01-20 18:00:00
7626,342,8,48.2,79.13,82.73,1,98,1.0,-3.6,8,2,1,2026-01-21 12:00:00
7627,342,8,77.6,67.8,78.41,2,185,1.0,-10.61,9,2,0,2026-01-22 06:00:00
7628,342,8,38.5,69.77,78.32,3,273,1.0,-8.56,10,2,1,2026-01-23 10:00:00
7629,342,9,91.9,54.77,74.34,1,82,1.0,-19.57,11,3,0,2026-01-24 12:00:00
7630,342,10,58.6,69.33,75.94,1,116,1.0,-6.6,12,2,1,2026-01-24 19:00:00
7631,342,11,42.0,63.0,74.49,1,75,1.0,-11.49,13,1,1,2026-01-26 02:00:00
7632,342,12,52.1,64.17,71.99,1,75,0.5,-7.83,14,2,1,2026-01-28 01:00:00
7633,342,13,67.1,50.9,70.57,1,132,0.0,-19.67,15,2,1,2026-01-29 01:00:00
7634,342,13,50.9,53.73,70.34,2,241,0.0,-16.61,15,2,1,2026-01-29 13:00:00
7635,342,13,73.4,56.7,69.12,3,283,0.0,-12.43,15,2,0,2026-01-31 03:00:00
7636,342,14,44.1,63.8,69.38,1,78,0.5,-5.58,15,3,1,2026-02-01 05:00:00
7637,342,15,85.6,56.13,67.97,1,53,0.0,-11.84,14,2,0,2026-02-02 19:00:00
7638,342,15,85.8,67.7,68.9,2,123,0.0,-1.2,14,2,0,2026-02-03 04:00:00
7639,342,15,47.5,71.83,69.74,3,153,0.0,2.09,15,2,1,2026-02-03 12:00:00
7640,342,16,73.5,72.97,68.69,1,87,0.5,4.28,14,3,0,2026-02-05 00:00:00
7641,342,16,81.7,68.93,68.9,2,154,0.5,0.03,14,3,0,2026-02-05 20:00:00
7642,343,1,77.4,75.0,75.0,1,61,1.0,0.0,1,1,0,2026-01-17 04:00:00
7643,343,2,96.6,77.4,77.4,1,30,1.0,0.0,2,1,0,2026-01-17 12:00:00
7644,343,3,75.2,87.0,87.0,1,61,1.0,0.0,3,2,0,2026-01-18 00:00:00
7645,343,4,98.5,83.07,83.07,1,51,1.0,0.0,4,2,0,2026-01-18 19:00:00
7646,343,5,38.1,90.1,86.92,1,90,1.0,3.18,5,3,1,2026-01-19 01:00:00
7647,343,6,91.4,70.6,77.16,1,88,1.0,-6.56,6,1,0,2026-01-19 08:00:00
7648,343,7,95.2,76.0,79.53,1,75,1.0,-3.53,7,2,0,2026-01-21 05:00:00
7649,343,8,96.6,74.9,81.77,1,53,1.0,-6.87,8,2,0,2026-01-23 05:00:00
7650,343,8,84.8,94.4,83.62,2,152,1.0,10.78,9,2,0,2026-01-23 13:00:00
7651,343,8,97.7,92.2,83.76,3,182,1.0,8.44,10,2,0,2026-01-25 12:00:00
7652,343,9,78.8,93.03,85.15,1,31,1.0,7.88,11,3,0,2026-01-25 22:00:00
7653,343,10,89.5,87.1,84.57,1,58,1.0,2.53,12,2,0,2026-01-26 08:00:00
7654,343,11,96.6,88.67,84.98,1,105,1.0,3.68,13,1,0,2026-01-27 14:00:00
7655,343,12,73.3,88.3,85.88,1,55,1.0,2.42,14,2,0,2026-01-28 20:00:00
7656,343,13,70.2,86.47,84.98,1,56,1.0,1.49,15,2,0,2026-01-29 18:00:00
7657,343,13,47.6,80.03,83.99,2,87,1.0,-3.96,16,2,1,2026-01-29 23:00:00
7658,343,13,85.5,63.7,81.72,3,165,1.0,-18.02,17,2,0,2026-01-31 01:00:00
7659,343,14,57.4,67.77,81.94,1,79,1.0,-14.17,15,3,1,2026-02-01 11:00:00
7660,343,15,35.0,63.5,80.58,1,75,1.0,-17.08,13,2,1,2026-02-02 18:00:00
7661,343,16,98.2,59.3,78.18,1,47,1.0,-18.88,14,3,0,2026-02-03 15:00:00
7662,343,17,95.0,63.53,79.18,1,45,1.0,-15.65,15,3,0,2026-02-04 04:00:00
7663,344,1,90.5,75.0,75.0,1,64,1.0,0.0,1,1,0,2026-01-05 11:00:00
7664,344,2,77.1,90.5,90.5,1,91,1.0,0.0,2,1,0,2026-01-06 05:00:00
7665,344,3,46.7,83.8,83.8,1,68,1.0,0.0,3,2,1,2026-01-07 04:00:00
7666,344,4,80.0,71.43,71.43,1,66,0.0,0.0,4,2,0,2026-01-07 18:00:00
7667,344,5,81.9,67.93,73.58,1,81,1.0,-5.64,5,3,0,2026-01-09 02:00:00
7668,344,6,84.3,69.53,75.24,1,80,1.0,-5.71,6,1,0,2026-01-09 13:00:00
7669,344,7,35.6,82.07,76.75,1,79,1.0,5.32,7,2,1,2026-01-11 00:00:00
7670,344,7,69.1,67.27,70.87,2,178,1.0,-3.6,8,2,1,2026-01-12 20:00:00
7671,344,7,74.5,63.0,70.65,3,269,1.0,-7.65,9,2,0,2026-01-13 19:00:00
7672,344,8,51.7,59.73,71.08,1,84,1.0,-11.34,10,2,1,2026-01-14 13:00:00
7673,344,9,35.0,65.1,69.14,1,93,0.0,-4.04,11,3,1,2026-01-14 19:00:00
7674,344,10,89.2,53.73,66.04,1,70,1.0,-12.3,12,2,0,2026-01-16 01:00:00
7675,344,11,88.2,58.63,67.97,1,92,1.0,-9.33,13,1,0,2026-01-17 00:00:00
7676,344,12,59.0,70.8,69.52,1,93,0.5,1.28,14,2,1,2026-01-17 22:00:00
7677,344,12,75.7,78.8,68.77,2,152,0.5,10.03,15,2,0,2026-01-19 02:00:00
7678,344,13,89.7,74.3,69.23,1,109,1.0,5.07,14,2,0,2026-01-20 23:00:00
7679,344,14,85.4,74.8,70.51,1,72,1.0,4.29,13,3,0,2026-01-21 22:00:00
7680,345,1,83.9,75.0,75.0,1,91,1.0,0.0,1,1,0,2026-01-07 22:00:00
7681,345,2,90.2,83.9,83.9,1,113,1.0,0.0,2,1,0,2026-01-08 09:00:00
7682,345,3,84.8,87.05,87.05,1,108,1.0,0.0,3,2,0,2026-01-10 06:00:00
7683,345,4,55.9,86.3,86.3,1,90,1.0,0.0,4,2,1,2026-01-12 05:00:00
7684,345,5,77.4,76.97,78.7,1,82,0.0,-1.73,5,3,0,2026-01-12 15:00:00
7685,345,6,79.8,72.7,78.44,1,108,1.0,-5.74,6,1,0,2026-01-13 14:00:00
7686,345,7,53.7,71.03,78.67,1,103,1.0,-7.63,7,2,1,2026-01-14 07:00:00
7687,345,8,62.7,70.3,75.1,1,77,1.0,-4.8,8,2,1,2026-01-15 13:00:00
7688,345,9,97.6,65.4,73.55,1,74,0.0,-8.15,9,3,0,2026-01-16 06:00:00
7689,345,9,53.1,71.33,76.22,2,122,0.0,-4.89,10,3,1,2026-01-17 10:00:00
7690,345,9,90.2,71.13,73.91,3,215,0.0,-2.78,11,3,0,2026-01-19 03:00:00
7691,345,10,60.1,80.3,75.39,1,88,1.0,4.91,12,2,1,2026-01-20 13:00:00
7692,345,11,90.7,67.8,74.12,1,112,0.5,-6.32,13,1,0,2026-01-20 22:00:00
7693,345,12,83.1,80.33,75.39,1,97,1.0,4.94,13,2,0,2026-01-22 06:00:00
7694,345,12,71.9,77.97,75.94,2,213,1.0,2.02,13,2,0,2026-01-22 18:00:00
7695,345,13,69.3,81.9,75.67,1,76,1.0,6.23,14,2,1,2026-01-23 05:00:00
7696,345,14,91.6,74.77,75.28,1,112,0.5,-0.51,15,3,0,2026-01-23 16:00:00
7697,345,14,78.2,77.6,76.24,2,191,0.5,1.36,16,3,0,2026-01-23 21:00:00
7698,345,14,58.6,79.7,76.34,3,296,0.5,3.36,16,3,1,2026-01-25 14:00:00
7699,345,15,72.4,76.13,75.41,1,60,1.0,0.72,16,2,0,2026-01-26 12:00:00
7700,345,15,80.7,69.73,75.26,2,154,1.0,-5.53,16,2,0,2026-01-27 11:00:00
7701,345,16,66.3,70.57,75.52,1,50,1.0,-4.95,15,3,1,2026-01-29 03:00:00
7702,345,16,92.3,73.13,75.1,2,134,1.0,-1.97,14,3,0,2026-01-30 18:00:00
7703,345,16,72.6,79.77,75.85,3,232,1.0,3.92,14,3,0,2026-01-31 15:00:00
7704,346,1,34.8,75.0,75.0,1,79,1.0,0.0,1,1,1,2026-01-23 06:00:00
7705,346,2,75.4,34.8,34.8,1,68,0.0,0.0,2,1,0,2026-01-25 02:00:00
7706,346,3,83.3,55.1,55.1,1,106,1.0,0.0,3,2,0,2026-01-26 17:00:00
7707,346,4,70.6,64.5,64.5,1,87,1.0,0.0,4,2,0,2026-01-28 16:00:00
7708,346,4,95.0,76.43,66.03,2,167,1.0,10.41,5,2,0,2026-01-30 14:00:00
7709,346,5,50.0,82.97,71.82,1,90,1.0,11.15,6,3,1,2026-01-31 17:00:00
7710,346,6,94.0,71.87,68.18,1,142,1.0,3.68,7,1,0,2026-02-01 02:00:00
7711,346,7,77.1,79.67,71.87,1,113,1.0,7.8,8,2,0,2026-02-01 17:00:00
7712,346,8,81.8,73.7,72.53,1,113,1.0,1.17,9,2,0,2026-02-03 04:00:00
7713,346,9,73.3,84.3,73.56,1,98,1.0,10.74,10,3,0,2026-02-03 21:00:00
7714,346,10,88.6,77.4,73.53,1,93,1.0,3.87,11,2,0,2026-02-05 04:00:00
7715,346,11,59.5,81.23,74.9,1,42,1.0,6.33,11,1,1,2026-02-06 15:00:00
7716,346,12,85.4,73.8,73.62,1,76,0.5,0.18,11,2,0,2026-02-08 07:00:00
7717,347,1,86.6,75.0,75.0,1,80,1.0,0.0,1,1,0,2026-01-16 07:00:00
7718,347,2,79.2,86.6,86.6,1,52,1.0,0.0,2,1,0,2026-01-17 01:00:00
7719,347,3,72.3,82.9,82.9,1,66,1.0,0.0,3,2,0,2026-01-18 22:00:00
7720,347,4,57.4,79.37,79.37,1,50,1.0,0.0,4,2,1,2026-01-20 12:00:00
7721,347,5,64.6,69.63,73.88,1,89,0.0,-4.24,5,3,1,2026-01-21 10:00:00
7722,347,5,92.1,64.77,72.02,2,195,0.0,-7.25,6,3,0,2026-01-23 00:00:00
7723,347,5,51.9,71.37,75.37,3,307,0.0,-4.0,7,3,1,2026-01-23 09:00:00
7724,347,6,95.1,69.53,72.01,1,98,1.0,-2.48,8,1,0,2026-01-23 22:00:00
7725,347,6,81.7,79.7,74.9,2,168,1.0,4.8,9,1,0,2026-01-25 02:00:00
7726,347,6,99.3,76.23,75.66,3,219,1.0,0.58,10,1,0,2026-01-25 19:00:00
7727,347,7,65.3,92.03,78.02,1,54,1.0,14.01,11,2,1,2026-01-27 17:00:00
7728,347,8,87.8,82.1,76.86,1,64,1.0,5.24,12,2,0,2026-01-28 00:00:00
7729,347,9,71.4,84.13,77.77,1,72,1.0,6.36,13,3,0,2026-01-28 17:00:00
7730,347,10,55.1,74.83,77.28,1,86,1.0,-2.45,14,2,1,2026-01-29 10:00:00
7731,347,10,88.0,71.43,75.7,2,155,1.0,-4.27,15,2,0,2026-01-29 14:00:00
7732,347,10,32.7,71.5,76.52,3,251,1.0,-5.02,16,2,1,2026-01-30 03:00:00
7733,347,11,58.5,58.6,73.78,1,85,0.5,-15.18,15,1,1,2026-01-31 13:00:00
7734,348,1,97.8,75.0,75.0,1,60,1.0,0.0,1,1,0,2026-01-26 18:00:00
7735,348,2,92.5,97.8,97.8,1,82,1.0,0.0,2,1,0,2026-01-28 00:00:00
7736,348,3,77.2,95.15,95.15,1,36,1.0,0.0,3,2,0,2026-01-29 15:00:00
7737,348,4,66.6,89.17,89.17,1,68,1.0,0.0,4,2,1,2026-01-30 07:00:00
7738,348,4,46.1,78.77,83.52,2,127,1.0,-4.76,5,2,1,2026-01-30 23:00:00
7739,348,4,72.3,63.3,76.04,3,180,1.0,-12.74,6,2,0,2026-02-01 10:00:00
7740,348,5,72.2,61.67,75.42,1,77,1.0,-13.75,7,3,0,2026-02-02 22:00:00
7741,348,6,97.9,63.53,74.96,1,77,1.0,-11.42,8,1,0,2026-02-04 15:00:00
7742,348,7,85.7,80.8,77.82,1,41,1.0,2.97,9,2,0,2026-02-05 16:00:00
7743,348,8,52.3,85.27,78.7,1,56,1.0,6.57,10,2,1,2026-02-05 22:00:00
7744,348,9,65.2,78.63,76.06,1,65,0.0,2.57,11,3,1,2026-02-06 11:00:00
7745,348,10,33.6,67.73,75.07,1,54,1.0,-7.34,12,2,1,2026-02-07 06:00:00
7746,348,11,80.2,50.37,71.62,1,71,1.0,-21.25,13,1,0,2026-02-08 03:00:00
7747,348,12,86.5,59.67,72.28,1,65,0.5,-12.61,14,2,0,2026-02-09 14:00:00
7748,348,13,72.4,66.77,73.29,1,96,1.0,-6.53,13,2,0,2026-02-11 12:00:00
7749,348,14,89.2,79.7,73.23,1,30,1.0,6.47,14,3,0,2026-02-11 21:00:00
7750,348,15,31.1,82.7,74.23,1,57,1.0,8.47,14,2,1,2026-02-12 20:00:00
7751,348,16,73.2,64.23,71.69,1,41,0.5,-7.46,13,3,0,2026-02-14 19:00:00
7752,348,17,48.7,64.5,71.78,1,72,1.0,-7.28,14,3,1,2026-02-15 03:00:00
7753,349,1,82.8,75.0,75.0,1,57,1.0,0.0,1,1,0,2026-02-03 00:00:00
7754,349,2,93.1,82.8,82.8,1,96,1.0,0.0,2,1,0,2026-02-03 05:00:00
7755,349,3,57.5,87.95,87.95,1,77,1.0,0.0,3,2,1,2026-02-03 12:00:00
7756,349,4,87.8,77.8,77.8,1,75,0.0,0.0,4,2,0,2026-02-04 01:00:00
7757,349,5,74.8,79.47,80.3,1,61,1.0,-0.83,5,3,0,2026-02-05 11:00:00
7758,349,6,71.3,73.37,79.2,1,80,1.0,-5.83,6,1,0,2026-02-06 23:00:00
7759,349,6,86.9,77.97,77.88,2,191,1.0,0.08,7,1,0,2026-02-08 02:00:00
7760,349,6,87.6,77.67,79.17,3,280,1.0,-1.5,8,1,0,2026-02-09 01:00:00
7761,349,7,71.5,81.93,80.22,1,102,1.0,1.71,9,2,0,2026-02-09 21:00:00
7762,349,8,83.2,82.0,79.26,1,123,1.0,2.74,10,2,0,2026-02-11 12:00:00
7763,349,8,92.5,80.77,79.65,2,218,1.0,1.12,11,2,0,2026-02-12 02:00:00
7764,349,9,75.3,82.4,80.82,1,78,1.0,1.58,12,3,0,2026-02-13 23:00:00
7765,349,10,94.8,83.67,80.36,1,99,1.0,3.31,13,2,0,2026-02-14 04:00:00
7766,349,11,72.5,87.53,81.47,1,79,1.0,6.06,14,1,0,2026-02-15 13:00:00
7767,349,12,99.9,80.87,80.83,1,79,1.0,0.04,15,2,0,2026-02-16 05:00:00
7768,349,12,76.7,89.07,82.1,2,138,1.0,6.97,14,2,0,2026-02-17 09:00:00
7769,349,12,73.4,83.03,81.76,3,246,1.0,1.27,13,2,0,2026-02-18 08:00:00
7770,349,13,78.6,83.33,81.27,1,82,1.0,2.06,14,2,0,2026-02-19 08:00:00
7771,349,13,76.9,76.23,81.12,2,175,1.0,-4.89,14,2,0,2026-02-20 02:00:00
7772,349,13,63.6,76.3,80.9,3,244,1.0,-4.6,15,2,1,2026-02-20 08:00:00
7773,349,14,44.0,73.03,80.04,1,98,1.0,-7.0,14,3,1,2026-02-22 06:00:00
7774,349,14,44.4,61.5,78.32,2,172,1.0,-16.82,15,3,1,2026-02-22 18:00:00
7775,349,15,87.1,50.67,76.78,1,87,1.0,-26.11,14,2,0,2026-02-24 13:00:00
7776,349,15,72.0,58.5,77.23,2,194,1.0,-18.73,15,2,0,2026-02-25 05:00:00
7777,349,16,86.5,67.83,77.01,1,105,1.0,-9.18,14,3,0,2026-02-26 06:00:00
7778,349,16,85.9,81.87,77.39,2,194,1.0,4.48,15,3,0,2026-02-26 18:00:00
7779,349,17,57.8,81.47,77.72,1,54,1.0,3.75,14,3,1,2026-02-28 17:00:00
7780,349,17,68.1,76.73,76.98,2,203,1.0,-0.24,15,3,1,2026-03-01 10:00:00
7781,349,17,75.7,70.6,76.66,3,327,1.0,-6.06,14,3,0,2026-03-02 10:00:00
7782,349,18,31.6,67.2,76.63,1,104,1.0,-9.43,15,3,1,2026-03-02 21:00:00
7783,349,19,62.0,58.47,75.13,1,74,1.0,-16.66,15,2,1,2026-03-04 05:00:00
7784,350,1,64.1,75.0,75.0,1,87,1.0,0.0,1,1,1,2026-01-13 18:00:00
7785,350,2,81.0,64.1,64.1,1,79,0.0,0.0,2,1,0,2026-01-14 10:00:00
7786,350,2,42.8,72.55,72.55,2,194,0.0,0.0,3,1,1,2026-01-15 19:00:00
7787,350,3,36.3,62.63,62.63,1,95,1.0,0.0,4,2,1,2026-01-16 10:00:00
7788,350,4,33.3,53.37,56.05,1,74,0.0,-2.68,5,2,1,2026-01-17 11:00:00
7789,350,5,59.8,37.47,51.5,1,80,0.0,-14.03,6,3,1,2026-01-19 02:00:00
7790,350,6,96.1,43.13,52.88,1,112,1.0,-9.75,7,1,0,2026-01-20 15:00:00
7791,350,7,42.4,63.07,59.06,1,122,1.0,4.01,8,2,1,2026-01-21 05:00:00
7792,350,8,77.0,66.1,56.97,1,120,1.0,9.12,9,2,0,2026-01-21 13:00:00
7793,350,8,87.7,71.83,59.2,2,225,1.0,12.63,10,2,0,2026-01-23 00:00:00
7794,350,9,64.3,69.03,62.05,1,84,1.0,6.98,11,3,1,2026-01-23 16:00:00
7795,350,9,63.3,76.33,62.25,2,114,1.0,14.08,12,3,1,2026-01-24 19:00:00
7796,350,9,64.6,71.77,62.34,3,209,1.0,9.43,13,3,1,2026-01-25 15:00:00
7797,350,10,97.1,64.07,62.52,1,89,1.0,1.55,14,2,0,2026-01-27 06:00:00
7798,350,11,77.2,75.0,64.99,1,92,0.5,10.01,14,1,0,2026-01-28 04:00:00
7799,350,12,76.8,79.63,65.8,1,91,0.5,13.83,14,2,0,2026-01-28 17:00:00
7800,350,13,89.3,83.7,66.49,1,63,1.0,17.21,15,2,0,2026-01-29 02:00:00
7801,350,14,95.6,81.1,67.83,1,101,0.5,13.27,15,3,0,2026-01-30 09:00:00
7802,350,14,67.7,87.23,69.37,2,203,0.5,17.86,15,3,1,2026-01-31 08:00:00
7803,350,14,77.8,84.2,69.28,3,306,0.5,14.92,15,3,0,2026-02-01 01:00:00
7804,350,15,76.9,80.37,69.71,1,108,1.0,10.66,15,2,0,2026-02-02 13:00:00
7805,350,16,98.4,74.13,70.05,1,102,0.5,4.08,15,3,0,2026-02-03 18:00:00
7806,350,17,93.7,84.37,71.34,1,81,1.0,13.03,16,3,0,2026-02-03 23:00:00
7807,350,17,80.5,89.67,72.31,2,169,1.0,17.35,15,3,0,2026-02-04 22:00:00
7808,350,17,85.6,90.87,72.65,3,260,1.0,18.21,16,3,0,2026-02-05 21:00:00
7809,350,18,76.3,86.6,73.17,1,92,1.0,13.43,15,3,0,2026-02-07 05:00:00
7810,350,18,60.0,80.8,73.29,2,201,1.0,7.51,15,3,1,2026-02-07 23:00:00
7811,350,18,96.3,73.97,72.8,3,303,1.0,1.17,15,3,0,2026-02-09 18:00:00
7812,351,1,75.4,75.0,75.0,1,131,1.0,0.0,1,1,0,2026-01-24 15:00:00
7813,351,2,80.6,75.4,75.4,1,134,1.0,0.0,2,1,0,2026-01-26 03:00:00
7814,351,3,50.8,78.0,78.0,1,91,1.0,0.0,3,2,1,2026-01-26 22:00:00
7815,351,3,63.4,68.93,68.93,2,121,1.0,0.0,4,2,1,2026-01-28 09:00:00
7816,351,4,98.3,64.93,67.55,1,114,0.0,-2.62,5,2,0,2026-01-28 18:00:00
7817,351,4,35.8,70.83,73.7,2,193,0.0,-2.87,6,2,1,2026-01-29 10:00:00
7818,351,5,80.5,65.83,67.38,1,73,1.0,-1.55,7,3,0,2026-01-29 20:00:00
7819,351,5,36.7,71.53,69.26,2,155,1.0,2.28,8,3,1,2026-01-30 15:00:00
7820,351,6,86.5,51.0,65.19,1,81,1.0,-14.19,9,1,0,2026-01-31 07:00:00
7821,351,6,83.6,67.9,67.56,2,183,1.0,0.34,10,1,0,2026-02-01 09:00:00
7822,351,7,89.9,68.93,69.16,1,58,1.0,-0.23,11,2,0,2026-02-01 21:00:00
7823,351,8,55.5,86.67,71.05,1,68,1.0,15.62,12,2,1,2026-02-03 00:00:00
7824,351,9,83.6,76.33,69.75,1,96,0.0,6.58,13,3,0,2026-02-03 21:00:00
7825,351,9,54.1,76.33,70.82,2,198,0.0,5.52,14,3,1,2026-02-05 14:00:00
7826,351,10,90.7,64.4,69.62,1,102,1.0,-5.22,15,2,0,2026-02-06 08:00:00
7827,351,11,75.4,76.13,71.03,1,74,1.0,5.11,16,1,0,2026-02-07 02:00:00
7828,351,12,51.2,73.4,71.3,1,70,1.0,2.1,16,2,1,2026-02-08 20:00:00
7829,351,13,72.0,72.43,70.12,1,79,0.0,2.32,16,2,0,2026-02-09 13:00:00
7830,351,13,99.9,66.2,70.22,2,173,0.0,-4.02,15,2,0,2026-02-11 13:00:00
7831,351,14,79.8,74.37,71.78,1,119,0.5,2.58,14,3,0,2026-02-12 18:00:00
7832,351,14,41.9,83.9,72.18,2,168,0.5,11.71,14,3,1,2026-02-12 23:00:00
7833,351,15,92.9,73.87,70.74,1,85,1.0,3.12,15,2,0,2026-02-13 03:00:00
7834,351,16,94.2,71.53,71.75,1,63,0.5,-0.22,14,3,0,2026-02-14 08:00:00
7835,351,16,62.3,76.33,72.73,2,119,0.5,3.61,15,3,1,2026-02-15 02:00:00
7836,351,16,41.6,83.13,72.29,3,228,0.5,10.84,15,3,1,2026-02-15 12:00:00
7837,352,1,55.6,75.0,75.0,1,150,1.0,0.0,1,1,1,2026-01-27 14:00:00
7838,352,1,76.3,55.6,55.6,2,298,1.0,0.0,2,1,0,2026-01-29 00:00:00
7839,352,1,75.6,65.95,65.95,3,456,1.0,0.0,3,1,0,2026-01-30 04:00:00
7840,352,2,62.4,69.17,69.17,1,130,1.0,0.0,4,1,1,2026-01-31 06:00:00
7841,352,2,31.0,71.43,67.47,2,261,1.0,3.96,5,1,1,2026-02-01 16:00:00
7842,352,3,67.8,56.33,60.18,1,183,0.0,-3.85,6,2,1,2026-02-02 20:00:00
7843,352,3,82.0,53.73,61.45,2,318,0.0,-7.72,7,2,0,2026-02-04 03:00:00
7844,352,4,99.6,60.27,64.39,1,154,1.0,-4.12,8,2,0,2026-02-04 21:00:00
7845,352,4,62.9,83.13,68.79,2,294,1.0,14.35,9,2,1,2026-02-05 14:00:00
7846,352,5,46.7,81.5,68.13,1,103,1.0,13.37,10,3,1,2026-02-07 10:00:00
7847,352,5,48.1,69.73,65.99,2,202,1.0,3.74,11,3,1,2026-02-07 20:00:00
7848,352,5,64.3,52.57,64.36,3,330,1.0,-11.8,12,3,1,2026-02-09 00:00:00
7849,352,6,55.4,53.03,64.36,1,161,1.0,-11.32,12,1,1,2026-02-10 23:00:00
7850,352,6,46.4,55.93,63.67,2,316,1.0,-7.74,13,1,1,2026-02-11 22:00:00
7851,352,7,56.6,55.37,62.44,1,158,0.0,-7.07,13,2,1,2026-02-12 18:00:00
7852,352,7,45.9,52.8,62.05,2,278,0.0,-9.25,13,2,1,2026-02-13 12:00:00
7853,352,7,66.2,49.63,61.04,3,450,0.0,-11.4,13,2,1,2026-02-14 18:00:00
7854,352,8,69.5,56.23,61.34,1,120,1.0,-5.11,13,2,1,2026-02-16 10:00:00
7855,352,9,47.1,60.53,61.79,1,144,0.0,-1.26,13,3,1,2026-02-17 21:00:00
7856,352,9,35.1,60.93,61.02,2,283,0.0,-0.09,13,3,1,2026-02-18 15:00:00
7857,352,9,48.1,50.57,59.72,3,419,0.0,-9.16,14,3,1,2026-02-18 20:00:00
7858,352,10,39.2,43.43,59.17,1,166,1.0,-15.74,14,2,1,2026-02-19 12:00:00
7859,352,11,94.3,40.8,58.26,1,125,0.0,-17.46,14,1,0,2026-02-21 09:00:00
7860,352,11,49.3,60.53,59.83,2,238,0.0,0.7,14,1,1,2026-02-21 13:00:00
7861,352,11,34.9,60.93,59.39,3,378,0.0,1.54,13,1,1,2026-02-23 03:00:00
7862,352,12,65.4,59.5,58.41,1,132,0.5,1.09,14,2,1,2026-02-24 10:00:00
7863,352,13,37.2,49.87,58.68,1,207,0.0,-8.81,14,2,1,2026-02-25 00:00:00
7864,352,14,91.0,45.83,57.89,1,153,0.0,-12.05,14,3,0,2026-02-26 00:00:00
7865,352,14,63.9,64.53,59.07,2,284,0.0,5.47,14,3,1,2026-02-27 06:00:00
7866,352,15,52.8,64.03,59.23,1,118,1.0,4.8,14,2,1,2026-02-27 22:00:00
7867,352,15,58.4,69.23,59.02,2,220,1.0,10.21,15,2,1,2026-02-28 03:00:00
7868,352,15,60.6,58.37,59.0,3,339,1.0,-0.63,16,2,1,2026-02-28 11:00:00
7869,352,16,42.6,57.27,59.05,1,142,0.0,-1.78,16,3,1,2026-03-01 19:00:00
7870,352,17,67.0,53.87,58.55,1,168,0.0,-4.68,17,3,1,2026-03-02 00:00:00
7871,352,17,35.3,56.73,58.8,2,330,0.0,-2.07,18,3,1,2026-03-02 07:00:00
7872,353,1,66.0,75.0,75.0,1,144,1.0,0.0,1,1,1,2026-01-22 18:00:00
7873,353,1,46.4,66.0,66.0,2,277,1.0,0.0,2,1,1,2026-01-23 02:00:00
7874,353,2,72.4,56.2,56.2,1,145,0.0,0.0,3,1,0,2026-01-23 08:00:00
7875,353,3,70.4,61.6,61.6,1,129,1.0,0.0,4,2,0,2026-01-23 15:00:00
7876,353,4,75.0,63.07,63.8,1,174,1.0,-0.73,5,2,0,2026-01-24 03:00:00
7877,353,5,68.8,72.6,66.04,1,136,1.0,6.56,6,3,1,2026-01-24 17:00:00
7878,353,6,77.7,71.4,66.5,1,138,1.0,4.9,7,1,0,2026-01-24 22:00:00
7879,353,7,43.9,73.83,68.1,1,95,1.0,5.73,8,2,1,2026-01-26 03:00:00
7880,353,7,42.7,63.47,65.08,2,231,1.0,-1.61,9,2,1,2026-01-27 11:00:00
7881,353,7,67.5,54.77,62.59,3,387,1.0,-7.82,10,2,1,2026-01-28 10:00:00
7882,353,8,36.1,51.37,63.08,1,118,1.0,-11.71,11,2,1,2026-01-30 09:00:00
7883,353,8,75.9,48.77,60.63,2,242,1.0,-11.86,12,2,0,2026-01-30 19:00:00
7884,353,9,41.6,59.83,61.9,1,155,1.0,-2.07,13,3,1,2026-02-01 08:00:00
7885,353,9,59.6,51.2,60.34,2,265,1.0,-9.14,14,3,1,2026-02-03 02:00:00
7886,353,10,71.8,59.03,60.29,1,161,1.0,-1.25,15,2,0,2026-02-03 22:00:00
7887,353,11,32.2,57.67,61.05,1,129,0.5,-3.39,16,1,1,2026-02-05 12:00:00
7888,353,12,35.7,54.53,59.25,1,132,0.0,-4.72,15,2,1,2026-02-06 04:00:00
7889,353,13,43.3,46.57,57.86,1,117,0.0,-11.3,12,2,1,2026-02-07 18:00:00
7890,353,13,59.1,37.07,57.06,2,264,0.0,-19.99,11,2,1,2026-02-09 13:00:00
7891,353,13,32.1,46.03,57.16,3,453,0.0,-11.13,11,2,1,2026-02-10 21:00:00
7892,353,14,70.9,44.83,55.91,1,155,0.0,-11.08,11,3,0,2026-02-12 09:00:00
7893,353,15,57.4,54.03,56.62,1,122,0.0,-2.59,10,2,1,2026-02-14 09:00:00
7894,353,15,70.2,53.47,56.66,2,284,0.0,-3.19,10,2,0,2026-02-15 08:00:00
7895,353,15,31.3,66.17,57.25,3,417,0.0,8.92,11,2,1,2026-02-15 21:00:00
7896,353,16,40.4,52.97,56.17,1,167,0.0,-3.2,12,3,1,2026-02-16 13:00:00
7897,353,16,64.3,47.3,55.54,2,323,0.0,-8.24,11,3,1,2026-02-18 08:00:00
7898,353,16,45.8,45.33,55.87,3,404,0.0,-10.54,11,3,1,2026-02-19 16:00:00
7899,353,17,43.3,50.17,55.5,1,119,0.0,-5.33,11,3,1,2026-02-21 12:00:00
7900,353,18,34.6,51.13,55.06,1,158,0.0,-3.93,11,3,1,2026-02-22 09:00:00
7901,353,19,69.5,41.23,54.36,1,143,0.5,-13.13,11,2,1,2026-02-24 09:00:00
7902,353,19,58.4,49.13,54.86,2,262,0.5,-5.73,11,2,1,2026-02-25 03:00:00
7903,354,1,83.5,75.0,75.0,1,47,1.0,0.0,1,1,0,2026-01-26 21:00:00
7904,354,2,77.9,83.5,83.5,1,30,1.0,0.0,2,1,0,2026-01-28 08:00:00
7905,354,3,63.3,80.7,80.7,1,58,1.0,0.0,3,2,1,2026-01-28 18:00:00
7906,354,3,71.3,74.9,74.9,2,162,1.0,0.0,4,2,0,2026-01-30 13:00:00
7907,354,3,83.9,70.83,74.0,3,238,1.0,-3.17,5,2,0,2026-01-31 07:00:00
7908,354,4,70.5,72.83,75.98,1,103,1.0,-3.15,6,2,0,2026-02-01 19:00:00
7909,354,5,43.4,75.23,75.07,1,77,1.0,0.17,7,3,1,2026-02-02 11:00:00
7910,354,6,80.1,65.93,70.54,1,80,1.0,-4.61,8,1,0,2026-02-03 00:00:00
7911,354,7,31.6,64.67,71.74,1,99,1.0,-7.07,9,2,1,2026-02-04 04:00:00
7912,354,8,83.2,51.7,67.28,1,67,1.0,-15.58,10,2,0,2026-02-05 02:00:00
7913,354,8,59.8,64.97,68.87,2,123,1.0,-3.9,11,2,1,2026-02-06 07:00:00
7914,354,8,43.9,58.2,68.05,3,203,1.0,-9.85,12,2,1,2026-02-08 01:00:00
7915,354,9,73.3,62.3,66.03,1,89,1.0,-3.73,13,3,0,2026-02-08 10:00:00
7916,354,10,73.1,59.0,66.59,1,50,1.0,-7.59,13,2,0,2026-02-10 05:00:00
7917,354,11,90.5,63.43,67.06,1,45,0.5,-3.62,14,1,0,2026-02-10 18:00:00
7918,354,11,76.4,78.97,68.62,2,107,0.5,10.35,14,1,0,2026-02-11 15:00:00
7919,354,11,88.6,80.0,69.11,3,183,0.5,10.89,14,1,0,2026-02-12 06:00:00
7920,354,12,77.8,85.17,70.25,1,75,1.0,14.91,14,2,0,2026-02-13 18:00:00
7921,354,13,45.4,80.93,70.67,1,31,1.0,10.26,14,2,1,2026-02-15 18:00:00
7922,354,13,49.0,70.6,69.34,2,129,1.0,1.26,12,2,1,2026-02-17 11:00:00
7923,354,13,64.6,57.4,68.32,3,176,1.0,-10.92,11,2,1,2026-02-19 07:00:00
7924,354,14,67.1,53.0,68.15,1,54,0.5,-15.15,11,3,1,2026-02-20 11:00:00
7925,354,15,87.0,60.23,68.1,1,41,1.0,-7.87,12,2,0,2026-02-20 23:00:00
7926,354,16,71.5,72.9,68.92,1,113,1.0,3.98,12,3,0,2026-02-22 08:00:00
7927,354,16,99.1,75.2,69.03,2,177,1.0,6.17,12,3,0,2026-02-23 02:00:00
7928,355,1,84.8,75.0,75.0,1,42,1.0,0.0,1,1,0,2026-01-13 02:00:00
7929,355,2,57.8,84.8,84.8,1,77,1.0,0.0,2,1,1,2026-01-13 15:00:00
7930,355,3,80.7,71.3,71.3,1,75,0.0,0.0,3,2,0,2026-01-14 10:00:00
7931,355,4,84.6,74.43,74.43,1,56,1.0,0.0,4,2,0,2026-01-14 19:00:00
7932,355,5,78.1,74.37,76.97,1,76,1.0,-2.61,5,3,0,2026-01-15 19:00:00
7933,355,6,90.9,81.13,77.2,1,43,1.0,3.93,6,1,0,2026-01-16 18:00:00
7934,355,7,77.4,84.53,79.48,1,50,1.0,5.05,7,2,0,2026-01-16 22:00:00
7935,355,8,88.6,82.13,79.19,1,30,1.0,2.95,8,2,0,2026-01-17 16:00:00
7936,355,9,75.7,85.63,80.36,1,33,1.0,5.27,9,3,0,2026-01-18 21:00:00
7937,355,10,30.4,80.57,79.84,1,96,1.0,0.72,10,2,1,2026-01-20 20:00:00
7938,355,11,69.6,64.9,74.9,1,92,0.5,-10.0,11,1,1,2026-01-22 03:00:00
7939,355,12,33.4,58.57,74.42,1,61,0.5,-15.85,12,2,1,2026-01-23 06:00:00
7940,355,13,82.7,44.47,71.0,1,93,0.0,-26.53,13,2,0,2026-01-24 13:00:00
7941,355,14,62.6,61.9,71.9,1,56,0.5,-10.0,14,3,1,2026-01-26 08:00:00
7942,355,15,72.8,59.57,71.24,1,55,0.0,-11.67,14,2,0,2026-01-27 06:00:00
7943,355,16,85.8,72.7,71.34,1,61,0.5,1.36,12,3,0,2026-01-29 00:00:00
7944,355,16,97.8,73.73,72.24,2,118,0.5,1.49,12,3,0,2026-01-29 23:00:00
7945,355,16,49.0,85.47,73.75,3,173,0.5,11.72,10,3,1,2026-01-31 19:00:00
7946,355,17,99.1,77.53,72.37,1,82,1.0,5.16,11,3,0,2026-02-01 13:00:00
7947,356,1,93.2,75.0,75.0,1,93,1.0,0.0,1,1,0,2026-01-07 15:00:00
7948,356,1,47.2,93.2,93.2,2,197,1.0,0.0,2,1,1,2026-01-08 21:00:00
7949,356,1,94.6,70.2,70.2,3,307,1.0,0.0,3,1,0,2026-01-10 19:00:00
7950,356,2,74.9,78.33,78.33,1,97,1.0,0.0,4,1,0,2026-01-12 12:00:00
7951,356,3,90.6,72.23,77.47,1,70,1.0,-5.24,5,2,0,2026-01-12 20:00:00
7952,356,3,87.7,86.7,80.1,2,132,1.0,6.6,6,2,0,2026-01-13 01:00:00
7953,356,4,46.2,84.4,81.37,1,92,1.0,3.03,7,2,1,2026-01-14 04:00:00
7954,356,5,78.3,74.83,76.34,1,86,0.0,-1.51,8,3,0,2026-01-15 21:00:00
7955,356,5,80.2,70.73,76.59,2,177,0.0,-5.85,9,3,0,2026-01-16 05:00:00
7956,356,6,84.3,68.23,76.99,1,89,1.0,-8.76,10,1,0,2026-01-17 23:00:00
7957,356,7,90.8,80.93,77.72,1,141,1.0,3.21,11,2,0,2026-01-18 09:00:00
7958,356,8,77.4,85.1,78.91,1,63,1.0,6.19,12,2,0,2026-01-19 05:00:00
7959,356,9,97.5,84.17,78.78,1,50,1.0,5.38,13,3,0,2026-01-21 05:00:00
7960,356,9,49.2,88.57,80.22,2,146,1.0,8.34,13,3,1,2026-01-21 22:00:00
7961,356,10,49.7,74.7,78.01,1,82,1.0,-3.31,13,2,1,2026-01-23 16:00:00
7962,356,11,93.5,65.47,76.12,1,96,1.0,-10.65,13,1,0,2026-01-25 02:00:00
7963,356,12,50.1,64.13,77.21,1,101,1.0,-13.07,14,2,1,2026-01-25 14:00:00
7964,356,13,87.0,64.43,75.61,1,115,0.0,-11.18,13,2,0,2026-01-26 23:00:00
7965,356,13,95.6,76.87,76.24,2,174,0.0,0.62,12,2,0,2026-01-28 16:00:00
7966,356,13,98.9,77.57,77.26,3,252,0.0,0.3,12,2,0,2026-01-30 01:00:00
7967,356,14,93.7,93.83,78.34,1,98,0.5,15.49,12,3,0,2026-01-30 17:00:00
7968,356,14,81.4,96.07,79.08,2,203,0.5,16.99,12,3,0,2026-02-01 06:00:00
7969,356,15,88.9,91.33,79.18,1,133,1.0,12.15,11,2,0,2026-02-02 11:00:00
7970,356,16,93.7,88.0,79.6,1,109,0.5,8.4,12,3,0,2026-02-03 07:00:00
7971,356,17,84.5,88.0,80.19,1,88,1.0,7.81,12,3,0,2026-02-04 06:00:00
7972,356,18,36.0,89.03,80.36,1,72,1.0,8.67,13,3,1,2026-02-04 11:00:00
7973,357,1,72.2,75.0,75.0,1,48,1.0,0.0,1,1,0,2026-01-26 19:00:00
7974,357,2,81.0,72.2,72.2,1,48,1.0,0.0,2,1,0,2026-01-27 17:00:00
7975,357,2,86.3,76.6,76.6,2,121,1.0,0.0,3,1,0,2026-01-27 22:00:00
7976,357,3,35.5,79.83,79.83,1,65,1.0,0.0,4,2,1,2026-01-29 16:00:00
7977,357,4,55.6,67.6,68.75,1,33,0.0,-1.15,5,2,1,2026-01-29 21:00:00
7978,357,4,87.4,59.13,66.12,2,84,0.0,-6.99,6,2,0,2026-01-31 12:00:00
7979,357,4,89.2,59.5,69.67,3,161,0.0,-10.17,7,2,0,2026-02-01 08:00:00
7980,357,5,98.4,77.4,72.46,1,67,1.0,4.94,8,3,0,2026-02-02 03:00:00
7981,357,6,89.9,91.67,75.7,1,71,1.0,15.97,9,1,0,2026-02-03 07:00:00
7982,357,7,33.7,92.5,77.28,1,67,1.0,15.22,10,2,1,2026-02-04 20:00:00
7983,357,8,53.5,74.0,72.92,1,92,1.0,1.08,11,2,1,2026-02-06 03:00:00
7984,357,9,68.6,59.03,71.15,1,64,0.0,-12.12,12,3,1,2026-02-07 18:00:00
7985,357,9,76.7,51.93,70.94,2,116,0.0,-19.01,13,3,0,2026-02-08 13:00:00
7986,357,9,42.2,66.27,71.38,3,157,0.0,-5.12,13,3,1,2026-02-10 09:00:00
7987,357,10,89.3,62.5,69.3,1,64,1.0,-6.8,14,2,0,2026-02-10 16:00:00
7988,357,11,83.0,69.4,70.63,1,30,0.5,-1.23,13,1,0,2026-02-11 17:00:00
7989,357,12,82.3,71.5,71.41,1,56,1.0,0.09,12,2,0,2026-02-13 14:00:00
7990,357,13,82.8,84.87,72.05,1,55,1.0,12.82,12,2,0,2026-02-15 02:00:00
7991,357,14,72.9,82.7,72.64,1,32,0.5,10.06,11,3,0,2026-02-16 21:00:00
7992,357,15,88.0,79.33,72.66,1,41,1.0,6.68,12,2,0,2026-02-17 02:00:00
7993,357,15,94.7,81.23,73.42,2,117,1.0,7.81,12,2,0,2026-02-17 18:00:00
7994,357,15,95.2,85.2,74.44,3,181,1.0,10.76,12,2,0,2026-02-19 11:00:00
7995,357,16,90.8,92.63,75.38,1,62,1.0,17.25,12,3,0,2026-02-21 02:00:00
7996,357,16,78.9,93.57,76.05,2,128,1.0,17.51,11,3,0,2026-02-22 17:00:00
7997,358,1,94.8,75.0,75.0,1,91,1.0,0.0,1,1,0,2026-01-25 13:00:00
7998,358,2,95.9,94.8,94.8,1,114,1.0,0.0,2,1,0,2026-01-26 22:00:00
7999,358,3,72.4,95.35,95.35,1,92,1.0,0.0,3,2,0,2026-01-28 19:00:00
8000,358,3,99.7,87.7,87.7,2,152,1.0,0.0,4,2,0,2026-01-30 16:00:00
8001,358,4,72.7,89.33,90.7,1,122,1.0,-1.37,5,2,0,2026-01-31 09:00:00
8002,358,4,99.2,81.6,87.1,2,219,1.0,-5.5,6,2,0,2026-02-02 03:00:00
8003,358,5,46.3,90.53,89.12,1,78,1.0,1.42,7,3,1,2026-02-03 06:00:00
8004,358,5,49.2,72.73,83.0,2,142,1.0,-10.27,8,3,1,2026-02-03 15:00:00
8005,358,6,89.2,64.9,78.78,1,97,1.0,-13.88,9,1,0,2026-02-05 11:00:00
8006,358,7,41.3,61.57,79.93,1,87,1.0,-18.37,10,2,1,2026-02-06 04:00:00
8007,358,8,62.5,59.9,76.07,1,121,1.0,-16.17,11,2,1,2026-02-06 14:00:00
8008,358,9,48.2,64.33,74.84,1,83,0.0,-10.5,12,3,1,2026-02-07 04:00:00
8009,358,9,37.1,50.67,72.62,2,156,0.0,-21.95,13,3,1,2026-02-07 19:00:00
8010,358,10,87.4,49.27,69.88,1,107,1.0,-20.62,13,2,0,2026-02-08 18:00:00
8011,358,11,82.7,57.57,71.14,1,108,0.5,-13.57,13,1,0,2026-02-10 13:00:00
8012,358,12,30.6,69.07,71.91,1,93,0.5,-2.84,13,2,1,2026-02-11 22:00:00
8013,358,12,40.2,66.9,69.32,2,196,0.5,-2.42,14,2,1,2026-02-13 15:00:00
8014,358,12,70.8,51.17,67.61,3,285,0.5,-16.45,13,2,0,2026-02-14 19:00:00
8015,358,13,75.0,47.2,67.79,1,94,1.0,-20.59,14,2,0,2026-02-16 00:00:00
8016,358,13,81.2,62.0,68.17,2,207,1.0,-6.17,14,2,0,2026-02-16 06:00:00
8017,358,13,43.4,75.67,68.82,3,309,1.0,6.85,13,2,1,2026-02-17 20:00:00
8018,358,14,67.0,66.53,67.61,1,86,0.5,-1.08,14,3,1,2026-02-18 01:00:00
8019,358,15,71.7,63.87,67.58,1,117,1.0,-3.72,15,2,0,2026-02-18 22:00:00
8020,358,15,30.1,60.7,67.76,2,159,1.0,-7.06,15,2,1,2026-02-19 20:00:00
8021,358,16,99.8,56.27,66.19,1,131,0.5,-9.93,14,3,0,2026-02-21 03:00:00
8022,358,17,54.4,67.2,67.54,1,55,1.0,-0.34,14,3,1,2026-02-21 14:00:00
8023,358,17,74.4,61.43,67.03,2,132,1.0,-5.6,13,3,0,2026-02-22 21:00:00
8024,358,17,76.8,76.2,67.3,3,221,1.0,8.9,13,3,0,2026-02-24 21:00:00
8025,358,18,33.8,68.53,67.64,1,87,1.0,0.89,13,3,1,2026-02-26 20:00:00
8026,358,19,58.0,61.67,66.48,1,110,1.0,-4.81,13,2,1,2026-02-28 03:00:00
8027,358,20,77.1,56.2,66.19,1,68,0.5,-9.99,14,3,0,2026-02-28 08:00:00
8028,358,20,63.1,56.3,66.55,2,163,0.5,-10.25,13,3,1,2026-03-02 00:00:00
8029,358,20,78.8,66.07,66.44,3,241,0.5,-0.37,13,3,0,2026-03-03 15:00:00
8030,359,1,83.3,75.0,75.0,1,115,1.0,0.0,1,1,0,2026-01-04 13:00:00
8031,359,1,66.9,83.3,83.3,2,223,1.0,0.0,2,1,1,2026-01-06 13:00:00
8032,359,1,48.6,75.1,75.1,3,334,1.0,0.0,3,1,1,2026-01-07 00:00:00
8033,359,2,72.6,66.27,66.27,1,99,1.0,0.0,4,1,0,2026-01-08 18:00:00
8034,359,3,68.0,62.7,67.85,1,99,1.0,-5.15,5,2,1,2026-01-09 05:00:00
8035,359,4,95.5,63.07,67.88,1,115,0.0,-4.81,6,2,0,2026-01-09 15:00:00
8036,359,5,90.8,78.7,72.48,1,128,1.0,6.22,7,3,0,2026-01-11 14:00:00
8037,359,5,63.7,84.77,75.1,2,226,1.0,9.67,8,3,1,2026-01-12 01:00:00
8038,359,6,81.8,83.33,73.68,1,92,1.0,9.66,9,1,0,2026-01-13 21:00:00
8039,359,7,93.4,78.77,74.58,1,122,1.0,4.19,10,2,0,2026-01-14 01:00:00
8040,359,8,76.8,79.63,76.46,1,109,1.0,3.17,11,2,0,2026-01-15 03:00:00
8041,359,9,74.7,84.0,76.49,1,126,1.0,7.51,12,3,0,2026-01-15 18:00:00
8042,359,10,72.9,81.63,76.34,1,91,1.0,5.29,13,2,0,2026-01-16 17:00:00
8043,359,10,37.5,74.8,76.08,2,165,1.0,-1.28,14,2,1,2026-01-18 11:00:00
8044,359,10,40.8,61.7,73.32,3,264,1.0,-11.62,14,2,1,2026-01-19 02:00:00
8045,359,11,52.9,50.4,71.15,1,94,1.0,-20.75,15,1,1,2026-01-19 11:00:00
8046,359,12,62.7,43.73,70.01,1,108,0.5,-26.28,14,2,1,2026-01-21 11:00:00
8047,359,12,52.4,52.13,69.58,2,205,0.5,-17.45,15,2,1,2026-01-22 03:00:00
8048,359,13,61.7,56.0,68.63,1,124,0.0,-12.63,15,2,1,2026-01-22 18:00:00
8049,359,14,32.2,58.93,68.26,1,104,0.5,-9.33,16,3,1,2026-01-23 02:00:00
8050,359,14,98.7,48.77,66.46,2,217,0.5,-17.69,15,3,0,2026-01-24 08:00:00
8051,359,15,85.5,64.2,68.0,1,113,0.0,-3.8,16,2,0,2026-01-25 09:00:00
8052,359,16,57.6,72.13,68.79,1,113,0.5,3.34,16,3,1,2026-01-25 16:00:00
8053,359,17,42.6,80.6,68.3,1,109,0.0,12.3,16,3,1,2026-01-26 19:00:00
8054,359,17,49.1,61.9,67.23,2,229,0.0,-5.33,17,3,1,2026-01-27 10:00:00
8055,359,17,58.3,49.77,66.51,3,323,0.0,-16.74,18,3,1,2026-01-27 14:00:00
8056,359,18,39.1,50.0,66.19,1,137,0.0,-16.19,18,3,1,2026-01-27 23:00:00
8057,359,19,97.3,48.83,65.19,1,105,0.5,-16.36,17,2,0,2026-01-29 10:00:00
8058,359,20,46.7,64.9,66.34,1,83,0.5,-1.44,18,3,1,2026-01-29 16:00:00
8059,360,1,91.3,75.0,75.0,1,93,1.0,0.0,1,1,0,2026-01-28 17:00:00
8060,360,2,57.0,91.3,91.3,1,72,1.0,0.0,2,1,1,2026-01-29 12:00:00
8061,360,2,84.5,74.15,74.15,2,175,1.0,0.0,3,1,0,2026-01-30 02:00:00
8062,360,3,94.5,77.6,77.6,1,134,1.0,0.0,4,2,0,2026-01-31 16:00:00
8063,360,4,90.1,78.67,81.82,1,74,1.0,-3.16,5,2,0,2026-02-01 10:00:00
8064,360,5,59.5,89.7,83.48,1,96,1.0,6.22,6,3,1,2026-02-02 20:00:00
8065,360,6,83.9,81.37,79.48,1,54,1.0,1.88,7,1,0,2026-02-03 02:00:00
8066,360,6,60.7,77.83,80.11,2,153,1.0,-2.28,8,1,1,2026-02-03 21:00:00
8067,360,6,79.3,68.03,77.69,3,225,1.0,-9.65,9,1,0,2026-02-05 10:00:00
8068,360,7,86.1,74.63,77.87,1,77,1.0,-3.23,10,2,0,2026-02-07 07:00:00
8069,360,8,56.8,75.37,78.69,1,67,1.0,-3.32,11,2,1,2026-02-08 04:00:00
8070,360,9,61.6,74.07,76.7,1,104,0.0,-2.63,12,3,1,2026-02-09 16:00:00
8071,360,9,55.3,68.17,75.44,2,214,0.0,-7.28,13,3,1,2026-02-11 05:00:00
8072,360,9,56.5,57.9,73.89,3,304,0.0,-15.99,14,3,1,2026-02-11 09:00:00
8073,360,10,90.2,57.8,72.65,1,72,1.0,-14.85,12,2,0,2026-02-13 03:00:00
8074,360,10,62.9,67.33,73.82,2,193,1.0,-6.49,13,2,1,2026-02-14 11:00:00
8075,360,10,43.2,69.87,73.14,3,267,1.0,-3.27,12,2,1,2026-02-15 22:00:00
8076,360,11,73.9,65.43,71.38,1,46,1.0,-5.94,13,1,0,2026-02-16 16:00:00
8077,360,12,61.6,60.0,71.52,1,99,0.5,-11.52,11,2,1,2026-02-18 14:00:00
8078,360,13,41.4,59.57,70.99,1,67,0.0,-11.43,11,2,1,2026-02-19 10:00:00
8079,360,13,72.7,58.97,69.52,2,176,0.0,-10.55,12,2,0,2026-02-20 16:00:00
8080,361,1,70.6,75.0,75.0,1,82,1.0,0.0,1,1,0,2026-01-19 11:00:00
8081,361,2,64.8,70.6,70.6,1,102,1.0,0.0,2,1,1,2026-01-20 09:00:00
8082,361,3,84.4,67.7,67.7,1,118,0.0,0.0,3,2,0,2026-01-22 04:00:00
8083,361,4,66.8,73.27,73.27,1,65,1.0,0.0,4,2,1,2026-01-23 10:00:00
8084,361,5,49.5,72.0,71.65,1,78,0.0,0.35,5,3,1,2026-01-24 08:00:00
8085,361,5,75.8,66.9,67.22,2,166,0.0,-0.32,6,3,0,2026-01-25 21:00:00
8086,361,5,43.1,64.03,68.65,3,286,0.0,-4.62,7,3,1,2026-01-26 18:00:00
8087,361,6,81.2,56.13,65.0,1,76,1.0,-8.87,8,1,0,2026-01-28 00:00:00
8088,361,7,73.7,66.7,67.03,1,78,1.0,-0.33,9,2,0,2026-01-28 18:00:00
8089,361,8,48.9,66.0,67.77,1,99,1.0,-1.77,10,2,1,2026-01-30 05:00:00
8090,361,9,57.1,67.93,65.88,1,78,0.0,2.05,11,3,1,2026-01-31 17:00:00
8091,361,10,97.9,59.9,65.08,1,93,1.0,-5.18,12,2,0,2026-02-01 17:00:00
8092,361,10,36.5,67.97,67.82,2,151,1.0,0.15,11,2,1,2026-02-03 11:00:00
8093,361,11,92.2,63.83,65.41,1,134,0.5,-1.57,11,1,0,2026-02-05 05:00:00
8094,361,12,79.0,75.53,67.32,1,63,0.5,8.21,11,2,0,2026-02-06 23:00:00
8095,361,13,88.8,69.23,68.1,1,83,1.0,1.13,11,2,0,2026-02-07 17:00:00
8096,361,14,52.7,86.67,69.39,1,89,1.0,17.27,12,3,1,2026-02-08 04:00:00
8097,361,15,68.6,73.5,68.41,1,128,1.0,5.09,13,2,1,2026-02-08 09:00:00
8098,361,16,56.6,70.03,68.42,1,63,0.5,1.61,13,3,1,2026-02-09 01:00:00
8099,362,1,39.7,75.0,75.0,1,129,1.0,0.0,1,1,1,2026-01-31 10:00:00
8100,362,2,31.3,39.7,39.7,1,105,0.0,0.0,2,1,1,2026-02-01 11:00:00
8101,362,2,89.3,35.5,35.5,2,203,0.0,0.0,3,1,0,2026-02-02 10:00:00
8102,362,2,73.6,53.43,53.43,3,273,0.0,0.0,4,1,0,2026-02-02 16:00:00
8103,362,3,75.0,64.73,58.48,1,101,1.0,6.26,5,2,0,2026-02-03 20:00:00
8104,362,4,94.8,79.3,61.78,1,75,1.0,17.52,6,2,0,2026-02-04 14:00:00
8105,362,5,87.2,81.13,67.28,1,115,1.0,13.85,7,3,0,2026-02-04 23:00:00
8106,362,5,86.0,85.67,70.13,2,185,1.0,15.54,8,3,0,2026-02-06 14:00:00
8107,362,5,70.6,89.33,72.11,3,272,1.0,17.22,9,3,0,2026-02-08 14:00:00
8108,362,6,54.9,81.27,71.94,1,78,1.0,9.32,10,1,1,2026-02-09 23:00:00
8109,362,7,77.7,70.5,70.24,1,70,0.0,0.26,11,2,0,2026-02-10 16:00:00
8110,362,8,93.7,67.73,70.92,1,104,1.0,-3.18,12,2,0,2026-02-11 13:00:00
8111,362,9,68.5,75.43,72.82,1,100,1.0,2.62,13,3,1,2026-02-12 18:00:00
8112,362,9,31.7,79.97,72.48,2,214,1.0,7.48,14,3,1,2026-02-13 12:00:00
8113,362,10,36.0,64.63,69.57,1,54,1.0,-4.94,14,2,1,2026-02-14 17:00:00
8114,362,11,88.9,45.4,67.33,1,111,1.0,-21.93,13,1,0,2026-02-16 13:00:00
8115,362,12,35.4,52.2,68.68,1,140,0.5,-16.48,13,2,1,2026-02-17 01:00:00
8116,362,13,80.4,53.43,66.72,1,80,0.0,-13.29,14,2,0,2026-02-17 11:00:00
8117,362,13,55.2,68.23,67.48,2,207,0.0,0.75,15,2,1,2026-02-17 17:00:00
8118,362,14,33.2,57.0,66.84,1,84,0.5,-9.84,13,3,1,2026-02-19 02:00:00
8119,362,15,75.0,56.27,65.16,1,62,1.0,-8.89,14,2,0,2026-02-19 22:00:00
8120,362,16,42.2,54.47,65.62,1,83,0.0,-11.16,15,3,1,2026-02-20 05:00:00
8121,363,1,76.8,75.0,75.0,1,110,1.0,0.0,1,1,0,2026-01-09 04:00:00
8122,363,2,97.6,76.8,76.8,1,73,1.0,0.0,2,1,0,2026-01-10 07:00:00
8123,363,3,86.6,87.2,87.2,1,77,1.0,0.0,3,2,0,2026-01-11 08:00:00
8124,363,3,95.8,87.0,87.0,2,178,1.0,0.0,4,2,0,2026-01-13 06:00:00
8125,363,4,78.8,93.33,89.2,1,90,1.0,4.13,5,2,0,2026-01-13 14:00:00
8126,363,5,78.8,87.07,87.12,1,101,1.0,-0.05,6,3,0,2026-01-15 09:00:00
8127,363,6,72.9,84.47,85.73,1,94,1.0,-1.27,7,1,0,2026-01-16 06:00:00
8128,363,7,75.2,76.83,83.9,1,99,1.0,-7.07,8,2,0,2026-01-17 05:00:00
8129,363,8,83.7,75.63,82.81,1,81,1.0,-7.18,9,2,0,2026-01-19 02:00:00
8130,363,8,91.5,77.27,82.91,2,175,1.0,-5.64,10,2,0,2026-01-20 00:00:00
8131,363,8,48.2,83.47,83.77,3,246,1.0,-0.3,11,2,1,2026-01-20 06:00:00
8132,363,9,48.6,74.47,80.54,1,115,1.0,-6.07,12,3,1,2026-01-20 14:00:00
8133,363,10,64.7,62.77,77.88,1,77,1.0,-15.11,13,2,1,2026-01-21 07:00:00
8134,363,11,88.6,53.83,76.86,1,112,1.0,-23.03,14,1,0,2026-01-22 07:00:00
8135,363,11,78.7,67.3,77.7,2,197,1.0,-10.4,14,1,0,2026-01-23 04:00:00
8136,364,1,50.5,75.0,75.0,1,94,1.0,0.0,1,1,1,2026-01-19 04:00:00
8137,364,2,74.6,50.5,50.5,1,80,0.0,0.0,2,1,0,2026-01-20 03:00:00
8138,364,3,84.9,62.55,62.55,1,69,1.0,0.0,3,2,0,2026-01-20 19:00:00
8139,364,4,51.1,70.0,70.0,1,55,1.0,0.0,4,2,1,2026-01-21 21:00:00
8140,364,5,88.8,70.2,65.28,1,68,0.0,4.92,5,3,0,2026-01-22 18:00:00
8141,364,5,84.5,74.93,69.98,2,151,0.0,4.95,6,3,0,2026-01-23 22:00:00
8142,364,6,95.8,74.8,72.4,1,94,1.0,2.4,7,1,0,2026-01-25 13:00:00
8143,364,6,94.7,89.7,75.74,2,204,1.0,13.96,8,1,0,2026-01-25 20:00:00
8144,364,6,80.9,91.67,78.11,3,285,1.0,13.55,9,1,0,2026-01-26 01:00:00
8145,364,7,77.2,90.47,78.42,1,72,1.0,12.04,10,2,0,2026-01-27 18:00:00
8146,364,8,73.1,84.27,78.3,1,61,1.0,5.97,11,2,0,2026-01-28 00:00:00
8147,364,9,61.1,77.07,77.83,1,99,1.0,-0.76,12,3,1,2026-01-29 20:00:00
8148,364,9,97.2,70.47,76.43,2,216,1.0,-5.97,13,3,0,2026-01-31 01:00:00
8149,364,9,96.0,77.13,78.03,3,331,1.0,-0.9,14,3,0,2026-02-01 20:00:00
8150,364,10,98.9,84.77,79.31,1,104,1.0,5.45,14,2,0,2026-02-02 20:00:00
8151,364,10,78.9,97.37,80.62,2,206,1.0,16.75,13,2,0,2026-02-03 22:00:00
8152,364,11,90.6,91.27,80.51,1,123,1.0,10.75,14,1,0,2026-02-04 06:00:00
8153,364,12,97.9,89.47,81.11,1,96,1.0,8.36,14,2,0,2026-02-05 17:00:00
8154,365,1,50.6,75.0,75.0,1,122,1.0,0.0,1,1,1,2026-01-31 18:00:00
8155,365,1,57.7,50.6,50.6,2,225,1.0,0.0,2,1,1,2026-02-02 02:00:00
8156,365,1,41.9,54.15,54.15,3,307,1.0,0.0,3,1,1,2026-02-03 14:00:00
8157,365,2,97.0,50.07,50.07,1,96,0.0,0.0,4,1,0,2026-02-05 04:00:00
8158,365,3,40.8,65.53,61.8,1,109,1.0,3.73,5,2,1,2026-02-05 14:00:00
8159,365,4,50.6,59.9,57.6,1,111,0.0,2.3,6,2,1,2026-02-06 18:00:00
8160,365,5,62.6,62.8,56.43,1,148,0.0,6.37,7,3,1,2026-02-07 13:00:00
8161,365,5,94.6,51.33,57.31,2,259,0.0,-5.98,8,3,0,2026-02-09 02:00:00
8162,365,6,96.0,69.27,61.98,1,133,1.0,7.29,9,1,0,2026-02-10 18:00:00
8163,365,7,91.6,84.4,65.76,1,101,1.0,18.64,10,2,0,2026-02-10 22:00:00
8164,365,8,49.6,94.07,68.34,1,103,1.0,25.73,11,2,1,2026-02-11 05:00:00
8165,365,8,80.6,79.07,66.64,2,186,1.0,12.43,12,2,0,2026-02-13 05:00:00
8166,365,9,67.3,73.93,67.8,1,95,1.0,6.13,12,3,1,2026-02-15 04:00:00
8167,365,9,35.5,65.83,67.76,2,215,1.0,-1.93,12,3,1,2026-02-16 08:00:00
8168,365,10,57.9,61.13,65.46,1,110,1.0,-4.32,13,2,1,2026-02-17 04:00:00
8169,365,11,38.1,53.57,64.95,1,128,1.0,-11.39,13,1,1,2026-02-18 01:00:00
8170,365,11,98.3,43.83,63.28,2,241,1.0,-19.44,12,1,0,2026-02-19 14:00:00
8171,365,12,53.3,64.77,65.34,1,102,0.5,-0.57,12,2,1,2026-02-20 22:00:00
8172,365,13,76.7,63.23,64.67,1,152,0.0,-1.43,12,2,0,2026-02-22 04:00:00
8173,365,13,79.2,76.1,65.3,2,260,0.0,10.8,13,2,0,2026-02-23 00:00:00
8174,365,14,97.4,69.73,66.0,1,133,0.5,3.74,13,3,0,2026-02-23 20:00:00
8175,365,15,35.3,84.43,67.49,1,101,1.0,16.94,12,2,1,2026-02-25 01:00:00
8176,365,15,41.8,70.63,66.03,2,225,1.0,4.61,12,2,1,2026-02-26 11:00:00
8177,365,16,99.2,58.17,64.97,1,128,0.0,-6.81,13,3,0,2026-02-27 02:00:00
8178,365,16,99.4,58.77,66.4,2,242,0.0,-7.63,13,3,0,2026-02-28 22:00:00
8179,365,17,63.9,80.13,67.72,1,62,1.0,12.41,12,3,1,2026-03-02 13:00:00
8180,365,17,47.4,87.5,67.57,2,172,1.0,19.93,12,3,1,2026-03-03 20:00:00
8181,366,1,97.0,75.0,75.0,1,114,1.0,0.0,1,1,0,2026-01-26 12:00:00
8182,366,2,48.0,97.0,97.0,1,100,1.0,0.0,2,1,1,2026-01-28 12:00:00
8183,366,3,93.0,72.5,72.5,1,98,0.0,0.0,3,2,0,2026-01-29 21:00:00
8184,366,4,50.5,79.33,79.33,1,55,1.0,0.0,4,2,1,2026-01-30 15:00:00
8185,366,5,41.7,63.83,72.12,1,75,0.0,-8.29,5,3,1,2026-01-31 04:00:00
8186,366,5,67.7,61.73,66.04,2,173,0.0,-4.31,6,3,1,2026-02-01 03:00:00
8187,366,5,84.4,53.3,66.32,3,271,0.0,-13.02,7,3,0,2026-02-02 01:00:00
8188,366,6,98.5,64.6,68.9,1,114,1.0,-4.3,8,1,0,2026-02-02 10:00:00
8189,366,7,96.5,83.53,72.6,1,87,1.0,10.93,9,2,0,2026-02-03 23:00:00
8190,366,7,75.9,93.13,75.26,2,185,1.0,17.88,10,2,0,2026-02-05 13:00:00
8191,366,7,89.7,90.3,75.32,3,275,1.0,14.98,11,2,0,2026-02-06 17:00:00
8192,366,8,43.1,87.37,76.63,1,70,1.0,10.74,12,2,1,2026-02-07 12:00:00
8193,366,9,38.3,69.57,73.83,1,44,0.0,-4.27,13,3,1,2026-02-08 15:00:00
8194,366,9,94.6,57.03,71.1,2,142,0.0,-14.07,13,3,0,2026-02-10 13:00:00
8195,366,10,78.8,58.67,72.78,1,93,1.0,-14.11,14,2,0,2026-02-10 20:00:00
8196,366,11,90.4,70.57,73.18,1,77,0.5,-2.61,14,1,0,2026-02-11 17:00:00
8197,366,12,72.0,87.93,74.26,1,57,1.0,13.68,14,2,0,2026-02-13 14:00:00
8198,366,13,95.0,80.4,74.12,1,102,1.0,6.28,12,2,0,2026-02-15 03:00:00
8199,366,14,67.0,85.8,75.28,1,84,1.0,10.52,12,3,1,2026-02-16 04:00:00
8200,366,14,74.6,78.0,74.85,2,185,1.0,3.15,12,3,0,2026-02-17 19:00:00
8201,366,15,84.5,78.87,74.83,1,127,1.0,4.03,12,2,0,2026-02-18 04:00:00
8202,366,16,58.2,75.37,75.3,1,47,1.0,0.07,13,3,1,2026-02-18 14:00:00
8203,366,17,61.2,72.43,74.52,1,76,0.0,-2.08,13,3,1,2026-02-20 05:00:00
8204,366,18,54.2,67.97,73.94,1,85,0.0,-5.97,14,3,1,2026-02-20 09:00:00
8205,366,18,45.9,57.87,73.12,2,204,0.0,-15.25,13,3,1,2026-02-21 18:00:00
8206,366,18,51.6,53.77,72.03,3,261,0.0,-18.26,13,3,1,2026-02-23 13:00:00
8207,366,19,96.5,50.57,71.24,1,128,1.0,-20.68,14,2,0,2026-02-23 23:00:00
8208,367,1,67.1,75.0,75.0,1,112,1.0,0.0,1,1,1,2026-01-04 20:00:00
8209,367,2,51.0,67.1,67.1,1,108,0.0,0.0,2,1,1,2026-01-05 03:00:00
8210,367,3,52.0,59.05,59.05,1,106,0.0,0.0,3,2,1,2026-01-05 14:00:00
8211,367,3,85.5,56.7,56.7,2,207,0.0,0.0,4,2,0,2026-01-06 17:00:00
8212,367,4,81.0,62.83,63.9,1,130,1.0,-1.07,5,2,0,2026-01-08 17:00:00
8213,367,4,33.6,72.83,67.32,2,218,1.0,5.51,6,2,1,2026-01-10 10:00:00
8214,367,5,40.8,66.7,61.7,1,116,1.0,5.0,7,3,1,2026-01-12 00:00:00
8215,367,5,65.7,51.8,58.71,2,218,1.0,-6.91,8,3,1,2026-01-14 00:00:00
8216,367,6,78.7,46.7,59.59,1,94,1.0,-12.89,9,1,0,2026-01-15 04:00:00
8217,367,7,57.4,61.73,61.71,1,161,1.0,0.02,10,2,1,2026-01-16 02:00:00
8218,367,7,45.3,67.27,61.28,2,279,1.0,5.99,11,2,1,2026-01-17 23:00:00
8219,367,7,62.4,60.47,59.83,3,401,1.0,0.64,12,2,1,2026-01-18 09:00:00
8220,367,8,88.8,55.03,60.04,1,132,1.0,-5.01,11,2,0,2026-01-19 07:00:00
8221,367,9,62.3,65.5,62.25,1,81,1.0,3.25,10,3,1,2026-01-20 20:00:00
8222,367,10,94.7,71.17,62.26,1,145,1.0,8.91,11,2,0,2026-01-22 05:00:00
8223,367,10,65.0,81.93,64.42,2,204,1.0,17.51,11,2,1,2026-01-23 10:00:00
8224,367,10,36.0,74.0,64.46,3,298,1.0,9.54,11,2,1,2026-01-25 02:00:00
8225,367,11,51.9,65.23,62.78,1,100,0.0,2.45,12,1,1,2026-01-25 06:00:00
8226,368,1,31.6,75.0,75.0,1,121,1.0,0.0,1,1,1,2026-01-16 12:00:00
8227,368,2,87.3,31.6,31.6,1,114,0.0,0.0,2,1,0,2026-01-16 16:00:00
8228,368,2,77.3,59.45,59.45,2,220,0.0,0.0,3,1,0,2026-01-18 01:00:00
8229,368,2,67.8,65.4,65.4,3,329,0.0,0.0,4,1,1,2026-01-20 01:00:00
8230,368,3,73.7,77.47,66.0,1,90,1.0,11.47,5,2,0,2026-01-21 17:00:00
8231,368,4,35.4,72.93,67.54,1,80,1.0,5.39,6,2,1,2026-01-22 06:00:00
8232,368,4,98.4,58.97,62.18,2,204,1.0,-3.22,7,2,0,2026-01-22 14:00:00
8233,368,5,97.3,69.17,67.36,1,123,1.0,1.81,8,3,0,2026-01-22 20:00:00
8234,368,6,75.1,77.03,71.1,1,141,1.0,5.93,9,1,0,2026-01-24 10:00:00
8235,368,7,47.6,90.27,71.54,1,94,1.0,18.72,10,2,1,2026-01-26 01:00:00
8236,368,8,78.0,73.33,69.15,1,123,1.0,4.18,11,2,0,2026-01-28 00:00:00
8237,368,8,38.7,66.9,69.95,2,227,1.0,-3.05,12,2,1,2026-01-28 12:00:00
8238,368,9,62.6,54.77,67.35,1,133,1.0,-12.58,13,3,1,2026-01-30 09:00:00
8239,368,9,56.6,59.77,66.98,2,263,1.0,-7.22,12,3,1,2026-01-31 10:00:00
8240,368,10,64.1,52.63,66.24,1,114,1.0,-13.61,12,2,1,2026-02-02 10:00:00
8241,368,11,94.7,61.1,66.1,1,103,0.5,-5.0,12,1,0,2026-02-03 19:00:00
8242,368,12,95.9,71.8,67.89,1,129,0.5,3.91,12,2,0,2026-02-04 21:00:00
8243,368,12,96.6,84.9,69.54,2,251,0.5,15.36,10,2,0,2026-02-06 17:00:00
8244,369,1,86.5,75.0,75.0,1,46,1.0,0.0,1,1,0,2026-01-08 11:00:00
8245,369,2,75.1,86.5,86.5,1,33,1.0,0.0,2,1,0,2026-01-09 00:00:00
8246,369,3,83.9,80.8,80.8,1,54,1.0,0.0,3,2,0,2026-01-10 06:00:00
8247,369,4,41.9,81.83,81.83,1,90,1.0,0.0,4,2,1,2026-01-11 20:00:00
8248,369,4,40.8,66.97,71.85,2,172,1.0,-4.88,5,2,1,2026-01-12 05:00:00
8249,369,4,94.3,55.53,65.64,3,209,1.0,-10.11,6,2,0,2026-01-13 12:00:00
8250,369,5,90.7,59.0,70.42,1,36,1.0,-11.42,7,3,0,2026-01-15 03:00:00
8251,369,6,97.4,75.27,73.31,1,85,1.0,1.95,8,1,0,2026-01-16 08:00:00
8252,369,7,70.6,94.13,76.32,1,37,1.0,17.81,9,2,0,2026-01-17 18:00:00
8253,369,8,35.2,86.23,75.69,1,70,1.0,10.54,10,2,1,2026-01-18 00:00:00
8254,369,9,61.8,67.73,71.64,1,47,0.0,-3.91,11,3,1,2026-01-18 04:00:00
8255,369,9,62.3,55.87,70.75,2,139,0.0,-14.88,12,3,1,2026-01-18 17:00:00
8256,369,10,60.3,53.1,70.04,1,44,1.0,-16.94,13,2,1,2026-01-19 14:00:00
8257,369,11,83.0,61.47,69.29,1,82,1.0,-7.83,14,1,0,2026-01-21 06:00:00
8258,369,12,78.6,68.53,70.27,1,63,0.5,-1.74,14,2,0,2026-01-22 14:00:00
8259,369,13,76.0,73.97,70.83,1,65,1.0,3.14,14,2,0,2026-01-23 21:00:00
8260,369,14,89.7,79.2,71.15,1,30,1.0,8.05,14,3,0,2026-01-24 18:00:00
8261,369,15,30.4,81.43,72.24,1,30,1.0,9.19,15,2,1,2026-01-25 06:00:00
8262,369,15,41.6,65.37,69.92,2,85,1.0,-4.55,15,2,1,2026-01-26 00:00:00
8263,369,15,74.3,53.9,68.43,3,149,1.0,-14.53,15,2,0,2026-01-26 18:00:00
8264,369,16,73.8,48.77,68.72,1,37,0.5,-19.95,15,3,0,2026-01-28 16:00:00
8265,369,17,41.6,63.23,68.96,1,38,1.0,-5.73,15,3,1,2026-01-29 22:00:00
8266,369,18,78.0,63.23,67.72,1,71,1.0,-4.48,15,3,0,2026-01-30 12:00:00
8267,369,18,79.2,64.47,68.17,2,142,1.0,-3.7,13,3,0,2026-02-01 12:00:00
8268,370,1,97.6,75.0,75.0,1,57,1.0,0.0,1,1,0,2026-01-03 09:00:00
8269,370,2,91.4,97.6,97.6,1,75,1.0,0.0,2,1,0,2026-01-05 05:00:00
8270,370,2,82.1,94.5,94.5,2,111,1.0,0.0,3,1,0,2026-01-06 14:00:00
8271,370,3,83.2,90.37,90.37,1,52,1.0,0.0,4,2,0,2026-01-07 18:00:00
8272,370,4,93.5,85.57,88.58,1,92,1.0,-3.01,5,2,0,2026-01-09 11:00:00
8273,370,5,40.2,86.27,89.56,1,61,1.0,-3.29,6,3,1,2026-01-10 18:00:00
8274,370,6,74.0,72.3,81.33,1,62,1.0,-9.03,7,1,0,2026-01-11 16:00:00
8275,370,7,88.6,69.23,80.29,1,106,1.0,-11.05,8,2,0,2026-01-12 08:00:00
8276,370,8,92.9,67.6,81.32,1,32,1.0,-13.72,9,2,0,2026-01-13 15:00:00
8277,370,9,80.6,85.17,82.61,1,75,1.0,2.56,10,3,0,2026-01-14 09:00:00
8278,370,10,38.6,87.37,82.41,1,93,1.0,4.96,11,2,1,2026-01-15 18:00:00
8279,370,11,53.6,70.7,78.43,1,53,1.0,-7.73,12,1,1,2026-01-16 00:00:00
8280,370,12,31.5,57.6,76.36,1,77,0.5,-18.76,13,2,1,2026-01-17 07:00:00
8281,370,13,52.4,41.23,72.91,1,40,0.0,-31.67,13,2,1,2026-01-17 13:00:00
8282,370,14,57.9,45.83,71.44,1,46,0.5,-25.61,14,3,1,2026-01-18 02:00:00
8283,370,15,59.5,47.27,70.54,1,67,0.0,-23.27,14,2,1,2026-01-19 21:00:00
8284,370,16,97.3,56.6,69.85,1,75,0.5,-13.25,14,3,0,2026-01-21 02:00:00
8285,370,17,38.2,71.57,71.46,1,82,1.0,0.1,14,3,1,2026-01-22 12:00:00
8286,370,18,96.3,65.0,69.62,1,91,1.0,-4.62,15,3,0,2026-01-23 04:00:00
8287,371,1,95.0,75.0,75.0,1,58,1.0,0.0,1,1,0,2026-01-13 01:00:00
8288,371,2,98.5,95.0,95.0,1,83,1.0,0.0,2,1,0,2026-01-14 07:00:00
8289,371,3,76.3,96.75,96.75,1,53,1.0,0.0,3,2,0,2026-01-14 22:00:00
8290,371,4,81.9,89.93,89.93,1,78,1.0,0.0,4,2,0,2026-01-16 18:00:00
8291,371,5,62.3,85.57,87.93,1,64,1.0,-2.36,5,3,1,2026-01-17 10:00:00
8292,371,6,88.1,73.5,82.8,1,68,1.0,-9.3,6,1,0,2026-01-18 14:00:00
8293,371,7,81.5,77.43,83.68,1,68,1.0,-6.25,7,2,0,2026-01-19 10:00:00
8294,371,8,99.6,77.3,83.37,1,30,1.0,-6.07,8,2,0,2026-01-19 14:00:00
8295,371,9,97.2,89.73,85.4,1,37,1.0,4.33,9,3,0,2026-01-21 09:00:00
8296,371,10,76.3,92.77,86.71,1,62,1.0,6.06,10,2,0,2026-01-22 01:00:00
8297,371,10,96.1,91.03,85.67,2,92,1.0,5.36,11,2,0,2026-01-23 20:00:00
8298,371,10,83.5,89.87,86.62,3,168,1.0,3.25,12,2,0,2026-01-24 01:00:00
8299,371,11,92.1,85.3,86.36,1,77,1.0,-1.06,13,1,0,2026-01-25 01:00:00
8300,372,1,90.4,75.0,75.0,1,66,1.0,0.0,1,1,0,2026-01-29 16:00:00
8301,372,2,92.1,90.4,90.4,1,37,1.0,0.0,2,1,0,2026-01-30 09:00:00
8302,372,3,99.3,91.25,91.25,1,87,1.0,0.0,3,2,0,2026-01-31 22:00:00
8303,372,3,72.9,93.93,93.93,2,187,1.0,0.0,4,2,0,2026-02-02 03:00:00
8304,372,3,81.9,88.1,88.68,3,249,1.0,-0.58,5,2,0,2026-02-02 18:00:00
8305,372,4,78.6,84.7,87.32,1,70,1.0,-2.62,6,2,0,2026-02-03 03:00:00
8306,372,5,74.8,77.8,85.87,1,64,1.0,-8.07,7,3,0,2026-02-03 21:00:00
8307,372,5,51.3,78.43,84.29,2,134,1.0,-5.85,8,3,1,2026-02-04 10:00:00
8308,372,5,44.7,68.23,80.16,3,191,1.0,-11.93,9,3,1,2026-02-05 12:00:00
8309,372,6,83.8,56.93,76.22,1,59,1.0,-19.29,10,1,0,2026-02-06 21:00:00
8310,372,7,99.3,59.93,76.98,1,78,1.0,-17.05,11,2,0,2026-02-07 22:00:00
8311,372,8,79.8,75.93,79.01,1,106,1.0,-3.08,12,2,0,2026-02-08 10:00:00
8312,372,9,94.0,87.63,79.07,1,31,1.0,8.56,13,3,0,2026-02-10 03:00:00
8313,372,10,91.1,91.03,80.22,1,57,1.0,10.81,14,2,0,2026-02-11 10:00:00
8314,372,11,90.6,88.3,81.0,1,36,1.0,7.3,13,1,0,2026-02-13 10:00:00
8315,372,12,70.4,91.9,81.64,1,91,1.0,10.26,13,2,0,2026-02-15 09:00:00
8316,372,12,51.6,84.03,80.94,2,139,1.0,3.1,11,2,1,2026-02-17 05:00:00
8317,372,13,67.0,70.87,79.21,1,31,1.0,-8.35,10,2,1,2026-02-18 23:00:00
8318,372,14,99.6,63.0,78.53,1,72,1.0,-15.53,10,3,0,2026-02-19 21:00:00
8319,372,15,92.5,72.73,79.64,1,94,1.0,-6.91,10,2,0,2026-02-21 17:00:00
8320,372,16,87.4,86.37,80.28,1,73,1.0,6.08,9,3,0,2026-02-23 01:00:00
8321,373,1,83.4,75.0,75.0,1,64,1.0,0.0,1,1,0,2026-01-10 11:00:00
8322,373,2,73.3,83.4,83.4,1,68,1.0,0.0,2,1,0,2026-01-12 04:00:00
8323,373,3,77.8,78.35,78.35,1,88,1.0,0.0,3,2,0,2026-01-14 03:00:00
8324,373,4,40.6,78.17,78.17,1,42,1.0,0.0,4,2,1,2026-01-15 15:00:00
8325,373,5,74.8,63.9,68.78,1,57,0.0,-4.88,5,3,0,2026-01-17 07:00:00
8326,373,5,62.4,64.4,69.98,2,107,0.0,-5.58,6,3,1,2026-01-19 03:00:00
8327,373,5,73.7,59.27,68.72,3,143,0.0,-9.45,7,3,0,2026-01-19 21:00:00
8328,373,6,74.9,70.3,69.43,1,53,1.0,0.87,8,1,0,2026-01-21 06:00:00
8329,373,7,37.4,70.33,70.11,1,82,1.0,0.22,9,2,1,2026-01-22 10:00:00
8330,373,8,93.4,62.0,66.48,1,71,1.0,-4.48,10,2,0,2026-01-23 13:00:00
8331,373,9,55.3,68.57,69.17,1,72,1.0,-0.6,10,3,1,2026-01-25 12:00:00
8332,373,10,75.2,62.03,67.91,1,62,1.0,-5.88,10,2,0,2026-01-27 00:00:00
8333,374,1,44.3,75.0,75.0,1,150,1.0,0.0,1,1,1,2026-01-19 00:00:00
8334,374,1,31.3,44.3,44.3,2,273,1.0,0.0,2,1,1,2026-01-20 08:00:00
8335,374,1,66.4,37.8,37.8,3,406,1.0,0.0,3,1,1,2026-01-21 23:00:00
8336,374,2,48.0,47.33,47.33,1,143,0.0,0.0,4,1,1,2026-01-23 11:00:00
8337,374,3,39.5,48.57,47.5,1,145,0.0,1.07,5,2,1,2026-01-25 03:00:00
8338,374,3,31.1,51.3,45.9,2,291,0.0,5.4,6,2,1,2026-01-27 02:00:00
8339,374,3,71.5,39.53,43.43,3,428,0.0,-3.9,7,2,0,2026-01-27 19:00:00
8340,374,4,37.5,47.37,47.44,1,132,1.0,-0.08,8,2,1,2026-01-29 05:00:00
8341,374,4,46.5,46.7,46.2,2,335,1.0,0.5,9,2,1,2026-01-29 16:00:00
8342,374,5,59.5,51.83,46.23,1,158,0.0,5.6,10,3,1,2026-01-30 13:00:00
8343,374,5,89.3,47.83,47.56,2,306,0.0,0.27,11,3,0,2026-02-01 00:00:00
8344,374,6,88.8,65.1,51.35,1,135,1.0,13.75,12,1,0,2026-02-01 07:00:00
8345,374,7,68.6,79.2,54.47,1,130,1.0,24.73,13,2,1,2026-02-01 12:00:00
8346,374,7,75.6,82.23,55.56,2,267,1.0,26.67,13,2,0,2026-02-03 02:00:00
8347,374,8,32.3,77.67,56.99,1,145,1.0,20.67,13,2,1,2026-02-03 23:00:00
8348,374,8,64.5,58.83,55.35,2,247,1.0,3.49,14,2,1,2026-02-04 03:00:00
8349,374,9,53.5,57.47,55.92,1,108,0.0,1.55,15,3,1,2026-02-04 12:00:00
8350,374,9,98.9,50.1,55.78,2,235,0.0,-5.68,15,3,0,2026-02-05 13:00:00
8351,374,10,57.6,72.3,58.17,1,144,1.0,14.13,16,2,1,2026-02-05 20:00:00
8352,374,10,39.1,70.0,58.14,2,279,1.0,11.86,16,2,1,2026-02-06 11:00:00
8353,374,11,61.6,65.2,57.19,1,169,0.5,8.01,17,1,1,2026-02-07 07:00:00
8354,374,12,65.7,52.77,57.4,1,110,0.5,-4.63,18,2,1,2026-02-08 01:00:00
8355,374,13,42.9,55.47,57.78,1,124,0.0,-2.31,18,2,1,2026-02-09 08:00:00
8356,374,14,61.6,56.73,57.13,1,170,0.5,-0.4,19,3,1,2026-02-10 01:00:00
8357,374,15,68.0,56.73,57.32,1,142,0.0,-0.58,19,2,1,2026-02-10 18:00:00
8358,374,16,67.1,57.5,57.74,1,157,0.5,-0.24,19,3,1,2026-02-10 22:00:00
8359,374,16,44.2,65.57,58.1,2,338,0.5,7.46,20,3,1,2026-02-12 04:00:00
8360,374,17,58.9,59.77,57.59,1,126,0.0,2.18,20,3,1,2026-02-12 14:00:00
8361,374,17,66.4,56.73,57.64,2,264,0.0,-0.9,20,3,1,2026-02-12 19:00:00
8362,374,17,75.7,56.5,57.94,3,398,0.0,-1.44,20,3,0,2026-02-13 13:00:00
8363,374,18,32.7,67.0,58.53,1,100,0.0,8.47,19,3,1,2026-02-15 10:00:00
8364,374,18,34.1,58.27,57.7,2,233,0.0,0.57,19,3,1,2026-02-17 01:00:00
8365,374,19,77.2,47.5,56.96,1,157,0.0,-9.46,16,2,0,2026-02-18 21:00:00
8366,374,19,46.3,48.0,57.57,2,307,0.0,-9.57,15,2,1,2026-02-20 09:00:00
8367,374,20,88.2,52.53,57.24,1,152,0.5,-4.71,14,3,0,2026-02-21 17:00:00
8368,374,20,56.6,70.57,58.13,2,284,0.5,12.44,14,3,1,2026-02-22 20:00:00
8369,375,1,99.4,75.0,75.0,1,46,1.0,0.0,1,1,0,2026-01-25 20:00:00
8370,375,2,83.6,99.4,99.4,1,85,1.0,0.0,2,1,0,2026-01-27 11:00:00
8371,375,3,39.3,91.5,91.5,1,50,1.0,0.0,3,2,1,2026-01-28 01:00:00
8372,375,4,66.7,74.1,74.1,1,65,0.0,0.0,4,2,1,2026-01-29 05:00:00
8373,375,4,72.3,63.2,72.25,2,128,0.0,-9.05,5,2,0,2026-01-30 12:00:00
8374,375,4,88.5,59.43,72.26,3,217,0.0,-12.83,6,2,0,2026-01-31 20:00:00
8375,375,5,60.2,75.83,74.97,1,79,1.0,0.87,7,3,1,2026-02-01 06:00:00
8376,375,5,78.5,73.67,72.86,2,113,1.0,0.81,8,3,0,2026-02-01 17:00:00
8377,375,5,90.9,75.73,73.56,3,149,1.0,2.17,9,3,0,2026-02-03 14:00:00
8378,375,6,82.2,76.53,75.49,1,71,1.0,1.04,10,1,0,2026-02-05 13:00:00
8379,375,7,78.2,83.87,76.16,1,58,1.0,7.71,11,2,0,2026-02-05 22:00:00
8380,375,8,32.8,83.77,76.35,1,50,1.0,7.42,12,2,1,2026-02-07 18:00:00
8381,375,9,30.3,64.4,72.72,1,80,0.0,-8.32,13,3,1,2026-02-07 22:00:00
8382,375,10,93.6,47.1,69.45,1,63,1.0,-22.35,13,2,0,2026-02-09 04:00:00
8383,375,11,79.8,52.23,71.18,1,61,1.0,-18.95,14,1,0,2026-02-09 19:00:00
8384,375,12,86.1,67.9,71.75,1,75,0.5,-3.85,14,2,0,2026-02-10 13:00:00
8385,375,13,97.7,86.5,72.65,1,52,1.0,13.85,14,2,0,2026-02-11 22:00:00
8386,375,14,98.7,87.87,74.12,1,91,1.0,13.74,15,3,0,2026-02-12 04:00:00
8387,375,15,61.2,94.17,75.49,1,44,1.0,18.68,14,2,1,2026-02-14 04:00:00
8388,375,15,98.2,85.87,74.74,2,117,1.0,11.13,14,2,0,2026-02-14 22:00:00
8389,375,16,71.2,86.03,75.91,1,88,0.5,10.12,13,3,0,2026-02-15 20:00:00
8390,375,16,48.9,76.87,75.69,2,120,0.5,1.18,14,3,1,2026-02-17 03:00:00
8391,375,16,67.4,72.77,74.47,3,173,0.5,-1.7,14,3,1,2026-02-18 22:00:00
8392,375,17,59.9,62.5,74.16,1,82,1.0,-11.66,15,3,1,2026-02-19 08:00:00
8393,375,18,60.6,58.73,73.57,1,83,1.0,-14.83,14,3,1,2026-02-20 08:00:00
8394,375,19,31.8,62.63,73.05,1,56,1.0,-10.41,15,2,1,2026-02-21 17:00:00
8395,376,1,77.5,75.0,75.0,1,75,1.0,0.0,1,1,0,2026-02-02 06:00:00
8396,376,2,37.0,77.5,77.5,1,109,1.0,0.0,2,1,1,2026-02-03 17:00:00
8397,376,3,44.4,57.25,57.25,1,113,0.0,0.0,3,2,1,2026-02-04 10:00:00
8398,376,4,56.8,52.97,52.97,1,66,0.0,0.0,4,2,1,2026-02-05 01:00:00
8399,376,4,76.9,46.07,53.92,2,131,0.0,-7.86,5,2,0,2026-02-07 01:00:00
8400,376,5,79.7,59.37,58.52,1,94,1.0,0.85,6,3,0,2026-02-07 15:00:00
8401,376,5,55.2,71.13,62.05,2,196,1.0,9.08,7,3,1,2026-02-08 20:00:00
8402,376,6,54.3,70.6,61.07,1,84,1.0,9.53,8,1,1,2026-02-10 08:00:00
8403,376,7,70.9,63.07,60.22,1,103,0.0,2.84,9,2,0,2026-02-11 02:00:00
8404,376,7,79.8,60.13,61.41,2,178,0.0,-1.28,10,2,0,2026-02-11 12:00:00
8405,376,7,46.6,68.33,63.25,3,225,0.0,5.08,11,2,1,2026-02-13 02:00:00
8406,376,8,60.2,65.77,61.74,1,81,1.0,4.03,12,2,1,2026-02-14 01:00:00
8407,376,9,58.6,62.2,61.61,1,91,0.0,0.59,13,3,1,2026-02-15 08:00:00
8408,376,10,87.6,55.13,61.38,1,84,1.0,-6.24,14,2,0,2026-02-16 02:00:00
8409,376,11,96.2,68.8,63.25,1,66,0.5,5.55,14,1,0,2026-02-16 08:00:00
8410,376,12,60.6,80.8,65.45,1,53,0.5,15.35,14,2,1,2026-02-18 08:00:00
8411,376,13,85.0,81.47,65.14,1,79,0.0,16.32,13,2,0,2026-02-20 04:00:00
8412,376,14,49.0,80.6,66.31,1,107,0.5,14.29,14,3,1,2026-02-20 17:00:00
8413,376,15,95.0,64.87,65.35,1,115,1.0,-0.48,14,2,0,2026-02-21 06:00:00
8414,376,15,79.5,76.33,66.91,2,228,1.0,9.42,14,2,0,2026-02-22 00:00:00
8415,376,16,86.7,74.5,67.54,1,73,0.0,6.96,14,3,0,2026-02-23 13:00:00
8416,376,17,61.4,87.07,68.45,1,66,1.0,18.61,14,3,1,2026-02-24 20:00:00
8417,377,1,84.5,75.0,75.0,1,149,1.0,0.0,1,1,0,2026-01-22 13:00:00
8418,377,1,47.2,84.5,84.5,2,301,1.0,0.0,2,1,1,2026-01-22 20:00:00
8419,377,2,65.0,65.85,65.85,1,148,1.0,0.0,3,1,1,2026-01-23 16:00:00
8420,377,2,90.0,65.57,65.57,2,247,1.0,0.0,4,1,0,2026-01-24 11:00:00
8421,377,3,39.1,67.4,71.68,1,122,1.0,-4.28,5,2,1,2026-01-26 02:00:00
8422,377,3,65.1,64.7,65.16,2,261,1.0,-0.46,6,2,1,2026-01-26 21:00:00
8423,377,4,64.4,64.73,65.15,1,149,0.0,-0.42,7,2,1,2026-01-28 18:00:00
8424,377,5,36.6,56.2,65.04,1,155,0.0,-8.84,8,3,1,2026-01-30 05:00:00
8425,377,5,31.1,55.37,61.49,2,297,0.0,-6.12,9,3,1,2026-01-31 12:00:00
8426,377,5,58.1,44.03,58.11,3,443,0.0,-14.08,10,3,1,2026-02-02 11:00:00
8427,377,6,88.4,41.93,58.11,1,141,1.0,-16.18,11,1,0,2026-02-03 15:00:00
8428,377,7,60.9,59.2,60.86,1,153,1.0,-1.66,12,2,1,2026-02-04 22:00:00
8429,377,8,64.9,69.13,60.87,1,146,1.0,8.27,11,2,1,2026-02-06 08:00:00
8430,377,8,33.0,71.4,61.18,2,287,1.0,10.22,11,2,1,2026-02-07 00:00:00
8431,377,8,56.3,52.93,59.16,3,421,1.0,-6.23,11,2,1,2026-02-07 14:00:00
8432,377,9,79.3,51.4,58.97,1,141,0.0,-7.57,11,3,0,2026-02-09 13:00:00
8433,377,9,89.6,56.2,60.24,2,290,0.0,-4.04,11,3,0,2026-02-10 02:00:00
8434,377,9,38.3,75.07,61.97,3,435,0.0,13.1,12,3,1,2026-02-10 19:00:00
8435,377,10,61.2,69.07,60.66,1,147,1.0,8.41,12,2,1,2026-02-12 12:00:00
8436,377,10,68.7,63.03,60.68,2,313,1.0,2.35,12,2,1,2026-02-13 06:00:00
8437,377,10,66.6,56.07,61.08,3,458,1.0,-5.02,12,2,1,2026-02-15 06:00:00
8438,377,11,73.8,65.5,61.35,1,127,0.5,4.15,13,1,0,2026-02-15 18:00:00
8439,377,11,81.6,69.7,61.91,2,284,0.5,7.79,14,1,0,2026-02-15 22:00:00
8440,377,12,68.9,74.0,62.77,1,112,1.0,11.23,14,2,1,2026-02-17 10:00:00
8441,377,12,35.4,74.77,63.02,2,230,1.0,11.74,14,2,1,2026-02-17 23:00:00
8442,377,12,62.3,61.97,61.92,3,376,1.0,0.05,14,2,1,2026-02-19 18:00:00
8443,377,13,60.0,55.53,61.93,1,150,0.0,-6.4,15,2,1,2026-02-20 03:00:00
8444,377,13,51.1,52.57,61.86,2,265,0.0,-9.3,14,2,1,2026-02-21 05:00:00
8445,377,14,34.0,57.8,61.48,1,132,0.0,-3.68,15,3,1,2026-02-21 09:00:00
8446,377,15,63.2,48.37,60.53,1,127,1.0,-12.16,15,2,1,2026-02-23 09:00:00
8447,377,16,37.0,49.43,60.62,1,130,0.5,-11.19,14,3,1,2026-02-24 12:00:00
8448,377,16,87.6,44.73,59.86,2,288,0.5,-15.12,14,3,0,2026-02-24 20:00:00
8449,377,16,53.3,62.6,60.72,3,442,0.5,1.88,15,3,1,2026-02-25 03:00:00
8450,377,17,89.3,59.3,60.5,1,139,1.0,-1.2,15,3,0,2026-02-26 21:00:00
8451,377,17,92.7,76.73,61.35,2,268,1.0,15.39,15,3,0,2026-02-27 11:00:00
8452,377,17,66.7,78.43,62.24,3,381,1.0,16.19,16,3,1,2026-03-01 03:00:00
8453,377,18,55.7,82.9,62.37,1,168,1.0,20.53,14,3,1,2026-03-02 03:00:00
8454,377,19,52.4,71.7,62.19,1,151,0.5,9.51,15,2,1,2026-03-03 06:00:00
8455,378,1,83.7,75.0,75.0,1,45,1.0,0.0,1,1,0,2026-01-23 07:00:00
8456,378,1,78.5,83.7,83.7,2,119,1.0,0.0,2,1,0,2026-01-23 14:00:00
8457,378,1,98.1,81.1,81.1,3,177,1.0,0.0,3,1,0,2026-01-24 06:00:00
8458,378,2,93.2,86.77,86.77,1,54,1.0,0.0,4,1,0,2026-01-25 23:00:00
8459,378,3,67.0,89.93,88.37,1,68,1.0,1.56,5,2,1,2026-01-26 12:00:00
8460,378,3,72.7,86.1,84.1,2,113,1.0,2.0,6,2,0,2026-01-28 05:00:00
8461,378,4,37.6,77.63,82.2,1,53,1.0,-4.57,7,2,1,2026-01-28 22:00:00
8462,378,5,90.3,59.1,75.83,1,62,0.0,-16.73,8,3,0,2026-01-30 10:00:00
8463,378,6,96.6,66.87,77.64,1,50,1.0,-10.77,9,1,0,2026-02-01 00:00:00
8464,378,7,75.2,74.83,79.74,1,73,1.0,-4.91,10,2,0,2026-02-01 16:00:00
8465,378,8,97.6,87.37,79.29,1,97,1.0,8.08,11,2,0,2026-02-03 14:00:00
8466,378,9,45.5,89.8,80.95,1,44,1.0,8.85,12,3,1,2026-02-04 13:00:00
8467,378,9,88.2,72.77,78.0,2,74,1.0,-5.23,13,3,0,2026-02-04 20:00:00
8468,378,10,96.1,77.1,78.78,1,30,1.0,-1.68,14,2,0,2026-02-05 07:00:00
8469,378,11,81.3,76.6,80.02,1,56,1.0,-3.42,13,1,0,2026-02-07 00:00:00
8470,378,12,69.1,88.53,80.11,1,46,1.0,8.43,13,2,1,2026-02-08 17:00:00
8471,378,13,99.5,82.17,79.42,1,64,0.0,2.75,12,2,0,2026-02-10 07:00:00
8472,378,13,84.9,83.3,80.6,2,126,0.0,2.7,13,2,0,2026-02-10 15:00:00
8473,378,14,76.4,84.5,80.84,1,30,0.5,3.66,14,3,0,2026-02-11 03:00:00
8474,378,15,68.0,86.93,80.61,1,30,1.0,6.33,13,2,1,2026-02-12 13:00:00
8475,378,16,78.2,76.43,79.97,1,65,0.5,-3.54,14,3,0,2026-02-12 19:00:00
8476,378,16,70.2,74.2,79.89,2,127,0.5,-5.69,14,3,0,2026-02-13 11:00:00
8477,378,16,93.7,72.13,79.45,3,178,0.5,-7.32,15,3,0,2026-02-14 11:00:00
8478,378,17,48.8,80.7,80.07,1,30,1.0,0.63,16,3,1,2026-02-14 20:00:00
8479,378,18,44.2,70.9,78.77,1,69,1.0,-7.87,15,3,1,2026-02-16 08:00:00
8480,378,19,31.9,62.23,77.38,1,85,1.0,-15.15,16,2,1,2026-02-16 19:00:00
8481,378,20,38.3,41.63,75.63,1,65,0.5,-34.0,17,3,1,2026-02-17 12:00:00
8482,379,1,50.5,75.0,75.0,1,123,1.0,0.0,1,1,1,2026-01-24 01:00:00
8483,379,1,44.8,50.5,50.5,2,263,1.0,0.0,2,1,1,2026-01-24 14:00:00
8484,379,1,85.6,47.65,47.65,3,375,1.0,0.0,3,1,0,2026-01-26 14:00:00
8485,379,2,93.4,60.3,60.3,1,161,1.0,0.0,4,1,0,2026-01-27 13:00:00
8486,379,3,97.3,74.6,68.57,1,141,1.0,6.03,5,2,0,2026-01-28 09:00:00
8487,379,3,68.1,92.1,74.32,2,245,1.0,17.78,6,2,1,2026-01-28 18:00:00
8488,379,4,52.4,86.27,73.28,1,133,1.0,12.98,7,2,1,2026-01-29 08:00:00
8489,379,4,76.3,72.6,70.3,2,282,1.0,2.3,8,2,0,2026-01-31 08:00:00
8490,379,4,59.3,65.6,71.05,3,415,1.0,-5.45,9,2,1,2026-02-01 02:00:00
8491,379,5,63.4,62.67,69.74,1,134,1.0,-7.08,10,3,1,2026-02-02 12:00:00
8492,379,5,57.6,66.33,69.11,2,249,1.0,-2.78,11,3,1,2026-02-02 23:00:00
8493,379,6,56.0,60.1,68.06,1,151,1.0,-7.96,12,1,1,2026-02-03 10:00:00
8494,379,7,57.3,59.0,67.06,1,127,0.0,-8.06,13,2,1,2026-02-04 18:00:00
8495,379,8,53.5,56.97,66.31,1,96,1.0,-9.34,14,2,1,2026-02-05 12:00:00
8496,379,9,95.0,55.6,65.39,1,132,0.0,-9.79,14,3,0,2026-02-07 11:00:00
8497,379,9,37.8,68.6,67.37,2,291,0.0,1.23,14,3,1,2026-02-08 04:00:00
8498,379,10,96.7,62.1,65.52,1,132,1.0,-3.42,15,2,0,2026-02-09 09:00:00
8499,379,11,95.3,76.5,67.35,1,174,0.5,9.15,14,1,0,2026-02-10 21:00:00
8500,379,11,61.2,76.6,68.91,2,322,0.5,7.69,15,1,1,2026-02-11 01:00:00
8501,379,11,43.3,84.4,68.5,3,468,0.5,15.9,13,1,1,2026-02-13 01:00:00
8502,379,12,57.4,66.6,67.24,1,137,1.0,-0.64,13,2,1,2026-02-14 23:00:00
8503,379,12,49.7,53.97,66.77,2,275,1.0,-12.8,12,2,1,2026-02-16 15:00:00
8504,379,13,53.8,50.13,66.0,1,134,0.0,-15.86,11,2,1,2026-02-18 02:00:00
8505,379,14,30.7,53.63,65.47,1,133,0.0,-11.83,10,3,1,2026-02-19 22:00:00
8506,379,14,32.8,44.73,64.02,2,283,0.0,-19.28,10,3,1,2026-02-21 22:00:00
8507,379,14,35.2,39.1,62.77,3,404,0.0,-23.67,10,3,1,2026-02-22 14:00:00
8508,379,15,58.2,32.9,61.71,1,118,1.0,-28.81,11,2,1,2026-02-23 03:00:00
8509,379,15,67.0,42.07,61.58,2,235,1.0,-19.51,11,2,1,2026-02-24 01:00:00
8510,379,15,89.3,53.47,61.77,3,415,1.0,-8.3,12,2,0,2026-02-24 16:00:00
8511,379,16,63.1,71.5,62.72,1,150,0.5,8.78,11,3,1,2026-02-26 05:00:00
8512,379,16,65.7,73.13,62.73,2,296,0.5,10.4,12,3,1,2026-02-26 09:00:00
8513,379,17,52.8,72.7,62.83,1,118,0.0,9.87,13,3,1,2026-02-26 21:00:00
8514,379,18,64.5,60.53,62.52,1,152,0.0,-1.98,13,3,1,2026-02-27 07:00:00
8515,379,18,50.5,61.0,62.58,2,289,0.0,-1.58,13,3,1,2026-03-01 06:00:00
8516,380,1,86.6,75.0,75.0,1,94,1.0,0.0,1,1,0,2026-01-04 18:00:00
8517,380,2,42.6,86.6,86.6,1,70,1.0,0.0,2,1,1,2026-01-06 12:00:00
8518,380,3,74.5,64.6,64.6,1,93,0.0,0.0,3,2,0,2026-01-06 22:00:00
8519,380,4,55.3,67.9,67.9,1,81,1.0,0.0,4,2,1,2026-01-08 14:00:00
8520,380,5,39.2,57.47,64.75,1,74,0.0,-7.28,5,3,1,2026-01-10 01:00:00
8521,380,6,96.3,56.33,59.64,1,104,1.0,-3.31,6,1,0,2026-01-10 17:00:00
8522,380,7,99.6,63.6,65.75,1,59,1.0,-2.15,7,2,0,2026-01-12 16:00:00
8523,380,8,88.8,78.37,70.59,1,101,1.0,7.78,8,2,0,2026-01-13 19:00:00
8524,380,9,51.2,94.9,72.86,1,103,1.0,22.04,9,3,1,2026-01-15 19:00:00
8525,380,10,95.3,79.87,70.46,1,72,1.0,9.41,10,2,0,2026-01-16 01:00:00
8526,380,11,82.2,78.43,72.94,1,73,0.5,5.49,11,1,0,2026-01-16 12:00:00
8527,380,12,34.9,76.23,73.78,1,85,0.5,2.45,12,2,1,2026-01-16 22:00:00
8528,381,1,87.3,75.0,75.0,1,65,1.0,0.0,1,1,0,2026-01-08 14:00:00
8529,381,2,92.6,87.3,87.3,1,56,1.0,0.0,2,1,0,2026-01-09 04:00:00
8530,381,3,96.6,89.95,89.95,1,68,1.0,0.0,3,2,0,2026-01-10 18:00:00
8531,381,4,74.1,92.17,92.17,1,95,1.0,0.0,4,2,0,2026-01-11 18:00:00
8532,381,5,32.1,87.77,87.65,1,49,1.0,0.12,5,3,1,2026-01-12 23:00:00
8533,381,6,85.1,67.6,76.54,1,30,1.0,-8.94,6,1,0,2026-01-14 00:00:00
8534,381,7,95.2,63.77,77.97,1,76,1.0,-14.2,7,2,0,2026-01-14 19:00:00
8535,381,7,87.1,70.8,80.43,2,169,1.0,-9.63,8,2,0,2026-01-15 06:00:00
8536,381,7,89.9,89.13,81.26,3,236,1.0,7.87,9,2,0,2026-01-16 12:00:00
8537,381,8,100.0,90.73,82.22,1,38,1.0,8.51,10,2,0,2026-01-17 19:00:00
8538,381,9,66.0,92.33,84.0,1,57,1.0,8.33,11,3,1,2026-01-18 18:00:00
8539,381,10,98.6,85.3,82.36,1,37,1.0,2.94,12,2,0,2026-01-20 16:00:00
8540,381,11,75.7,88.2,83.72,1,72,1.0,4.48,13,1,0,2026-01-21 07:00:00
8541,381,12,73.9,80.1,83.1,1,32,0.5,-3.0,14,2,0,2026-01-22 00:00:00
8542,381,13,90.6,82.73,82.44,1,53,1.0,0.29,13,2,0,2026-01-23 04:00:00
8543,381,14,94.2,80.07,82.99,1,39,1.0,-2.92,14,3,0,2026-01-23 17:00:00
8544,381,15,87.3,86.23,83.69,1,62,1.0,2.55,15,2,0,2026-01-23 22:00:00
8545,381,16,94.2,90.7,83.9,1,52,0.5,6.8,14,3,0,2026-01-25 18:00:00
8546,381,17,98.9,91.9,84.47,1,63,1.0,7.43,14,3,0,2026-01-27 09:00:00
8547,381,18,91.0,93.47,85.23,1,60,1.0,8.24,12,3,0,2026-01-29 09:00:00
8548,381,19,61.3,94.7,85.52,1,40,1.0,9.18,12,2,1,2026-01-30 16:00:00
8549,381,20,35.2,83.73,84.37,1,72,0.5,-0.63,12,3,1,2026-01-31 23:00:00
8550,382,1,59.9,75.0,75.0,1,139,1.0,0.0,1,1,1,2026-01-13 01:00:00
8551,382,2,43.6,59.9,59.9,1,120,0.0,0.0,2,1,1,2026-01-14 11:00:00
8552,382,3,73.7,51.75,51.75,1,184,0.0,0.0,3,2,0,2026-01-15 21:00:00
8553,382,4,86.3,59.07,59.07,1,149,1.0,0.0,4,2,0,2026-01-16 23:00:00
8554,382,5,37.9,67.87,65.88,1,136,1.0,1.99,5,3,1,2026-01-18 11:00:00
8555,382,5,67.6,65.97,60.28,2,304,1.0,5.69,6,3,1,2026-01-19 02:00:00
8556,382,6,30.4,63.93,61.5,1,176,1.0,2.43,7,1,1,2026-01-20 03:00:00
8557,382,7,62.5,45.3,57.06,1,137,0.0,-11.76,8,2,1,2026-01-21 05:00:00
8558,382,7,61.0,53.5,57.74,2,283,0.0,-4.24,9,2,1,2026-01-22 01:00:00
8559,382,8,42.0,51.3,58.1,1,120,1.0,-6.8,10,2,1,2026-01-23 23:00:00
8560,382,9,67.5,55.17,56.49,1,137,0.0,-1.32,11,3,1,2026-01-24 23:00:00
8561,382,9,63.3,56.83,57.49,2,273,0.0,-0.66,12,3,1,2026-01-26 12:00:00
8562,382,10,88.7,57.6,57.97,1,143,1.0,-0.37,12,2,0,2026-01-28 00:00:00
8563,382,11,68.4,73.17,60.34,1,146,0.0,12.83,12,1,1,2026-01-28 13:00:00
8564,382,11,78.3,73.47,60.91,2,297,0.0,12.55,13,1,0,2026-01-29 07:00:00
8565,382,12,56.9,78.47,62.07,1,144,0.5,16.39,13,2,1,2026-01-30 15:00:00
8566,382,12,86.6,67.87,61.75,2,259,0.5,6.12,13,2,0,2026-01-31 22:00:00
8567,382,13,52.5,73.93,63.21,1,121,1.0,10.72,13,2,1,2026-02-01 23:00:00
8568,382,14,41.3,65.33,62.62,1,129,0.5,2.72,12,3,1,2026-02-03 16:00:00
8569,382,14,65.6,60.13,61.49,2,263,0.5,-1.36,13,3,1,2026-02-04 01:00:00
8570,382,14,47.0,53.13,61.7,3,424,0.5,-8.57,13,3,1,2026-02-04 19:00:00
8571,382,15,38.1,51.3,61.0,1,116,1.0,-9.7,13,2,1,2026-02-06 18:00:00
8572,382,16,44.6,50.23,59.96,1,132,0.5,-9.73,12,3,1,2026-02-08 16:00:00
8573,383,1,43.6,75.0,75.0,1,109,1.0,0.0,1,1,1,2026-01-19 08:00:00
8574,383,1,45.3,43.6,43.6,2,193,1.0,0.0,2,1,1,2026-01-21 07:00:00
8575,383,1,40.5,44.45,44.45,3,292,1.0,0.0,3,1,1,2026-01-22 17:00:00
8576,383,2,60.0,43.13,43.13,1,87,0.0,0.0,4,1,1,2026-01-23 23:00:00
8577,383,2,77.3,48.6,47.35,2,182,0.0,1.25,5,1,0,2026-01-24 03:00:00
8578,383,3,87.1,59.27,53.34,1,85,1.0,5.93,6,2,0,2026-01-24 12:00:00
8579,383,4,87.5,74.8,58.97,1,103,1.0,15.83,7,2,0,2026-01-25 03:00:00
8580,383,5,42.6,83.97,63.04,1,59,1.0,20.92,8,3,1,2026-01-25 18:00:00
8581,383,6,78.5,72.4,60.49,1,82,1.0,11.91,9,1,0,2026-01-27 05:00:00
8582,383,7,92.2,69.53,62.49,1,95,1.0,7.04,10,2,0,2026-01-29 05:00:00
8583,383,8,90.5,71.1,65.46,1,100,1.0,5.64,11,2,0,2026-01-30 15:00:00
8584,383,8,79.8,87.07,67.74,2,219,1.0,19.33,12,2,0,2026-01-31 16:00:00
8585,383,9,54.4,87.5,68.74,1,82,1.0,18.76,13,3,1,2026-02-01 19:00:00
8586,383,9,85.3,74.9,67.64,2,201,1.0,7.26,13,3,0,2026-02-03 18:00:00
8587,383,9,49.7,73.17,68.9,3,277,1.0,4.27,13,3,1,2026-02-05 09:00:00
8588,383,10,95.1,63.13,67.62,1,116,1.0,-4.49,13,2,0,2026-02-06 08:00:00
8589,383,10,78.5,76.7,69.34,2,222,1.0,7.36,10,2,0,2026-02-08 06:00:00
8590,383,11,35.7,74.43,69.88,1,71,1.0,4.56,10,1,1,2026-02-10 01:00:00
8591,383,12,100.0,69.77,67.98,1,96,0.5,1.79,10,2,0,2026-02-11 07:00:00
8592,383,12,66.0,71.4,69.66,2,184,0.5,1.74,11,2,1,2026-02-11 13:00:00
8593,383,13,98.3,67.23,69.48,1,102,1.0,-2.25,11,2,0,2026-02-12 21:00:00
8594,383,14,77.7,88.1,70.85,1,85,1.0,17.25,10,3,0,2026-02-14 17:00:00
8595,383,14,56.3,80.67,71.16,2,168,1.0,9.5,11,3,1,2026-02-15 04:00:00
8596,384,1,90.7,75.0,75.0,1,167,1.0,0.0,1,1,0,2026-01-11 08:00:00
8597,384,1,91.5,90.7,90.7,2,305,1.0,0.0,2,1,0,2026-01-12 15:00:00
8598,384,2,66.7,91.1,91.1,1,156,1.0,0.0,3,1,1,2026-01-14 08:00:00
8599,384,3,60.4,82.97,82.97,1,135,0.0,0.0,4,2,1,2026-01-15 01:00:00
8600,384,4,68.7,72.87,77.32,1,173,0.0,-4.46,5,2,1,2026-01-16 06:00:00
8601,384,4,63.3,65.27,75.6,2,299,0.0,-10.33,6,2,1,2026-01-17 01:00:00
8602,384,5,87.1,64.13,73.55,1,127,0.0,-9.42,7,3,0,2026-01-18 05:00:00
8603,384,5,54.1,73.03,75.49,2,297,0.0,-2.45,8,3,1,2026-01-20 00:00:00
8604,384,5,30.5,68.17,72.81,3,428,0.0,-4.65,9,3,1,2026-01-20 06:00:00
8605,384,6,31.1,57.23,68.11,1,172,1.0,-10.88,10,1,1,2026-01-22 06:00:00
8606,384,7,82.2,38.57,64.41,1,157,0.0,-25.84,11,2,0,2026-01-23 10:00:00
8607,384,8,37.7,47.93,66.03,1,136,1.0,-18.09,12,2,1,2026-01-24 08:00:00
8608,384,8,85.4,50.33,63.67,2,239,1.0,-13.33,13,2,0,2026-01-24 12:00:00
8609,384,9,69.7,68.43,65.34,1,139,1.0,3.09,13,3,1,2026-01-25 22:00:00
8610,384,9,58.3,64.27,65.65,2,281,1.0,-1.38,13,3,1,2026-01-27 09:00:00
8611,384,9,39.7,71.13,65.16,3,444,1.0,5.97,13,3,1,2026-01-28 08:00:00
8612,384,10,39.2,55.9,63.57,1,171,1.0,-7.67,13,2,1,2026-01-29 17:00:00
8613,384,11,97.5,45.73,62.14,1,126,0.5,-16.4,13,1,0,2026-01-30 14:00:00
8614,384,12,73.7,58.8,64.1,1,156,0.5,-5.3,12,2,0,2026-02-01 11:00:00
8615,384,13,47.8,70.13,64.61,1,155,1.0,5.53,13,2,1,2026-02-02 13:00:00
8616,384,13,46.0,73.0,63.76,2,316,1.0,9.24,12,2,1,2026-02-03 16:00:00
8617,384,13,35.5,55.83,62.92,3,465,1.0,-7.09,13,2,1,2026-02-03 23:00:00
8618,384,14,68.8,43.1,61.67,1,101,1.0,-18.57,14,3,1,2026-02-04 17:00:00
8619,384,14,52.3,50.1,61.98,2,237,1.0,-11.88,14,3,1,2026-02-05 09:00:00
8620,384,15,59.2,52.2,61.58,1,116,1.0,-9.38,14,2,1,2026-02-06 10:00:00
8621,384,15,71.0,60.1,61.48,2,251,1.0,-1.38,15,2,0,2026-02-06 21:00:00
8622,384,15,95.5,60.83,61.85,3,410,1.0,-1.02,14,2,0,2026-02-07 14:00:00
8623,384,16,37.8,75.23,63.1,1,146,0.5,12.14,15,3,1,2026-02-08 09:00:00
8624,384,17,35.1,68.1,62.19,1,162,0.0,5.91,15,3,1,2026-02-09 20:00:00
8625,384,17,45.2,56.13,61.26,2,308,0.0,-5.13,14,3,1,2026-02-11 10:00:00
8626,384,18,42.4,39.37,60.72,1,114,0.0,-21.36,15,3,1,2026-02-12 06:00:00
8627,384,19,53.3,40.9,60.13,1,89,0.5,-19.23,14,2,1,2026-02-13 16:00:00
8628,385,1,79.2,75.0,75.0,1,142,1.0,0.0,1,1,0,2026-01-12 16:00:00
8629,385,2,66.7,79.2,79.2,1,135,1.0,0.0,2,1,1,2026-01-14 13:00:00
8630,385,3,70.6,72.95,72.95,1,120,0.0,0.0,3,2,0,2026-01-15 06:00:00
8631,385,3,63.7,72.17,72.17,2,225,0.0,0.0,4,2,1,2026-01-17 06:00:00
8632,385,4,47.0,67.0,70.05,1,125,1.0,-3.05,5,2,1,2026-01-18 11:00:00
8633,385,5,69.0,60.43,65.44,1,136,0.0,-5.01,6,3,1,2026-01-18 20:00:00
8634,385,6,91.6,59.9,66.03,1,153,1.0,-6.13,7,1,0,2026-01-20 01:00:00
8635,385,7,68.8,69.2,69.69,1,143,1.0,-0.49,8,2,1,2026-01-21 16:00:00
8636,385,8,32.9,76.47,69.58,1,172,1.0,6.89,9,2,1,2026-01-22 10:00:00
8637,385,8,49.8,64.43,65.5,2,291,1.0,-1.07,10,2,1,2026-01-23 05:00:00
8638,385,8,94.1,50.5,63.93,3,448,1.0,-13.43,11,2,0,2026-01-23 23:00:00
8639,385,9,45.9,58.93,66.67,1,140,1.0,-7.74,12,3,1,2026-01-25 06:00:00
8640,385,9,38.3,63.27,64.94,2,293,1.0,-1.68,13,3,1,2026-01-25 11:00:00
8641,385,10,40.7,59.43,62.89,1,131,1.0,-3.46,13,2,1,2026-01-26 18:00:00
8642,385,10,36.7,41.63,61.31,2,292,1.0,-19.67,14,2,1,2026-01-28 07:00:00
8643,385,11,44.7,38.57,59.67,1,145,0.0,-21.1,14,1,1,2026-01-28 21:00:00
8644,385,11,71.4,40.7,58.73,2,271,0.0,-18.03,14,1,0,2026-01-29 17:00:00
8645,385,12,40.5,50.93,59.48,1,139,0.5,-8.54,14,2,1,2026-01-31 10:00:00
8646,385,12,50.8,52.2,58.42,2,274,0.5,-6.22,15,2,1,2026-01-31 14:00:00
8647,385,13,39.2,54.23,58.02,1,149,0.0,-3.79,16,2,1,2026-02-01 08:00:00
8648,385,13,60.4,43.5,57.08,2,265,0.0,-13.58,15,2,1,2026-02-02 12:00:00
8649,385,13,71.2,50.13,57.24,3,404,0.0,-7.1,15,2,0,2026-02-03 08:00:00
8650,385,14,64.1,56.93,57.87,1,147,0.0,-0.94,16,3,1,2026-02-04 06:00:00
8651,385,14,38.6,65.23,58.14,2,287,0.0,7.09,16,3,1,2026-02-04 22:00:00
8652,385,15,93.7,57.97,57.33,1,166,1.0,0.64,16,2,0,2026-02-05 16:00:00
8653,385,15,31.6,65.47,58.78,2,321,1.0,6.68,16,2,1,2026-02-06 20:00:00
8654,385,16,35.2,54.63,57.74,1,139,0.0,-3.11,16,3,1,2026-02-07 16:00:00
8655,385,16,53.2,53.5,56.9,2,283,0.0,-3.4,16,3,1,2026-02-08 07:00:00
8656,386,1,38.1,75.0,75.0,1,145,1.0,0.0,1,1,1,2026-01-08 21:00:00
8657,386,2,59.1,38.1,38.1,1,148,0.0,0.0,2,1,1,2026-01-10 02:00:00
8658,386,2,45.3,48.6,48.6,2,251,0.0,0.0,3,1,1,2026-01-10 23:00:00
8659,386,2,85.0,47.5,47.5,3,384,0.0,0.0,4,1,0,2026-01-11 19:00:00
8660,386,3,65.1,63.13,56.88,1,110,1.0,6.26,5,2,1,2026-01-13 00:00:00
8661,386,4,43.6,65.13,58.52,1,165,0.0,6.61,6,2,1,2026-01-13 15:00:00
8662,386,5,45.3,64.57,56.03,1,138,0.0,8.53,7,3,1,2026-01-14 16:00:00
8663,386,6,34.4,51.33,54.5,1,136,1.0,-3.17,8,1,1,2026-01-15 05:00:00
8664,386,7,53.1,41.1,51.99,1,157,0.0,-10.89,9,2,1,2026-01-16 02:00:00
8665,386,8,53.9,44.27,52.11,1,148,1.0,-7.84,10,2,1,2026-01-18 01:00:00
8666,386,9,66.6,47.13,52.29,1,117,0.0,-5.16,11,3,1,2026-01-18 14:00:00
8667,386,9,49.4,57.87,53.59,2,255,0.0,4.28,12,3,1,2026-01-19 03:00:00
8668,386,10,50.3,56.63,53.24,1,133,1.0,3.39,13,2,1,2026-01-19 21:00:00
8669,386,11,37.3,55.43,53.02,1,105,0.5,2.42,14,1,1,2026-01-21 08:00:00
8670,386,12,58.7,45.67,51.89,1,126,0.0,-6.23,14,2,1,2026-01-22 22:00:00
8671,386,12,66.7,48.77,52.35,2,262,0.0,-3.58,15,2,1,2026-01-24 00:00:00
8672,386,13,69.6,54.23,53.24,1,137,0.0,0.99,15,2,1,2026-01-24 21:00:00
8673,386,14,37.9,65.0,54.21,1,110,0.0,10.79,14,3,1,2026-01-25 21:00:00
8674,386,15,34.4,58.07,53.3,1,163,0.0,4.77,14,2,1,2026-01-27 02:00:00
8675,386,15,57.4,47.3,52.31,2,300,0.0,-5.01,14,2,1,2026-01-27 16:00:00
8676,386,15,58.5,43.23,52.56,3,440,0.0,-9.33,15,2,1,2026-01-28 04:00:00
8677,387,1,89.2,75.0,75.0,1,98,1.0,0.0,1,1,0,2026-01-18 09:00:00
8678,387,2,51.9,89.2,89.2,1,74,1.0,0.0,2,1,1,2026-01-19 09:00:00
8679,387,2,55.1,70.55,70.55,2,173,1.0,0.0,3,1,1,2026-01-21 04:00:00
8680,387,2,84.0,65.4,65.4,3,255,1.0,0.0,4,1,0,2026-01-22 15:00:00
8681,387,3,79.4,63.67,70.05,1,72,1.0,-6.38,5,2,0,2026-01-24 06:00:00
8682,387,4,69.3,72.83,71.92,1,101,1.0,0.91,6,2,1,2026-01-25 05:00:00
8683,387,5,50.8,77.57,71.48,1,119,0.0,6.08,7,3,1,2026-01-26 04:00:00
8684,387,5,68.4,66.5,68.53,2,223,0.0,-2.03,8,3,1,2026-01-27 02:00:00
8685,387,5,84.0,62.83,68.51,3,331,0.0,-5.68,9,3,0,2026-01-28 00:00:00
8686,387,6,50.2,67.73,70.23,1,79,1.0,-2.5,10,1,1,2026-01-29 10:00:00
8687,387,7,75.0,67.53,68.23,1,58,0.0,-0.7,11,2,0,2026-01-30 17:00:00
8688,387,7,71.1,69.73,68.85,2,177,0.0,0.89,12,2,0,2026-02-01 05:00:00
8689,387,7,47.0,65.43,69.03,3,308,0.0,-3.6,12,2,1,2026-02-01 19:00:00
8690,387,8,77.6,64.37,67.34,1,120,1.0,-2.97,12,2,0,2026-02-02 21:00:00
8691,387,9,97.7,65.23,68.07,1,83,1.0,-2.84,13,3,0,2026-02-03 03:00:00
8692,387,10,75.7,74.1,70.05,1,66,1.0,4.05,13,2,0,2026-02-04 14:00:00
8693,387,10,52.6,83.67,70.4,2,134,1.0,13.27,14,2,1,2026-02-04 22:00:00
8694,387,11,68.0,75.33,69.35,1,56,1.0,5.98,14,1,1,2026-02-06 10:00:00
8695,387,12,72.8,65.43,69.28,1,87,0.5,-3.84,13,2,0,2026-02-08 10:00:00
8696,387,13,98.0,64.47,69.46,1,122,1.0,-5.0,13,2,0,2026-02-10 01:00:00
8697,387,13,58.6,79.6,70.89,2,209,1.0,8.71,13,2,1,2026-02-10 11:00:00
8698,387,13,79.9,76.47,70.3,3,305,1.0,6.16,13,2,0,2026-02-12 02:00:00
8699,387,14,35.5,78.83,70.74,1,117,1.0,8.09,12,3,1,2026-02-13 22:00:00
8700,387,14,85.1,58.0,69.21,2,198,1.0,-11.21,12,3,0,2026-02-15 11:00:00
8701,387,14,43.8,66.83,69.87,3,328,1.0,-3.04,12,3,1,2026-02-16 14:00:00
8702,387,15,32.8,54.8,68.83,1,129,0.0,-14.03,11,2,1,2026-02-18 01:00:00
8703,387,15,65.7,53.9,67.44,2,216,0.0,-13.54,10,2,1,2026-02-19 08:00:00
8704,387,16,65.5,47.43,67.38,1,78,1.0,-19.94,10,3,1,2026-02-20 16:00:00
8705,387,17,93.7,54.67,67.31,1,103,0.0,-12.64,11,3,0,2026-02-21 01:00:00
8706,387,18,97.0,74.97,68.22,1,83,0.0,6.75,11,3,0,2026-02-22 22:00:00
8707,388,1,96.5,75.0,75.0,1,36,1.0,0.0,1,1,0,2026-01-04 05:00:00
8708,388,2,71.6,96.5,96.5,1,85,1.0,0.0,2,1,0,2026-01-04 23:00:00
8709,388,3,47.4,84.05,84.05,1,84,1.0,0.0,3,2,1,2026-01-06 11:00:00
8710,388,4,34.4,71.83,71.83,1,63,0.0,0.0,4,2,1,2026-01-06 23:00:00
8711,388,5,87.7,51.13,62.48,1,34,0.0,-11.34,5,3,0,2026-01-08 00:00:00
8712,388,5,40.0,56.5,67.52,2,69,0.0,-11.02,6,3,1,2026-01-08 15:00:00
8713,388,5,64.4,54.03,62.93,3,131,0.0,-8.9,7,3,1,2026-01-10 04:00:00
8714,388,6,86.0,64.03,63.14,1,50,1.0,0.89,8,1,0,2026-01-11 22:00:00
8715,388,7,86.6,63.47,66.0,1,53,1.0,-2.53,9,2,0,2026-01-12 14:00:00
8716,388,8,96.5,79.0,68.29,1,80,1.0,10.71,10,2,0,2026-01-12 23:00:00
8717,388,9,97.8,89.7,71.11,1,74,1.0,18.59,11,3,0,2026-01-13 21:00:00
8718,388,10,46.8,93.63,73.54,1,87,1.0,20.1,12,2,1,2026-01-14 08:00:00
8719,388,11,98.5,80.37,71.31,1,40,1.0,9.06,13,1,0,2026-01-15 07:00:00
8720,388,12,86.9,81.03,73.4,1,53,1.0,7.63,14,2,0,2026-01-16 22:00:00
8721,388,12,97.5,77.4,74.36,2,128,1.0,3.04,15,2,0,2026-01-17 15:00:00
8722,389,1,84.9,75.0,75.0,1,148,1.0,0.0,1,1,0,2026-01-14 18:00:00
8723,389,2,57.5,84.9,84.9,1,170,1.0,0.0,2,1,1,2026-01-15 23:00:00
8724,389,3,74.8,71.2,71.2,1,148,0.0,0.0,3,2,0,2026-01-16 10:00:00
8725,389,3,55.4,72.4,72.4,2,324,0.0,0.0,4,2,1,2026-01-17 08:00:00
8726,389,4,69.6,62.57,68.15,1,150,1.0,-5.58,5,2,1,2026-01-17 18:00:00
8727,389,5,66.4,66.6,68.44,1,161,0.0,-1.84,6,3,1,2026-01-18 06:00:00
8728,389,6,83.1,63.8,68.1,1,133,1.0,-4.3,7,1,0,2026-01-19 16:00:00
8729,389,6,49.7,73.03,70.24,2,273,1.0,2.79,8,1,1,2026-01-20 09:00:00
8730,389,6,47.1,66.4,67.68,3,431,1.0,-1.28,9,1,1,2026-01-22 00:00:00
8731,389,7,66.6,59.97,65.39,1,172,1.0,-5.42,10,2,1,2026-01-22 04:00:00
8732,389,8,84.5,54.47,65.51,1,154,1.0,-11.04,11,2,0,2026-01-24 02:00:00
8733,389,9,30.5,66.07,67.24,1,138,1.0,-1.17,12,3,1,2026-01-25 19:00:00
8734,389,9,69.8,60.53,64.18,2,305,1.0,-3.64,13,3,1,2026-01-27 01:00:00
8735,389,10,94.2,61.6,64.61,1,96,1.0,-3.01,13,2,0,2026-01-28 19:00:00
8736,389,11,59.8,64.83,66.72,1,111,0.0,-1.89,13,1,1,2026-01-30 04:00:00
8737,389,12,90.4,74.6,66.26,1,153,0.0,8.34,13,2,0,2026-01-30 21:00:00
8738,389,12,69.4,81.47,67.77,2,293,0.0,13.7,12,2,1,2026-01-31 19:00:00
8739,389,12,57.5,73.2,67.86,3,445,0.0,5.34,12,2,1,2026-02-01 12:00:00
8740,389,13,83.7,72.43,67.29,1,141,1.0,5.14,13,2,0,2026-02-01 16:00:00
8741,389,13,57.4,70.2,68.15,2,292,1.0,2.05,14,2,1,2026-02-02 04:00:00
8742,389,14,51.8,66.2,67.62,1,123,0.5,-1.42,13,3,1,2026-02-04 03:00:00
8743,389,14,57.7,64.3,66.86,2,274,0.5,-2.56,12,3,1,2026-02-06 02:00:00
8744,389,14,33.8,55.63,66.45,3,433,0.5,-10.81,12,3,1,2026-02-07 08:00:00
8745,390,1,74.8,75.0,75.0,1,164,1.0,0.0,1,1,0,2026-01-31 19:00:00
8746,390,2,75.2,74.8,74.8,1,180,1.0,0.0,2,1,0,2026-02-02 16:00:00
8747,390,3,31.2,75.0,75.0,1,144,1.0,0.0,3,2,1,2026-02-03 01:00:00
8748,390,3,92.5,60.4,60.4,2,289,1.0,0.0,4,2,0,2026-02-04 06:00:00
8749,390,4,60.6,66.3,68.42,1,109,1.0,-2.12,5,2,1,2026-02-04 19:00:00
8750,390,4,96.7,61.43,66.86,2,238,1.0,-5.43,6,2,0,2026-02-05 21:00:00
8751,390,4,33.4,83.27,71.83,3,374,1.0,11.43,7,2,1,2026-02-07 18:00:00
8752,390,5,37.9,63.57,66.34,1,161,1.0,-2.78,8,3,1,2026-02-08 20:00:00
8753,390,6,95.3,56.0,62.79,1,127,1.0,-6.79,9,1,0,2026-02-10 20:00:00
8754,390,7,39.8,55.53,66.4,1,155,1.0,-10.87,10,2,1,2026-02-11 11:00:00
8755,390,8,94.7,57.67,63.74,1,139,1.0,-6.07,11,2,0,2026-02-13 09:00:00
8756,390,8,88.8,76.6,66.55,2,275,1.0,10.05,12,2,0,2026-02-13 18:00:00
8757,390,8,33.8,74.43,68.41,3,419,1.0,6.03,13,2,1,2026-02-14 06:00:00
8758,390,9,58.1,72.43,65.75,1,132,1.0,6.69,14,3,1,2026-02-14 13:00:00
8759,390,10,50.4,60.23,65.2,1,131,1.0,-4.97,14,2,1,2026-02-15 13:00:00
8760,390,11,91.0,47.43,64.21,1,105,0.5,-16.78,15,1,0,2026-02-16 13:00:00
8761,390,12,66.1,66.5,65.89,1,135,0.5,0.61,15,2,1,2026-02-17 00:00:00
8762,390,13,37.8,69.17,65.9,1,130,0.0,3.27,14,2,1,2026-02-18 09:00:00
8763,391,1,39.6,75.0,75.0,1,99,1.0,0.0,1,1,1,2026-01-05 22:00:00
8764,391,2,86.1,39.6,39.6,1,118,0.0,0.0,2,1,0,2026-01-06 18:00:00
8765,391,3,76.8,62.85,62.85,1,123,1.0,0.0,3,2,0,2026-01-08 10:00:00
8766,391,4,96.3,67.5,67.5,1,114,1.0,0.0,4,2,0,2026-01-09 00:00:00
8767,391,5,60.5,86.4,74.7,1,129,1.0,11.7,5,3,1,2026-01-09 07:00:00
8768,391,5,49.0,77.87,71.86,2,250,1.0,6.01,6,3,1,2026-01-11 05:00:00
8769,391,5,91.9,68.6,68.05,3,354,1.0,0.55,7,3,0,2026-01-12 20:00:00
8770,391,6,98.2,67.13,71.46,1,100,1.0,-4.32,8,1,0,2026-01-14 18:00:00
8771,391,6,83.5,79.7,74.8,2,216,1.0,4.9,9,1,0,2026-01-16 08:00:00
8772,391,6,44.4,91.2,75.77,3,337,1.0,15.43,10,1,1,2026-01-17 16:00:00
8773,391,7,71.0,75.37,72.63,1,137,1.0,2.74,11,2,0,2026-01-18 20:00:00
8774,391,8,81.7,66.3,72.48,1,133,1.0,-6.18,11,2,0,2026-01-19 22:00:00
8775,391,8,68.2,65.7,73.25,2,232,1.0,-7.55,11,2,1,2026-01-20 22:00:00
8776,391,8,56.0,73.63,72.86,3,339,1.0,0.77,12,2,1,2026-01-22 07:00:00
8777,391,9,42.7,68.63,71.66,1,123,1.0,-3.02,12,3,1,2026-01-22 14:00:00
8778,391,10,79.0,55.63,69.73,1,131,1.0,-14.09,11,2,0,2026-01-24 03:00:00
8779,391,11,82.0,59.23,70.31,1,128,1.0,-11.07,11,1,0,2026-01-25 21:00:00
8780,391,12,58.5,67.9,70.99,1,108,0.5,-3.09,11,2,1,2026-01-27 21:00:00
8781,391,13,66.0,73.17,70.3,1,84,0.0,2.87,11,2,1,2026-01-28 21:00:00
8782,391,14,86.0,68.83,70.07,1,90,0.5,-1.24,12,3,0,2026-01-29 06:00:00
8783,391,14,72.4,70.17,70.87,2,205,0.5,-0.7,12,3,0,2026-01-30 11:00:00
8784,391,15,47.8,74.8,70.94,1,116,1.0,3.86,12,2,1,2026-02-01 07:00:00
8785,391,15,56.6,68.73,69.89,2,204,1.0,-1.16,11,2,1,2026-02-03 01:00:00
8786,391,15,71.7,58.93,69.31,3,314,1.0,-10.38,12,2,0,2026-02-03 20:00:00
8787,391,16,30.2,58.7,69.41,1,122,0.0,-10.71,12,3,1,2026-02-04 03:00:00
8788,391,17,56.6,52.83,67.84,1,86,0.0,-15.01,12,3,1,2026-02-05 09:00:00
8789,391,17,31.0,52.83,67.41,2,218,0.0,-14.58,12,3,1,2026-02-06 15:00:00
8790,392,1,83.8,75.0,75.0,1,82,1.0,0.0,1,1,0,2026-01-27 18:00:00
8791,392,1,77.9,83.8,83.8,2,197,1.0,0.0,2,1,0,2026-01-29 02:00:00
8792,392,1,46.4,80.85,80.85,3,276,1.0,0.0,3,1,1,2026-01-29 23:00:00
8793,392,2,83.2,69.37,69.37,1,69,1.0,0.0,4,1,0,2026-01-31 10:00:00
8794,392,3,37.8,69.17,72.82,1,80,1.0,-3.66,5,2,1,2026-02-01 04:00:00
8795,392,4,41.3,55.8,65.82,1,88,0.0,-10.02,6,2,1,2026-02-02 17:00:00
8796,392,5,77.5,54.1,61.73,1,82,0.0,-7.63,7,3,0,2026-02-03 07:00:00
8797,392,6,44.3,52.2,63.99,1,85,1.0,-11.79,8,1,1,2026-02-04 09:00:00
8798,392,7,38.8,54.37,61.52,1,96,0.0,-7.16,9,2,1,2026-02-05 05:00:00
8799,392,8,91.5,53.53,59.0,1,86,1.0,-5.47,10,2,0,2026-02-05 18:00:00
8800,392,9,57.1,58.2,62.25,1,88,1.0,-4.05,11,3,1,2026-02-07 04:00:00
8801,392,10,91.9,62.47,61.78,1,55,1.0,0.68,12,2,0,2026-02-09 03:00:00
8802,392,10,70.5,80.17,64.29,2,152,1.0,15.88,13,2,0,2026-02-10 11:00:00
8803,392,11,91.5,73.17,64.77,1,88,0.5,8.4,13,1,0,2026-02-11 23:00:00
8804,392,12,80.4,84.63,66.68,1,122,0.5,17.95,13,2,0,2026-02-12 16:00:00
8805,392,12,84.8,80.8,67.59,2,193,0.5,13.21,13,2,0,2026-02-14 07:00:00
8806,392,12,32.8,85.57,68.67,3,246,0.5,16.9,12,2,1,2026-02-15 08:00:00
8807,393,1,82.3,75.0,75.0,1,102,1.0,0.0,1,1,0,2026-01-20 11:00:00
8808,393,2,63.3,82.3,82.3,1,96,1.0,0.0,2,1,1,2026-01-21 06:00:00
8809,393,3,43.6,72.8,72.8,1,69,0.0,0.0,3,2,1,2026-01-21 18:00:00
8810,393,4,49.1,63.07,63.07,1,59,0.0,0.0,4,2,1,2026-01-22 05:00:00
8811,393,4,61.3,52.0,59.58,2,179,0.0,-7.57,5,2,1,2026-01-23 02:00:00
8812,393,4,78.2,51.33,59.92,3,297,0.0,-8.59,6,2,0,2026-01-23 23:00:00
8813,393,5,48.1,62.87,62.97,1,40,1.0,-0.1,7,3,1,2026-01-24 06:00:00
8814,393,6,70.0,62.53,60.84,1,80,1.0,1.69,8,1,0,2026-01-25 06:00:00
8815,393,7,84.0,65.43,61.99,1,123,1.0,3.45,9,2,0,2026-01-25 20:00:00
8816,393,8,70.1,67.37,64.43,1,80,1.0,2.93,10,2,0,2026-01-26 18:00:00
8817,393,9,74.1,74.7,65.0,1,80,1.0,9.7,11,3,0,2026-01-28 12:00:00
8818,393,9,61.1,76.07,65.83,2,164,1.0,10.24,12,3,1,2026-01-28 21:00:00
8819,393,9,90.4,68.43,65.43,3,231,1.0,3.0,13,3,0,2026-01-30 08:00:00
8820,393,10,80.9,75.2,67.35,1,55,1.0,7.85,14,2,0,2026-01-31 15:00:00
8821,393,11,43.4,77.47,68.32,1,111,0.5,9.15,15,1,1,2026-02-01 03:00:00
8822,393,12,95.3,71.57,66.66,1,53,0.5,4.91,16,2,0,2026-02-01 23:00:00
8823,393,13,91.4,73.2,68.45,1,94,1.0,4.75,17,2,0,2026-02-02 21:00:00
8824,393,14,79.0,76.7,69.8,1,107,1.0,6.9,17,3,0,2026-02-04 05:00:00
8825,393,15,63.9,88.57,70.31,1,60,0.0,18.26,15,2,1,2026-02-05 23:00:00
8826,393,15,94.9,78.1,69.97,2,131,0.0,8.13,14,2,0,2026-02-06 23:00:00
8827,393,16,33.3,79.27,71.22,1,114,1.0,8.05,12,3,1,2026-02-08 23:00:00
8828,394,1,50.0,75.0,75.0,1,150,1.0,0.0,1,1,1,2026-01-14 14:00:00
8829,394,2,68.0,50.0,50.0,1,127,0.0,0.0,2,1,1,2026-01-14 19:00:00
8830,394,3,37.5,59.0,59.0,1,164,0.0,0.0,3,2,1,2026-01-16 16:00:00
8831,394,4,49.7,51.83,51.83,1,164,0.0,0.0,4,2,1,2026-01-17 14:00:00
8832,394,4,49.6,51.73,51.3,2,309,0.0,0.43,5,2,1,2026-01-19 00:00:00
8833,394,4,97.8,45.6,50.96,3,430,0.0,-5.36,6,2,0,2026-01-20 08:00:00
8834,394,5,69.6,65.7,58.77,1,131,1.0,6.93,7,3,1,2026-01-21 04:00:00
8835,394,5,91.9,72.33,60.31,2,276,1.0,12.02,8,3,0,2026-01-22 00:00:00
8836,394,5,72.7,86.43,64.26,3,412,1.0,22.17,9,3,0,2026-01-23 11:00:00
8837,394,6,94.9,78.07,65.2,1,158,1.0,12.87,10,1,0,2026-01-24 15:00:00
8838,394,7,68.0,86.5,68.17,1,109,1.0,18.33,11,2,1,2026-01-26 08:00:00
8839,394,8,69.1,78.53,68.15,1,110,1.0,10.38,12,2,1,2026-01-26 14:00:00
8840,394,9,39.8,77.33,68.23,1,143,0.0,9.1,13,3,1,2026-01-27 05:00:00
8841,394,9,49.2,58.97,66.05,2,273,0.0,-7.08,14,3,1,2026-01-28 13:00:00
8842,394,9,51.4,52.7,64.84,3,400,0.0,-12.14,13,3,1,2026-01-30 08:00:00
8843,394,10,85.1,46.8,63.95,1,104,1.0,-17.15,12,2,0,2026-02-01 00:00:00
8844,394,10,42.4,61.9,65.27,2,244,1.0,-3.37,12,2,1,2026-02-02 21:00:00
8845,394,10,65.4,59.63,63.92,3,382,1.0,-4.29,12,2,1,2026-02-03 19:00:00
8846,394,11,71.4,64.3,64.01,1,153,0.0,0.29,12,1,0,2026-02-04 16:00:00
8847,394,11,51.5,59.73,64.39,2,294,0.0,-4.66,12,1,1,2026-02-05 23:00:00
8848,394,11,92.8,62.77,63.75,3,431,0.0,-0.98,12,1,0,2026-02-07 11:00:00
8849,394,12,81.2,71.9,65.13,1,163,0.5,6.77,12,2,0,2026-02-08 01:00:00
8850,394,12,77.4,75.17,65.86,2,276,0.5,9.3,13,2,0,2026-02-09 06:00:00
8851,394,13,73.4,83.8,66.37,1,150,1.0,17.43,11,2,0,2026-02-11 01:00:00
8852,394,13,30.3,77.33,66.66,2,256,1.0,10.67,12,2,1,2026-02-11 08:00:00
8853,394,14,41.5,60.37,65.2,1,123,0.5,-4.84,12,3,1,2026-02-12 16:00:00
8854,394,14,93.8,48.4,64.29,2,238,0.5,-15.89,13,3,0,2026-02-12 21:00:00
8855,394,15,39.5,55.2,65.39,1,155,1.0,-10.19,13,2,1,2026-02-13 09:00:00
8856,394,15,62.9,58.27,64.46,2,293,1.0,-6.19,14,2,1,2026-02-13 20:00:00
8857,394,15,68.2,65.4,64.41,3,432,1.0,0.99,15,2,1,2026-02-14 05:00:00
8858,394,16,97.1,56.87,64.53,1,117,0.5,-7.67,15,3,0,2026-02-15 09:00:00
8859,394,17,55.2,76.07,65.58,1,134,1.0,10.48,16,3,1,2026-02-15 15:00:00
8860,394,17,53.7,73.5,65.26,2,258,1.0,8.24,16,3,1,2026-02-17 01:00:00
8861,394,18,82.7,68.67,64.91,1,147,1.0,3.76,17,3,0,2026-02-17 13:00:00
8862,394,19,36.3,63.87,65.43,1,120,1.0,-1.57,17,2,1,2026-02-18 12:00:00
8863,395,1,89.8,75.0,75.0,1,116,1.0,0.0,1,1,0,2026-01-05 15:00:00
8864,395,2,90.5,89.8,89.8,1,56,1.0,0.0,2,1,0,2026-01-07 04:00:00
8865,395,2,94.4,90.15,90.15,2,129,1.0,0.0,3,1,0,2026-01-07 22:00:00
8866,395,3,67.4,91.57,91.57,1,123,1.0,0.0,4,2,1,2026-01-09 14:00:00
8867,395,3,36.8,84.1,85.52,2,204,1.0,-1.42,5,2,1,2026-01-10 01:00:00
8868,395,3,74.8,66.2,75.78,3,267,1.0,-9.58,6,2,0,2026-01-11 19:00:00
8869,395,4,54.7,59.67,75.62,1,94,1.0,-15.95,7,2,1,2026-01-13 06:00:00
8870,395,5,44.7,55.43,72.63,1,80,0.0,-17.2,8,3,1,2026-01-14 14:00:00
8871,395,5,92.1,58.07,69.14,2,153,0.0,-11.07,9,3,0,2026-01-15 15:00:00
8872,395,6,48.5,63.83,71.69,1,68,1.0,-7.86,10,1,1,2026-01-17 09:00:00
8873,395,7,94.0,61.77,69.37,1,145,0.0,-7.6,11,2,0,2026-01-18 03:00:00
8874,395,8,89.0,78.2,71.61,1,84,1.0,6.59,11,2,0,2026-01-20 03:00:00
8875,395,9,97.3,77.17,73.06,1,51,1.0,4.11,12,3,0,2026-01-20 11:00:00
8876,395,10,54.6,93.43,74.92,1,119,1.0,18.51,12,2,1,2026-01-21 15:00:00
8877,395,11,88.7,80.3,73.47,1,102,1.0,6.83,12,1,0,2026-01-23 01:00:00
8878,395,12,93.2,80.2,74.49,1,74,1.0,5.71,11,2,0,2026-01-24 04:00:00
8879,395,13,92.8,78.83,75.66,1,71,1.0,3.18,11,2,0,2026-01-25 19:00:00
8880,395,14,35.5,91.57,76.66,1,103,1.0,14.9,12,3,1,2026-01-26 11:00:00
8881,395,14,98.3,73.83,74.38,2,188,1.0,-0.54,13,3,0,2026-01-26 17:00:00
8882,395,15,88.9,75.53,75.64,1,51,1.0,-0.1,13,2,0,2026-01-27 22:00:00
8883,395,16,62.2,74.23,76.3,1,125,1.0,-2.07,12,3,1,2026-01-29 17:00:00
8884,395,17,82.9,83.13,75.63,1,81,0.0,7.5,13,3,0,2026-01-31 01:00:00
8885,395,17,52.9,78.0,75.96,2,200,0.0,2.04,12,3,1,2026-02-01 17:00:00
8886,395,17,51.0,66.0,74.96,3,315,0.0,-8.96,13,3,1,2026-02-02 05:00:00
8887,395,18,98.0,62.27,73.96,1,69,0.0,-11.69,12,3,0,2026-02-03 21:00:00
8888,395,19,59.7,67.3,74.92,1,110,0.5,-7.62,12,2,1,2026-02-04 19:00:00
8889,395,20,60.2,69.57,74.33,1,76,0.0,-4.77,13,3,1,2026-02-05 14:00:00
8890,396,1,72.9,75.0,75.0,1,72,1.0,0.0,1,1,0,2026-01-13 18:00:00
8891,396,1,60.5,72.9,72.9,2,173,1.0,0.0,2,1,1,2026-01-14 17:00:00
8892,396,2,62.8,66.7,66.7,1,117,1.0,0.0,3,1,1,2026-01-16 17:00:00
8893,396,3,67.0,65.4,65.4,1,100,0.0,0.0,4,2,1,2026-01-17 23:00:00
8894,396,4,78.5,63.43,65.8,1,103,0.0,-2.37,5,2,0,2026-01-19 12:00:00
8895,396,5,51.2,69.43,68.34,1,132,1.0,1.09,6,3,1,2026-01-21 00:00:00
8896,396,5,99.6,65.57,65.48,2,244,1.0,0.08,7,3,0,2026-01-21 09:00:00
8897,396,5,63.0,76.43,70.36,3,337,1.0,6.08,8,3,1,2026-01-21 20:00:00
8898,396,6,74.8,71.27,69.44,1,124,1.0,1.83,9,1,0,2026-01-22 14:00:00
8899,396,6,96.3,79.13,70.03,2,237,1.0,9.1,10,1,0,2026-01-23 11:00:00
8900,396,6,71.0,78.03,72.66,3,296,1.0,5.37,11,1,0,2026-01-24 17:00:00
8901,396,7,67.8,80.7,72.51,1,118,1.0,8.19,12,2,1,2026-01-26 08:00:00
8902,396,8,30.2,78.37,72.12,1,117,1.0,6.25,13,2,1,2026-01-27 11:00:00
8903,396,9,31.0,56.33,68.89,1,110,0.0,-12.56,12,3,1,2026-01-29 03:00:00
8904,396,9,56.9,43.0,66.19,2,237,0.0,-23.19,13,3,1,2026-01-29 09:00:00
8905,396,10,98.6,39.37,65.57,1,96,1.0,-26.2,14,2,0,2026-01-29 15:00:00
8906,396,11,74.0,62.17,67.63,1,116,0.0,-5.46,14,1,0,2026-01-31 11:00:00
8907,396,11,72.4,76.5,68.01,2,194,0.0,8.49,14,1,0,2026-02-01 06:00:00
8908,396,11,84.5,81.67,68.25,3,312,0.0,13.42,14,1,0,2026-02-03 05:00:00
8909,396,12,89.9,76.97,69.11,1,149,0.5,7.86,14,2,0,2026-02-04 08:00:00
8910,396,12,98.0,82.27,70.15,2,239,0.5,12.12,13,2,0,2026-02-05 02:00:00
8911,396,13,32.9,90.8,71.47,1,94,1.0,19.33,14,2,1,2026-02-05 06:00:00
8912,396,13,92.4,73.6,69.72,2,189,1.0,3.88,13,2,0,2026-02-06 18:00:00
8913,397,1,96.6,75.0,75.0,1,142,1.0,0.0,1,1,0,2026-01-14 14:00:00
8914,397,2,47.7,96.6,96.6,1,118,1.0,0.0,2,1,1,2026-01-15 07:00:00
8915,397,2,51.8,72.15,72.15,2,266,1.0,0.0,3,1,1,2026-01-16 19:00:00
8916,397,3,38.3,65.37,65.37,1,156,0.0,0.0,4,2,1,2026-01-17 10:00:00
8917,397,4,94.7,45.93,58.6,1,150,0.0,-12.67,5,2,0,2026-01-19 08:00:00
8918,397,5,61.9,61.6,65.82,1,104,1.0,-4.22,6,3,1,2026-01-21 04:00:00
8919,397,6,48.0,64.97,65.17,1,159,1.0,-0.2,7,1,1,2026-01-22 05:00:00
8920,397,7,39.5,68.2,62.71,1,158,0.0,5.49,8,2,1,2026-01-22 16:00:00
8921,397,8,50.4,49.8,59.81,1,156,1.0,-10.01,9,2,1,2026-01-24 11:00:00
8922,397,9,46.4,45.97,58.77,1,147,0.0,-12.8,10,3,1,2026-01-24 21:00:00
8923,397,10,52.1,45.43,57.53,1,144,1.0,-12.1,11,2,1,2026-01-26 19:00:00
8924,397,10,47.8,49.63,57.04,2,304,1.0,-7.4,11,2,1,2026-01-28 15:00:00
8925,397,11,69.3,48.77,56.27,1,178,0.0,-7.5,11,1,1,2026-01-29 19:00:00
8926,397,11,82.8,56.4,57.27,2,298,0.0,-0.87,11,1,0,2026-01-31 02:00:00
8927,397,11,55.5,66.63,59.09,3,459,0.0,7.54,11,1,1,2026-02-01 20:00:00
8928,397,12,54.5,69.2,58.85,1,138,0.5,10.35,11,2,1,2026-02-03 20:00:00
8929,397,12,48.7,64.27,58.58,2,275,0.5,5.69,11,2,1,2026-02-04 18:00:00
8930,397,13,75.7,52.9,58.0,1,109,0.0,-5.1,12,2,0,2026-02-05 00:00:00
8931,397,14,39.4,59.63,58.98,1,134,0.0,0.65,11,3,1,2026-02-06 23:00:00
8932,397,14,46.7,54.6,57.95,2,254,0.0,-3.35,12,3,1,2026-02-07 05:00:00
8933,397,14,84.8,53.93,57.39,3,384,0.0,-3.46,12,3,0,2026-02-07 19:00:00
8934,397,15,62.2,56.97,58.7,1,118,1.0,-1.73,12,2,1,2026-02-08 11:00:00
8935,397,15,78.1,64.57,58.85,2,249,1.0,5.71,13,2,0,2026-02-08 18:00:00
8936,397,15,63.5,75.03,59.69,3,380,1.0,15.34,13,2,1,2026-02-10 05:00:00
8937,397,16,51.7,67.93,59.85,1,141,0.0,8.08,14,3,1,2026-02-10 20:00:00
8938,397,17,32.0,64.43,59.52,1,107,0.0,4.91,15,3,1,2026-02-11 07:00:00
8939,397,17,41.0,49.07,58.47,2,218,0.0,-9.4,14,3,1,2026-02-12 21:00:00
8940,398,1,88.4,75.0,75.0,1,97,1.0,0.0,1,1,0,2026-01-13 07:00:00
8941,398,2,80.4,88.4,88.4,1,74,1.0,0.0,2,1,0,2026-01-14 07:00:00
8942,398,2,63.6,84.4,84.4,2,185,1.0,0.0,3,1,1,2026-01-15 03:00:00
8943,398,3,86.6,77.47,77.47,1,94,1.0,0.0,4,2,0,2026-01-16 06:00:00
8944,398,4,97.4,76.87,79.75,1,102,1.0,-2.88,5,2,0,2026-01-17 19:00:00
8945,398,5,90.0,82.53,83.28,1,118,1.0,-0.75,6,3,0,2026-01-19 05:00:00
8946,398,5,63.2,91.33,84.4,2,201,1.0,6.93,7,3,1,2026-01-19 21:00:00
8947,398,5,98.9,83.53,81.37,3,279,1.0,2.16,8,3,0,2026-01-20 14:00:00
8948,398,6,71.2,84.03,83.56,1,107,1.0,0.47,9,1,0,2026-01-21 02:00:00
8949,398,7,72.7,77.77,82.19,1,100,1.0,-4.42,10,2,0,2026-01-22 16:00:00
8950,398,7,88.2,80.93,81.24,2,186,1.0,-0.31,11,2,0,2026-01-22 21:00:00
8951,398,8,77.1,77.37,81.87,1,117,1.0,-4.51,12,2,0,2026-01-23 22:00:00
8952,398,9,32.7,79.33,81.48,1,85,1.0,-2.14,13,3,1,2026-01-25 17:00:00
8953,398,9,37.5,66.0,77.72,2,175,1.0,-11.72,14,3,1,2026-01-26 20:00:00
8954,398,10,98.3,49.1,74.85,1,90,1.0,-25.75,13,2,0,2026-01-28 17:00:00
8955,398,10,34.3,56.17,76.41,2,161,1.0,-20.25,13,2,1,2026-01-29 16:00:00
8956,398,11,31.5,56.7,73.78,1,91,1.0,-17.08,13,1,1,2026-01-31 12:00:00
8957,398,12,58.3,54.7,71.29,1,117,0.0,-16.59,12,2,1,2026-02-02 05:00:00
8958,398,13,76.0,41.37,70.57,1,98,0.0,-29.21,12,2,0,2026-02-02 21:00:00
8959,398,14,78.0,55.27,70.86,1,90,0.5,-15.59,12,3,0,2026-02-04 01:00:00
8960,398,15,61.5,70.77,71.22,1,86,0.0,-0.45,12,2,1,2026-02-05 07:00:00
8961,398,15,99.3,71.83,70.75,2,182,0.0,1.08,10,2,0,2026-02-06 22:00:00
8962,398,16,57.6,79.6,72.05,1,104,0.0,7.55,11,3,1,2026-02-07 03:00:00
8963,399,1,51.7,75.0,75.0,1,152,1.0,0.0,1,1,1,2026-01-19 22:00:00
8964,399,2,88.5,51.7,51.7,1,133,0.0,0.0,2,1,0,2026-01-20 03:00:00
8965,399,3,84.3,70.1,70.1,1,146,1.0,0.0,3,2,0,2026-01-21 11:00:00
8966,399,3,43.1,74.83,74.83,2,295,1.0,0.0,4,2,1,2026-01-23 05:00:00
8967,399,3,59.7,71.97,66.9,3,414,1.0,5.07,5,2,1,2026-01-23 16:00:00
8968,399,4,79.3,62.37,65.46,1,143,1.0,-3.09,6,2,0,2026-01-25 00:00:00
8969,399,4,80.2,60.7,67.77,2,239,1.0,-7.07,7,2,0,2026-01-25 05:00:00
8970,399,4,43.3,73.07,69.54,3,388,1.0,3.52,8,2,1,2026-01-26 12:00:00
8971,399,5,55.1,67.6,66.26,1,153,1.0,1.34,9,3,1,2026-01-27 00:00:00
8972,399,6,62.4,59.53,65.02,1,154,1.0,-5.49,10,1,1,2026-01-27 15:00:00
8973,399,6,84.6,53.6,64.76,2,286,1.0,-11.16,11,1,0,2026-01-28 13:00:00
8974,399,7,51.5,67.37,66.56,1,146,1.0,0.8,12,2,1,2026-01-29 10:00:00
8975,399,7,80.1,66.17,65.31,2,314,1.0,0.86,13,2,0,2026-01-30 14:00:00
8976,399,7,67.2,72.07,66.45,3,482,1.0,5.62,14,2,1,2026-02-01 10:00:00
8977,399,8,99.1,66.27,66.5,1,139,1.0,-0.23,15,2,0,2026-02-01 20:00:00
8978,399,9,99.9,82.13,68.67,1,142,1.0,13.46,16,3,0,2026-02-02 18:00:00
8979,399,9,57.8,88.73,70.62,2,304,1.0,18.11,14,3,1,2026-02-04 14:00:00
8980,399,9,46.9,85.6,69.87,3,413,1.0,15.73,15,3,1,2026-02-05 13:00:00
8981,399,10,67.1,68.2,68.59,1,133,1.0,-0.39,15,2,1,2026-02-06 14:00:00
8982,400,1,98.5,75.0,75.0,1,166,1.0,0.0,1,1,0,2026-01-15 19:00:00
8983,400,2,53.2,98.5,98.5,1,159,1.0,0.0,2,1,1,2026-01-17 05:00:00
8984,400,2,57.4,75.85,75.85,2,306,1.0,0.0,3,1,1,2026-01-19 00:00:00
8985,400,3,89.8,69.7,69.7,1,109,0.0,0.0,4,2,0,2026-01-19 15:00:00
8986,400,4,41.0,66.8,74.72,1,139,1.0,-7.92,5,2,1,2026-01-20 05:00:00
8987,400,5,57.8,62.73,67.98,1,128,0.0,-5.25,6,3,1,2026-01-20 22:00:00
8988,400,5,78.8,62.87,66.28,2,274,0.0,-3.42,7,3,0,2026-01-21 06:00:00
8989,400,5,41.2,59.2,68.07,3,397,0.0,-8.87,8,3,1,2026-01-22 14:00:00
8990,400,6,65.0,59.27,64.71,1,119,1.0,-5.45,9,1,1,2026-01-23 00:00:00
8991,400,7,87.1,61.67,64.74,1,98,0.0,-3.08,10,2,0,2026-01-23 16:00:00
8992,400,7,63.6,64.43,66.98,2,262,0.0,-2.55,11,2,1,2026-01-24 03:00:00
8993,400,7,31.4,71.9,66.67,3,394,0.0,5.23,12,2,1,2026-01-25 09:00:00
8994,400,8,44.6,60.7,63.73,1,143,1.0,-3.03,13,2,1,2026-01-27 01:00:00
8995,400,9,30.7,46.53,62.26,1,139,0.0,-15.73,14,3,1,2026-01-28 16:00:00
8996,400,10,96.9,35.57,60.01,1,118,1.0,-24.44,15,2,0,2026-01-29 10:00:00
8997,400,10,49.7,57.4,62.47,2,232,1.0,-5.07,15,2,1,2026-01-30 17:00:00
8998,400,11,52.6,59.1,61.67,1,119,0.5,-2.57,15,1,1,2026-02-01 16:00:00
8999,400,12,63.4,66.4,61.14,1,125,0.0,5.26,13,2,1,2026-02-03 13:00:00
9000,400,12,78.4,55.23,61.26,2,272,0.0,-6.03,12,2,0,2026-02-05 02:00:00
9001,400,12,53.0,64.8,62.16,3,396,0.0,2.64,13,2,1,2026-02-05 13:00:00
9002,401,1,74.7,75.0,75.0,1,94,1.0,0.0,1,1,0,2026-01-19 21:00:00
9003,401,2,73.1,74.7,74.7,1,80,1.0,0.0,2,1,0,2026-01-21 06:00:00
9004,401,3,70.6,73.9,73.9,1,76,1.0,0.0,3,2,0,2026-01-21 13:00:00
9005,401,4,91.0,72.8,72.8,1,57,1.0,0.0,4,2,0,2026-01-22 21:00:00
9006,401,5,98.6,78.23,77.35,1,90,1.0,0.88,5,3,0,2026-01-24 15:00:00
9007,401,6,94.4,86.73,81.6,1,55,1.0,5.13,6,1,0,2026-01-25 09:00:00
9008,401,7,56.1,94.67,83.73,1,59,1.0,10.93,7,2,1,2026-01-27 06:00:00
9009,401,7,95.1,83.03,79.79,2,122,1.0,3.25,8,2,0,2026-01-28 17:00:00
9010,401,7,90.8,81.87,81.7,3,196,1.0,0.17,9,2,0,2026-01-29 09:00:00
9011,401,8,88.0,80.67,82.71,1,72,1.0,-2.04,10,2,0,2026-01-29 15:00:00
9012,401,9,62.5,91.3,83.24,1,50,1.0,8.06,11,3,1,2026-01-30 06:00:00
9013,401,10,66.2,80.43,81.35,1,49,1.0,-0.92,12,2,1,2026-01-30 22:00:00
9014,401,11,71.7,72.23,80.09,1,72,1.0,-7.86,13,1,0,2026-02-01 15:00:00
9015,401,12,88.3,66.8,79.45,1,74,0.5,-12.65,13,2,0,2026-02-03 01:00:00
9016,401,13,95.9,75.4,80.08,1,52,1.0,-4.68,14,2,0,2026-02-04 01:00:00
9017,401,14,58.8,85.3,81.13,1,30,1.0,4.17,13,3,1,2026-02-04 17:00:00
9018,402,1,57.2,75.0,75.0,1,105,1.0,0.0,1,1,1,2026-01-14 09:00:00
9019,402,2,86.1,57.2,57.2,1,122,0.0,0.0,2,1,0,2026-01-15 10:00:00
9020,402,3,82.8,71.65,71.65,1,146,1.0,0.0,3,2,0,2026-01-16 04:00:00
9021,402,3,58.5,75.37,75.37,2,232,1.0,0.0,4,2,1,2026-01-17 02:00:00
9022,402,3,47.9,75.8,71.15,3,333,1.0,4.65,5,2,1,2026-01-18 04:00:00
9023,402,4,54.3,63.07,66.5,1,102,1.0,-3.43,6,2,1,2026-01-19 11:00:00
9024,402,4,98.0,53.57,64.47,2,239,1.0,-10.9,7,2,0,2026-01-20 21:00:00
9025,402,5,88.6,66.73,69.26,1,109,1.0,-2.52,8,3,0,2026-01-22 00:00:00
9026,402,6,77.5,80.3,71.68,1,91,1.0,8.62,9,1,0,2026-01-22 20:00:00
9027,402,6,98.1,88.03,72.32,2,212,1.0,15.71,10,1,0,2026-01-24 17:00:00
9028,402,6,74.8,88.07,74.9,3,313,1.0,13.17,11,1,0,2026-01-25 07:00:00
9029,402,7,94.4,83.47,74.89,1,85,1.0,8.58,12,2,0,2026-01-25 20:00:00
9030,402,8,96.4,89.1,76.52,1,92,1.0,12.58,13,2,0,2026-01-26 04:00:00
9031,402,8,99.1,88.53,78.05,2,236,1.0,10.49,14,2,0,2026-01-27 23:00:00
9032,402,8,96.6,96.63,79.55,3,353,1.0,17.08,15,2,0,2026-01-28 06:00:00
9033,402,9,87.1,97.37,80.69,1,112,1.0,16.68,15,3,0,2026-01-28 13:00:00
9034,402,9,40.4,94.27,81.09,2,217,1.0,13.18,15,3,1,2026-01-29 23:00:00
9035,402,9,38.1,74.7,78.69,3,332,1.0,-3.99,15,3,1,2026-01-30 14:00:00
9036,402,10,94.1,55.2,76.44,1,115,1.0,-21.24,15,2,0,2026-01-31 22:00:00
9037,402,10,54.3,57.53,77.37,2,230,1.0,-19.84,15,2,1,2026-02-02 04:00:00
9038,402,10,48.5,62.17,76.22,3,342,1.0,-14.05,15,2,1,2026-02-03 19:00:00
9039,402,11,70.1,65.63,74.9,1,127,1.0,-9.26,14,1,0,2026-02-05 13:00:00
9040,402,12,89.4,57.63,74.68,1,110,1.0,-17.04,14,2,0,2026-02-07 04:00:00
9041,402,12,58.5,69.33,75.32,2,200,1.0,-5.98,12,2,1,2026-02-08 22:00:00
9042,402,13,86.0,72.67,74.62,1,97,1.0,-1.95,12,2,0,2026-02-10 03:00:00
9043,403,1,91.9,75.0,75.0,1,50,1.0,0.0,1,1,0,2026-01-28 03:00:00
9044,403,2,86.8,91.9,91.9,1,130,1.0,0.0,2,1,0,2026-01-29 22:00:00
9045,403,3,34.8,89.35,89.35,1,107,1.0,0.0,3,2,1,2026-01-30 21:00:00
9046,403,3,33.1,71.17,71.17,2,180,1.0,0.0,4,2,1,2026-02-01 00:00:00
9047,403,4,31.4,51.57,61.65,1,84,0.0,-10.08,5,2,1,2026-02-01 13:00:00
9048,403,4,45.4,33.1,55.6,2,161,0.0,-22.5,6,2,1,2026-02-03 02:00:00
9049,403,4,41.5,36.63,53.9,3,281,0.0,-17.27,7,2,1,2026-02-03 08:00:00
9050,403,5,34.1,39.43,52.13,1,61,0.0,-12.7,8,3,1,2026-02-05 03:00:00
9051,403,5,42.7,40.33,49.88,2,153,0.0,-9.54,9,3,1,2026-02-05 23:00:00
9052,403,5,32.9,39.43,49.08,3,240,0.0,-9.64,10,3,1,2026-02-07 07:00:00
9053,403,6,47.0,36.57,47.46,1,106,1.0,-10.89,11,1,1,2026-02-08 00:00:00
9054,403,7,75.2,40.87,47.42,1,87,0.0,-6.55,12,2,0,2026-02-08 14:00:00
9055,403,8,98.1,51.7,49.73,1,54,1.0,1.97,13,2,0,2026-02-09 23:00:00
9056,403,8,84.2,73.43,53.45,2,138,1.0,19.98,14,2,0,2026-02-10 08:00:00
9057,403,8,48.3,85.83,55.65,3,208,1.0,30.18,14,2,1,2026-02-12 02:00:00
9058,403,9,45.2,76.87,55.16,1,91,1.0,21.71,14,3,1,2026-02-13 10:00:00
9059,403,9,32.6,59.23,54.54,2,209,1.0,4.7,15,3,1,2026-02-13 20:00:00
9060,403,9,53.2,42.03,53.25,3,264,1.0,-11.21,13,3,1,2026-02-15 18:00:00
9061,403,10,90.0,43.67,53.24,1,73,1.0,-9.58,14,2,0,2026-02-16 06:00:00
9062,403,11,82.1,58.6,55.18,1,78,1.0,3.42,15,1,0,2026-02-16 11:00:00
9063,403,11,48.9,75.1,56.52,2,160,1.0,18.57,16,1,1,2026-02-16 21:00:00
9064,403,11,84.6,73.67,56.16,3,264,1.0,17.5,15,1,0,2026-02-17 17:00:00
9065,403,12,80.5,71.87,57.45,1,86,0.5,14.41,16,2,0,2026-02-18 17:00:00
9066,403,13,84.3,71.33,58.46,1,98,1.0,12.88,16,2,0,2026-02-19 21:00:00
9067,403,14,97.2,83.13,59.53,1,77,1.0,23.6,16,3,0,2026-02-21 06:00:00
9068,403,14,54.3,87.33,61.04,2,171,1.0,26.29,14,3,1,2026-02-23 03:00:00
9069,403,14,35.8,78.6,60.78,3,276,1.0,17.82,15,3,1,2026-02-23 13:00:00
9070,403,15,91.7,62.43,59.86,1,75,1.0,2.58,14,2,0,2026-02-25 06:00:00
9071,403,16,72.0,60.6,60.99,1,105,0.5,-0.39,15,3,0,2026-02-25 20:00:00
9072,403,16,70.2,66.5,61.37,2,196,0.5,5.13,15,3,0,2026-02-27 01:00:00
9073,404,1,37.6,75.0,75.0,1,160,1.0,0.0,1,1,1,2026-01-27 22:00:00
9074,404,1,55.1,37.6,37.6,2,295,1.0,0.0,2,1,1,2026-01-29 05:00:00
9075,404,2,60.8,46.35,46.35,1,147,0.0,0.0,3,1,1,2026-01-30 12:00:00
9076,404,3,90.3,51.17,51.17,1,139,0.0,0.0,4,2,0,2026-02-01 10:00:00
9077,404,3,97.8,68.73,60.95,2,277,0.0,7.78,5,2,0,2026-02-02 08:00:00
9078,404,4,58.5,82.97,68.32,1,145,1.0,14.65,6,2,1,2026-02-03 04:00:00
9079,404,4,79.5,82.2,66.68,2,295,1.0,15.52,7,2,0,2026-02-04 11:00:00
9080,404,5,54.5,78.6,68.51,1,115,1.0,10.09,8,3,1,2026-02-04 17:00:00
9081,404,5,38.1,64.17,66.76,2,283,1.0,-2.6,9,3,1,2026-02-05 16:00:00
9082,404,6,85.6,57.37,63.58,1,102,1.0,-6.21,10,1,0,2026-02-07 14:00:00
9083,404,7,68.4,59.4,65.78,1,126,1.0,-6.38,11,2,1,2026-02-08 17:00:00
9084,404,7,47.2,64.03,66.02,2,264,1.0,-1.98,12,2,1,2026-02-10 16:00:00
9085,404,7,59.5,67.07,64.45,3,412,1.0,2.62,13,2,1,2026-02-10 21:00:00
9086,404,8,40.9,58.37,64.07,1,171,1.0,-5.7,13,2,1,2026-02-11 11:00:00
9087,404,9,48.0,49.2,62.41,1,102,0.0,-13.21,13,3,1,2026-02-13 00:00:00
9088,404,9,63.8,49.47,61.45,2,231,0.0,-11.99,13,3,1,2026-02-14 02:00:00
9089,404,9,61.6,50.9,61.6,3,328,0.0,-10.7,14,3,1,2026-02-14 07:00:00
9090,404,10,45.4,57.8,61.6,1,140,1.0,-3.8,15,2,1,2026-02-14 17:00:00
9091,404,10,70.7,56.93,60.7,2,285,1.0,-3.77,16,2,0,2026-02-15 05:00:00
9092,404,11,55.7,59.23,61.23,1,171,0.0,-1.99,15,1,1,2026-02-17 02:00:00
9093,404,12,39.9,57.27,60.95,1,142,0.0,-3.68,13,2,1,2026-02-18 18:00:00
9094,404,12,34.8,55.43,59.95,2,302,0.0,-4.51,13,2,1,2026-02-19 17:00:00
9095,404,13,46.0,43.47,58.8,1,151,0.0,-15.34,14,2,1,2026-02-20 15:00:00
9096,404,14,89.2,40.23,58.25,1,131,0.0,-18.01,14,3,0,2026-02-21 22:00:00
9097,404,15,53.8,56.67,59.54,1,111,0.0,-2.87,14,2,1,2026-02-23 05:00:00
9098,404,15,64.2,63.0,59.31,2,256,0.0,3.69,15,2,1,2026-02-23 17:00:00
9099,404,16,59.4,69.07,59.5,1,110,0.0,9.57,15,3,1,2026-02-24 16:00:00
9100,404,17,82.2,59.13,59.49,1,165,0.0,-0.36,14,3,0,2026-02-25 20:00:00
9101,404,17,38.9,68.6,60.3,2,301,0.0,8.3,15,3,1,2026-02-26 04:00:00
9102,404,17,49.1,60.17,59.57,3,464,0.0,0.6,15,3,1,2026-02-27 13:00:00
9103,405,1,78.0,75.0,75.0,1,80,1.0,0.0,1,1,0,2026-01-18 04:00:00
9104,405,2,88.1,78.0,78.0,1,95,1.0,0.0,2,1,0,2026-01-18 12:00:00
9105,405,3,58.5,83.05,83.05,1,94,1.0,0.0,3,2,1,2026-01-20 01:00:00
9106,405,4,76.5,74.87,74.87,1,89,0.0,0.0,4,2,0,2026-01-21 10:00:00
9107,405,5,43.4,74.37,75.28,1,81,1.0,-0.91,5,3,1,2026-01-23 07:00:00
9108,405,6,90.9,59.47,68.9,1,97,1.0,-9.43,6,1,0,2026-01-24 14:00:00
9109,405,7,66.6,70.27,72.57,1,71,1.0,-2.3,7,2,1,2026-01-25 20:00:00
9110,405,8,95.0,66.97,71.71,1,65,1.0,-4.75,8,2,0,2026-01-26 19:00:00
9111,405,9,65.0,84.17,74.62,1,114,1.0,9.54,9,3,1,2026-01-27 08:00:00
9112,405,10,96.6,75.53,73.56,1,104,1.0,1.98,10,2,0,2026-01-29 08:00:00
9113,405,11,85.6,85.53,75.86,1,91,0.5,9.67,11,1,0,2026-01-30 10:00:00
9114,405,12,98.5,82.4,76.75,1,123,0.5,5.65,12,2,0,2026-01-31 22:00:00
9115,405,13,70.8,93.57,78.56,1,84,1.0,15.01,11,2,0,2026-02-01 22:00:00
9116,405,13,63.2,84.97,77.96,2,200,1.0,7.01,11,2,1,2026-02-03 10:00:00
9117,405,13,49.4,77.5,76.91,3,293,1.0,0.59,12,2,1,2026-02-03 20:00:00
9118,405,14,46.2,61.13,75.07,1,69,0.5,-13.94,12,3,1,2026-02-04 16:00:00
9119,405,15,97.6,52.93,73.27,1,126,1.0,-20.34,13,2,0,2026-02-05 16:00:00
9120,405,16,60.4,64.4,74.7,1,109,0.5,-10.3,13,3,1,2026-02-06 18:00:00
9121,405,16,91.0,68.07,73.91,2,196,0.5,-5.84,13,3,0,2026-02-08 00:00:00
9122,405,17,72.8,83.0,74.81,1,104,1.0,8.19,13,3,0,2026-02-09 14:00:00
9123,406,1,75.8,75.0,75.0,1,131,1.0,0.0,1,1,0,2026-01-21 20:00:00
9124,406,1,93.1,75.8,75.8,2,287,1.0,0.0,2,1,0,2026-01-22 06:00:00
9125,406,2,74.5,84.45,84.45,1,92,1.0,0.0,3,1,0,2026-01-22 19:00:00
9126,406,2,31.5,81.13,81.13,2,211,1.0,0.0,4,1,1,2026-01-24 07:00:00
9127,406,2,97.8,66.37,68.72,3,370,1.0,-2.36,5,1,0,2026-01-26 06:00:00
9128,406,3,41.3,67.93,74.54,1,135,1.0,-6.61,6,2,1,2026-01-26 22:00:00
9129,406,3,78.5,56.87,69.0,2,279,1.0,-12.13,7,2,0,2026-01-28 17:00:00
9130,406,3,57.9,72.53,70.36,3,392,1.0,2.18,8,2,1,2026-01-29 20:00:00
9131,406,4,54.7,59.23,68.8,1,176,1.0,-9.57,9,2,1,2026-01-31 13:00:00
9132,406,5,35.3,63.7,67.23,1,163,0.0,-3.53,10,3,1,2026-02-01 18:00:00
9133,406,5,72.9,49.3,64.04,2,298,0.0,-14.74,11,3,0,2026-02-02 04:00:00
9134,406,6,98.5,54.3,64.85,1,131,1.0,-10.55,12,1,0,2026-02-02 22:00:00
9135,406,7,52.1,68.9,67.65,1,160,1.0,1.25,13,2,1,2026-02-04 04:00:00
9136,406,7,85.2,74.5,66.45,2,339,1.0,8.05,13,2,0,2026-02-05 02:00:00
9137,406,7,65.8,78.6,67.79,3,498,1.0,10.81,12,2,1,2026-02-06 12:00:00
9138,406,8,43.6,67.7,67.66,1,183,1.0,0.04,12,2,1,2026-02-07 13:00:00
9139,406,8,99.6,64.87,66.16,2,304,1.0,-1.29,13,2,0,2026-02-08 05:00:00
9140,406,8,32.1,69.67,68.12,3,427,1.0,1.54,14,2,1,2026-02-08 13:00:00
9141,406,9,38.7,58.43,66.12,1,116,1.0,-7.69,13,3,1,2026-02-10 03:00:00
9142,406,10,81.2,56.8,64.68,1,148,1.0,-7.88,14,2,0,2026-02-11 14:00:00
9143,406,11,66.0,50.67,65.5,1,143,1.0,-14.84,13,1,1,2026-02-13 06:00:00
9144,406,12,66.9,61.97,65.53,1,136,0.0,-3.56,13,2,1,2026-02-15 03:00:00
9145,406,12,82.6,71.37,65.59,2,292,0.0,5.78,12,2,0,2026-02-16 06:00:00
9146,406,12,63.6,71.83,66.33,3,456,0.0,5.5,13,2,1,2026-02-16 13:00:00
9147,406,13,34.0,71.03,66.22,1,109,1.0,4.82,12,2,1,2026-02-18 05:00:00
9148,406,13,74.2,60.07,64.93,2,237,1.0,-4.86,12,2,0,2026-02-19 20:00:00
9149,407,1,95.8,75.0,75.0,1,106,1.0,0.0,1,1,0,2026-01-16 23:00:00
9150,407,2,84.7,95.8,95.8,1,80,1.0,0.0,2,1,0,2026-01-17 15:00:00
9151,407,3,93.0,90.25,90.25,1,74,1.0,0.0,3,2,0,2026-01-18 16:00:00
9152,407,4,84.9,91.17,91.17,1,110,1.0,0.0,4,2,0,2026-01-18 20:00:00
9153,407,4,73.0,87.53,89.6,2,174,1.0,-2.07,5,2,0,2026-01-20 15:00:00
9154,407,5,60.7,83.63,86.28,1,83,1.0,-2.65,6,3,1,2026-01-22 05:00:00
9155,407,5,76.8,72.87,82.02,2,179,1.0,-9.15,7,3,0,2026-01-23 03:00:00
9156,407,6,98.5,70.17,81.27,1,78,1.0,-11.1,8,1,0,2026-01-24 03:00:00
9157,407,7,85.2,78.67,83.42,1,105,1.0,-4.76,9,2,0,2026-01-25 06:00:00
9158,407,8,69.8,86.83,83.62,1,78,1.0,3.21,10,2,1,2026-01-25 14:00:00
9159,407,9,78.3,84.5,82.24,1,118,0.0,2.26,11,3,0,2026-01-26 13:00:00
9160,407,10,75.5,77.77,81.88,1,87,1.0,-4.12,12,2,0,2026-01-27 09:00:00
9161,407,11,88.9,74.53,81.35,1,103,1.0,-6.82,13,1,0,2026-01-29 04:00:00
9162,407,12,88.2,80.9,81.93,1,104,1.0,-1.03,14,2,0,2026-01-30 17:00:00
9163,407,13,42.9,84.2,82.38,1,77,1.0,1.82,13,2,1,2026-02-01 05:00:00
9164,407,13,59.5,73.33,79.75,2,125,1.0,-6.41,13,2,1,2026-02-01 19:00:00
9165,407,13,57.8,63.53,78.48,3,222,1.0,-14.95,13,2,1,2026-02-02 02:00:00
9166,407,14,47.9,53.4,77.26,1,91,1.0,-23.86,14,3,1,2026-02-03 09:00:00
9167,407,15,65.4,55.07,75.63,1,101,1.0,-20.57,14,2,1,2026-02-04 05:00:00
9168,407,15,79.5,57.03,75.09,2,186,1.0,-18.06,15,2,0,2026-02-04 11:00:00
9169,407,15,56.8,64.27,75.32,3,267,1.0,-11.05,16,2,1,2026-02-04 20:00:00
9170,407,16,83.3,67.23,74.43,1,130,1.0,-7.2,16,3,0,2026-02-05 11:00:00
9171,407,17,65.8,73.2,74.84,1,60,1.0,-1.64,16,3,1,2026-02-06 05:00:00
9172,407,18,97.0,68.63,74.44,1,104,1.0,-5.81,16,3,0,2026-02-07 05:00:00
9173,407,18,78.9,82.03,75.38,2,182,1.0,6.65,15,3,0,2026-02-08 15:00:00
9174,407,18,32.5,80.57,75.52,3,265,1.0,5.04,15,3,1,2026-02-09 21:00:00
9175,407,19,59.0,69.47,73.87,1,83,1.0,-4.4,15,2,1,2026-02-10 23:00:00
9176,408,1,80.5,75.0,75.0,1,43,1.0,0.0,1,1,0,2026-01-19 03:00:00
9177,408,2,92.8,80.5,80.5,1,71,1.0,0.0,2,1,0,2026-01-20 23:00:00
9178,408,3,88.5,86.65,86.65,1,87,1.0,0.0,3,2,0,2026-01-21 19:00:00
9179,408,4,95.9,87.27,87.27,1,69,1.0,0.0,4,2,0,2026-01-22 05:00:00
9180,408,5,34.2,92.4,89.43,1,62,1.0,2.98,5,3,1,2026-01-22 14:00:00
9181,408,6,80.7,72.87,78.38,1,40,1.0,-5.51,6,1,0,2026-01-23 22:00:00
9182,408,7,89.1,70.27,78.77,1,70,1.0,-8.5,7,2,0,2026-01-24 03:00:00
9183,408,8,79.8,68.0,80.24,1,103,1.0,-12.24,8,2,0,2026-01-24 13:00:00
9184,408,9,89.8,83.2,80.19,1,52,1.0,3.01,9,3,0,2026-01-26 08:00:00
9185,408,9,85.7,86.23,81.26,2,104,1.0,4.98,10,3,0,2026-01-26 12:00:00
9186,408,10,46.3,85.1,81.7,1,48,1.0,3.4,11,2,1,2026-01-28 02:00:00
9187,408,11,96.3,73.93,78.48,1,50,1.0,-4.55,12,1,0,2026-01-29 06:00:00
9188,408,12,78.0,76.1,79.97,1,30,1.0,-3.87,13,2,0,2026-01-30 13:00:00
9189,408,13,35.7,73.53,79.82,1,68,1.0,-6.28,14,2,1,2026-02-01 05:00:00
9190,409,1,83.9,75.0,75.0,1,93,1.0,0.0,1,1,0,2026-01-08 17:00:00
9191,409,2,36.6,83.9,83.9,1,77,1.0,0.0,2,1,1,2026-01-10 03:00:00
9192,409,3,46.7,60.25,60.25,1,125,0.0,0.0,3,2,1,2026-01-11 22:00:00
9193,409,4,30.5,55.73,55.73,1,88,0.0,0.0,4,2,1,2026-01-12 10:00:00
9194,409,5,35.8,37.93,49.42,1,103,0.0,-11.49,5,3,1,2026-01-13 22:00:00
9195,409,5,38.9,37.67,46.7,2,242,0.0,-9.03,6,3,1,2026-01-14 22:00:00
9196,409,5,50.2,35.07,45.4,3,323,0.0,-10.33,7,3,1,2026-01-15 23:00:00
9197,409,6,69.5,41.63,46.09,1,79,1.0,-4.45,8,1,1,2026-01-17 04:00:00
9198,409,7,47.6,52.87,49.01,1,115,0.0,3.85,9,2,1,2026-01-19 00:00:00
9199,409,7,38.1,55.77,48.86,2,247,0.0,6.91,10,2,1,2026-01-20 15:00:00
9200,409,8,59.6,51.73,47.78,1,78,1.0,3.95,11,2,1,2026-01-21 11:00:00
9201,409,8,49.3,48.43,48.85,2,196,1.0,-0.42,12,2,1,2026-01-22 03:00:00
9202,409,8,68.9,49.0,48.89,3,317,1.0,0.11,12,2,1,2026-01-23 23:00:00
9203,409,9,45.0,59.27,50.43,1,68,0.0,8.84,12,3,1,2026-01-24 06:00:00
9204,409,10,48.9,54.4,50.04,1,125,1.0,4.36,13,2,1,2026-01-25 03:00:00
9205,409,11,39.1,54.27,49.97,1,127,0.0,4.3,14,1,1,2026-01-25 14:00:00
9206,409,11,66.8,44.33,49.29,2,230,0.0,-4.95,13,1,1,2026-01-27 07:00:00
9207,409,12,41.4,51.6,50.32,1,135,0.0,1.28,13,2,1,2026-01-28 15:00:00
9208,409,13,62.5,49.1,49.82,1,132,0.0,-0.72,13,2,1,2026-01-29 17:00:00
9209,409,13,60.5,56.9,50.49,2,244,0.0,6.41,13,2,1,2026-01-30 01:00:00
9210,409,14,37.7,54.8,50.99,1,100,0.0,3.81,14,3,1,2026-01-30 06:00:00
9211,409,15,48.8,53.57,50.36,1,90,0.0,3.21,15,2,1,2026-01-30 13:00:00
9212,409,15,40.0,49.0,50.29,2,199,0.0,-1.29,15,2,1,2026-01-31 05:00:00
9213,410,1,96.0,75.0,75.0,1,71,1.0,0.0,1,1,0,2026-02-01 06:00:00
9214,410,2,38.9,96.0,96.0,1,53,1.0,0.0,2,1,1,2026-02-02 15:00:00
9215,410,3,74.1,67.45,67.45,1,30,0.0,0.0,3,2,0,2026-02-03 10:00:00
9216,410,4,31.6,69.67,69.67,1,85,1.0,0.0,4,2,1,2026-02-04 17:00:00
9217,410,5,50.6,48.2,60.15,1,63,0.0,-11.95,5,3,1,2026-02-06 07:00:00
9218,410,6,77.0,52.1,58.24,1,52,1.0,-6.14,6,1,0,2026-02-06 15:00:00
9219,410,7,83.4,53.07,61.37,1,77,1.0,-8.3,7,2,0,2026-02-07 07:00:00
9220,410,8,99.1,70.33,64.51,1,90,1.0,5.82,8,2,0,2026-02-07 15:00:00
9221,410,9,82.7,86.5,68.84,1,30,1.0,17.66,9,3,0,2026-02-09 10:00:00
9222,410,9,76.6,88.4,70.38,2,98,1.0,18.02,10,3,0,2026-02-11 01:00:00
9223,410,10,78.5,86.13,71.0,1,31,1.0,15.13,11,2,0,2026-02-11 23:00:00
9224,410,11,77.1,79.27,71.68,1,69,0.5,7.58,12,1,0,2026-02-13 05:00:00
9225,410,12,83.6,77.4,72.13,1,62,1.0,5.27,13,2,0,2026-02-13 12:00:00
9226,410,13,77.6,79.73,73.02,1,72,1.0,6.72,13,2,0,2026-02-15 10:00:00
9227,410,14,88.0,79.43,73.34,1,50,1.0,6.09,14,3,0,2026-02-16 13:00:00
9228,410,15,66.3,83.07,74.32,1,30,1.0,8.75,14,2,1,2026-02-16 18:00:00
9229,410,15,73.9,77.3,73.82,2,80,1.0,3.48,14,2,0,2026-02-17 10:00:00
9230,410,15,30.1,76.07,73.82,3,148,1.0,2.24,15,2,1,2026-02-18 05:00:00
9231,410,16,89.3,56.77,71.39,1,80,1.0,-14.63,15,3,0,2026-02-19 16:00:00
9232,410,16,91.9,64.43,72.34,2,116,1.0,-7.9,13,3,0,2026-02-21 10:00:00
9233,410,16,84.7,70.43,73.32,3,196,1.0,-2.88,13,3,0,2026-02-22 12:00:00
9234,410,17,70.9,88.63,73.86,1,47,1.0,14.78,13,3,0,2026-02-24 11:00:00
9235,410,18,44.8,82.5,73.72,1,67,1.0,8.78,12,3,1,2026-02-26 10:00:00
9236,410,19,99.8,66.8,72.47,1,49,1.0,-5.67,13,2,0,2026-02-26 20:00:00
9237,410,19,95.3,71.83,73.6,2,112,1.0,-1.77,14,2,0,2026-02-27 03:00:00
9238,410,19,36.7,79.97,74.47,3,189,1.0,5.49,13,2,1,2026-02-28 17:00:00
9239,410,20,89.8,77.27,73.02,1,35,1.0,4.25,13,3,0,2026-03-01 20:00:00
9240,411,1,81.6,75.0,75.0,1,76,1.0,0.0,1,1,0,2026-01-14 13:00:00
9241,411,2,94.9,81.6,81.6,1,93,1.0,0.0,2,1,0,2026-01-15 20:00:00
9242,411,3,32.2,88.25,88.25,1,138,1.0,0.0,3,2,1,2026-01-16 13:00:00
9243,411,3,70.7,69.57,69.57,2,210,1.0,0.0,4,2,0,2026-01-17 04:00:00
9244,411,4,42.8,65.93,69.85,1,130,1.0,-3.92,5,2,1,2026-01-18 08:00:00
9245,411,5,61.4,48.57,64.44,1,130,0.0,-15.87,6,3,1,2026-01-18 16:00:00
9246,411,6,93.5,58.3,63.93,1,88,1.0,-5.63,7,1,0,2026-01-19 22:00:00
9247,411,6,88.2,65.9,68.16,2,172,1.0,-2.26,8,1,0,2026-01-21 10:00:00
9248,411,7,68.9,81.03,70.66,1,76,1.0,10.37,9,2,1,2026-01-22 05:00:00
9249,411,8,44.1,83.53,70.47,1,88,1.0,13.07,10,2,1,2026-01-23 04:00:00
9250,411,9,81.2,67.07,67.83,1,61,0.0,-0.76,11,3,0,2026-01-25 03:00:00
9251,411,10,50.2,64.73,69.05,1,88,1.0,-4.31,12,2,1,2026-01-25 07:00:00
9252,411,11,70.8,58.5,67.48,1,119,0.5,-8.98,13,1,0,2026-01-26 22:00:00
9253,411,12,73.7,67.4,67.73,1,77,1.0,-0.33,13,2,0,2026-01-28 20:00:00
9254,411,13,61.0,64.9,68.16,1,85,1.0,-3.26,14,2,1,2026-01-29 08:00:00
9255,411,14,70.8,68.5,67.68,1,55,0.5,0.82,13,3,0,2026-01-30 18:00:00
9256,411,14,58.8,68.5,67.88,2,152,0.5,0.62,13,3,1,2026-02-01 01:00:00
9257,411,14,83.3,63.53,67.34,3,247,0.5,-3.81,12,3,0,2026-02-01 20:00:00
9258,411,15,73.2,70.97,68.23,1,91,1.0,2.74,13,2,0,2026-02-02 05:00:00
9259,411,15,81.3,71.77,68.49,2,176,1.0,3.28,13,2,0,2026-02-03 18:00:00
9260,411,16,94.3,79.27,69.13,1,84,1.0,10.14,13,3,0,2026-02-04 22:00:00
9261,411,16,46.8,82.93,70.33,2,184,1.0,12.6,12,3,1,2026-02-06 12:00:00
9262,411,16,45.5,74.13,69.26,3,273,1.0,4.87,11,3,1,2026-02-08 09:00:00
9263,411,17,40.0,62.2,68.23,1,96,1.0,-6.03,12,3,1,2026-02-09 07:00:00
9264,412,1,62.7,75.0,75.0,1,114,1.0,0.0,1,1,1,2026-01-19 08:00:00
9265,412,2,89.8,62.7,62.7,1,132,0.0,0.0,2,1,0,2026-01-20 18:00:00
9266,412,3,92.7,76.25,76.25,1,123,1.0,0.0,3,2,0,2026-01-21 01:00:00
9267,412,3,34.1,81.73,81.73,2,236,1.0,0.0,4,2,1,2026-01-21 16:00:00
9268,412,3,40.0,72.2,69.82,3,376,1.0,2.38,5,2,1,2026-01-23 13:00:00
9269,412,4,97.9,55.6,63.86,1,118,1.0,-8.26,6,2,0,2026-01-25 05:00:00
9270,412,5,68.1,57.33,69.53,1,136,1.0,-12.2,7,3,1,2026-01-26 10:00:00
9271,412,6,99.5,68.67,69.33,1,122,1.0,-0.66,8,1,0,2026-01-27 20:00:00
9272,412,6,89.8,88.5,73.1,2,195,1.0,15.4,9,1,0,2026-01-29 18:00:00
9273,412,6,83.7,85.8,74.96,3,331,1.0,10.84,10,1,0,2026-01-30 21:00:00
9274,412,7,46.6,91.0,75.83,1,112,1.0,15.17,11,2,1,2026-01-31 21:00:00
9275,412,7,87.3,73.37,73.17,2,220,1.0,0.19,11,2,0,2026-02-02 15:00:00
9276,412,7,37.0,72.53,74.35,3,335,1.0,-1.82,12,2,1,2026-02-03 10:00:00
9277,412,8,89.6,56.97,71.48,1,103,1.0,-14.51,10,2,0,2026-02-05 02:00:00
9278,412,9,84.8,71.3,72.77,1,114,1.0,-1.47,11,3,0,2026-02-05 12:00:00
9279,412,9,32.1,70.47,73.57,2,212,1.0,-3.11,11,3,1,2026-02-06 16:00:00
9280,412,9,96.7,68.83,70.98,3,347,1.0,-2.15,12,3,0,2026-02-07 04:00:00
9281,412,10,70.4,71.2,72.49,1,107,1.0,-1.29,12,2,0,2026-02-08 14:00:00
9282,412,10,65.7,66.4,72.38,2,209,1.0,-5.98,13,2,1,2026-02-09 08:00:00
9283,412,11,47.7,77.6,72.03,1,91,1.0,5.57,13,1,1,2026-02-10 09:00:00
9284,412,11,73.3,61.27,70.81,2,206,1.0,-9.54,13,1,0,2026-02-12 07:00:00
9285,412,12,77.3,62.23,70.93,1,113,1.0,-8.7,13,2,0,2026-02-13 07:00:00
9286,412,13,38.1,66.1,71.22,1,117,1.0,-5.12,12,2,1,2026-02-15 03:00:00
9287,412,14,54.2,62.9,69.78,1,89,1.0,-6.88,12,3,1,2026-02-17 00:00:00
9288,412,15,79.0,56.53,69.13,1,77,1.0,-12.6,12,2,0,2026-02-17 14:00:00
9289,412,15,87.7,57.1,69.52,2,199,1.0,-12.42,11,2,0,2026-02-19 14:00:00
9290,412,16,34.9,73.63,70.22,1,139,1.0,3.41,10,3,1,2026-02-21 14:00:00
9291,412,17,67.1,67.2,68.91,1,89,0.0,-1.71,9,3,1,2026-02-23 13:00:00
9292,412,17,67.6,63.23,68.85,2,230,0.0,-5.62,9,3,1,2026-02-24 10:00:00
9293,412,17,62.3,56.53,68.81,3,345,0.0,-12.27,10,3,1,2026-02-26 01:00:00
9294,412,18,40.0,65.67,68.59,1,109,0.0,-2.92,9,3,1,2026-02-27 10:00:00
9295,412,18,51.8,56.63,67.67,2,211,0.0,-11.03,10,3,1,2026-02-28 02:00:00
9296,412,18,43.0,51.37,67.17,3,293,0.0,-15.81,11,3,1,2026-02-28 20:00:00
9297,413,1,70.8,75.0,75.0,1,129,1.0,0.0,1,1,0,2026-01-24 19:00:00
9298,413,2,38.4,70.8,70.8,1,94,1.0,0.0,2,1,1,2026-01-25 14:00:00
9299,413,3,66.0,54.6,54.6,1,94,0.0,0.0,3,2,1,2026-01-25 21:00:00
9300,413,3,98.6,58.4,58.4,2,223,0.0,0.0,4,2,0,2026-01-27 09:00:00
9301,413,3,44.0,67.67,68.45,3,295,0.0,-0.78,5,2,1,2026-01-29 04:00:00
9302,413,4,32.1,69.53,63.56,1,79,1.0,5.97,6,2,1,2026-01-29 19:00:00
9303,413,5,95.0,58.23,58.32,1,109,0.0,-0.08,7,3,0,2026-01-31 05:00:00
9304,413,5,68.8,57.03,63.56,2,224,0.0,-6.52,8,3,1,2026-02-02 03:00:00
9305,413,5,40.8,65.3,64.21,3,343,0.0,1.09,9,3,1,2026-02-03 01:00:00
9306,413,6,77.2,68.2,61.61,1,103,1.0,6.59,10,1,0,2026-02-04 19:00:00
9307,413,7,37.9,62.27,63.17,1,160,1.0,-0.9,11,2,1,2026-02-05 14:00:00
9308,413,8,53.7,51.97,60.87,1,105,1.0,-8.91,12,2,1,2026-02-06 00:00:00
9309,413,8,96.9,56.27,60.28,2,210,1.0,-4.01,13,2,0,2026-02-07 01:00:00
9310,413,8,71.6,62.83,63.09,3,304,1.0,-0.26,14,2,0,2026-02-07 11:00:00
9311,413,9,44.7,74.07,63.7,1,112,1.0,10.37,14,3,1,2026-02-08 02:00:00
9312,413,10,72.2,71.07,62.43,1,122,1.0,8.63,14,2,0,2026-02-08 15:00:00
9313,413,11,47.3,62.83,63.04,1,134,0.0,-0.21,14,1,1,2026-02-08 23:00:00
9314,413,11,33.2,54.73,62.12,2,214,0.0,-7.38,14,1,1,2026-02-10 18:00:00
9315,413,11,33.5,50.9,60.51,3,319,0.0,-9.61,15,1,1,2026-02-11 08:00:00
9316,413,12,38.3,38.0,59.09,1,118,0.0,-21.09,15,2,1,2026-02-12 10:00:00
9317,413,12,68.8,35.0,58.05,2,239,0.0,-23.05,16,2,1,2026-02-12 18:00:00
9318,414,1,78.6,75.0,75.0,1,90,1.0,0.0,1,1,0,2026-01-19 22:00:00
9319,414,2,88.7,78.6,78.6,1,100,1.0,0.0,2,1,0,2026-01-20 05:00:00
9320,414,3,70.8,83.65,83.65,1,73,1.0,0.0,3,2,0,2026-01-20 23:00:00
9321,414,4,63.7,79.37,79.37,1,121,1.0,0.0,4,2,1,2026-01-22 21:00:00
9322,414,5,33.1,74.4,75.45,1,109,0.0,-1.05,5,3,1,2026-01-24 13:00:00
9323,414,6,96.2,55.87,66.98,1,63,1.0,-11.11,6,1,0,2026-01-24 23:00:00
9324,414,7,38.0,64.33,71.85,1,68,1.0,-7.52,7,2,1,2026-01-25 11:00:00
9325,414,7,86.9,55.77,67.01,2,137,1.0,-11.25,8,2,0,2026-01-26 20:00:00
9326,414,7,84.8,73.7,69.5,3,240,1.0,4.2,9,2,0,2026-01-28 09:00:00
9327,414,8,79.4,69.9,71.2,1,64,1.0,-1.3,10,2,0,2026-01-29 09:00:00
9328,414,9,56.0,83.7,72.02,1,83,1.0,11.68,11,3,1,2026-01-30 01:00:00
9329,414,9,33.7,73.4,70.56,2,182,1.0,2.84,12,3,1,2026-01-31 20:00:00
9330,414,9,87.5,56.37,67.49,3,270,1.0,-11.12,13,3,0,2026-02-01 03:00:00
9331,414,10,54.8,59.07,69.03,1,95,1.0,-9.96,14,2,1,2026-02-02 14:00:00
9332,415,1,92.9,75.0,75.0,1,68,1.0,0.0,1,1,0,2026-01-19 06:00:00
9333,415,2,82.2,92.9,92.9,1,101,1.0,0.0,2,1,0,2026-01-20 13:00:00
9334,415,3,36.4,87.55,87.55,1,77,1.0,0.0,3,2,1,2026-01-20 18:00:00
9335,415,4,31.9,70.5,70.5,1,83,0.0,0.0,4,2,1,2026-01-22 06:00:00
9336,415,4,80.1,50.17,60.85,2,177,0.0,-10.68,5,2,0,2026-01-23 16:00:00
9337,415,5,57.5,49.47,64.7,1,92,1.0,-15.23,6,3,1,2026-01-24 16:00:00
9338,415,5,87.1,56.5,63.5,2,182,1.0,-7.0,7,3,0,2026-01-25 05:00:00
9339,415,5,81.3,74.9,66.87,3,256,1.0,8.03,8,3,0,2026-01-26 04:00:00
9340,415,6,84.7,75.3,68.68,1,84,1.0,6.62,9,1,0,2026-01-26 16:00:00
9341,415,7,68.5,84.37,70.46,1,90,1.0,13.91,10,2,1,2026-01-28 13:00:00
9342,415,8,87.4,78.17,70.26,1,62,1.0,7.91,11,2,0,2026-01-30 07:00:00
9343,415,9,49.6,80.2,71.82,1,80,1.0,8.38,12,3,1,2026-01-31 03:00:00
9344,415,10,84.0,68.5,69.97,1,97,1.0,-1.47,13,2,0,2026-02-01 05:00:00
9345,415,11,82.5,73.67,71.05,1,64,0.5,2.62,13,1,0,2026-02-03 02:00:00
9346,415,12,70.4,72.03,71.86,1,113,0.5,0.17,12,2,0,2026-02-04 09:00:00
9347,415,13,98.9,78.97,71.77,1,115,1.0,7.2,13,2,0,2026-02-05 02:00:00
9348,415,14,80.2,83.93,73.46,1,65,0.5,10.47,13,3,0,2026-02-06 01:00:00
9349,415,14,52.3,83.17,73.86,2,182,0.5,9.31,13,3,1,2026-02-06 23:00:00
9350,415,14,84.7,77.13,72.66,3,269,0.5,4.47,14,3,0,2026-02-07 03:00:00
9351,415,15,79.0,72.4,73.29,1,98,1.0,-0.89,15,2,0,2026-02-07 08:00:00
9352,415,16,93.4,72.0,73.58,1,80,0.5,-1.58,15,3,0,2026-02-07 22:00:00
9353,416,1,99.3,75.0,75.0,1,108,1.0,0.0,1,1,0,2026-01-07 05:00:00
9354,416,2,77.3,99.3,99.3,1,98,1.0,0.0,2,1,0,2026-01-08 07:00:00
9355,416,3,54.2,88.3,88.3,1,73,1.0,0.0,3,2,1,2026-01-08 21:00:00
9356,416,3,93.7,76.93,76.93,2,139,1.0,0.0,4,2,0,2026-01-09 23:00:00
9357,416,3,80.3,75.07,81.12,3,199,1.0,-6.06,5,2,0,2026-01-10 04:00:00
9358,416,4,64.8,76.07,80.96,1,93,1.0,-4.89,6,2,1,2026-01-12 00:00:00
9359,416,4,90.7,79.6,78.27,2,194,1.0,1.33,7,2,0,2026-01-13 11:00:00
9360,416,5,92.3,78.6,80.04,1,103,1.0,-1.44,8,3,0,2026-01-14 00:00:00
9361,416,6,84.2,82.6,81.58,1,87,1.0,1.03,9,1,0,2026-01-15 14:00:00
9362,416,7,71.8,89.07,81.87,1,66,1.0,7.2,10,2,0,2026-01-17 10:00:00
9363,416,8,45.4,82.77,80.86,1,76,1.0,1.91,11,2,1,2026-01-17 15:00:00
9364,416,9,81.8,67.13,77.64,1,113,0.0,-10.5,12,3,0,2026-01-18 03:00:00
9365,416,10,80.0,66.33,77.98,1,80,1.0,-11.65,13,2,0,2026-01-18 14:00:00
9366,416,11,62.5,69.07,78.14,1,92,1.0,-9.07,14,1,1,2026-01-20 12:00:00
9367,416,12,37.5,74.77,77.02,1,68,0.5,-2.25,14,2,1,2026-01-21 10:00:00
9368,417,1,72.5,75.0,75.0,1,96,1.0,0.0,1,1,0,2026-01-13 09:00:00
9369,417,2,55.5,72.5,72.5,1,80,1.0,0.0,2,1,1,2026-01-14 17:00:00
9370,417,3,81.6,64.0,64.0,1,110,0.0,0.0,3,2,0,2026-01-15 09:00:00
9371,417,4,84.1,69.87,69.87,1,105,1.0,0.0,4,2,0,2026-01-17 03:00:00
9372,417,5,90.9,73.73,73.42,1,80,1.0,0.31,5,3,0,2026-01-19 01:00:00
9373,417,6,82.7,85.53,76.92,1,87,1.0,8.61,6,1,0,2026-01-20 01:00:00
9374,417,7,71.2,85.9,77.88,1,78,1.0,8.02,7,2,0,2026-01-21 19:00:00
9375,417,8,96.1,81.6,76.93,1,61,1.0,4.67,8,2,0,2026-01-22 17:00:00
9376,417,8,94.5,83.33,79.32,2,133,1.0,4.01,9,2,0,2026-01-24 04:00:00
9377,417,9,39.7,87.27,81.01,1,93,1.0,6.26,10,3,1,2026-01-25 14:00:00
9378,417,10,90.8,76.77,76.88,1,96,1.0,-0.11,11,2,0,2026-01-26 03:00:00
9379,417,11,36.6,75.0,78.15,1,92,0.5,-3.15,11,1,1,2026-01-28 03:00:00
9380,417,12,91.1,55.7,74.68,1,83,0.0,-18.98,11,2,0,2026-01-29 04:00:00
9381,417,12,88.0,72.83,75.95,2,191,0.0,-3.11,11,2,0,2026-01-29 17:00:00
9382,417,12,51.4,71.9,76.81,3,282,0.0,-4.91,12,2,1,2026-01-30 13:00:00
9383,417,13,35.7,76.83,75.11,1,104,1.0,1.72,12,2,1,2026-01-31 05:00:00
9384,417,13,42.3,58.37,72.65,2,158,1.0,-14.28,13,2,1,2026-01-31 23:00:00
9385,417,13,70.5,43.13,70.86,3,188,1.0,-27.73,14,2,0,2026-02-01 19:00:00
9386,417,14,72.1,49.5,70.84,1,95,1.0,-21.34,13,3,0,2026-02-03 14:00:00
9387,417,14,69.4,61.63,70.91,2,156,1.0,-9.28,14,3,1,2026-02-04 04:00:00
9388,417,14,61.5,70.67,70.84,3,241,1.0,-0.17,13,3,1,2026-02-05 18:00:00
9389,417,15,73.1,67.67,70.39,1,83,0.0,-2.72,14,2,0,2026-02-06 05:00:00
9390,417,15,71.1,68.0,70.51,2,204,0.0,-2.51,14,2,0,2026-02-07 07:00:00
9391,417,16,61.5,68.57,70.54,1,97,0.5,-1.97,15,3,1,2026-02-08 13:00:00
9392,417,17,68.2,68.57,70.16,1,93,0.0,-1.6,14,3,1,2026-02-10 00:00:00
9393,417,18,48.5,66.93,70.08,1,106,0.0,-3.15,15,3,1,2026-02-10 22:00:00
9394,418,1,86.5,75.0,75.0,1,97,1.0,0.0,1,1,0,2026-01-09 23:00:00
9395,418,2,69.3,86.5,86.5,1,80,1.0,0.0,2,1,1,2026-01-10 19:00:00
9396,418,3,88.6,77.9,77.9,1,111,0.0,0.0,3,2,0,2026-01-11 15:00:00
9397,418,3,80.5,81.47,81.47,2,178,0.0,0.0,4,2,0,2026-01-13 12:00:00
9398,418,3,47.1,79.47,81.22,3,274,0.0,-1.76,5,2,1,2026-01-14 14:00:00
9399,418,4,77.8,72.07,74.4,1,59,1.0,-2.33,6,2,0,2026-01-15 06:00:00
9400,418,5,38.7,68.47,74.97,1,94,1.0,-6.5,7,3,1,2026-01-16 16:00:00
9401,418,6,98.8,54.53,69.79,1,93,1.0,-15.25,8,1,0,2026-01-18 01:00:00
9402,418,7,92.3,71.77,73.41,1,123,1.0,-1.65,9,2,0,2026-01-18 10:00:00
9403,418,7,99.2,76.6,75.51,2,181,1.0,1.09,10,2,0,2026-01-20 04:00:00
9404,418,8,87.5,96.77,77.88,1,77,1.0,18.89,11,2,0,2026-01-20 12:00:00
9405,418,9,98.0,93.0,78.75,1,106,1.0,14.25,12,3,0,2026-01-22 11:00:00
9406,418,10,78.5,94.9,80.36,1,96,1.0,14.54,13,2,0,2026-01-23 12:00:00
9407,418,11,94.8,88.0,80.22,1,93,0.5,7.78,12,1,0,2026-01-25 01:00:00
9408,418,12,49.2,90.43,81.26,1,70,1.0,9.18,12,2,1,2026-01-26 08:00:00
9409,418,12,99.9,74.17,79.12,2,148,1.0,-4.95,12,2,0,2026-01-27 22:00:00
9410,418,13,94.2,81.3,80.42,1,114,1.0,0.88,12,2,0,2026-01-28 15:00:00
9411,418,14,83.7,81.1,81.23,1,88,1.0,-0.13,13,3,0,2026-01-28 21:00:00
9412,418,15,33.6,92.6,81.37,1,97,1.0,11.23,13,2,1,2026-01-29 18:00:00
9413,418,16,92.6,70.5,78.85,1,87,1.0,-8.35,14,3,0,2026-01-29 22:00:00
9414,418,16,32.9,69.97,79.54,2,153,1.0,-9.57,15,3,1,2026-01-30 12:00:00
9415,418,16,92.4,53.03,77.32,3,261,1.0,-24.29,15,3,0,2026-01-31 13:00:00
9416,418,17,34.0,72.63,78.0,1,100,1.0,-5.37,16,3,1,2026-01-31 19:00:00
9417,418,17,75.7,53.1,76.09,2,236,1.0,-22.99,15,3,0,2026-02-02 10:00:00
9418,418,18,76.0,67.37,76.08,1,69,1.0,-8.71,16,3,0,2026-02-02 19:00:00
9419,418,19,94.2,61.9,76.07,1,106,1.0,-14.17,15,2,0,2026-02-04 10:00:00
9420,418,19,75.8,81.97,76.77,2,169,1.0,5.2,15,2,0,2026-02-05 22:00:00
9421,419,1,73.2,75.0,75.0,1,143,1.0,0.0,1,1,0,2026-01-26 14:00:00
9422,419,2,49.8,73.2,73.2,1,159,1.0,0.0,2,1,1,2026-01-26 19:00:00
9423,419,3,79.7,61.5,61.5,1,98,0.0,0.0,3,2,0,2026-01-28 09:00:00
9424,419,4,57.9,67.57,67.57,1,135,1.0,0.0,4,2,1,2026-01-29 09:00:00
9425,419,5,89.5,62.47,65.15,1,128,0.0,-2.68,5,3,0,2026-01-30 04:00:00
9426,419,5,52.3,75.7,70.02,2,253,0.0,5.68,6,3,1,2026-01-31 08:00:00
9427,419,6,38.1,66.57,67.07,1,147,1.0,-0.5,7,1,1,2026-02-02 08:00:00
9428,419,6,31.3,59.97,62.93,2,309,1.0,-2.96,8,1,1,2026-02-03 22:00:00
9429,419,7,34.7,40.57,58.98,1,137,0.0,-18.41,9,2,1,2026-02-05 05:00:00
9430,419,7,51.0,34.7,56.28,2,281,0.0,-21.58,10,2,1,2026-02-07 01:00:00
9431,419,8,73.5,39.0,55.75,1,142,1.0,-16.75,11,2,0,2026-02-07 08:00:00
9432,419,9,34.9,53.07,57.36,1,140,1.0,-4.3,12,3,1,2026-02-08 12:00:00
9433,419,10,87.3,53.13,55.49,1,118,1.0,-2.36,11,2,0,2026-02-10 02:00:00
9434,419,11,74.0,65.23,57.94,1,162,0.0,7.29,11,1,0,2026-02-11 16:00:00
9435,419,12,68.8,65.4,59.09,1,145,0.5,6.31,12,2,1,2026-02-12 07:00:00
9436,419,12,45.9,76.7,59.73,2,292,0.5,16.97,11,2,1,2026-02-14 07:00:00
9437,419,12,48.8,62.9,58.87,3,415,0.5,4.03,11,2,1,2026-02-14 16:00:00
9438,419,13,32.4,54.5,58.28,1,130,0.0,-3.78,12,2,1,2026-02-16 06:00:00
9439,419,14,39.8,42.37,56.84,1,136,0.0,-14.47,12,3,1,2026-02-17 01:00:00
9440,419,14,39.6,40.33,55.94,2,245,0.0,-15.61,12,3,1,2026-02-18 12:00:00
9441,419,14,68.4,37.27,55.12,3,351,0.0,-17.86,12,3,1,2026-02-19 08:00:00
9442,419,15,36.7,49.27,55.76,1,127,1.0,-6.49,13,2,1,2026-02-19 21:00:00
9443,419,16,54.7,48.23,54.89,1,150,0.0,-6.66,12,3,1,2026-02-21 20:00:00
9444,419,16,69.4,53.27,54.88,2,276,0.0,-1.62,12,3,1,2026-02-23 04:00:00
9445,419,16,41.6,53.6,55.49,3,395,0.0,-1.89,12,3,1,2026-02-24 09:00:00
9446,420,1,87.4,75.0,75.0,1,123,1.0,0.0,1,1,0,2026-01-18 12:00:00
9447,420,1,64.7,87.4,87.4,2,253,1.0,0.0,2,1,1,2026-01-19 06:00:00
9448,420,2,55.1,76.05,76.05,1,132,1.0,0.0,3,1,1,2026-01-19 23:00:00
9449,420,3,55.6,69.07,69.07,1,183,0.0,0.0,4,2,1,2026-01-20 14:00:00
9450,420,4,72.0,58.47,65.7,1,161,0.0,-7.23,5,2,0,2026-01-21 06:00:00
9451,420,4,36.4,60.9,66.96,2,321,0.0,-6.06,6,2,1,2026-01-22 01:00:00
9452,420,4,87.7,54.67,61.87,3,484,0.0,-7.2,7,2,0,2026-01-23 16:00:00
9453,420,5,57.5,65.37,65.56,1,120,1.0,-0.19,8,3,1,2026-01-24 18:00:00
9454,420,5,57.2,60.53,64.55,2,235,1.0,-4.02,9,3,1,2026-01-25 13:00:00
9455,420,6,96.0,67.47,63.73,1,117,1.0,3.73,10,1,0,2026-01-26 07:00:00
9456,420,7,34.2,70.23,66.96,1,166,1.0,3.27,11,2,1,2026-01-26 12:00:00
9457,420,8,95.5,62.47,63.98,1,129,1.0,-1.52,12,2,0,2026-01-26 21:00:00
9458,420,8,67.3,75.23,66.61,2,243,1.0,8.62,13,2,1,2026-01-27 15:00:00
9459,420,8,62.9,65.67,66.66,3,374,1.0,-0.99,14,2,1,2026-01-28 22:00:00
9460,420,9,51.3,75.23,66.39,1,135,1.0,8.84,15,3,1,2026-01-29 21:00:00
9461,420,10,71.7,60.5,65.39,1,145,1.0,-4.89,16,2,0,2026-01-31 20:00:00
9462,420,11,31.6,61.97,65.78,1,145,0.0,-3.81,16,1,1,2026-02-02 02:00:00
9463,420,12,63.6,51.53,63.77,1,123,0.0,-12.24,14,2,1,2026-02-04 01:00:00
9464,420,13,51.5,55.63,63.76,1,153,0.0,-8.13,14,2,1,2026-02-04 07:00:00
9465,420,14,45.5,48.9,63.12,1,127,0.0,-14.22,15,3,1,2026-02-04 23:00:00
9466,420,14,38.3,53.53,62.23,2,263,0.0,-8.7,15,3,1,2026-02-05 06:00:00
9467,420,14,97.1,45.1,61.1,3,416,0.0,-16.0,16,3,0,2026-02-05 18:00:00
9468,420,15,65.3,60.3,62.73,1,127,0.0,-2.43,16,2,1,2026-02-07 12:00:00
9469,420,15,39.8,66.9,62.84,2,255,0.0,4.06,15,2,1,2026-02-09 05:00:00
9470,420,16,30.9,67.4,61.88,1,151,0.0,5.52,13,3,1,2026-02-10 11:00:00
9471,420,16,42.7,45.33,60.64,2,273,0.0,-15.31,13,3,1,2026-02-11 01:00:00
9472,421,1,99.3,75.0,75.0,1,132,1.0,0.0,1,1,0,2026-01-13 03:00:00
9473,421,2,67.2,99.3,99.3,1,151,1.0,0.0,2,1,1,2026-01-14 10:00:00
9474,421,2,33.9,83.25,83.25,2,332,1.0,0.0,3,1,1,2026-01-14 14:00:00
9475,421,2,61.8,66.8,66.8,3,484,1.0,0.0,4,1,1,2026-01-14 20:00:00
9476,421,3,97.1,54.3,65.55,1,149,0.0,-11.25,5,2,0,2026-01-16 04:00:00
9477,421,4,33.1,64.27,71.86,1,150,1.0,-7.59,6,2,1,2026-01-17 05:00:00
9478,421,5,36.0,64.0,65.4,1,118,0.0,-1.4,7,3,1,2026-01-18 14:00:00
9479,421,5,54.5,55.4,61.2,2,260,0.0,-5.8,8,3,1,2026-01-20 07:00:00
9480,421,6,90.4,41.2,60.36,1,139,1.0,-19.16,9,1,0,2026-01-21 21:00:00
9481,421,7,76.1,60.3,63.7,1,146,1.0,-3.4,10,2,0,2026-01-23 02:00:00
9482,421,8,68.2,73.67,64.94,1,142,1.0,8.73,11,2,1,2026-01-24 12:00:00
9483,421,8,93.0,78.23,65.24,2,289,1.0,13.0,12,2,0,2026-01-25 23:00:00
9484,421,8,65.0,79.1,67.55,3,422,1.0,11.55,12,2,1,2026-01-27 12:00:00
9485,421,9,75.8,75.4,67.35,1,141,1.0,8.05,13,3,0,2026-01-28 05:00:00
9486,421,10,60.9,77.93,67.96,1,115,1.0,9.98,14,2,1,2026-01-28 09:00:00
9487,421,11,51.6,67.23,67.49,1,133,0.5,-0.25,11,1,1,2026-01-30 09:00:00
9488,421,11,84.9,62.77,66.49,2,300,0.5,-3.73,12,1,0,2026-01-31 04:00:00
9489,421,11,55.9,65.8,67.58,3,446,0.5,-1.78,11,1,1,2026-02-01 16:00:00
9490,421,12,51.3,64.13,66.93,1,139,1.0,-2.79,12,2,1,2026-02-03 01:00:00
9491,421,13,82.7,64.03,66.11,1,177,0.0,-2.07,11,2,0,2026-02-04 22:00:00
9492,421,14,64.1,63.3,66.94,1,112,0.5,-3.64,12,3,1,2026-02-05 17:00:00
9493,421,15,60.3,66.03,66.8,1,117,1.0,-0.77,12,2,1,2026-02-07 02:00:00
9494,421,16,62.8,69.03,66.5,1,174,0.5,2.53,13,3,1,2026-02-07 10:00:00
9495,421,16,55.7,62.4,66.34,2,314,0.5,-3.94,12,3,1,2026-02-09 05:00:00
9496,421,17,32.9,59.6,65.9,1,135,0.0,-6.3,13,3,1,2026-02-10 01:00:00
9497,421,18,57.9,50.47,64.58,1,116,0.0,-14.11,11,3,1,2026-02-12 00:00:00
9498,421,19,34.3,48.83,64.32,1,148,0.5,-15.49,12,2,1,2026-02-13 03:00:00
9499,421,20,44.0,41.7,63.21,1,150,0.0,-21.51,11,3,1,2026-02-14 15:00:00
9500,421,20,47.0,45.4,62.52,2,268,0.0,-17.12,12,3,1,2026-02-14 22:00:00
9501,422,1,35.4,75.0,75.0,1,137,1.0,0.0,1,1,1,2026-01-02 10:00:00
9502,422,1,61.7,35.4,35.4,2,270,1.0,0.0,2,1,1,2026-01-02 22:00:00
9503,422,2,53.8,48.55,48.55,1,145,0.0,0.0,3,1,1,2026-01-03 20:00:00
9504,422,2,42.6,50.3,50.3,2,262,0.0,0.0,4,1,1,2026-01-04 15:00:00
9505,422,3,49.9,52.7,48.37,1,165,0.0,4.33,5,2,1,2026-01-05 09:00:00
9506,422,4,33.5,48.77,48.68,1,158,0.0,0.09,6,2,1,2026-01-06 02:00:00
9507,422,5,65.4,42.0,46.15,1,132,0.0,-4.15,7,3,1,2026-01-07 04:00:00
9508,422,5,37.2,49.6,48.9,2,267,0.0,0.7,8,3,1,2026-01-08 22:00:00
9509,422,6,47.7,45.37,47.44,1,137,1.0,-2.07,9,1,1,2026-01-10 08:00:00
9510,422,6,78.4,50.1,47.47,2,261,1.0,2.63,10,1,0,2026-01-10 17:00:00
9511,422,7,62.6,54.43,50.56,1,131,1.0,3.87,11,2,1,2026-01-11 10:00:00
9512,422,8,67.9,62.9,51.65,1,134,1.0,11.25,12,2,1,2026-01-12 07:00:00
9513,422,9,51.3,69.63,53.01,1,172,0.0,16.63,13,3,1,2026-01-14 01:00:00
9514,422,9,51.1,60.6,52.88,2,330,0.0,7.72,14,3,1,2026-01-14 11:00:00
9515,422,10,42.4,56.77,52.75,1,158,1.0,4.02,15,2,1,2026-01-14 16:00:00
9516,422,10,59.5,48.27,52.06,2,305,1.0,-3.79,16,2,1,2026-01-15 19:00:00
9517,422,11,40.9,51.0,52.52,1,117,0.0,-1.52,16,1,1,2026-01-16 15:00:00
9518,422,12,65.6,47.6,51.84,1,139,0.0,-4.24,17,2,1,2026-01-16 21:00:00
9519,422,13,40.1,55.33,52.61,1,159,0.0,2.73,17,2,1,2026-01-17 10:00:00
9520,422,14,37.0,48.87,51.95,1,114,0.0,-3.08,16,3,1,2026-01-19 04:00:00
9521,423,1,83.6,75.0,75.0,1,72,1.0,0.0,1,1,0,2026-01-30 07:00:00
9522,423,2,82.1,83.6,83.6,1,106,1.0,0.0,2,1,0,2026-01-31 14:00:00
9523,423,3,89.3,82.85,82.85,1,81,1.0,0.0,3,2,0,2026-02-02 09:00:00
9524,423,4,93.6,85.0,85.0,1,88,1.0,0.0,4,2,0,2026-02-02 13:00:00
9525,423,4,63.6,88.33,87.15,2,152,1.0,1.18,5,2,1,2026-02-03 19:00:00
9526,423,4,94.3,82.17,82.44,3,231,1.0,-0.27,6,2,0,2026-02-03 23:00:00
9527,423,5,81.7,83.83,84.42,1,45,1.0,-0.58,7,3,0,2026-02-04 18:00:00
9528,423,5,74.4,79.87,84.03,2,120,1.0,-4.16,8,3,0,2026-02-06 11:00:00
9529,423,5,36.4,83.47,82.82,3,193,1.0,0.64,9,3,1,2026-02-06 20:00:00
9530,423,6,87.0,64.17,77.67,1,65,1.0,-13.5,10,1,0,2026-02-07 07:00:00
9531,423,7,92.0,65.93,78.6,1,86,1.0,-12.67,11,2,0,2026-02-08 15:00:00
9532,423,8,74.9,71.8,79.82,1,49,1.0,-8.02,12,2,0,2026-02-08 19:00:00
9533,423,9,60.2,84.63,79.41,1,56,1.0,5.23,13,3,1,2026-02-09 06:00:00
9534,423,10,75.7,75.7,77.93,1,61,1.0,-2.23,14,2,0,2026-02-11 03:00:00
9535,423,11,90.8,70.27,77.77,1,39,1.0,-7.5,15,1,0,2026-02-11 12:00:00
9536,423,12,73.2,75.57,78.64,1,64,0.5,-3.07,15,2,0,2026-02-13 08:00:00
9537,423,12,89.0,79.9,78.3,2,94,0.5,1.6,16,2,0,2026-02-14 11:00:00
9538,423,12,71.1,84.33,78.93,3,174,0.5,5.4,16,2,0,2026-02-15 03:00:00
9539,423,13,50.4,77.77,78.49,1,60,1.0,-0.73,17,2,1,2026-02-16 07:00:00
9540,424,1,99.7,75.0,75.0,1,79,1.0,0.0,1,1,0,2026-02-02 10:00:00
9541,424,2,76.4,99.7,99.7,1,73,1.0,0.0,2,1,0,2026-02-04 02:00:00
9542,424,3,83.3,88.05,88.05,1,85,1.0,0.0,3,2,0,2026-02-04 21:00:00
9543,424,3,78.5,86.47,86.47,2,188,1.0,0.0,4,2,0,2026-02-06 09:00:00
9544,424,3,89.0,79.4,84.48,3,288,1.0,-5.08,5,2,0,2026-02-07 23:00:00
9545,424,4,34.2,83.6,85.38,1,75,1.0,-1.78,6,2,1,2026-02-08 17:00:00
9546,424,5,48.0,67.23,76.85,1,73,0.0,-9.62,7,3,1,2026-02-09 22:00:00
9547,424,5,44.2,57.07,72.73,2,176,0.0,-15.66,8,3,1,2026-02-10 17:00:00
9548,424,5,65.1,42.13,69.16,3,251,0.0,-27.03,9,3,1,2026-02-12 06:00:00
9549,424,6,84.2,52.43,68.71,1,91,1.0,-16.28,10,1,0,2026-02-14 02:00:00
9550,424,6,79.4,64.5,70.26,2,183,1.0,-5.76,11,1,0,2026-02-14 08:00:00
9551,424,6,83.1,76.23,71.09,3,279,1.0,5.14,12,1,0,2026-02-14 15:00:00
9552,424,7,40.3,82.23,72.09,1,107,1.0,10.14,13,2,1,2026-02-14 22:00:00
9553,424,8,98.1,67.6,69.65,1,64,1.0,-2.05,14,2,0,2026-02-15 03:00:00
9554,424,9,51.4,73.83,71.68,1,51,1.0,2.15,15,3,1,2026-02-15 18:00:00
9555,424,10,73.6,63.27,70.33,1,78,1.0,-7.06,15,2,0,2026-02-17 11:00:00
9556,424,11,73.1,74.37,70.53,1,126,0.5,3.84,14,1,0,2026-02-19 10:00:00
9557,425,1,89.5,75.0,75.0,1,100,1.0,0.0,1,1,0,2026-01-31 15:00:00
9558,425,2,89.3,89.5,89.5,1,96,1.0,0.0,2,1,0,2026-02-02 13:00:00
9559,425,3,94.4,89.4,89.4,1,56,1.0,0.0,3,2,0,2026-02-03 00:00:00
9560,425,4,88.6,91.07,91.07,1,30,1.0,0.0,4,2,0,2026-02-03 18:00:00
9561,425,5,73.1,90.77,90.45,1,30,1.0,0.32,5,3,0,2026-02-04 10:00:00
9562,425,6,95.0,85.37,86.98,1,47,1.0,-1.61,6,1,0,2026-02-05 01:00:00
9563,425,7,85.2,85.57,88.32,1,56,1.0,-2.75,7,2,0,2026-02-06 06:00:00
9564,425,8,72.9,84.43,87.87,1,86,1.0,-3.44,8,2,0,2026-02-07 09:00:00
9565,425,9,53.1,84.37,86.0,1,77,1.0,-1.63,9,3,1,2026-02-07 21:00:00
9566,425,10,82.5,70.4,82.34,1,64,1.0,-11.94,10,2,0,2026-02-09 11:00:00
9567,425,11,91.8,69.5,82.36,1,42,1.0,-12.86,11,1,0,2026-02-11 09:00:00
9568,425,12,34.0,75.8,83.22,1,40,0.5,-7.42,12,2,1,2026-02-11 13:00:00
9569,425,13,94.7,69.43,79.12,1,65,0.0,-9.68,13,2,0,2026-02-12 17:00:00
9570,425,13,83.3,73.5,80.32,2,138,0.0,-6.82,14,2,0,2026-02-14 09:00:00
9571,425,14,56.8,70.67,80.53,1,67,0.5,-9.86,14,3,1,2026-02-16 00:00:00
9572,425,15,75.5,78.27,78.95,1,39,1.0,-0.68,13,2,0,2026-02-17 02:00:00
9573,425,16,50.6,71.87,78.73,1,73,0.0,-6.86,12,3,1,2026-02-18 22:00:00
9574,425,17,58.6,60.97,77.08,1,68,0.0,-16.11,12,3,1,2026-02-19 05:00:00
9575,425,18,31.0,61.57,76.05,1,38,0.0,-14.48,13,3,1,2026-02-19 11:00:00
9576,425,18,53.1,46.73,73.68,2,82,0.0,-26.95,13,3,1,2026-02-20 20:00:00
9577,425,18,70.3,47.57,72.65,3,155,0.0,-25.08,14,3,0,2026-02-21 04:00:00
9578,426,1,30.5,75.0,75.0,1,85,1.0,0.0,1,1,1,2026-01-30 17:00:00
9579,426,2,95.3,30.5,30.5,1,121,0.0,0.0,2,1,0,2026-01-31 14:00:00
9580,426,3,77.1,62.9,62.9,1,100,1.0,0.0,3,2,0,2026-02-02 07:00:00
9581,426,4,86.6,67.63,67.63,1,80,1.0,0.0,4,2,0,2026-02-03 22:00:00
9582,426,5,45.2,86.33,72.38,1,89,1.0,13.96,5,3,1,2026-02-04 21:00:00
9583,426,5,94.4,69.63,66.94,2,180,1.0,2.69,6,3,0,2026-02-05 03:00:00
9584,426,5,72.1,75.4,71.52,3,255,1.0,3.88,7,3,0,2026-02-06 21:00:00
9585,426,6,73.7,70.57,71.6,1,71,1.0,-1.03,8,1,0,2026-02-07 18:00:00
9586,426,6,87.4,80.07,71.86,2,175,1.0,8.2,9,1,0,2026-02-09 16:00:00
9587,426,7,92.1,77.73,73.59,1,106,1.0,4.14,10,2,0,2026-02-11 05:00:00
9588,426,8,78.9,84.4,75.44,1,102,1.0,8.96,11,2,0,2026-02-11 13:00:00
9589,426,9,80.3,86.13,75.75,1,120,1.0,10.38,12,3,0,2026-02-12 20:00:00
9590,426,9,81.6,83.77,76.13,2,199,1.0,7.63,13,3,0,2026-02-13 13:00:00
9591,426,9,66.8,80.27,76.55,3,322,1.0,3.71,12,3,1,2026-02-15 08:00:00
9592,426,10,39.4,76.23,75.86,1,71,1.0,0.38,13,2,1,2026-02-16 02:00:00
9593,426,11,94.8,62.6,73.43,1,69,1.0,-10.83,12,1,0,2026-02-17 22:00:00
9594,426,12,72.5,67.0,74.76,1,54,1.0,-7.76,13,2,0,2026-02-18 09:00:00
9595,426,12,32.1,68.9,74.63,2,135,1.0,-5.73,13,2,1,2026-02-19 00:00:00
9596,426,13,96.6,66.47,72.27,1,79,1.0,-5.8,13,2,0,2026-02-20 04:00:00
9597,426,14,42.1,67.07,73.55,1,100,1.0,-6.48,13,3,1,2026-02-20 23:00:00
9598,426,14,69.4,56.93,71.97,2,194,1.0,-15.04,14,3,1,2026-02-21 11:00:00
9599,426,15,48.0,69.37,71.85,1,66,1.0,-2.49,14,2,1,2026-02-22 10:00:00
9600,426,16,89.6,53.17,70.77,1,82,1.0,-17.6,14,3,0,2026-02-24 03:00:00
9601,426,17,99.3,69.0,71.59,1,82,1.0,-2.59,15,3,0,2026-02-24 22:00:00
9602,426,18,73.3,78.97,72.74,1,54,1.0,6.22,14,3,0,2026-02-26 13:00:00
9603,427,1,69.8,75.0,75.0,1,70,1.0,0.0,1,1,1,2026-01-07 17:00:00
9604,427,2,96.5,69.8,69.8,1,74,0.0,0.0,2,1,0,2026-01-08 03:00:00
9605,427,3,89.1,83.15,83.15,1,118,1.0,0.0,3,2,0,2026-01-09 04:00:00
9606,427,4,63.4,85.13,85.13,1,93,1.0,0.0,4,2,1,2026-01-09 20:00:00
9607,427,5,78.5,83.0,79.7,1,103,0.0,3.3,5,3,0,2026-01-11 18:00:00
9608,427,6,87.2,77.0,79.46,1,60,1.0,-2.46,6,1,0,2026-01-12 09:00:00
9609,427,7,73.6,76.37,80.75,1,113,1.0,-4.38,7,2,0,2026-01-13 13:00:00
9610,427,8,97.4,79.77,79.73,1,116,1.0,0.04,8,2,0,2026-01-13 22:00:00
9611,427,9,56.9,86.07,81.94,1,50,1.0,4.13,9,3,1,2026-01-15 12:00:00
9612,427,10,69.8,75.97,79.16,1,75,1.0,-3.19,10,2,1,2026-01-16 19:00:00
9613,427,11,30.7,74.7,78.22,1,99,1.0,-3.52,11,1,1,2026-01-17 11:00:00
9614,428,1,58.8,75.0,75.0,1,152,1.0,0.0,1,1,1,2026-01-26 07:00:00
9615,428,2,67.9,58.8,58.8,1,126,0.0,0.0,2,1,1,2026-01-27 14:00:00
9616,428,3,62.4,63.35,63.35,1,133,0.0,0.0,3,2,1,2026-01-27 22:00:00
9617,428,4,46.7,63.03,63.03,1,128,0.0,0.0,4,2,1,2026-01-29 05:00:00
9618,428,5,65.5,59.0,58.95,1,142,0.0,0.05,5,3,1,2026-01-29 21:00:00
9619,428,5,48.0,58.2,60.26,2,305,0.0,-2.06,6,3,1,2026-01-30 14:00:00
9620,428,6,67.4,53.4,58.22,1,124,1.0,-4.82,7,1,1,2026-02-01 12:00:00
9621,428,7,51.1,60.3,59.53,1,160,0.0,0.77,8,2,1,2026-02-03 02:00:00
9622,428,8,80.7,55.5,58.48,1,124,1.0,-2.98,9,2,0,2026-02-03 15:00:00
9623,428,8,88.3,66.4,60.94,2,247,1.0,5.46,10,2,0,2026-02-05 12:00:00
9624,428,9,37.9,73.37,63.68,1,156,1.0,9.69,11,3,1,2026-02-06 03:00:00
9625,428,10,38.7,68.97,61.34,1,158,1.0,7.63,12,2,1,2026-02-06 22:00:00
9626,428,11,77.7,54.97,59.45,1,157,0.0,-4.48,13,1,0,2026-02-08 15:00:00
9627,428,11,97.0,51.43,60.85,2,270,0.0,-9.42,13,1,0,2026-02-09 11:00:00
9628,428,11,34.1,71.13,63.44,3,400,0.0,7.7,12,1,1,2026-02-11 07:00:00
9629,428,12,62.9,69.6,61.48,1,156,0.5,8.12,11,2,1,2026-02-12 22:00:00
9630,428,13,77.3,64.67,61.57,1,140,0.0,3.1,11,2,0,2026-02-14 19:00:00
9631,429,1,98.5,75.0,75.0,1,68,1.0,0.0,1,1,0,2026-01-21 08:00:00
9632,429,1,38.2,98.5,98.5,2,167,1.0,0.0,2,1,1,2026-01-22 13:00:00
9633,429,1,70.7,68.35,68.35,3,242,1.0,0.0,3,1,0,2026-01-23 13:00:00
9634,429,2,94.0,69.13,69.13,1,125,1.0,0.0,4,1,0,2026-01-24 00:00:00
9635,429,3,54.9,67.63,75.35,1,120,1.0,-7.72,5,2,1,2026-01-25 23:00:00
9636,429,3,39.6,73.2,71.26,2,222,1.0,1.94,6,2,1,2026-01-27 01:00:00
9637,429,4,77.1,62.83,65.98,1,117,0.0,-3.15,7,2,0,2026-01-27 15:00:00
9638,429,5,48.5,57.2,67.57,1,91,1.0,-10.37,8,3,1,2026-01-28 03:00:00
9639,429,5,30.6,55.07,65.19,2,196,1.0,-10.12,9,3,1,2026-01-29 02:00:00
9640,429,6,88.2,52.07,61.34,1,119,1.0,-9.28,10,1,0,2026-01-29 17:00:00
9641,429,7,95.6,55.77,64.03,1,94,1.0,-8.26,11,2,0,2026-01-30 19:00:00
9642,429,7,92.2,71.47,66.9,2,178,1.0,4.57,12,2,0,2026-01-31 23:00:00
9643,429,8,96.8,92.0,69.01,1,55,1.0,22.99,13,2,0,2026-02-01 05:00:00
9644,429,9,76.1,94.87,71.15,1,88,1.0,23.72,14,3,0,2026-02-02 19:00:00
9645,429,10,92.0,88.37,71.5,1,106,1.0,16.87,14,2,0,2026-02-04 16:00:00
9646,430,1,80.1,75.0,75.0,1,78,1.0,0.0,1,1,0,2026-01-20 23:00:00
9647,430,2,71.5,80.1,80.1,1,70,1.0,0.0,2,1,0,2026-01-22 07:00:00
9648,430,3,83.0,75.8,75.8,1,49,1.0,0.0,3,2,0,2026-01-22 16:00:00
9649,430,4,78.4,78.2,78.2,1,30,1.0,0.0,4,2,0,2026-01-23 11:00:00
9650,430,4,99.3,77.63,78.25,2,80,1.0,-0.62,5,2,0,2026-01-23 15:00:00
9651,430,5,87.6,86.9,82.46,1,53,1.0,4.44,6,3,0,2026-01-23 19:00:00
9652,430,6,88.2,88.43,83.32,1,53,1.0,5.12,7,1,0,2026-01-25 04:00:00
9653,430,7,74.4,91.7,84.01,1,72,1.0,7.69,8,2,0,2026-01-26 21:00:00
9654,430,8,79.3,83.4,82.81,1,99,1.0,0.59,9,2,0,2026-01-27 20:00:00
9655,430,9,42.3,80.63,82.42,1,62,1.0,-1.79,10,3,1,2026-01-29 06:00:00
9656,430,10,97.8,65.33,78.41,1,55,1.0,-13.08,11,2,0,2026-01-30 15:00:00
9657,430,11,86.0,73.13,80.17,1,54,1.0,-7.04,12,1,0,2026-02-01 05:00:00
9658,430,12,93.3,75.37,80.66,1,62,0.5,-5.29,13,2,0,2026-02-01 20:00:00
9659,431,1,78.0,75.0,75.0,1,43,1.0,0.0,1,1,0,2026-01-09 21:00:00
9660,431,2,97.5,78.0,78.0,1,62,1.0,0.0,2,1,0,2026-01-11 02:00:00
9661,431,3,81.0,87.75,87.75,1,69,1.0,0.0,3,2,0,2026-01-11 06:00:00
9662,431,4,70.3,85.5,85.5,1,64,1.0,0.0,4,2,0,2026-01-12 09:00:00
9663,431,5,80.3,82.93,81.7,1,69,1.0,1.23,5,3,0,2026-01-14 00:00:00
9664,431,5,35.7,77.2,81.42,2,137,1.0,-4.22,6,3,1,2026-01-15 04:00:00
9665,431,6,80.9,62.1,73.8,1,30,1.0,-11.7,7,1,0,2026-01-16 07:00:00
9666,431,6,80.3,65.63,74.81,2,102,1.0,-9.18,8,1,0,2026-01-17 01:00:00
9667,431,7,87.9,65.63,75.5,1,46,1.0,-9.87,9,2,0,2026-01-17 23:00:00
9668,431,7,78.0,83.03,76.88,2,84,1.0,6.16,10,2,0,2026-01-19 01:00:00
9669,431,7,76.8,82.07,76.99,3,121,1.0,5.08,11,2,0,2026-01-20 09:00:00
9670,431,8,91.7,80.9,76.97,1,68,1.0,3.93,12,2,0,2026-01-22 08:00:00
9671,431,8,90.5,82.17,78.2,2,123,1.0,3.97,12,2,0,2026-01-24 02:00:00
9672,431,9,91.8,86.33,79.15,1,30,1.0,7.19,11,3,0,2026-01-25 22:00:00
9673,431,10,74.3,91.33,80.05,1,69,1.0,11.28,11,2,0,2026-01-26 11:00:00
9674,432,1,51.4,75.0,75.0,1,111,1.0,0.0,1,1,1,2026-01-22 07:00:00
9675,432,2,43.1,51.4,51.4,1,142,0.0,0.0,2,1,1,2026-01-24 06:00:00
9676,432,3,32.4,47.25,47.25,1,144,0.0,0.0,3,2,1,2026-01-25 12:00:00
9677,432,3,91.9,42.3,42.3,2,301,0.0,0.0,4,2,0,2026-01-27 03:00:00
9678,432,3,35.8,55.8,54.7,3,476,0.0,1.1,5,2,1,2026-01-28 22:00:00
9679,432,4,49.3,53.37,50.92,1,112,1.0,2.45,6,2,1,2026-01-30 20:00:00
9680,432,5,48.0,59.0,50.65,1,138,0.0,8.35,7,3,1,2026-02-01 11:00:00
9681,432,5,66.9,44.37,50.27,2,272,0.0,-5.9,8,3,1,2026-02-03 04:00:00
9682,432,5,41.3,54.73,52.35,3,420,0.0,2.38,9,3,1,2026-02-04 14:00:00
9683,432,6,84.3,52.07,51.12,1,144,1.0,0.94,9,1,0,2026-02-05 21:00:00
9684,432,7,47.7,64.17,54.44,1,132,1.0,9.73,10,2,1,2026-02-07 03:00:00
9685,432,8,98.7,57.77,53.83,1,131,1.0,3.94,10,2,0,2026-02-08 09:00:00
9686,432,9,55.1,76.9,57.57,1,117,1.0,19.33,10,3,1,2026-02-08 15:00:00
9687,432,10,46.3,67.17,57.38,1,159,1.0,9.79,11,2,1,2026-02-09 15:00:00
9688,432,10,93.4,66.7,56.59,2,308,1.0,10.11,11,2,0,2026-02-11 12:00:00
9689,432,10,39.6,64.93,59.04,3,466,1.0,5.89,11,2,1,2026-02-11 22:00:00
9690,432,11,50.8,59.77,57.82,1,133,0.0,1.94,12,1,1,2026-02-12 07:00:00
9691,432,12,35.9,61.27,57.41,1,126,0.0,3.85,13,2,1,2026-02-13 00:00:00
9692,432,12,54.1,42.1,56.22,2,244,0.0,-14.12,13,2,1,2026-02-14 04:00:00
9693,432,13,44.4,46.93,56.11,1,147,0.0,-9.17,13,2,1,2026-02-16 04:00:00
9694,432,14,39.9,44.8,55.52,1,119,0.0,-10.72,14,3,1,2026-02-17 02:00:00
9695,432,14,84.5,46.13,54.78,2,295,0.0,-8.64,14,3,0,2026-02-18 08:00:00
9696,432,14,45.8,56.27,56.13,3,408,0.0,0.14,13,3,1,2026-02-20 02:00:00
9697,432,15,93.4,56.73,55.68,1,145,0.0,1.06,13,2,0,2026-02-21 23:00:00
9698,432,16,48.2,74.57,57.25,1,171,0.0,17.32,12,3,1,2026-02-23 08:00:00
9699,432,17,71.8,62.47,56.89,1,151,0.0,5.58,12,3,0,2026-02-25 07:00:00
9700,432,18,92.6,71.13,57.46,1,143,0.0,13.67,12,3,0,2026-02-25 12:00:00
9701,432,18,51.5,70.87,58.76,2,263,0.0,12.1,13,3,1,2026-02-25 18:00:00
9702,432,18,52.9,71.97,58.5,3,375,0.0,13.46,13,3,1,2026-02-26 00:00:00
9703,432,19,34.9,65.67,58.31,1,155,0.5,7.36,12,2,1,2026-02-27 19:00:00
9704,432,19,56.0,46.43,57.53,2,325,0.5,-11.1,12,2,1,2026-02-28 10:00:00
9705,432,19,52.2,47.93,57.48,3,456,0.5,-9.55,13,2,1,2026-03-01 16:00:00
9706,432,20,42.9,47.7,57.32,1,117,0.0,-9.62,14,3,1,2026-03-01 21:00:00
9707,432,20,36.4,50.37,56.88,2,207,0.0,-6.51,13,3,1,2026-03-03 03:00:00
9708,432,20,49.5,43.83,56.28,3,327,0.0,-12.44,13,3,1,2026-03-04 23:00:00
9709,433,1,62.3,75.0,75.0,1,87,1.0,0.0,1,1,1,2026-01-28 10:00:00
9710,433,2,73.5,62.3,62.3,1,121,0.0,0.0,2,1,0,2026-01-29 08:00:00
9711,433,3,93.7,67.9,67.9,1,103,1.0,0.0,3,2,0,2026-01-29 15:00:00
9712,433,3,38.2,76.5,76.5,2,199,1.0,0.0,4,2,1,2026-01-31 04:00:00
9713,433,4,71.2,68.47,66.92,1,81,1.0,1.54,5,2,0,2026-01-31 13:00:00
9714,433,4,46.1,67.7,67.78,2,159,1.0,-0.08,6,2,1,2026-02-02 06:00:00
9715,433,4,83.9,51.83,64.17,3,277,1.0,-12.33,7,2,0,2026-02-02 10:00:00
9716,433,5,60.3,67.07,66.99,1,94,1.0,0.08,8,3,1,2026-02-02 14:00:00
9717,433,6,70.4,63.43,66.15,1,47,1.0,-2.72,9,1,0,2026-02-02 23:00:00
9718,433,6,78.5,71.53,66.62,2,123,1.0,4.91,10,1,0,2026-02-03 04:00:00
9719,433,6,41.2,69.73,67.81,3,195,1.0,1.92,11,1,1,2026-02-04 06:00:00
9720,433,7,72.2,63.37,65.39,1,79,1.0,-2.02,12,2,0,2026-02-05 05:00:00
9721,433,8,44.0,63.97,65.96,1,101,1.0,-1.99,13,2,1,2026-02-06 00:00:00
9722,433,9,45.3,52.47,64.27,1,87,0.0,-11.8,14,3,1,2026-02-06 07:00:00
9723,433,10,92.8,53.83,62.91,1,88,1.0,-9.08,15,2,0,2026-02-06 13:00:00
9724,433,11,55.2,60.7,64.91,1,116,1.0,-4.21,16,1,1,2026-02-07 13:00:00
9725,434,1,82.9,75.0,75.0,1,46,1.0,0.0,1,1,0,2026-01-23 22:00:00
9726,434,2,39.0,82.9,82.9,1,97,1.0,0.0,2,1,1,2026-01-24 17:00:00
9727,434,3,78.4,60.95,60.95,1,46,0.0,0.0,3,2,0,2026-01-26 12:00:00
9728,434,4,97.1,66.77,66.77,1,61,1.0,0.0,4,2,0,2026-01-26 17:00:00
9729,434,5,81.5,71.5,74.35,1,54,1.0,-2.85,5,3,0,2026-01-28 14:00:00
9730,434,6,71.1,85.67,75.78,1,62,1.0,9.89,6,1,0,2026-01-28 18:00:00
9731,434,7,91.2,83.23,75.0,1,68,1.0,8.23,7,2,0,2026-01-29 11:00:00
9732,434,8,48.6,81.27,77.31,1,68,1.0,3.95,8,2,1,2026-01-30 22:00:00
9733,434,9,64.1,70.3,73.72,1,44,0.0,-3.42,9,3,1,2026-01-31 06:00:00
9734,434,10,84.6,67.97,72.66,1,37,1.0,-4.69,10,2,0,2026-02-01 14:00:00
9735,434,11,70.3,65.77,73.85,1,110,0.5,-8.08,11,1,0,2026-02-02 01:00:00
9736,435,1,82.8,75.0,75.0,1,50,1.0,0.0,1,1,0,2026-01-14 06:00:00
9737,435,2,79.3,82.8,82.8,1,73,1.0,0.0,2,1,0,2026-01-15 10:00:00
9738,435,3,87.0,81.05,81.05,1,30,1.0,0.0,3,2,0,2026-01-16 17:00:00
9739,435,4,77.7,83.03,83.03,1,54,1.0,0.0,4,2,0,2026-01-17 16:00:00
9740,435,5,30.3,81.33,81.7,1,57,1.0,-0.37,5,3,1,2026-01-18 18:00:00
9741,435,6,96.8,65.0,71.42,1,69,1.0,-6.42,6,1,0,2026-01-20 08:00:00
9742,435,7,47.6,68.27,75.65,1,30,1.0,-7.38,7,2,1,2026-01-20 16:00:00
9743,435,8,93.2,58.23,71.64,1,63,1.0,-13.41,8,2,0,2026-01-21 20:00:00
9744,435,8,87.1,79.2,74.34,2,100,1.0,4.86,9,2,0,2026-01-22 22:00:00
9745,435,9,36.0,75.97,75.76,1,66,1.0,0.21,10,3,1,2026-01-24 19:00:00
9746,435,10,77.8,72.1,71.78,1,39,1.0,0.32,11,2,0,2026-01-26 18:00:00
9747,435,11,90.4,66.97,72.33,1,42,0.5,-5.36,12,1,0,2026-01-27 14:00:00
9748,435,12,59.0,68.07,73.83,1,54,0.5,-5.77,12,2,1,2026-01-29 06:00:00
9749,436,1,99.5,75.0,75.0,1,118,1.0,0.0,1,1,0,2026-01-31 15:00:00
9750,436,2,80.6,99.5,99.5,1,130,1.0,0.0,2,1,0,2026-02-01 06:00:00
9751,436,3,58.4,90.05,90.05,1,116,1.0,0.0,3,2,1,2026-02-01 19:00:00
9752,436,3,47.4,79.5,79.5,2,219,1.0,0.0,4,2,1,2026-02-02 05:00:00
9753,436,4,91.1,62.13,71.47,1,160,0.0,-9.34,5,2,0,2026-02-04 04:00:00
9754,436,5,65.8,65.63,75.4,1,114,1.0,-9.77,6,3,1,2026-02-06 00:00:00
9755,436,6,35.9,68.1,73.8,1,136,1.0,-5.7,7,1,1,2026-02-06 20:00:00
9756,436,7,65.1,64.27,68.39,1,155,0.0,-4.12,8,2,1,2026-02-08 09:00:00
9757,436,7,54.2,55.6,67.97,2,282,0.0,-12.38,9,2,1,2026-02-10 03:00:00
9758,436,7,80.8,51.73,66.44,3,405,0.0,-14.71,10,2,0,2026-02-11 08:00:00
9759,436,8,40.6,66.7,67.88,1,144,1.0,-1.18,11,2,1,2026-02-13 01:00:00
9760,436,8,87.1,58.53,65.4,2,306,1.0,-6.87,12,2,0,2026-02-14 01:00:00
9761,436,9,48.8,69.5,67.21,1,116,1.0,2.29,12,3,1,2026-02-14 15:00:00
9762,436,10,48.9,58.83,65.79,1,136,1.0,-6.96,10,2,1,2026-02-16 09:00:00
9763,436,10,56.0,61.6,64.59,2,241,1.0,-2.99,11,2,1,2026-02-16 19:00:00
9764,436,10,86.3,51.23,64.01,3,373,1.0,-12.78,11,2,0,2026-02-18 04:00:00
9765,436,11,87.2,63.73,65.41,1,140,1.0,-1.67,12,1,0,2026-02-18 09:00:00
9766,436,11,32.4,76.5,66.69,2,262,1.0,9.81,13,1,1,2026-02-18 16:00:00
9767,436,11,36.1,68.63,64.78,3,392,1.0,3.85,13,1,1,2026-02-20 05:00:00
9768,436,12,31.2,51.9,63.27,1,111,0.5,-11.37,14,2,1,2026-02-20 19:00:00
9769,436,13,93.5,33.23,61.67,1,141,0.0,-28.44,14,2,0,2026-02-21 18:00:00
9770,436,13,61.0,53.6,63.19,2,302,0.0,-9.59,14,2,1,2026-02-23 17:00:00
9771,436,14,91.3,61.9,63.09,1,118,0.5,-1.19,13,3,0,2026-02-25 15:00:00
9772,436,14,86.1,81.93,64.31,2,245,0.5,17.62,13,3,0,2026-02-27 02:00:00
9773,436,15,41.5,79.47,65.22,1,150,1.0,14.25,14,2,1,2026-02-27 10:00:00
9774,436,15,60.6,72.97,64.27,2,314,1.0,8.69,15,2,1,2026-02-27 20:00:00
9775,436,15,45.6,62.73,64.13,3,424,1.0,-1.4,15,2,1,2026-02-28 01:00:00
9776,436,16,47.5,49.23,63.44,1,136,0.0,-14.21,15,3,1,2026-03-01 19:00:00
9777,436,17,31.3,51.23,62.87,1,145,0.0,-11.64,14,3,1,2026-03-03 04:00:00
9778,436,17,66.6,41.47,61.79,2,282,0.0,-20.32,14,3,1,2026-03-04 04:00:00
9779,436,18,31.5,48.47,61.95,1,90,0.0,-13.48,13,3,1,2026-03-05 18:00:00
9780,436,18,38.8,43.13,60.96,2,240,0.0,-17.83,12,3,1,2026-03-07 10:00:00
9781,437,1,71.5,75.0,75.0,1,90,1.0,0.0,1,1,0,2026-01-16 05:00:00
9782,437,1,73.8,71.5,71.5,2,152,1.0,0.0,2,1,0,2026-01-17 09:00:00
9783,437,1,95.4,72.65,72.65,3,191,1.0,0.0,3,1,0,2026-01-17 19:00:00
9784,437,2,93.7,80.23,80.23,1,49,1.0,0.0,4,1,0,2026-01-19 13:00:00
9785,437,3,81.9,87.63,83.6,1,95,1.0,4.03,5,2,0,2026-01-20 10:00:00
9786,437,4,56.7,90.33,83.26,1,78,1.0,7.07,6,2,1,2026-01-20 15:00:00
9787,437,5,35.5,77.43,78.83,1,72,0.0,-1.4,7,3,1,2026-01-20 21:00:00
9788,437,6,73.5,58.03,72.64,1,67,1.0,-14.61,8,1,0,2026-01-22 15:00:00
9789,437,7,97.5,55.23,72.75,1,46,1.0,-17.52,9,2,0,2026-01-23 15:00:00
9790,437,8,85.0,68.83,75.5,1,55,1.0,-6.67,10,2,0,2026-01-25 02:00:00
9791,437,8,71.8,85.33,76.45,2,113,1.0,8.88,11,2,0,2026-01-26 10:00:00
9792,437,8,58.4,84.77,76.03,3,183,1.0,8.74,12,2,1,2026-01-28 06:00:00
9793,437,9,76.4,71.73,74.56,1,90,1.0,-2.82,13,3,0,2026-01-28 19:00:00
9794,437,10,84.1,68.87,74.7,1,82,1.0,-5.83,14,2,0,2026-01-29 12:00:00
9795,437,11,81.3,72.97,75.37,1,31,1.0,-2.4,14,1,0,2026-01-30 06:00:00
9796,437,12,79.6,80.6,75.77,1,64,1.0,4.83,15,2,0,2026-01-30 21:00:00
9797,437,13,86.9,81.67,76.01,1,74,1.0,5.66,15,2,0,2026-01-31 16:00:00
9798,437,14,41.6,82.6,76.65,1,72,1.0,5.95,14,3,1,2026-02-02 14:00:00
9799,437,15,81.3,69.37,74.7,1,47,1.0,-5.33,15,2,0,2026-02-03 07:00:00
9800,437,16,97.7,69.93,75.05,1,118,1.0,-5.11,14,3,0,2026-02-03 18:00:00
9801,437,17,59.1,73.53,76.18,1,34,1.0,-2.65,14,3,1,2026-02-04 05:00:00
9802,437,17,79.7,79.37,75.37,2,72,1.0,4.0,14,3,0,2026-02-05 21:00:00
9803,438,1,50.0,75.0,75.0,1,144,1.0,0.0,1,1,1,2026-01-20 07:00:00
9804,438,1,56.3,50.0,50.0,2,326,1.0,0.0,2,1,1,2026-01-20 15:00:00
9805,438,2,30.5,53.15,53.15,1,123,0.0,0.0,3,1,1,2026-01-22 06:00:00
9806,438,2,71.0,45.6,45.6,2,257,0.0,0.0,4,1,0,2026-01-22 12:00:00
9807,438,2,48.5,52.6,51.95,3,418,0.0,0.65,5,1,1,2026-01-23 15:00:00
9808,438,3,36.3,50.0,51.26,1,139,1.0,-1.26,6,2,1,2026-01-25 10:00:00
9809,438,3,31.1,51.93,48.77,2,272,1.0,3.17,7,2,1,2026-01-26 12:00:00
9810,438,4,79.5,38.63,46.24,1,151,0.0,-7.61,8,2,0,2026-01-28 04:00:00
9811,438,4,49.6,48.97,50.4,2,296,0.0,-1.43,9,2,1,2026-01-29 18:00:00
9812,438,4,58.6,53.4,50.31,3,456,0.0,3.09,10,2,1,2026-01-30 06:00:00
9813,438,5,69.5,62.57,51.14,1,165,1.0,11.43,11,3,1,2026-01-30 10:00:00
9814,438,6,37.1,59.23,52.81,1,146,1.0,6.42,12,1,1,2026-01-31 01:00:00
9815,438,7,58.7,55.07,51.5,1,145,0.0,3.57,13,2,1,2026-02-01 12:00:00
9816,438,8,46.4,55.1,52.05,1,144,1.0,3.05,13,2,1,2026-02-03 12:00:00
9817,438,9,56.1,47.4,51.65,1,149,0.0,-4.25,13,3,1,2026-02-04 09:00:00
9818,438,10,44.2,53.73,51.95,1,141,1.0,1.79,14,2,1,2026-02-04 15:00:00
9819,438,10,38.0,48.9,51.46,2,280,1.0,-2.56,15,2,1,2026-02-04 22:00:00
9820,438,10,68.6,46.1,50.67,3,443,1.0,-4.57,14,2,1,2026-02-06 04:00:00
9821,438,11,67.8,50.27,51.67,1,170,0.5,-1.4,14,1,1,2026-02-06 16:00:00
9822,438,11,71.0,58.13,52.52,2,279,0.5,5.62,15,1,0,2026-02-08 04:00:00
9823,438,11,60.4,69.13,53.44,3,419,0.5,15.69,14,1,1,2026-02-09 12:00:00
9824,438,12,49.7,66.4,53.77,1,126,0.5,12.63,15,2,1,2026-02-10 14:00:00
9825,439,1,98.1,75.0,75.0,1,133,1.0,0.0,1,1,0,2026-01-10 13:00:00
9826,439,2,30.3,98.1,98.1,1,148,1.0,0.0,2,1,1,2026-01-12 01:00:00
9827,439,3,51.0,64.2,64.2,1,153,0.0,0.0,3,2,1,2026-01-13 17:00:00
9828,439,4,49.8,59.8,59.8,1,137,0.0,0.0,4,2,1,2026-01-15 10:00:00
9829,439,5,59.4,43.7,57.3,1,101,0.0,-13.6,5,3,1,2026-01-16 18:00:00
9830,439,5,45.1,53.4,57.72,2,221,0.0,-4.32,6,3,1,2026-01-17 04:00:00
9831,439,5,43.4,51.43,55.62,3,378,0.0,-4.18,7,3,1,2026-01-18 14:00:00
9832,439,6,61.5,49.3,53.87,1,85,1.0,-4.57,8,1,1,2026-01-19 03:00:00
9833,439,7,50.0,50.0,54.82,1,163,0.0,-4.83,9,2,1,2026-01-21 02:00:00
9834,439,7,43.0,51.63,54.29,2,313,0.0,-2.66,10,2,1,2026-01-22 10:00:00
9835,439,7,91.6,51.5,53.16,3,479,0.0,-1.66,11,2,0,2026-01-23 18:00:00
9836,439,8,79.3,61.53,56.65,1,136,1.0,4.88,11,2,0,2026-01-24 21:00:00
9837,439,8,78.4,71.3,58.54,2,234,1.0,12.76,11,2,0,2026-01-26 04:00:00
9838,439,8,39.5,83.1,60.07,3,382,1.0,23.03,12,2,1,2026-01-26 19:00:00
9839,439,9,46.2,65.73,58.6,1,165,1.0,7.13,12,3,1,2026-01-28 11:00:00
9840,439,10,90.5,54.7,57.77,1,158,1.0,-3.07,13,2,0,2026-01-28 19:00:00
9841,439,11,74.5,58.73,59.82,1,126,0.5,-1.09,13,1,0,2026-01-30 10:00:00
9842,439,12,37.2,70.4,60.68,1,141,0.5,9.72,12,2,1,2026-02-01 10:00:00
9843,439,12,69.0,67.4,59.38,2,270,0.5,8.02,11,2,1,2026-02-02 11:00:00
9844,439,13,96.6,60.23,59.88,1,123,0.0,0.35,12,2,0,2026-02-03 03:00:00
9845,439,14,44.7,67.6,61.72,1,159,0.5,5.88,13,3,1,2026-02-04 00:00:00
9846,439,15,68.1,70.1,60.91,1,116,1.0,9.19,13,2,1,2026-02-04 21:00:00
9847,439,15,52.1,69.8,61.24,2,238,1.0,8.56,14,2,1,2026-02-05 08:00:00
9848,439,15,36.5,54.97,60.84,3,355,1.0,-5.87,13,2,1,2026-02-06 18:00:00
9849,439,16,46.1,52.23,59.82,1,110,0.0,-7.59,14,3,1,2026-02-07 05:00:00
9850,439,16,45.9,44.9,59.28,2,252,0.0,-14.38,14,3,1,2026-02-08 19:00:00
9851,439,17,89.3,42.83,58.76,1,163,0.0,-15.93,13,3,0,2026-02-10 14:00:00
9852,439,17,85.4,60.43,59.89,2,299,0.0,0.54,14,3,0,2026-02-11 01:00:00
9853,439,17,70.6,73.53,60.8,3,408,0.0,12.73,13,3,0,2026-02-12 12:00:00
9854,439,18,50.4,81.77,61.14,1,156,0.0,20.63,14,3,1,2026-02-13 06:00:00
9855,439,18,30.1,68.8,60.78,2,329,0.0,8.02,14,3,1,2026-02-15 05:00:00
9856,439,19,90.4,50.37,59.79,1,127,1.0,-9.43,13,2,0,2026-02-17 01:00:00
9857,439,20,48.0,56.97,60.75,1,130,0.5,-3.78,13,3,1,2026-02-17 08:00:00
9858,440,1,82.1,75.0,75.0,1,70,1.0,0.0,1,1,0,2026-01-14 20:00:00
9859,440,2,92.9,82.1,82.1,1,92,1.0,0.0,2,1,0,2026-01-16 19:00:00
9860,440,3,80.2,87.5,87.5,1,49,1.0,0.0,3,2,0,2026-01-18 17:00:00
9861,440,4,99.7,85.07,85.07,1,33,1.0,0.0,4,2,0,2026-01-20 05:00:00
9862,440,5,82.5,90.93,88.72,1,72,1.0,2.21,5,3,0,2026-01-20 20:00:00
9863,440,6,84.0,87.47,87.48,1,75,1.0,-0.01,6,1,0,2026-01-21 17:00:00
9864,440,7,52.1,88.73,86.9,1,60,1.0,1.83,7,2,1,2026-01-23 07:00:00
9865,440,8,98.8,72.87,81.93,1,48,1.0,-9.06,8,2,0,2026-01-24 06:00:00
9866,440,9,78.7,78.3,84.04,1,79,1.0,-5.74,9,3,0,2026-01-25 17:00:00
9867,440,10,97.5,76.53,83.44,1,70,1.0,-6.91,10,2,0,2026-01-27 08:00:00
9868,440,11,85.9,91.67,84.85,1,44,0.5,6.82,11,1,0,2026-01-28 11:00:00
9869,440,12,76.3,87.37,84.95,1,60,1.0,2.42,11,2,0,2026-01-29 13:00:00
9870,440,13,88.8,86.57,84.22,1,32,1.0,2.34,12,2,0,2026-01-30 04:00:00
9871,440,14,89.0,83.67,84.58,1,73,0.5,-0.91,12,3,0,2026-01-31 10:00:00
9872,440,15,48.8,84.7,84.89,1,54,1.0,-0.19,13,2,1,2026-02-01 14:00:00
9873,440,16,72.9,75.53,82.49,1,51,1.0,-6.95,13,3,0,2026-02-01 20:00:00
9874,441,1,84.1,75.0,75.0,1,59,1.0,0.0,1,1,0,2026-01-15 00:00:00
9875,441,1,95.2,84.1,84.1,2,119,1.0,0.0,2,1,0,2026-01-15 16:00:00
9876,441,1,90.4,89.65,89.65,3,196,1.0,0.0,3,1,0,2026-01-17 05:00:00
9877,441,2,79.2,89.9,89.9,1,71,1.0,0.0,4,1,0,2026-01-19 03:00:00
9878,441,3,73.7,88.27,87.22,1,56,1.0,1.04,5,2,0,2026-01-20 22:00:00
9879,441,4,90.1,81.1,84.52,1,75,1.0,-3.42,6,2,0,2026-01-22 22:00:00
9880,441,5,42.8,81.0,85.45,1,68,1.0,-4.45,7,3,1,2026-01-23 19:00:00
9881,441,6,93.8,68.87,79.36,1,51,1.0,-10.49,8,1,0,2026-01-24 12:00:00
9882,441,6,51.8,75.57,81.16,2,108,1.0,-5.6,9,1,1,2026-01-25 20:00:00
9883,441,6,96.2,62.8,77.9,3,165,1.0,-15.1,10,1,0,2026-01-27 08:00:00
9884,441,7,74.4,80.6,79.73,1,70,1.0,0.87,11,2,0,2026-01-28 16:00:00
9885,441,7,96.2,74.13,79.25,2,122,1.0,-5.11,10,2,0,2026-01-30 04:00:00
9886,441,7,99.7,88.93,80.66,3,174,1.0,8.28,11,2,0,2026-01-30 12:00:00
9887,441,8,86.3,90.1,82.12,1,99,1.0,7.98,11,2,0,2026-02-01 01:00:00
9888,441,9,96.6,94.07,82.42,1,78,1.0,11.65,12,3,0,2026-02-02 02:00:00
9889,441,10,33.7,94.2,83.37,1,44,1.0,10.83,11,2,1,2026-02-04 02:00:00
9890,441,11,77.6,72.2,80.26,1,71,1.0,-8.06,11,1,0,2026-02-05 23:00:00
9891,441,12,57.7,69.3,80.11,1,62,1.0,-10.81,12,2,1,2026-02-06 10:00:00
9892,441,13,97.6,56.33,78.86,1,67,0.0,-22.53,11,2,0,2026-02-08 01:00:00
9893,441,14,34.0,77.63,79.85,1,62,0.5,-2.21,11,3,1,2026-02-09 18:00:00
9894,441,15,66.2,63.1,77.55,1,83,1.0,-14.45,11,2,1,2026-02-10 19:00:00
9895,442,1,93.7,75.0,75.0,1,116,1.0,0.0,1,1,0,2026-01-17 19:00:00
9896,442,2,75.5,93.7,93.7,1,108,1.0,0.0,2,1,0,2026-01-19 01:00:00
9897,442,3,87.5,84.6,84.6,1,130,1.0,0.0,3,2,0,2026-01-20 18:00:00
9898,442,4,84.8,85.57,85.57,1,114,1.0,0.0,4,2,0,2026-01-20 22:00:00
9899,442,4,31.1,82.6,85.38,2,226,1.0,-2.77,5,2,1,2026-01-21 17:00:00
9900,442,5,58.1,67.8,74.52,1,116,1.0,-6.72,6,3,1,2026-01-23 04:00:00
9901,442,6,95.1,58.0,71.78,1,108,1.0,-13.78,7,1,0,2026-01-24 08:00:00
9902,442,7,96.7,61.43,75.11,1,110,1.0,-13.68,8,2,0,2026-01-25 03:00:00
9903,442,8,70.4,83.3,77.81,1,98,1.0,5.49,9,2,0,2026-01-25 15:00:00
9904,442,9,44.9,87.4,76.99,1,94,1.0,10.41,10,3,1,2026-01-27 02:00:00
9905,442,10,94.7,70.67,73.78,1,90,1.0,-3.11,11,2,0,2026-01-28 12:00:00
9906,442,10,36.1,70.0,75.68,2,172,1.0,-5.68,12,2,1,2026-01-28 23:00:00
9907,442,10,48.8,58.57,72.38,3,264,1.0,-13.82,13,2,1,2026-01-29 18:00:00
9908,442,11,76.8,59.87,70.57,1,106,1.0,-10.7,14,1,0,2026-01-30 21:00:00
9909,442,11,37.5,53.9,71.01,2,218,1.0,-17.11,14,1,1,2026-02-01 18:00:00
9910,442,11,73.8,54.37,68.78,3,322,1.0,-14.41,14,1,0,2026-02-03 12:00:00
9911,442,12,73.1,62.7,69.09,1,62,0.5,-6.39,12,2,0,2026-02-05 00:00:00
9912,442,13,79.7,61.47,69.33,1,141,1.0,-7.86,13,2,0,2026-02-05 11:00:00
9913,442,14,32.1,75.53,69.91,1,131,1.0,5.63,13,3,1,2026-02-06 10:00:00
9914,442,15,78.2,61.63,67.92,1,118,1.0,-6.28,13,2,0,2026-02-07 23:00:00
9915,442,16,64.4,63.33,68.43,1,148,0.5,-5.1,12,3,1,2026-02-09 18:00:00
9916,443,1,38.6,75.0,75.0,1,70,1.0,0.0,1,1,1,2026-01-18 16:00:00
9917,443,2,35.3,38.6,38.6,1,127,0.0,0.0,2,1,1,2026-01-19 09:00:00
9918,443,3,53.6,36.95,36.95,1,70,0.0,0.0,3,2,1,2026-01-20 10:00:00
9919,443,3,74.1,42.5,42.5,2,164,0.0,0.0,4,2,0,2026-01-21 05:00:00
9920,443,4,90.6,54.33,50.4,1,64,1.0,3.93,5,2,0,2026-01-21 14:00:00
9921,443,4,98.2,72.77,58.44,2,154,1.0,14.33,6,2,0,2026-01-23 14:00:00
9922,443,4,70.3,87.63,65.07,3,251,1.0,22.57,7,2,0,2026-01-24 20:00:00
9923,443,5,78.5,86.37,65.81,1,86,1.0,20.55,8,3,0,2026-01-26 11:00:00
9924,443,6,65.0,82.33,67.4,1,104,1.0,14.93,9,1,1,2026-01-27 17:00:00
9925,443,7,75.6,71.27,67.13,1,91,0.0,4.13,10,2,0,2026-01-27 23:00:00
9926,443,8,94.6,73.03,67.98,1,79,1.0,5.05,11,2,0,2026-01-28 13:00:00
9927,443,9,98.4,78.4,70.4,1,78,1.0,8.0,12,3,0,2026-01-30 06:00:00
9928,443,10,41.5,89.53,72.73,1,106,1.0,16.8,13,2,1,2026-01-31 21:00:00
9929,443,11,74.2,78.17,70.33,1,76,0.5,7.84,13,1,0,2026-02-01 21:00:00
9930,443,12,67.9,71.37,70.61,1,108,1.0,0.76,13,2,1,2026-02-02 20:00:00
9931,443,12,33.4,61.2,70.43,2,222,1.0,-9.23,14,2,1,2026-02-03 08:00:00
9932,443,13,94.2,58.5,68.11,1,56,0.0,-9.61,12,2,0,2026-02-05 08:00:00
9933,443,14,50.2,65.17,69.65,1,112,0.5,-4.48,13,3,1,2026-02-05 13:00:00
9934,443,14,69.7,59.27,68.57,2,243,0.5,-9.3,13,3,1,2026-02-07 01:00:00
9935,443,14,38.8,71.37,68.63,3,338,0.5,2.74,14,3,1,2026-02-07 18:00:00
9936,443,15,71.9,52.9,67.14,1,101,1.0,-14.24,14,2,0,2026-02-08 18:00:00
9937,443,16,33.6,60.13,67.36,1,110,0.5,-7.23,14,3,1,2026-02-10 00:00:00
9938,443,17,52.9,48.1,65.83,1,84,0.0,-17.73,12,3,1,2026-02-11 22:00:00
9939,443,17,35.4,52.8,65.27,2,177,0.0,-12.47,12,3,1,2026-02-13 21:00:00
9940,443,17,78.4,40.63,64.02,3,240,0.0,-23.39,13,3,0,2026-02-14 08:00:00
9941,443,18,69.2,55.57,64.6,1,92,0.0,-9.03,12,3,1,2026-02-16 08:00:00
9942,443,18,65.1,61.0,64.77,2,191,0.0,-3.77,13,3,1,2026-02-16 12:00:00
9943,443,19,57.9,70.9,64.79,1,100,0.5,6.11,13,2,1,2026-02-17 06:00:00
9944,444,1,77.3,75.0,75.0,1,111,1.0,0.0,1,1,0,2026-01-30 19:00:00
9945,444,2,62.3,77.3,77.3,1,74,1.0,0.0,2,1,1,2026-02-01 13:00:00
9946,444,3,70.6,69.8,69.8,1,79,0.0,0.0,3,2,0,2026-02-03 02:00:00
9947,444,4,94.7,70.07,70.07,1,127,1.0,0.0,4,2,0,2026-02-05 00:00:00
9948,444,5,33.0,75.87,76.22,1,86,1.0,-0.36,5,3,1,2026-02-06 13:00:00
9949,444,5,95.0,66.1,67.58,2,180,1.0,-1.48,6,3,0,2026-02-06 21:00:00
9950,444,6,93.4,74.23,72.15,1,88,1.0,2.08,7,1,0,2026-02-08 10:00:00
9951,444,7,49.1,73.8,75.19,1,73,1.0,-1.39,8,2,1,2026-02-09 07:00:00
9952,444,8,39.3,79.17,71.92,1,122,1.0,7.24,9,2,1,2026-02-11 01:00:00
9953,444,9,69.0,60.6,68.3,1,79,0.0,-7.7,10,3,1,2026-02-13 00:00:00
9954,444,10,39.3,52.47,68.37,1,67,1.0,-15.9,10,2,1,2026-02-13 20:00:00
9955,444,10,90.6,49.2,65.73,2,147,1.0,-16.53,11,2,0,2026-02-14 02:00:00
9956,444,10,91.3,66.3,67.8,3,196,1.0,-1.5,12,2,0,2026-02-15 00:00:00
9957,444,11,84.5,73.73,69.61,1,76,0.0,4.13,13,1,0,2026-02-15 08:00:00
9958,444,12,81.5,88.8,70.67,1,70,0.5,18.13,13,2,0,2026-02-15 20:00:00
9959,444,13,72.2,85.77,71.39,1,102,1.0,14.37,14,2,0,2026-02-16 12:00:00
9960,444,14,87.5,79.4,71.44,1,76,0.5,7.96,15,3,0,2026-02-16 16:00:00
9961,444,15,44.7,80.4,72.39,1,107,1.0,8.01,15,2,1,2026-02-17 13:00:00
9962,444,16,87.1,68.13,70.85,1,117,0.5,-2.72,16,3,0,2026-02-17 19:00:00
9963,444,16,40.8,73.1,71.71,2,222,0.5,1.39,17,3,1,2026-02-18 17:00:00
9964,444,16,81.1,57.53,70.16,3,307,0.5,-12.63,17,3,0,2026-02-19 16:00:00
9965,444,17,30.5,69.67,70.68,1,92,1.0,-1.01,18,3,1,2026-02-20 10:00:00
9966,444,17,41.1,50.8,68.85,2,151,1.0,-18.05,17,3,1,2026-02-21 02:00:00
9967,444,17,43.2,50.9,67.65,3,238,1.0,-16.75,18,3,1,2026-02-21 23:00:00
9968,444,18,64.8,38.27,66.63,1,72,1.0,-28.36,17,3,1,2026-02-23 22:00:00
9969,444,18,57.3,49.7,66.56,2,175,1.0,-16.86,17,3,1,2026-02-25 09:00:00
9970,444,18,96.5,55.1,66.2,3,316,1.0,-11.1,18,3,0,2026-02-25 13:00:00
9971,445,1,98.2,75.0,75.0,1,149,1.0,0.0,1,1,0,2026-01-05 18:00:00
9972,445,1,79.0,98.2,98.2,2,249,1.0,0.0,2,1,0,2026-01-07 12:00:00
9973,445,2,36.8,88.6,88.6,1,132,1.0,0.0,3,1,1,2026-01-09 01:00:00
9974,445,2,48.1,71.33,71.33,2,274,1.0,0.0,4,1,1,2026-01-10 12:00:00
9975,445,2,42.8,54.63,65.53,3,415,1.0,-10.89,5,1,1,2026-01-12 00:00:00
9976,445,3,33.4,42.57,60.98,1,125,0.0,-18.41,6,2,1,2026-01-13 22:00:00
9977,445,4,42.5,41.43,56.38,1,144,0.0,-14.95,7,2,1,2026-01-14 20:00:00
9978,445,4,81.1,39.57,54.4,2,259,0.0,-14.83,8,2,0,2026-01-15 02:00:00
9979,445,4,69.3,52.33,57.74,3,380,0.0,-5.4,9,2,1,2026-01-15 10:00:00
9980,445,5,58.1,64.3,59.02,1,152,1.0,5.28,10,3,1,2026-01-16 22:00:00
9981,445,5,99.3,69.5,58.93,2,271,1.0,10.57,11,3,0,2026-01-17 16:00:00
9982,445,6,58.9,75.57,62.6,1,150,1.0,12.97,12,1,1,2026-01-18 00:00:00
9983,445,6,71.7,72.1,62.29,2,262,1.0,9.81,13,1,0,2026-01-18 12:00:00
9984,445,7,98.2,76.63,63.02,1,175,1.0,13.62,14,2,0,2026-01-19 06:00:00
9985,445,7,31.5,76.27,65.53,2,299,1.0,10.74,14,2,1,2026-01-19 18:00:00
9986,445,8,68.1,67.13,63.26,1,135,1.0,3.87,15,2,1,2026-01-21 07:00:00
9987,445,8,33.2,65.93,63.56,2,281,1.0,2.37,15,2,1,2026-01-22 23:00:00
9988,445,8,56.1,44.27,61.78,3,409,1.0,-17.51,15,2,1,2026-01-23 22:00:00
9989,445,9,58.1,52.47,61.46,1,142,0.0,-8.99,15,3,1,2026-01-24 23:00:00
9990,445,9,30.9,49.13,61.28,2,293,0.0,-12.15,15,3,1,2026-01-26 01:00:00
9991,445,10,47.6,48.37,59.76,1,159,1.0,-11.4,16,2,1,2026-01-26 23:00:00
9992,445,10,87.7,45.53,59.19,2,314,1.0,-13.65,17,2,0,2026-01-27 17:00:00
9993,445,10,92.4,55.4,60.48,3,450,1.0,-5.08,17,2,0,2026-01-28 06:00:00
9994,445,11,47.4,75.9,61.87,1,137,0.5,14.03,17,1,1,2026-01-28 22:00:00
9995,445,12,47.8,75.83,61.27,1,186,0.0,14.57,16,2,1,2026-01-30 01:00:00
9996,445,13,67.7,62.53,60.73,1,158,0.0,1.81,17,2,1,2026-01-30 11:00:00
9997,445,14,60.3,54.3,61.0,1,121,0.5,-6.7,18,3,1,2026-01-30 20:00:00
9998,445,15,30.3,58.6,60.97,1,141,0.0,-2.37,17,2,1,2026-01-31 22:00:00
9999,445,16,58.9,52.77,59.88,1,133,0.0,-7.11,16,3,1,2026-02-01 23:00:00
10000,445,16,69.2,49.83,59.84,2,270,0.0,-10.01,17,3,1,2026-02-02 03:00:00
10001,445,17,75.2,52.8,60.15,1,115,0.0,-7.35,17,3,0,2026-02-02 15:00:00
10002,445,17,54.7,67.77,60.64,2,246,0.0,7.13,17,3,1,2026-02-04 02:00:00
10003,445,18,62.2,66.37,60.45,1,176,0.0,5.91,17,3,1,2026-02-04 08:00:00
10004,445,19,90.0,64.03,60.51,1,151,0.5,3.53,18,2,0,2026-02-04 22:00:00
10005,446,1,82.9,75.0,75.0,1,60,1.0,0.0,1,1,0,2026-01-09 00:00:00
10006,446,1,91.1,82.9,82.9,2,194,1.0,0.0,2,1,0,2026-01-09 12:00:00
10007,446,2,79.4,87.0,87.0,1,131,1.0,0.0,3,1,0,2026-01-11 00:00:00
10008,446,3,35.7,84.47,84.47,1,102,1.0,0.0,4,2,1,2026-01-12 19:00:00
10009,446,4,53.5,68.73,72.28,1,124,0.0,-3.54,5,2,1,2026-01-13 02:00:00
10010,446,4,53.2,56.2,68.52,2,216,0.0,-12.32,6,2,1,2026-01-14 11:00:00
10011,446,4,31.2,47.47,65.97,3,316,0.0,-18.5,7,2,1,2026-01-14 21:00:00
10012,446,5,63.0,45.97,61.0,1,139,0.0,-15.03,8,3,1,2026-01-15 05:00:00
10013,446,5,56.4,49.13,61.25,2,243,0.0,-12.12,9,3,1,2026-01-16 06:00:00
10014,446,5,38.0,50.2,60.71,3,315,0.0,-10.51,10,3,1,2026-01-17 09:00:00
10015,446,6,78.2,52.47,58.44,1,108,1.0,-5.97,11,1,0,2026-01-19 06:00:00
10016,446,7,99.0,57.53,60.24,1,108,1.0,-2.7,12,2,0,2026-01-19 15:00:00
10017,446,8,34.9,71.73,63.47,1,133,1.0,8.27,13,2,1,2026-01-21 04:00:00
10018,446,9,57.0,70.7,61.27,1,110,0.0,9.43,14,3,1,2026-01-21 21:00:00
10019,446,9,57.5,63.63,60.96,2,211,0.0,2.67,13,3,1,2026-01-23 16:00:00
10020,446,9,60.6,49.8,60.73,3,341,0.0,-10.93,13,3,1,2026-01-25 09:00:00
10021,446,10,37.7,58.37,60.73,1,112,1.0,-2.36,13,2,1,2026-01-27 01:00:00
10022,446,10,78.4,51.93,59.37,2,206,1.0,-7.44,13,2,0,2026-01-28 00:00:00
10023,446,11,85.4,58.9,60.43,1,133,1.0,-1.53,11,1,0,2026-01-29 14:00:00
10024,446,12,59.2,67.17,61.74,1,113,0.5,5.42,11,2,1,2026-01-30 19:00:00
10025,446,12,63.6,74.33,61.62,2,223,0.5,12.72,11,2,1,2026-02-01 16:00:00
10026,446,13,70.6,69.4,61.71,1,113,0.0,7.69,10,2,0,2026-02-03 07:00:00
10027,446,14,71.8,64.47,62.11,1,88,0.5,2.35,11,3,0,2026-02-03 22:00:00
10028,446,15,46.7,68.67,62.53,1,99,1.0,6.13,11,2,1,2026-02-04 08:00:00
10029,446,16,41.9,63.03,61.88,1,110,0.0,1.16,11,3,1,2026-02-05 01:00:00
10030,446,16,36.0,53.47,61.08,2,216,0.0,-7.61,12,3,1,2026-02-05 22:00:00
10031,446,16,51.2,41.53,60.11,3,351,0.0,-18.58,12,3,1,2026-02-06 21:00:00
10032,446,17,61.7,43.03,59.78,1,114,0.0,-16.75,12,3,1,2026-02-08 21:00:00
10033,447,1,84.1,75.0,75.0,1,127,1.0,0.0,1,1,0,2026-01-16 16:00:00
10034,447,1,62.7,84.1,84.1,2,237,1.0,0.0,2,1,1,2026-01-16 22:00:00
10035,447,2,64.6,73.4,73.4,1,131,1.0,0.0,3,1,1,2026-01-18 01:00:00
10036,447,3,89.5,70.47,70.47,1,117,0.0,0.0,4,2,0,2026-01-19 21:00:00
10037,447,3,72.4,72.27,75.22,2,227,0.0,-2.96,5,2,0,2026-01-20 16:00:00
10038,447,4,31.0,75.5,74.66,1,109,1.0,0.84,6,2,1,2026-01-21 15:00:00
10039,447,4,84.4,64.3,67.38,2,199,1.0,-3.08,7,2,0,2026-01-22 08:00:00
10040,447,5,66.9,62.6,69.81,1,120,1.0,-7.21,8,3,1,2026-01-22 18:00:00
10041,447,5,67.5,60.77,69.45,2,229,1.0,-8.68,9,3,1,2026-01-23 00:00:00
10042,447,5,35.5,72.93,69.23,3,328,1.0,3.7,10,3,1,2026-01-24 01:00:00
10043,447,6,70.9,56.63,65.86,1,132,1.0,-9.23,11,1,0,2026-01-24 12:00:00
10044,447,7,41.8,57.97,66.32,1,84,1.0,-8.35,12,2,1,2026-01-24 17:00:00
10045,447,8,51.4,49.4,64.27,1,101,1.0,-14.87,13,2,1,2026-01-25 03:00:00
10046,447,9,57.7,54.7,63.28,1,130,0.0,-8.58,14,3,1,2026-01-26 05:00:00
10047,447,10,97.3,50.3,62.89,1,116,1.0,-12.59,15,2,0,2026-01-28 02:00:00
10048,447,10,59.5,68.8,65.18,2,225,1.0,3.62,16,2,1,2026-01-28 23:00:00
10049,447,10,51.0,71.5,64.82,3,340,1.0,6.67,17,2,1,2026-01-30 04:00:00
10050,447,11,49.9,69.27,64.01,1,113,0.0,5.25,16,1,1,2026-01-31 04:00:00
10051,447,12,92.6,53.47,63.23,1,79,0.0,-9.76,16,2,0,2026-02-01 09:00:00
10052,447,13,50.6,64.5,64.77,1,103,1.0,-0.27,16,2,1,2026-02-03 09:00:00
10053,447,13,79.5,64.37,64.06,2,245,1.0,0.3,15,2,0,2026-02-04 21:00:00
10054,447,13,34.1,74.23,64.8,3,341,1.0,9.43,16,2,1,2026-02-05 04:00:00
10055,448,1,59.0,75.0,75.0,1,133,1.0,0.0,1,1,1,2026-01-06 00:00:00
10056,448,2,72.7,59.0,59.0,1,129,0.0,0.0,2,1,0,2026-01-07 01:00:00
10057,448,3,88.2,65.85,65.85,1,138,1.0,0.0,3,2,0,2026-01-08 00:00:00
10058,448,4,32.6,73.3,73.3,1,128,1.0,0.0,4,2,1,2026-01-09 02:00:00
10059,448,5,43.7,64.5,63.12,1,149,0.0,1.38,5,3,1,2026-01-09 13:00:00
10060,448,5,56.7,54.83,59.24,2,292,0.0,-4.41,6,3,1,2026-01-10 12:00:00
10061,448,5,58.7,44.33,58.82,3,447,0.0,-14.48,7,3,1,2026-01-11 12:00:00
10062,448,6,84.7,53.03,58.8,1,118,1.0,-5.77,8,1,0,2026-01-12 14:00:00
10063,448,6,44.3,66.7,62.04,2,251,1.0,4.66,9,1,1,2026-01-13 12:00:00
10064,448,7,42.6,62.57,60.07,1,135,1.0,2.5,10,2,1,2026-01-15 12:00:00
10065,448,8,34.8,57.2,58.32,1,149,1.0,-1.12,11,2,1,2026-01-15 19:00:00
10066,448,9,49.0,40.57,56.18,1,124,0.0,-15.62,12,3,1,2026-01-17 18:00:00
10067,448,9,31.9,42.13,55.58,2,282,0.0,-13.45,13,3,1,2026-01-18 05:00:00
10068,448,10,54.9,38.57,53.76,1,163,1.0,-15.19,13,2,1,2026-01-20 03:00:00
10069,448,10,37.6,45.27,53.84,2,283,1.0,-8.58,12,2,1,2026-01-22 02:00:00
10070,448,11,38.1,41.47,52.76,1,130,0.5,-11.29,13,1,1,2026-01-22 16:00:00
10071,448,12,65.3,43.53,51.84,1,129,0.0,-8.31,12,2,1,2026-01-23 21:00:00
10072,448,12,38.0,47.0,52.64,2,321,0.0,-5.64,12,2,1,2026-01-25 07:00:00
10073,448,12,69.3,47.13,51.82,3,452,0.0,-4.69,11,2,1,2026-01-27 01:00:00
10074,448,13,61.2,57.53,52.74,1,173,0.0,4.79,12,2,1,2026-01-27 09:00:00
10075,448,14,40.1,56.17,53.16,1,114,0.0,3.0,12,3,1,2026-01-28 22:00:00
10076,448,15,40.4,56.87,52.54,1,120,0.0,4.32,13,2,1,2026-01-29 05:00:00
10077,448,15,34.1,47.23,51.99,2,246,0.0,-4.76,12,2,1,2026-01-29 22:00:00
10078,448,15,55.8,38.2,51.21,3,369,0.0,-13.01,13,2,1,2026-01-31 04:00:00
10079,448,16,30.2,43.43,51.4,1,134,0.0,-7.97,14,3,1,2026-01-31 17:00:00
10080,448,16,44.8,40.03,50.56,2,259,0.0,-10.52,14,3,1,2026-01-31 21:00:00
10081,448,16,96.9,43.6,50.33,3,382,0.0,-6.73,14,3,0,2026-02-01 21:00:00
10082,448,17,47.8,57.3,52.06,1,163,1.0,5.24,14,3,1,2026-02-03 07:00:00
10083,448,17,37.0,63.17,51.91,2,327,1.0,11.26,15,3,1,2026-02-04 17:00:00
10084,449,1,82.4,75.0,75.0,1,108,1.0,0.0,1,1,0,2026-01-15 20:00:00
10085,449,2,77.6,82.4,82.4,1,100,1.0,0.0,2,1,0,2026-01-17 20:00:00
10086,449,3,87.0,80.0,80.0,1,91,1.0,0.0,3,2,0,2026-01-19 20:00:00
10087,449,4,47.2,82.33,82.33,1,80,1.0,0.0,4,2,1,2026-01-20 06:00:00
10088,449,5,80.3,70.6,73.55,1,70,0.0,-2.95,5,3,0,2026-01-21 20:00:00
10089,449,6,70.7,71.5,74.9,1,97,1.0,-3.4,6,1,0,2026-01-23 04:00:00
10090,449,7,57.9,66.07,74.2,1,66,1.0,-8.13,7,2,1,2026-01-23 10:00:00
10091,449,8,72.5,69.63,71.87,1,70,1.0,-2.24,8,2,0,2026-01-25 08:00:00
10092,449,9,51.0,67.03,71.95,1,113,1.0,-4.92,9,3,1,2026-01-26 03:00:00
10093,449,9,44.0,60.47,69.62,2,241,1.0,-9.16,10,3,1,2026-01-27 14:00:00
10094,449,10,68.7,55.83,67.06,1,97,1.0,-11.23,11,2,1,2026-01-27 19:00:00
10095,449,11,89.8,54.57,67.21,1,112,0.5,-12.64,12,1,0,2026-01-29 08:00:00
10096,449,12,85.1,67.5,69.09,1,85,0.5,-1.59,12,2,0,2026-01-30 22:00:00
10097,449,12,99.3,81.2,70.32,2,148,0.5,10.88,12,2,0,2026-02-01 13:00:00
10098,449,13,41.5,91.4,72.39,1,102,1.0,19.01,13,2,1,2026-02-02 05:00:00
10099,449,14,45.6,75.3,70.33,1,101,0.5,4.97,12,3,1,2026-02-03 14:00:00
10100,449,15,89.7,62.13,68.79,1,91,1.0,-6.65,12,2,0,2026-02-05 08:00:00
10101,449,16,33.1,58.93,70.02,1,85,0.5,-11.08,13,3,1,2026-02-05 16:00:00
10102,449,16,77.8,56.13,67.97,2,194,0.5,-11.83,12,3,0,2026-02-07 14:00:00
10103,449,17,90.8,66.87,68.48,1,70,1.0,-1.62,11,3,0,2026-02-09 04:00:00
10104,449,18,99.1,67.23,69.6,1,74,1.0,-2.37,12,3,0,2026-02-09 19:00:00
10105,449,18,67.3,89.23,71.0,2,143,1.0,18.23,11,3,1,2026-02-11 07:00:00
10106,450,1,93.9,75.0,75.0,1,61,1.0,0.0,1,1,0,2026-01-28 18:00:00
10107,450,2,94.0,93.9,93.9,1,38,1.0,0.0,2,1,0,2026-01-29 03:00:00
10108,450,3,73.7,93.95,93.95,1,46,1.0,0.0,3,2,0,2026-01-30 15:00:00
10109,450,4,98.8,87.2,87.2,1,45,1.0,0.0,4,2,0,2026-01-31 19:00:00
10110,450,5,91.6,88.83,90.1,1,54,1.0,-1.27,5,3,0,2026-02-02 12:00:00
10111,450,5,70.0,88.03,90.4,2,84,1.0,-2.37,6,3,0,2026-02-04 03:00:00
10112,450,5,89.7,86.8,87.0,3,145,1.0,-0.2,7,3,0,2026-02-06 02:00:00
10113,450,6,79.4,83.77,87.39,1,84,1.0,-3.62,8,1,0,2026-02-06 09:00:00
10114,450,7,90.0,79.7,86.39,1,62,1.0,-6.69,9,2,0,2026-02-07 21:00:00
10115,450,8,94.9,86.37,86.79,1,90,1.0,-0.42,10,2,0,2026-02-09 14:00:00
10116,450,9,50.4,88.1,87.6,1,86,1.0,0.5,11,3,1,2026-02-11 07:00:00
10117,450,10,94.1,78.43,84.22,1,75,1.0,-5.78,10,2,0,2026-02-12 19:00:00
10118,450,11,93.3,79.8,85.04,1,61,1.0,-5.24,10,1,0,2026-02-14 12:00:00
10119,450,12,82.6,79.27,85.68,1,60,0.5,-6.41,10,2,0,2026-02-15 03:00:00
10120,451,1,83.4,75.0,75.0,1,155,1.0,0.0,1,1,0,2026-01-03 04:00:00
10121,451,1,99.1,83.4,83.4,2,287,1.0,0.0,2,1,0,2026-01-04 06:00:00
10122,451,2,85.4,91.25,91.25,1,102,1.0,0.0,3,1,0,2026-01-06 00:00:00
10123,451,2,49.5,89.3,89.3,2,251,1.0,0.0,4,1,1,2026-01-06 16:00:00
10124,451,3,69.5,78.0,79.35,1,117,1.0,-1.35,5,2,1,2026-01-08 06:00:00
10125,451,4,82.1,68.13,77.38,1,120,0.0,-9.25,6,2,0,2026-01-08 19:00:00
10126,451,5,33.2,67.03,78.17,1,140,1.0,-11.13,7,3,1,2026-01-09 15:00:00
10127,451,6,58.3,61.6,71.74,1,138,1.0,-10.14,8,1,1,2026-01-10 01:00:00
10128,451,7,32.3,57.87,70.06,1,111,0.0,-12.2,9,2,1,2026-01-10 14:00:00
10129,451,8,69.9,41.27,65.87,1,143,1.0,-24.6,10,2,1,2026-01-12 02:00:00
10130,451,8,87.7,53.5,66.27,2,302,1.0,-12.77,11,2,0,2026-01-13 21:00:00
10131,451,8,63.3,63.3,68.22,3,419,1.0,-4.92,12,2,1,2026-01-15 06:00:00
10132,451,9,68.6,73.63,67.81,1,165,1.0,5.83,13,3,1,2026-01-16 01:00:00
10133,451,9,61.4,73.2,67.87,2,273,1.0,5.33,13,3,1,2026-01-17 07:00:00
10134,451,9,32.1,64.43,67.41,3,455,1.0,-2.97,13,3,1,2026-01-18 08:00:00
10135,451,10,64.9,54.03,65.05,1,131,1.0,-11.02,14,2,1,2026-01-18 14:00:00
10136,451,11,64.1,52.8,65.04,1,142,0.5,-12.24,15,1,1,2026-01-19 00:00:00
10137,451,12,85.2,53.7,64.99,1,102,0.0,-11.29,15,2,0,2026-01-20 09:00:00
10138,451,12,61.5,71.4,66.11,2,240,0.0,5.29,15,2,1,2026-01-21 08:00:00
10139,451,12,31.7,70.27,65.87,3,384,0.0,4.4,14,2,1,2026-01-23 06:00:00
10140,451,13,59.4,59.47,64.16,1,138,1.0,-4.69,12,2,1,2026-01-24 21:00:00
10141,451,14,61.3,50.87,63.93,1,128,0.5,-13.07,13,3,1,2026-01-25 05:00:00
10142,452,1,73.6,75.0,75.0,1,71,1.0,0.0,1,1,0,2026-01-25 03:00:00
10143,452,2,83.7,73.6,73.6,1,112,1.0,0.0,2,1,0,2026-01-25 18:00:00
10144,452,2,34.5,78.65,78.65,2,202,1.0,0.0,3,1,1,2026-01-26 10:00:00
10145,452,3,72.8,63.93,63.93,1,120,1.0,0.0,4,2,0,2026-01-27 01:00:00
10146,452,4,88.1,63.67,66.15,1,79,1.0,-2.48,5,2,0,2026-01-28 23:00:00
10147,452,4,41.9,65.13,70.54,2,160,1.0,-5.41,6,2,1,2026-01-30 16:00:00
10148,452,4,89.2,67.6,65.77,3,266,1.0,1.83,7,2,0,2026-01-31 11:00:00
10149,452,5,83.0,73.07,69.11,1,57,1.0,3.95,8,3,0,2026-01-31 23:00:00
10150,452,6,45.4,71.37,70.85,1,65,1.0,0.52,9,1,1,2026-02-01 08:00:00
10151,452,6,80.2,72.53,68.02,2,176,1.0,4.51,10,1,0,2026-02-02 21:00:00
10152,452,6,77.2,69.53,69.24,3,242,1.0,0.29,11,1,0,2026-02-03 04:00:00
10153,452,7,37.4,67.6,69.96,1,53,1.0,-2.36,12,2,1,2026-02-05 00:00:00
10154,452,8,78.7,64.93,67.25,1,127,1.0,-2.32,13,2,0,2026-02-06 00:00:00
10155,452,9,68.7,64.43,68.13,1,62,1.0,-3.7,14,3,1,2026-02-08 00:00:00
10156,452,10,96.4,61.6,68.17,1,93,1.0,-6.57,13,2,0,2026-02-08 20:00:00
10157,452,11,72.8,81.27,70.05,1,91,0.5,11.21,13,1,0,2026-02-09 15:00:00
10158,452,11,97.4,79.3,70.22,2,124,0.5,9.08,13,1,0,2026-02-10 13:00:00
10159,452,12,50.5,88.87,71.82,1,84,0.5,17.04,14,2,1,2026-02-10 20:00:00
10160,452,13,53.8,73.57,70.64,1,98,0.0,2.93,14,2,1,2026-02-12 11:00:00
10161,452,13,33.3,67.23,69.75,2,195,0.0,-2.52,14,2,1,2026-02-14 01:00:00
10162,452,13,69.1,45.87,67.93,3,303,0.0,-22.06,14,2,1,2026-02-14 20:00:00
10163,452,14,94.3,52.07,67.99,1,82,0.0,-15.92,13,3,0,2026-02-15 23:00:00
10164,452,14,84.3,65.57,69.18,2,186,0.0,-3.62,14,3,0,2026-02-16 16:00:00
10165,452,14,90.1,82.57,69.84,3,262,0.0,12.73,13,3,0,2026-02-17 18:00:00
10166,452,15,84.7,89.57,70.68,1,61,1.0,18.88,13,2,0,2026-02-19 00:00:00
10167,452,16,94.3,86.37,71.24,1,64,0.0,15.12,13,3,0,2026-02-20 00:00:00
10168,452,17,66.9,89.7,72.13,1,60,1.0,17.57,14,3,1,2026-02-20 15:00:00
10169,452,18,93.1,81.97,71.94,1,110,1.0,10.03,15,3,0,2026-02-21 19:00:00
10170,452,19,38.0,84.77,72.69,1,59,1.0,12.07,15,2,1,2026-02-22 17:00:00
10171,453,1,80.4,75.0,75.0,1,95,1.0,0.0,1,1,0,2026-01-03 23:00:00
10172,453,2,70.6,80.4,80.4,1,84,1.0,0.0,2,1,0,2026-01-04 23:00:00
10173,453,3,62.2,75.5,75.5,1,87,1.0,0.0,3,2,1,2026-01-05 10:00:00
10174,453,4,75.0,71.07,71.07,1,117,0.0,0.0,4,2,0,2026-01-05 22:00:00
10175,453,5,52.6,69.27,72.05,1,81,1.0,-2.78,5,3,1,2026-01-07 22:00:00
10176,453,6,95.0,63.27,68.16,1,102,1.0,-4.89,6,1,0,2026-01-08 16:00:00
10177,453,7,89.3,74.2,72.63,1,90,1.0,1.57,7,2,0,2026-01-09 18:00:00
10178,453,8,79.2,78.97,75.01,1,86,1.0,3.95,8,2,0,2026-01-10 03:00:00
10179,453,9,54.7,87.83,75.54,1,135,1.0,12.3,9,3,1,2026-01-11 01:00:00
10180,453,10,83.5,74.4,73.22,1,61,1.0,1.18,10,2,0,2026-01-12 05:00:00
10181,454,1,32.9,75.0,75.0,1,135,1.0,0.0,1,1,1,2026-01-26 05:00:00
10182,454,1,95.9,32.9,32.9,2,258,1.0,0.0,2,1,0,2026-01-27 11:00:00
10183,454,2,99.6,64.4,64.4,1,100,1.0,0.0,3,1,0,2026-01-28 18:00:00
10184,454,2,81.6,76.13,76.13,2,242,1.0,0.0,4,1,0,2026-01-29 15:00:00
10185,454,2,88.8,92.37,77.5,3,315,1.0,14.87,5,1,0,2026-01-29 23:00:00
10186,454,3,98.8,90.0,79.76,1,99,1.0,10.24,6,2,0,2026-01-30 15:00:00
10187,454,4,85.4,89.73,82.93,1,85,1.0,6.8,7,2,0,2026-02-01 00:00:00
10188,454,5,90.0,91.0,83.29,1,118,1.0,7.71,8,3,0,2026-02-01 05:00:00
10189,454,6,100.0,91.4,84.12,1,87,1.0,7.27,9,1,0,2026-02-01 21:00:00
10190,454,7,44.8,91.8,85.89,1,118,1.0,5.91,10,2,1,2026-02-03 17:00:00
10191,454,8,91.0,78.27,81.78,1,106,1.0,-3.51,11,2,0,2026-02-04 22:00:00
10192,454,9,64.8,78.6,82.62,1,100,1.0,-4.02,12,3,1,2026-02-06 14:00:00
10193,454,10,98.5,66.87,81.13,1,117,1.0,-14.27,13,2,0,2026-02-07 13:00:00
10194,454,10,30.7,84.77,82.47,2,221,1.0,2.3,14,2,1,2026-02-08 14:00:00
10195,454,10,79.5,64.67,78.77,3,309,1.0,-14.1,14,2,0,2026-02-10 09:00:00
10196,454,11,89.2,69.57,78.82,1,166,0.5,-9.25,14,1,0,2026-02-10 14:00:00
10197,454,12,31.9,66.47,79.47,1,100,0.5,-13.0,14,2,1,2026-02-12 03:00:00
10198,454,13,56.4,66.87,76.67,1,65,0.0,-9.8,15,2,1,2026-02-12 12:00:00
10199,454,14,56.2,59.17,75.54,1,93,0.0,-16.38,13,3,1,2026-02-13 20:00:00
10200,454,15,97.9,48.17,74.53,1,84,1.0,-26.36,12,2,0,2026-02-15 06:00:00
10201,455,1,51.1,75.0,75.0,1,76,1.0,0.0,1,1,1,2026-01-31 09:00:00
10202,455,2,85.3,51.1,51.1,1,66,0.0,0.0,2,1,0,2026-02-01 10:00:00
10203,455,2,94.6,68.2,68.2,2,133,0.0,0.0,3,1,0,2026-02-01 23:00:00
10204,455,3,82.1,77.0,77.0,1,52,1.0,0.0,4,2,0,2026-02-03 11:00:00
10205,455,3,85.3,87.33,78.28,2,106,1.0,9.06,5,2,0,2026-02-05 00:00:00
10206,455,4,90.8,87.33,79.68,1,52,1.0,7.65,6,2,0,2026-02-06 08:00:00
10207,455,5,83.1,86.07,81.53,1,58,1.0,4.53,7,3,0,2026-02-07 18:00:00
10208,455,6,84.6,86.4,81.76,1,76,1.0,4.64,8,1,0,2026-02-09 10:00:00
10209,455,7,85.2,86.17,82.11,1,66,1.0,4.05,9,2,0,2026-02-10 13:00:00
10210,455,8,39.1,84.3,82.46,1,70,1.0,1.84,10,2,1,2026-02-12 07:00:00
10211,455,9,89.9,69.63,78.12,1,69,0.0,-8.49,11,3,0,2026-02-13 02:00:00
10212,455,9,76.3,71.4,79.19,2,146,0.0,-7.79,12,3,0,2026-02-14 05:00:00
10213,455,9,73.3,68.43,78.95,3,211,0.0,-10.52,12,3,0,2026-02-14 11:00:00
10214,455,10,84.0,79.83,78.52,1,67,1.0,1.32,11,2,0,2026-02-16 09:00:00
10215,455,11,93.3,77.87,78.91,1,83,1.0,-1.04,12,1,0,2026-02-16 19:00:00
10216,455,12,81.3,83.53,79.87,1,46,1.0,3.67,12,2,0,2026-02-18 19:00:00
10217,456,1,96.7,75.0,75.0,1,72,1.0,0.0,1,1,0,2026-01-30 17:00:00
10218,456,2,70.3,96.7,96.7,1,66,1.0,0.0,2,1,0,2026-01-31 19:00:00
10219,456,3,77.2,83.5,83.5,1,93,1.0,0.0,3,2,0,2026-02-02 13:00:00
10220,456,3,79.7,81.4,81.4,2,145,1.0,0.0,4,2,0,2026-02-04 02:00:00
10221,456,3,54.0,75.73,80.97,3,244,1.0,-5.24,5,2,1,2026-02-05 14:00:00
10222,456,4,59.4,70.3,75.58,1,87,1.0,-5.28,6,2,1,2026-02-06 19:00:00
10223,456,5,39.1,64.37,72.88,1,112,0.0,-8.52,7,3,1,2026-02-08 08:00:00
10224,456,6,74.5,50.83,68.06,1,76,1.0,-17.22,8,1,0,2026-02-08 16:00:00
10225,456,7,59.0,57.67,68.86,1,85,1.0,-11.2,9,2,1,2026-02-09 06:00:00
10226,456,7,55.7,57.53,67.77,2,197,1.0,-10.23,10,2,1,2026-02-10 03:00:00
10227,456,7,61.8,63.07,66.56,3,314,1.0,-3.49,11,2,1,2026-02-11 04:00:00
10228,456,8,32.5,58.83,66.13,1,76,1.0,-7.29,12,2,1,2026-02-11 08:00:00
10229,456,9,34.9,50.0,63.32,1,93,0.0,-13.32,13,3,1,2026-02-11 15:00:00
10230,456,10,59.9,43.07,61.14,1,95,1.0,-18.07,14,2,1,2026-02-13 01:00:00
10231,456,11,59.4,42.43,61.05,1,97,0.5,-18.62,15,1,1,2026-02-13 14:00:00
10232,456,12,40.6,51.4,60.94,1,84,0.0,-9.54,15,2,1,2026-02-13 20:00:00
10233,456,13,35.6,53.3,59.67,1,115,0.0,-6.37,15,2,1,2026-02-14 22:00:00
10234,456,13,63.4,45.2,58.25,2,167,0.0,-13.05,16,2,1,2026-02-15 16:00:00
10235,456,13,68.0,46.53,58.54,3,248,0.0,-12.01,16,2,1,2026-02-16 22:00:00
10236,456,14,64.3,55.67,59.04,1,98,0.0,-3.37,16,3,1,2026-02-18 19:00:00
10237,457,1,72.6,75.0,75.0,1,69,1.0,0.0,1,1,0,2026-01-15 10:00:00
10238,457,2,89.7,72.6,72.6,1,87,1.0,0.0,2,1,0,2026-01-16 22:00:00
10239,457,3,76.7,81.15,81.15,1,83,1.0,0.0,3,2,0,2026-01-18 19:00:00
10240,457,4,89.1,79.67,79.67,1,54,1.0,0.0,4,2,0,2026-01-19 09:00:00
10241,457,5,72.6,85.17,82.02,1,85,1.0,3.14,5,3,0,2026-01-21 07:00:00
10242,457,5,90.2,79.47,80.14,2,130,1.0,-0.67,6,3,0,2026-01-21 11:00:00
10243,457,6,34.1,83.97,81.82,1,78,1.0,2.15,7,1,1,2026-01-23 04:00:00
10244,457,7,50.8,65.63,75.0,1,96,0.0,-9.37,8,2,1,2026-01-23 15:00:00
10245,457,8,72.6,58.37,71.98,1,84,1.0,-13.61,9,2,0,2026-01-23 20:00:00
10246,457,9,74.1,52.5,72.04,1,62,1.0,-19.54,10,3,0,2026-01-24 15:00:00
10247,457,10,94.9,65.83,72.25,1,53,1.0,-6.42,11,2,0,2026-01-25 19:00:00
10248,457,11,59.2,80.53,74.31,1,30,0.5,6.22,12,1,1,2026-01-27 10:00:00
10249,457,12,73.5,76.07,73.05,1,66,0.5,3.02,13,2,0,2026-01-28 23:00:00
10250,457,13,70.3,75.87,73.08,1,37,1.0,2.78,13,2,0,2026-01-30 06:00:00
10251,457,14,39.1,67.67,72.89,1,44,0.5,-5.22,13,3,1,2026-01-31 20:00:00
10252,457,15,39.0,60.97,70.63,1,36,0.0,-9.67,14,2,1,2026-02-01 11:00:00
10253,457,16,89.4,49.47,68.66,1,50,1.0,-19.19,14,3,0,2026-02-02 07:00:00
10254,457,17,95.9,55.83,69.88,1,59,1.0,-14.04,14,3,0,2026-02-02 23:00:00
10255,458,1,85.1,75.0,75.0,1,95,1.0,0.0,1,1,0,2026-01-12 08:00:00
10256,458,2,35.8,85.1,85.1,1,77,1.0,0.0,2,1,1,2026-01-13 01:00:00
10257,458,3,96.4,60.45,60.45,1,111,0.0,0.0,3,2,0,2026-01-14 09:00:00
10258,458,3,76.9,72.43,72.43,2,196,0.0,0.0,4,2,0,2026-01-15 11:00:00
10259,458,3,54.9,69.7,73.55,3,270,0.0,-3.85,5,2,1,2026-01-16 01:00:00
10260,458,4,75.1,76.07,69.82,1,94,1.0,6.25,6,2,0,2026-01-17 03:00:00
10261,458,5,89.4,68.97,70.7,1,129,1.0,-1.73,7,3,0,2026-01-18 15:00:00
10262,458,5,81.2,73.13,73.37,2,225,1.0,-0.24,8,3,0,2026-01-20 11:00:00
10263,458,5,86.0,81.9,74.35,3,307,1.0,7.55,9,3,0,2026-01-21 20:00:00
10264,458,6,73.7,85.53,75.64,1,59,1.0,9.89,10,1,0,2026-01-22 19:00:00
10265,458,7,62.3,80.3,75.45,1,85,1.0,4.85,11,2,1,2026-01-24 03:00:00
10266,458,7,71.6,74.0,74.25,2,179,1.0,-0.25,12,2,0,2026-01-24 19:00:00
10267,458,7,72.9,69.2,74.03,3,261,1.0,-4.83,13,2,0,2026-01-26 05:00:00
10268,458,8,95.2,68.93,73.95,1,56,1.0,-5.01,12,2,0,2026-01-28 00:00:00
10269,458,9,74.4,79.9,75.46,1,72,1.0,4.44,11,3,0,2026-01-29 23:00:00
10270,458,10,37.3,80.83,75.39,1,119,1.0,5.44,11,2,1,2026-01-31 01:00:00
10271,459,1,84.1,75.0,75.0,1,88,1.0,0.0,1,1,0,2026-01-09 14:00:00
10272,459,2,90.2,84.1,84.1,1,42,1.0,0.0,2,1,0,2026-01-10 02:00:00
10273,459,3,60.0,87.15,87.15,1,73,1.0,0.0,3,2,1,2026-01-11 16:00:00
10274,459,4,75.8,78.1,78.1,1,36,0.0,0.0,4,2,0,2026-01-12 11:00:00
10275,459,5,99.3,75.33,77.53,1,88,1.0,-2.19,5,3,0,2026-01-14 02:00:00
10276,459,6,95.7,78.37,81.88,1,64,1.0,-3.51,6,1,0,2026-01-15 06:00:00
10277,459,7,60.6,90.27,84.18,1,78,1.0,6.08,7,2,1,2026-01-16 01:00:00
10278,459,7,71.7,85.2,80.81,2,108,1.0,4.39,8,2,0,2026-01-16 06:00:00
10279,459,7,76.3,76.0,79.68,3,181,1.0,-3.68,9,2,0,2026-01-16 12:00:00
10280,459,8,96.5,69.53,79.3,1,59,1.0,-9.77,10,2,0,2026-01-16 16:00:00
10281,459,8,90.9,81.5,81.02,2,136,1.0,0.48,11,2,0,2026-01-18 08:00:00
10282,459,9,97.8,87.9,81.92,1,78,1.0,5.98,12,3,0,2026-01-19 04:00:00
10283,459,10,95.9,95.07,83.24,1,61,1.0,11.83,13,2,0,2026-01-19 11:00:00
10284,459,11,97.9,94.87,84.22,1,47,1.0,10.65,14,1,0,2026-01-20 01:00:00
10285,459,12,79.8,97.2,85.19,1,75,1.0,12.01,15,2,0,2026-01-22 00:00:00
10286,459,13,63.4,91.2,84.83,1,58,1.0,6.37,16,2,1,2026-01-22 04:00:00
10287,459,14,90.1,80.37,83.49,1,42,1.0,-3.13,17,3,0,2026-01-23 02:00:00
10288,459,14,76.9,77.77,83.88,2,83,1.0,-6.12,16,3,0,2026-01-24 13:00:00
10289,459,15,33.5,76.8,83.49,1,30,1.0,-6.69,17,2,1,2026-01-25 08:00:00
10290,459,16,30.1,66.83,80.86,1,49,1.0,-14.03,16,3,1,2026-01-27 07:00:00
10291,459,16,56.1,46.83,78.32,2,131,1.0,-31.49,17,3,1,2026-01-27 15:00:00
10292,459,16,85.4,39.9,77.27,3,194,1.0,-37.37,17,3,0,2026-01-28 23:00:00
10293,459,17,43.6,57.2,77.64,1,49,1.0,-20.44,16,3,1,2026-01-30 03:00:00
10294,459,18,80.1,61.7,76.16,1,76,1.0,-14.46,14,3,0,2026-01-30 21:00:00
10295,459,19,79.2,69.7,76.32,1,43,1.0,-6.62,15,2,0,2026-01-31 05:00:00
10296,459,19,44.9,67.63,76.44,2,104,1.0,-8.8,14,2,1,2026-02-02 05:00:00
10297,459,20,89.6,68.07,75.22,1,56,1.0,-7.16,14,3,0,2026-02-02 19:00:00
10298,460,1,89.4,75.0,75.0,1,75,1.0,0.0,1,1,0,2026-01-08 14:00:00
10299,460,2,90.7,89.4,89.4,1,30,1.0,0.0,2,1,0,2026-01-09 23:00:00
10300,460,3,85.6,90.05,90.05,1,42,1.0,0.0,3,2,0,2026-01-10 13:00:00
10301,460,3,90.5,88.57,88.57,2,72,1.0,0.0,4,2,0,2026-01-10 22:00:00
10302,460,4,46.9,88.93,89.05,1,54,1.0,-0.12,5,2,1,2026-01-12 11:00:00
10303,460,5,63.8,74.33,80.62,1,84,0.0,-6.29,6,3,1,2026-01-12 19:00:00
10304,460,5,56.2,67.07,77.82,2,133,0.0,-10.75,7,3,1,2026-01-14 14:00:00
10305,460,5,86.1,55.63,74.73,3,182,0.0,-19.1,8,3,0,2026-01-16 03:00:00
10306,460,6,73.1,68.7,76.15,1,77,1.0,-7.45,9,1,0,2026-01-16 14:00:00
10307,460,7,86.2,71.8,75.81,1,81,1.0,-4.01,10,2,0,2026-01-16 21:00:00
10308,460,8,93.1,81.8,76.85,1,58,1.0,4.95,11,2,0,2026-01-17 12:00:00
10309,460,9,83.1,84.13,78.33,1,73,1.0,5.81,12,3,0,2026-01-17 23:00:00
10310,460,10,81.1,87.47,78.73,1,38,1.0,8.74,13,2,0,2026-01-19 11:00:00
10311,460,11,85.5,85.77,78.91,1,87,1.0,6.86,14,1,0,2026-01-20 05:00:00
10312,460,12,81.9,83.23,79.38,1,102,1.0,3.85,15,2,0,2026-01-21 09:00:00
10313,461,1,75.1,75.0,75.0,1,70,1.0,0.0,1,1,0,2026-01-26 11:00:00
10314,461,2,78.2,75.1,75.1,1,30,1.0,0.0,2,1,0,2026-01-27 03:00:00
10315,461,3,30.3,76.65,76.65,1,48,1.0,0.0,3,2,1,2026-01-28 11:00:00
10316,461,4,39.0,61.2,61.2,1,72,0.0,0.0,4,2,1,2026-01-28 21:00:00
10317,461,4,34.9,49.17,55.65,2,123,0.0,-6.48,5,2,1,2026-01-30 16:00:00
10318,461,4,47.1,34.73,51.5,3,208,0.0,-16.77,6,2,1,2026-01-31 06:00:00
10319,461,5,98.8,40.33,50.77,1,71,0.0,-10.43,7,3,0,2026-02-01 22:00:00
10320,461,5,35.6,60.27,57.63,2,116,0.0,2.64,8,3,1,2026-02-03 17:00:00
10321,461,6,79.6,60.5,54.88,1,60,1.0,5.62,9,1,0,2026-02-04 09:00:00
10322,461,7,84.9,71.33,57.62,1,42,1.0,13.71,10,2,0,2026-02-06 00:00:00
10323,461,8,36.7,66.7,60.35,1,56,1.0,6.35,11,2,1,2026-02-06 06:00:00
10324,461,9,72.0,67.07,58.2,1,48,0.0,8.87,12,3,0,2026-02-08 06:00:00
10325,461,9,36.9,64.53,59.35,2,131,0.0,5.18,13,3,1,2026-02-08 18:00:00
10326,461,10,98.7,48.53,57.62,1,102,1.0,-9.09,12,2,0,2026-02-10 04:00:00
10327,461,10,89.7,69.2,60.56,2,133,1.0,8.64,13,2,0,2026-02-10 19:00:00
10328,461,11,97.3,75.1,62.5,1,30,1.0,12.6,13,1,0,2026-02-11 12:00:00
10329,461,12,98.2,95.23,64.68,1,55,1.0,30.56,13,2,0,2026-02-13 06:00:00
10330,461,13,77.8,95.07,66.65,1,30,1.0,28.42,14,2,0,2026-02-13 15:00:00
10331,461,14,100.0,91.1,67.27,1,60,1.0,23.83,13,3,0,2026-02-14 11:00:00
10332,461,15,43.1,92.0,68.99,1,74,1.0,23.01,14,2,1,2026-02-14 23:00:00
10333,461,16,90.4,73.63,67.69,1,89,1.0,5.94,14,3,0,2026-02-15 22:00:00
10334,461,17,85.2,77.83,68.78,1,64,1.0,9.06,15,3,0,2026-02-16 18:00:00
10335,461,18,79.6,72.9,69.52,1,56,1.0,3.38,16,3,0,2026-02-17 05:00:00
10336,461,19,84.8,85.07,69.96,1,30,1.0,15.11,15,2,0,2026-02-18 09:00:00
10337,462,1,98.3,75.0,75.0,1,90,1.0,0.0,1,1,0,2026-01-21 12:00:00
10338,462,2,79.7,98.3,98.3,1,91,1.0,0.0,2,1,0,2026-01-22 05:00:00
10339,462,3,36.3,89.0,89.0,1,102,1.0,0.0,3,2,1,2026-01-23 10:00:00
10340,462,3,33.0,71.43,71.43,2,177,1.0,0.0,4,2,1,2026-01-24 21:00:00
10341,462,3,68.0,49.67,61.82,3,258,1.0,-12.16,5,2,1,2026-01-25 15:00:00
10342,462,4,56.2,45.77,63.06,1,60,0.0,-17.29,6,2,1,2026-01-27 05:00:00
10343,462,5,51.4,52.4,61.92,1,44,0.0,-9.52,7,3,1,2026-01-29 00:00:00
10344,462,6,83.2,58.53,60.41,1,67,1.0,-1.88,8,1,0,2026-01-29 08:00:00
10345,462,7,77.5,63.6,63.26,1,58,1.0,0.34,9,2,0,2026-01-30 11:00:00
10346,462,8,94.6,70.7,64.84,1,96,1.0,5.86,10,2,0,2026-02-01 00:00:00
10347,462,8,66.5,85.1,67.82,2,175,1.0,17.28,11,2,1,2026-02-02 14:00:00
10348,462,9,30.7,79.53,67.7,1,79,1.0,11.83,12,3,1,2026-02-03 09:00:00
10349,462,9,39.6,63.93,64.62,2,149,1.0,-0.68,13,3,1,2026-02-04 09:00:00
10350,462,9,58.0,45.6,62.69,3,179,1.0,-17.09,12,3,1,2026-02-05 23:00:00
10351,462,10,99.3,42.77,62.36,1,120,1.0,-19.59,12,2,0,2026-02-06 21:00:00
10352,462,11,73.4,65.63,64.82,1,69,1.0,0.81,13,1,0,2026-02-07 19:00:00
10353,462,12,63.0,76.9,65.36,1,81,0.5,11.54,12,2,1,2026-02-09 18:00:00
10354,462,13,87.1,78.57,65.22,1,60,0.0,13.35,12,2,0,2026-02-11 00:00:00
10355,462,13,64.0,74.5,66.43,2,169,0.0,8.07,12,2,1,2026-02-12 07:00:00
10356,462,13,46.8,71.37,66.31,3,261,0.0,5.06,11,2,1,2026-02-13 13:00:00
10357,462,14,67.0,65.97,65.33,1,73,0.5,0.64,11,3,1,2026-02-15 05:00:00
10358,463,1,32.7,75.0,75.0,1,132,1.0,0.0,1,1,1,2026-01-30 09:00:00
10359,463,2,62.0,32.7,32.7,1,173,0.0,0.0,2,1,1,2026-01-31 17:00:00
10360,463,2,86.0,47.35,47.35,2,311,0.0,0.0,3,1,0,2026-02-01 18:00:00
10361,463,2,56.9,60.23,60.23,3,447,0.0,0.0,4,1,1,2026-02-02 15:00:00
10362,463,3,83.4,68.3,59.4,1,121,1.0,8.9,5,2,0,2026-02-04 14:00:00
10363,463,4,48.6,75.43,64.2,1,102,1.0,11.23,6,2,1,2026-02-05 07:00:00
10364,463,4,89.4,62.97,61.6,2,238,1.0,1.37,7,2,0,2026-02-07 06:00:00
10365,463,4,78.3,73.8,65.57,3,384,1.0,8.23,8,2,0,2026-02-08 16:00:00
10366,463,5,44.7,72.1,67.16,1,161,1.0,4.94,9,3,1,2026-02-10 05:00:00
10367,463,6,41.3,70.8,64.67,1,95,1.0,6.13,10,1,1,2026-02-10 13:00:00
10368,463,7,46.4,54.77,62.33,1,117,0.0,-7.56,11,2,1,2026-02-11 19:00:00
10369,463,7,32.5,44.13,60.88,2,245,0.0,-16.75,11,2,1,2026-02-13 09:00:00
10370,463,7,60.6,40.07,58.52,3,384,0.0,-18.45,12,2,1,2026-02-14 11:00:00
10371,463,8,58.5,46.5,58.68,1,137,1.0,-12.18,12,2,1,2026-02-14 19:00:00
10372,463,9,60.2,50.53,58.66,1,137,0.0,-8.13,12,3,1,2026-02-16 03:00:00
10373,463,9,57.3,59.77,58.77,2,285,0.0,1.0,12,3,1,2026-02-17 01:00:00
10374,463,10,66.3,58.67,58.68,1,121,1.0,-0.01,13,2,1,2026-02-17 23:00:00
10375,463,10,40.6,61.27,59.12,2,279,1.0,2.14,13,2,1,2026-02-18 18:00:00
10376,463,10,74.0,54.73,58.09,3,427,1.0,-3.36,14,2,0,2026-02-19 04:00:00
10377,463,11,94.8,60.3,58.93,1,133,0.5,1.37,14,1,0,2026-02-19 23:00:00
10378,463,12,46.5,69.8,60.72,1,172,0.5,9.07,14,2,1,2026-02-21 23:00:00
10379,463,13,55.3,71.77,60.05,1,171,0.0,11.72,14,2,1,2026-02-22 19:00:00
10380,463,13,40.2,65.53,59.83,2,329,0.0,5.7,15,2,1,2026-02-23 14:00:00
10381,463,13,38.8,47.33,58.98,3,408,0.0,-11.64,15,2,1,2026-02-24 05:00:00
10382,463,14,55.8,44.77,58.14,1,171,0.0,-13.37,14,3,1,2026-02-26 03:00:00
10383,463,14,49.0,44.93,58.04,2,326,0.0,-13.11,14,3,1,2026-02-27 22:00:00
10384,463,15,56.1,47.87,57.7,1,180,1.0,-9.83,13,2,1,2026-03-01 04:00:00
10385,463,16,60.5,53.63,57.64,1,164,0.0,-4.0,13,3,1,2026-03-02 05:00:00
10386,463,17,55.9,55.2,57.74,1,171,0.0,-2.54,14,3,1,2026-03-02 11:00:00
10387,463,18,32.5,57.5,57.68,1,157,0.0,-0.18,14,3,1,2026-03-03 20:00:00
10388,463,19,34.5,49.63,56.84,1,166,1.0,-7.2,12,2,1,2026-03-05 04:00:00
10389,463,19,39.2,40.97,56.12,2,345,1.0,-15.15,12,2,1,2026-03-06 18:00:00
10390,464,1,57.5,75.0,75.0,1,94,1.0,0.0,1,1,1,2026-01-17 20:00:00
10391,464,1,85.8,57.5,57.5,2,152,1.0,0.0,2,1,0,2026-01-18 23:00:00
10392,464,1,79.8,71.65,71.65,3,235,1.0,0.0,3,1,0,2026-01-19 05:00:00
10393,464,2,76.7,74.37,74.37,1,97,1.0,0.0,4,1,0,2026-01-19 20:00:00
10394,464,3,54.4,80.77,74.95,1,91,1.0,5.82,5,2,1,2026-01-21 09:00:00
10395,464,4,67.2,70.3,70.84,1,65,0.0,-0.54,6,2,1,2026-01-22 20:00:00
10396,464,4,99.2,66.1,70.23,2,122,0.0,-4.13,7,2,0,2026-01-24 12:00:00
10397,464,4,36.8,73.6,74.37,3,197,0.0,-0.77,8,2,1,2026-01-25 01:00:00
10398,464,5,35.2,67.73,69.68,1,106,1.0,-1.94,9,3,1,2026-01-26 05:00:00
10399,464,6,94.0,57.07,65.84,1,121,1.0,-8.78,10,1,0,2026-01-26 10:00:00
10400,464,7,70.8,55.33,68.66,1,108,1.0,-13.33,11,2,0,2026-01-28 10:00:00
10401,464,8,94.8,66.67,68.85,1,111,1.0,-2.19,12,2,0,2026-01-30 04:00:00
10402,464,9,60.9,86.53,71.02,1,88,1.0,15.52,12,3,1,2026-02-01 00:00:00
10403,464,10,92.0,75.5,70.24,1,55,1.0,5.26,11,2,0,2026-02-02 11:00:00
10404,464,10,97.0,82.57,71.79,2,135,1.0,10.77,11,2,0,2026-02-04 00:00:00
10405,464,10,72.3,83.3,73.47,3,219,1.0,9.83,11,2,0,2026-02-05 08:00:00
10406,465,1,75.9,75.0,75.0,1,100,1.0,0.0,1,1,0,2026-01-12 02:00:00
10407,465,1,68.5,75.9,75.9,2,211,1.0,0.0,2,1,1,2026-01-13 03:00:00
10408,465,1,92.8,72.2,72.2,3,329,1.0,0.0,3,1,0,2026-01-13 23:00:00
10409,465,2,63.5,79.07,79.07,1,127,1.0,0.0,4,1,1,2026-01-14 23:00:00
10410,465,3,96.5,74.93,75.18,1,104,0.0,-0.24,5,2,0,2026-01-15 10:00:00
10411,465,3,95.1,84.27,79.44,2,175,0.0,4.83,6,2,0,2026-01-15 18:00:00
10412,465,4,90.1,85.03,82.05,1,100,1.0,2.98,7,2,0,2026-01-17 09:00:00
10413,465,4,79.0,93.9,83.2,2,210,1.0,10.7,8,2,0,2026-01-19 05:00:00
10414,465,4,41.2,88.07,82.68,3,344,1.0,5.39,9,2,1,2026-01-20 07:00:00
10415,465,5,54.4,70.1,78.07,1,98,1.0,-7.97,10,3,1,2026-01-22 04:00:00
10416,465,6,51.9,58.2,75.7,1,120,1.0,-17.5,11,1,1,2026-01-22 15:00:00
10417,465,7,71.3,49.17,73.54,1,115,0.0,-24.37,12,2,0,2026-01-23 16:00:00
10418,465,7,64.7,59.2,73.35,2,225,0.0,-14.15,13,2,1,2026-01-24 06:00:00
10419,465,7,84.3,62.63,72.68,3,353,0.0,-10.05,14,2,0,2026-01-25 09:00:00
10420,465,8,69.5,73.43,73.51,1,96,1.0,-0.08,15,2,1,2026-01-25 14:00:00
10421,465,8,71.1,72.83,73.25,2,194,1.0,-0.41,16,2,0,2026-01-25 21:00:00
10422,465,8,71.5,74.97,73.11,3,303,1.0,1.85,16,2,0,2026-01-26 08:00:00
10423,465,9,98.8,70.7,73.02,1,97,1.0,-2.32,17,3,0,2026-01-26 12:00:00
10424,465,10,63.6,80.47,74.45,1,120,1.0,6.02,17,2,1,2026-01-27 21:00:00
10425,466,1,96.0,75.0,75.0,1,75,1.0,0.0,1,1,0,2026-01-23 15:00:00
10426,466,1,76.7,96.0,96.0,2,169,1.0,0.0,2,1,0,2026-01-24 18:00:00
10427,466,2,74.8,86.35,86.35,1,87,1.0,0.0,3,1,0,2026-01-25 18:00:00
10428,466,3,39.0,82.5,82.5,1,94,1.0,0.0,4,2,1,2026-01-26 06:00:00
10429,466,4,46.2,63.5,71.62,1,80,0.0,-8.12,5,2,1,2026-01-27 02:00:00
10430,466,5,84.6,53.33,66.54,1,83,0.0,-13.21,6,3,0,2026-01-28 07:00:00
10431,466,5,96.9,56.6,69.55,2,174,0.0,-12.95,7,3,0,2026-01-29 04:00:00
10432,466,6,68.4,75.9,73.46,1,94,1.0,2.44,8,1,1,2026-01-29 14:00:00
10433,466,7,71.3,83.3,72.82,1,89,0.0,10.47,9,2,0,2026-01-30 21:00:00
10434,466,8,31.2,78.87,72.66,1,124,1.0,6.21,10,2,1,2026-01-31 14:00:00
10435,466,8,38.2,56.97,68.51,2,194,1.0,-11.54,11,2,1,2026-02-01 11:00:00
10436,466,8,98.7,46.9,65.75,3,282,1.0,-18.85,12,2,0,2026-02-01 19:00:00
10437,466,9,72.5,56.03,68.5,1,58,1.0,-12.47,13,3,0,2026-02-03 07:00:00
10438,466,9,65.0,69.8,68.81,2,155,1.0,0.99,14,3,1,2026-02-04 02:00:00
10439,466,9,56.1,78.73,68.54,3,222,1.0,10.2,15,3,1,2026-02-05 11:00:00
10440,466,10,45.4,64.53,67.71,1,84,1.0,-3.17,15,2,1,2026-02-07 02:00:00
10441,466,11,73.5,55.5,66.31,1,82,1.0,-10.81,15,1,0,2026-02-08 17:00:00
10442,467,1,83.9,75.0,75.0,1,95,1.0,0.0,1,1,0,2026-01-23 11:00:00
10443,467,2,80.8,83.9,83.9,1,78,1.0,0.0,2,1,0,2026-01-24 05:00:00
10444,467,3,89.0,82.35,82.35,1,78,1.0,0.0,3,2,0,2026-01-25 05:00:00
10445,467,4,64.4,84.57,84.57,1,118,1.0,0.0,4,2,1,2026-01-25 09:00:00
10446,467,5,61.1,78.07,79.53,1,95,0.0,-1.46,5,3,1,2026-01-25 15:00:00
10447,467,6,54.0,71.5,75.84,1,78,1.0,-4.34,6,1,1,2026-01-27 02:00:00
10448,467,7,78.7,59.83,72.2,1,84,0.0,-12.37,7,2,0,2026-01-28 08:00:00
10449,467,7,52.0,64.6,73.13,2,206,0.0,-8.53,8,2,1,2026-01-30 03:00:00
10450,467,7,93.9,61.57,70.49,3,291,0.0,-8.92,9,2,0,2026-01-30 16:00:00
10451,467,8,80.6,74.87,73.09,1,76,1.0,1.78,10,2,0,2026-01-31 06:00:00
10452,467,9,43.4,75.5,73.84,1,76,1.0,1.66,11,3,1,2026-02-01 00:00:00
10453,467,9,80.7,72.63,71.07,2,155,1.0,1.56,12,3,0,2026-02-01 16:00:00
10454,467,10,33.0,68.23,71.88,1,78,1.0,-3.64,13,2,1,2026-02-03 02:00:00
10455,467,11,55.1,52.37,68.88,1,64,1.0,-16.52,14,1,1,2026-02-03 17:00:00
10456,467,12,83.6,56.27,67.9,1,67,0.5,-11.63,15,2,0,2026-02-04 03:00:00
10457,467,13,73.5,57.23,68.95,1,73,1.0,-11.71,16,2,0,2026-02-05 08:00:00
10458,467,13,82.7,70.73,69.23,2,174,1.0,1.5,15,2,0,2026-02-07 08:00:00
10459,467,13,80.1,79.93,70.02,3,256,1.0,9.91,13,2,0,2026-02-08 19:00:00
10460,467,14,63.9,78.77,70.58,1,85,1.0,8.18,14,3,1,2026-02-09 06:00:00
10461,467,14,73.3,75.57,70.23,2,200,1.0,5.34,14,3,0,2026-02-10 19:00:00
10462,467,15,99.3,72.43,70.39,1,115,0.0,2.05,14,2,0,2026-02-12 05:00:00
10463,467,16,92.9,78.83,71.76,1,84,1.0,7.07,15,3,0,2026-02-12 16:00:00
10464,467,17,81.6,88.5,72.72,1,77,1.0,15.78,15,3,0,2026-02-13 08:00:00
10465,467,18,32.6,91.27,73.11,1,72,1.0,18.16,13,3,1,2026-02-15 03:00:00
10466,467,18,99.1,69.03,71.42,2,175,1.0,-2.39,13,3,0,2026-02-17 01:00:00
10467,467,19,53.6,71.1,72.53,1,85,0.0,-1.43,11,2,1,2026-02-18 22:00:00
10468,467,19,90.8,61.77,71.8,2,167,0.0,-10.03,11,2,0,2026-02-19 19:00:00
10469,467,20,88.8,81.17,72.5,1,73,1.0,8.66,12,3,0,2026-02-20 20:00:00
10470,468,1,70.8,75.0,75.0,1,124,1.0,0.0,1,1,0,2026-01-19 18:00:00
10471,468,2,36.3,70.8,70.8,1,146,1.0,0.0,2,1,1,2026-01-20 00:00:00
10472,468,3,51.9,53.55,53.55,1,113,0.0,0.0,3,2,1,2026-01-21 12:00:00
10473,468,3,37.9,53.0,53.0,2,272,0.0,0.0,4,2,1,2026-01-22 10:00:00
10474,468,3,66.4,42.03,49.22,3,401,0.0,-7.19,5,2,1,2026-01-23 16:00:00
10475,468,4,49.3,52.07,52.66,1,137,0.0,-0.59,6,2,1,2026-01-25 10:00:00
10476,468,5,42.3,51.2,52.1,1,113,0.0,-0.9,7,3,1,2026-01-27 00:00:00
10477,468,5,92.6,52.67,50.7,2,252,0.0,1.97,8,3,0,2026-01-27 13:00:00
10478,468,6,88.3,61.4,55.94,1,133,1.0,5.46,9,1,0,2026-01-28 12:00:00
10479,468,7,71.0,74.4,59.53,1,138,1.0,14.87,10,2,0,2026-01-28 23:00:00
10480,468,8,78.4,83.97,60.68,1,169,1.0,23.29,11,2,0,2026-01-30 22:00:00
10481,468,9,37.2,79.23,62.29,1,143,1.0,16.94,12,3,1,2026-01-31 17:00:00
10482,468,9,91.9,62.2,60.2,2,267,1.0,2.0,13,3,0,2026-02-01 03:00:00
10483,468,10,97.0,69.17,62.64,1,125,1.0,6.53,14,2,0,2026-02-01 19:00:00
10484,468,11,71.7,75.37,65.09,1,151,0.5,10.27,15,1,0,2026-02-02 05:00:00
10485,468,11,62.0,86.87,65.53,2,316,0.5,21.33,14,1,1,2026-02-03 11:00:00
10486,468,11,54.3,76.9,65.31,3,461,0.5,11.59,15,1,1,2026-02-03 16:00:00
10487,469,1,72.4,75.0,75.0,1,73,1.0,0.0,1,1,0,2026-01-14 08:00:00
10488,469,2,90.8,72.4,72.4,1,72,1.0,0.0,2,1,0,2026-01-15 03:00:00
10489,469,2,91.8,81.6,81.6,2,160,1.0,0.0,3,1,0,2026-01-15 18:00:00
10490,469,3,72.9,85.0,85.0,1,30,1.0,0.0,4,2,0,2026-01-16 20:00:00
10491,469,4,85.8,85.17,81.98,1,73,1.0,3.19,5,2,0,2026-01-17 05:00:00
10492,469,5,60.6,83.5,82.74,1,79,1.0,0.76,6,3,1,2026-01-17 20:00:00
10493,469,5,81.0,73.1,79.05,2,112,1.0,-5.95,7,3,0,2026-01-19 10:00:00
10494,469,6,80.7,75.8,79.33,1,42,1.0,-3.53,8,1,0,2026-01-19 14:00:00
10495,469,6,73.2,74.1,79.5,2,84,1.0,-5.4,9,1,0,2026-01-21 12:00:00
10496,469,6,76.5,78.3,78.8,3,129,1.0,-0.5,10,1,0,2026-01-22 18:00:00
10497,469,7,71.4,76.8,78.57,1,50,1.0,-1.77,11,2,0,2026-01-24 15:00:00
10498,469,8,88.5,73.7,77.92,1,64,1.0,-4.22,12,2,0,2026-01-26 03:00:00
10499,469,9,96.3,78.8,78.8,1,77,1.0,0.0,13,3,0,2026-01-27 05:00:00
10500,469,9,42.1,85.4,80.15,2,158,1.0,5.25,13,3,1,2026-01-28 23:00:00
10501,469,9,31.5,75.63,77.43,3,201,1.0,-1.8,13,3,1,2026-01-29 04:00:00
10502,469,10,80.6,56.63,74.37,1,43,1.0,-17.73,14,2,0,2026-01-29 17:00:00
10503,469,11,52.4,51.4,74.76,1,86,1.0,-23.36,12,1,1,2026-01-31 14:00:00
10504,469,12,77.8,54.83,73.44,1,72,0.5,-18.61,12,2,0,2026-02-02 06:00:00
10505,469,12,92.2,70.27,73.68,2,133,0.5,-3.42,11,2,0,2026-02-02 21:00:00
10506,469,13,93.6,74.13,74.66,1,69,1.0,-0.52,12,2,0,2026-02-03 19:00:00
10507,469,14,41.9,87.87,75.6,1,59,1.0,12.26,12,3,1,2026-02-05 10:00:00
10508,469,15,67.3,75.9,74.0,1,70,0.0,1.9,12,2,1,2026-02-06 17:00:00
10509,469,16,60.7,67.6,73.7,1,53,1.0,-6.1,13,3,1,2026-02-07 14:00:00
10510,469,17,44.4,56.63,73.13,1,65,0.0,-16.5,12,3,1,2026-02-09 11:00:00
10511,469,18,77.3,57.47,71.93,1,30,0.0,-14.47,13,3,0,2026-02-09 18:00:00
10512,469,18,61.0,60.8,72.15,2,76,0.0,-11.35,13,3,1,2026-02-10 18:00:00
10513,469,19,95.3,60.9,71.72,1,46,0.5,-10.82,13,2,0,2026-02-12 00:00:00
10514,469,19,96.0,77.87,72.59,2,98,0.5,5.27,12,2,0,2026-02-13 00:00:00
10515,469,19,45.0,84.1,73.43,3,139,0.5,10.67,13,2,1,2026-02-13 19:00:00
10516,469,20,73.5,78.77,72.45,1,49,0.5,6.32,14,3,0,2026-02-14 02:00:00
10517,469,20,60.6,71.5,72.48,2,79,0.5,-0.98,14,3,1,2026-02-14 20:00:00
10518,469,20,32.6,59.7,72.1,3,149,0.5,-12.4,15,3,1,2026-02-15 17:00:00
10519,470,1,33.5,75.0,75.0,1,108,1.0,0.0,1,1,1,2026-01-07 08:00:00
10520,470,2,45.8,33.5,33.5,1,75,0.0,0.0,2,1,1,2026-01-08 11:00:00
10521,470,2,84.7,39.65,39.65,2,168,0.0,0.0,3,1,0,2026-01-08 16:00:00
10522,470,2,99.0,54.67,54.67,3,284,0.0,0.0,4,1,0,2026-01-08 23:00:00
10523,470,3,65.7,76.5,65.75,1,99,1.0,10.75,5,2,1,2026-01-10 16:00:00
10524,470,4,41.7,83.13,65.74,1,96,0.0,17.39,6,2,1,2026-01-11 16:00:00
10525,470,5,48.2,68.8,61.73,1,108,0.0,7.07,7,3,1,2026-01-13 02:00:00
10526,470,5,87.9,51.87,59.8,2,224,0.0,-7.93,8,3,0,2026-01-14 19:00:00
10527,470,5,44.9,59.27,63.31,3,305,0.0,-4.05,9,3,1,2026-01-16 17:00:00
10528,470,6,31.2,60.33,61.27,1,121,1.0,-0.93,10,1,1,2026-01-17 00:00:00
10529,470,7,97.6,54.67,58.26,1,93,0.0,-3.59,11,2,0,2026-01-17 10:00:00
10530,470,8,53.7,57.9,61.84,1,109,1.0,-3.94,12,2,1,2026-01-17 21:00:00
10531,470,8,96.5,60.83,61.16,2,218,1.0,-0.33,13,2,0,2026-01-18 13:00:00
10532,470,9,63.1,82.6,63.88,1,99,1.0,18.72,14,3,1,2026-01-20 01:00:00
10533,470,9,34.9,71.1,63.82,2,188,1.0,7.28,15,3,1,2026-01-20 16:00:00
10534,470,10,73.9,64.83,61.89,1,104,1.0,2.94,14,2,0,2026-01-22 11:00:00
10535,470,11,46.3,57.3,62.64,1,142,1.0,-5.34,13,1,1,2026-01-24 00:00:00
10536,470,12,30.7,51.7,61.68,1,82,0.0,-9.98,14,2,1,2026-01-24 13:00:00
10537,470,12,99.6,50.3,59.96,2,225,0.0,-9.66,14,2,0,2026-01-25 01:00:00
10538,470,13,61.8,58.87,62.05,1,104,1.0,-3.18,14,2,1,2026-01-26 22:00:00
10539,470,13,55.3,64.03,62.03,2,214,1.0,2.0,14,2,1,2026-01-28 16:00:00
10540,470,13,97.4,72.23,61.71,3,302,1.0,10.52,14,2,0,2026-01-30 12:00:00
10541,470,14,65.6,71.5,63.34,1,94,1.0,8.16,12,3,1,2026-01-31 16:00:00
10542,470,15,85.2,72.77,63.43,1,99,0.0,9.33,11,2,0,2026-02-02 00:00:00
10543,470,15,74.9,82.73,64.34,2,188,0.0,18.39,12,2,0,2026-02-02 06:00:00
10544,470,16,68.0,75.23,64.76,1,105,0.5,10.47,12,3,1,2026-02-03 05:00:00
10545,470,17,50.8,76.03,64.89,1,101,0.0,11.14,12,3,1,2026-02-04 23:00:00
10546,470,17,82.6,64.57,64.37,2,248,0.0,0.2,12,3,0,2026-02-06 17:00:00
10547,470,18,91.0,67.13,65.02,1,86,0.0,2.12,10,3,0,2026-02-08 06:00:00
10548,471,1,82.9,75.0,75.0,1,62,1.0,0.0,1,1,0,2026-01-17 23:00:00
10549,471,2,75.3,82.9,82.9,1,64,1.0,0.0,2,1,0,2026-01-19 18:00:00
10550,471,3,96.9,79.1,79.1,1,38,1.0,0.0,3,2,0,2026-01-20 07:00:00
10551,471,3,88.0,85.03,85.03,2,111,1.0,0.0,4,2,0,2026-01-20 15:00:00
10552,471,4,54.1,86.73,85.78,1,52,1.0,0.96,5,2,1,2026-01-22 00:00:00
10553,471,5,52.8,79.67,79.44,1,30,0.0,0.23,6,3,1,2026-01-22 06:00:00
10554,471,6,91.3,64.97,75.0,1,73,1.0,-10.03,7,1,0,2026-01-23 19:00:00
10555,471,7,75.9,66.07,77.33,1,37,1.0,-11.26,8,2,0,2026-01-24 14:00:00
10556,471,8,90.6,73.33,77.15,1,39,1.0,-3.82,9,2,0,2026-01-26 09:00:00
10557,471,9,34.2,85.93,78.64,1,73,1.0,7.29,10,3,1,2026-01-28 00:00:00
10558,471,10,99.2,66.9,74.2,1,53,1.0,-7.3,11,2,0,2026-01-29 12:00:00
10559,471,11,78.1,74.67,76.47,1,78,1.0,-1.81,12,1,0,2026-01-30 20:00:00
10560,471,12,85.9,70.5,76.61,1,84,0.5,-6.11,13,2,0,2026-01-31 04:00:00
10561,471,12,88.3,87.73,77.32,2,131,0.5,10.41,13,2,0,2026-02-01 16:00:00
10562,471,13,94.3,84.1,78.11,1,75,1.0,5.99,11,2,0,2026-02-03 16:00:00
10563,471,14,94.6,89.5,79.19,1,44,1.0,10.31,12,3,0,2026-02-04 01:00:00
10564,472,1,77.1,75.0,75.0,1,154,1.0,0.0,1,1,0,2026-01-07 10:00:00
10565,472,2,97.2,77.1,77.1,1,96,1.0,0.0,2,1,0,2026-01-09 06:00:00
10566,472,3,96.4,87.15,87.15,1,130,1.0,0.0,3,2,0,2026-01-10 23:00:00
10567,472,4,72.5,90.23,90.23,1,126,1.0,0.0,4,2,0,2026-01-12 10:00:00
10568,472,5,46.8,88.7,85.8,1,116,1.0,2.9,5,3,1,2026-01-12 21:00:00
10569,472,6,44.8,71.9,78.0,1,96,1.0,-6.1,6,1,1,2026-01-14 07:00:00
10570,472,7,94.2,54.7,72.47,1,106,0.0,-17.77,7,2,0,2026-01-15 22:00:00
10571,472,7,52.4,61.93,75.57,2,172,0.0,-13.64,8,2,1,2026-01-17 03:00:00
10572,472,8,66.4,63.8,72.68,1,114,1.0,-8.88,9,2,1,2026-01-18 17:00:00
10573,472,8,98.7,71.0,71.98,2,230,1.0,-0.98,10,2,0,2026-01-19 18:00:00
10574,472,8,94.8,72.5,74.65,3,342,1.0,-2.15,11,2,0,2026-01-20 00:00:00
10575,472,9,50.6,86.63,76.48,1,50,1.0,10.15,12,3,1,2026-01-20 04:00:00
10576,472,10,98.1,81.37,74.32,1,84,1.0,7.04,12,2,0,2026-01-21 11:00:00
10577,472,11,63.3,81.17,76.15,1,95,1.0,5.01,13,1,1,2026-01-22 09:00:00
10578,472,11,70.9,70.67,75.24,2,210,1.0,-4.57,13,1,0,2026-01-24 07:00:00
10579,472,11,86.3,77.43,74.95,3,325,1.0,2.49,13,1,0,2026-01-25 01:00:00
10580,473,1,93.2,75.0,75.0,1,56,1.0,0.0,1,1,0,2026-01-20 01:00:00
10581,473,2,95.7,93.2,93.2,1,72,1.0,0.0,2,1,0,2026-01-20 16:00:00
10582,473,3,37.6,94.45,94.45,1,39,1.0,0.0,3,2,1,2026-01-21 06:00:00
10583,473,4,74.6,75.5,75.5,1,72,0.0,0.0,4,2,0,2026-01-22 05:00:00
10584,473,5,38.4,69.3,75.28,1,69,1.0,-5.98,5,3,1,2026-01-22 19:00:00
10585,473,6,74.3,50.2,67.9,1,67,1.0,-17.7,6,1,0,2026-01-23 20:00:00
10586,473,7,83.4,62.43,68.97,1,56,1.0,-6.53,7,2,0,2026-01-25 01:00:00
10587,473,8,95.2,65.37,71.03,1,96,1.0,-5.66,8,2,0,2026-01-25 18:00:00
10588,473,9,93.8,84.3,74.05,1,69,1.0,10.25,9,3,0,2026-01-27 09:00:00
10589,473,9,59.4,90.8,76.24,2,109,1.0,14.56,10,3,1,2026-01-28 18:00:00
10590,473,9,72.5,82.8,74.56,3,173,1.0,8.24,11,3,0,2026-01-29 04:00:00
10591,473,10,71.8,75.23,74.37,1,75,1.0,0.86,12,2,0,2026-01-31 01:00:00
10592,473,11,74.9,67.9,74.16,1,48,1.0,-6.26,13,1,0,2026-02-01 08:00:00
10593,474,1,49.6,75.0,75.0,1,161,1.0,0.0,1,1,1,2026-01-12 23:00:00
10594,474,2,65.9,49.6,49.6,1,147,0.0,0.0,2,1,1,2026-01-13 21:00:00
10595,474,3,99.4,57.75,57.75,1,93,0.0,0.0,3,2,0,2026-01-14 09:00:00
10596,474,4,33.6,71.63,71.63,1,145,1.0,0.0,4,2,1,2026-01-16 07:00:00
10597,474,4,72.4,66.3,62.12,2,276,1.0,4.17,5,2,0,2026-01-16 17:00:00
10598,474,5,78.0,68.47,64.18,1,150,1.0,4.29,6,3,0,2026-01-17 04:00:00
10599,474,6,90.2,61.33,66.48,1,158,1.0,-5.15,7,1,0,2026-01-17 15:00:00
10600,474,6,91.0,80.2,69.87,2,301,1.0,10.33,8,1,0,2026-01-19 13:00:00
10601,474,7,33.2,86.4,72.51,1,173,1.0,13.89,9,2,1,2026-01-19 17:00:00
10602,474,8,56.4,71.47,68.14,1,136,1.0,3.32,10,2,1,2026-01-21 16:00:00
10603,474,9,50.5,60.2,66.97,1,152,0.0,-6.77,11,3,1,2026-01-22 16:00:00
10604,474,10,41.2,46.7,65.47,1,156,1.0,-18.77,12,2,1,2026-01-23 19:00:00
10605,474,10,33.5,49.37,63.45,2,294,1.0,-14.08,13,2,1,2026-01-25 06:00:00
10606,474,11,56.8,41.73,61.15,1,155,0.0,-19.41,13,1,1,2026-01-27 01:00:00
10607,474,12,44.1,43.83,60.84,1,128,0.0,-17.0,13,2,1,2026-01-27 23:00:00
10608,475,1,63.0,75.0,75.0,1,81,1.0,0.0,1,1,1,2026-01-26 03:00:00
10609,475,2,74.8,63.0,63.0,1,63,0.0,0.0,2,1,0,2026-01-28 00:00:00
10610,475,3,87.2,68.9,68.9,1,94,1.0,0.0,3,2,0,2026-01-29 05:00:00
10611,475,4,87.1,75.0,75.0,1,96,1.0,0.0,4,2,0,2026-01-30 11:00:00
10612,475,5,89.9,83.03,78.03,1,113,1.0,5.01,5,3,0,2026-01-30 16:00:00
10613,475,5,81.7,88.07,80.4,2,218,1.0,7.67,6,3,0,2026-01-31 00:00:00
10614,475,5,50.5,86.23,80.62,3,302,1.0,5.62,7,3,1,2026-02-01 14:00:00
10615,475,6,41.0,74.03,76.31,1,66,1.0,-2.28,8,1,1,2026-02-02 06:00:00
10616,475,7,97.6,57.73,71.9,1,98,0.0,-14.17,9,2,0,2026-02-02 21:00:00
10617,475,8,71.7,63.03,74.76,1,112,1.0,-11.72,10,2,0,2026-02-03 21:00:00
10618,475,9,92.5,70.1,74.45,1,105,1.0,-4.35,11,3,0,2026-02-04 17:00:00
10619,475,10,72.3,87.27,76.09,1,111,1.0,11.18,12,2,0,2026-02-06 14:00:00
10620,475,11,95.9,78.83,75.78,1,85,1.0,3.06,13,1,0,2026-02-07 17:00:00
10621,475,12,98.7,86.9,77.32,1,80,1.0,9.58,14,2,0,2026-02-08 18:00:00
10622,475,13,92.8,88.97,78.85,1,75,1.0,10.12,14,2,0,2026-02-10 01:00:00
10623,475,14,99.9,95.8,79.78,1,88,1.0,16.02,14,3,0,2026-02-11 14:00:00
10624,476,1,56.3,75.0,75.0,1,108,1.0,0.0,1,1,1,2026-01-23 00:00:00
10625,476,2,77.3,56.3,56.3,1,114,0.0,0.0,2,1,0,2026-01-23 21:00:00
10626,476,3,90.2,66.8,66.8,1,107,1.0,0.0,3,2,0,2026-01-24 01:00:00
10627,476,4,58.2,74.6,74.6,1,107,1.0,0.0,4,2,1,2026-01-25 01:00:00
10628,476,5,55.0,75.23,70.5,1,94,0.0,4.73,5,3,1,2026-01-26 13:00:00
10629,476,6,90.3,67.8,67.4,1,128,1.0,0.4,6,1,0,2026-01-28 05:00:00
10630,476,7,56.5,67.83,71.22,1,111,1.0,-3.38,7,2,1,2026-01-29 07:00:00
10631,476,8,33.6,67.27,69.11,1,106,1.0,-1.85,8,2,1,2026-01-29 17:00:00
10632,476,8,83.9,60.13,64.68,2,201,1.0,-4.54,9,2,0,2026-01-31 10:00:00
10633,476,8,75.5,58.0,66.81,3,284,1.0,-8.81,10,2,0,2026-02-01 06:00:00
10634,476,9,65.2,64.33,67.68,1,136,1.0,-3.35,11,3,1,2026-02-02 20:00:00
10635,476,9,85.0,74.87,67.45,2,257,1.0,7.41,12,3,0,2026-02-03 04:00:00
10636,476,9,30.3,75.23,68.92,3,334,1.0,6.32,13,3,1,2026-02-04 08:00:00
10637,476,10,93.5,60.17,65.95,1,125,1.0,-5.78,14,2,0,2026-02-05 18:00:00
10638,476,11,80.3,69.6,67.91,1,128,0.5,1.69,14,1,0,2026-02-06 02:00:00
10639,476,11,94.4,68.03,68.74,2,240,0.5,-0.71,14,1,0,2026-02-07 00:00:00
10640,476,11,68.3,89.4,70.34,3,381,0.5,19.06,14,1,1,2026-02-07 08:00:00
10641,476,12,54.4,81.0,70.22,1,114,1.0,10.78,14,2,1,2026-02-08 19:00:00
10642,476,12,34.9,72.37,69.34,2,195,1.0,3.02,14,2,1,2026-02-09 18:00:00
10643,476,13,38.3,52.53,67.53,1,117,0.0,-15.0,15,2,1,2026-02-10 03:00:00
10644,476,14,46.4,42.53,66.07,1,114,0.0,-23.54,15,3,1,2026-02-11 21:00:00
10645,476,15,93.6,39.87,65.13,1,97,1.0,-25.27,14,2,0,2026-02-13 10:00:00
10646,476,16,30.5,59.43,66.43,1,121,0.5,-6.99,14,3,1,2026-02-14 15:00:00
10647,476,17,41.6,56.83,64.87,1,76,0.0,-8.03,14,3,1,2026-02-15 12:00:00
10648,476,17,42.2,55.23,63.9,2,205,0.0,-8.66,15,3,1,2026-02-16 05:00:00
10649,477,1,95.9,75.0,75.0,1,42,1.0,0.0,1,1,0,2026-01-21 11:00:00
10650,477,2,50.1,95.9,95.9,1,40,1.0,0.0,2,1,1,2026-01-23 06:00:00
10651,477,3,31.0,73.0,73.0,1,57,0.0,0.0,3,2,1,2026-01-24 00:00:00
10652,477,4,89.2,59.0,59.0,1,68,0.0,0.0,4,2,0,2026-01-24 16:00:00
10653,477,5,60.5,56.77,66.55,1,63,1.0,-9.78,5,3,1,2026-01-25 10:00:00
10654,477,6,87.9,60.23,65.34,1,45,1.0,-5.11,6,1,0,2026-01-25 22:00:00
10655,477,7,66.5,79.2,69.1,1,49,1.0,10.1,7,2,1,2026-01-26 16:00:00
10656,477,8,91.1,71.63,68.73,1,37,1.0,2.9,8,2,0,2026-01-27 23:00:00
10657,477,9,92.1,81.83,71.53,1,55,1.0,10.31,9,3,0,2026-01-28 16:00:00
10658,477,10,90.6,83.23,73.81,1,81,1.0,9.42,10,2,0,2026-01-30 01:00:00
10659,477,11,84.1,91.27,75.49,1,59,0.0,15.78,11,1,0,2026-01-31 08:00:00
10660,478,1,96.9,75.0,75.0,1,107,1.0,0.0,1,1,0,2026-01-12 08:00:00
10661,478,2,86.6,96.9,96.9,1,119,1.0,0.0,2,1,0,2026-01-14 03:00:00
10662,478,3,86.8,91.75,91.75,1,78,1.0,0.0,3,2,0,2026-01-16 03:00:00
10663,478,4,89.6,90.1,90.1,1,86,1.0,0.0,4,2,0,2026-01-17 05:00:00
10664,478,4,74.6,87.67,89.98,2,219,1.0,-2.31,5,2,0,2026-01-17 19:00:00
10665,478,5,54.6,83.67,86.9,1,118,1.0,-3.23,6,3,1,2026-01-18 16:00:00
10666,478,6,74.2,72.93,81.52,1,56,1.0,-8.58,7,1,0,2026-01-19 15:00:00
10667,478,7,75.8,67.8,80.47,1,97,1.0,-12.67,8,2,0,2026-01-21 09:00:00
10668,478,8,54.5,68.2,79.89,1,90,1.0,-11.69,9,2,1,2026-01-22 07:00:00
10669,478,9,84.0,68.17,77.07,1,106,0.0,-8.9,10,3,0,2026-01-24 02:00:00
10670,478,9,80.9,71.43,77.76,2,181,0.0,-6.33,11,3,0,2026-01-25 08:00:00
10671,478,9,67.9,73.13,78.05,3,254,0.0,-4.91,12,3,1,2026-01-25 12:00:00
10672,478,10,46.5,77.6,77.2,1,76,1.0,0.4,13,2,1,2026-01-25 21:00:00
10673,478,11,73.2,65.1,74.84,1,78,1.0,-9.74,13,1,0,2026-01-27 05:00:00
10674,478,12,80.7,62.53,74.72,1,106,1.0,-12.19,13,2,0,2026-01-28 22:00:00
10675,478,12,35.2,66.8,75.12,2,172,1.0,-8.32,14,2,1,2026-01-29 08:00:00
10676,478,13,72.8,63.03,72.62,1,77,1.0,-9.59,14,2,0,2026-01-30 04:00:00
10677,479,1,43.0,75.0,75.0,1,74,1.0,0.0,1,1,1,2026-02-01 16:00:00
10678,479,1,91.3,43.0,43.0,2,204,1.0,0.0,2,1,0,2026-02-02 01:00:00
10679,479,2,93.2,67.15,67.15,1,135,1.0,0.0,3,1,0,2026-02-02 19:00:00
10680,479,3,47.4,75.83,75.83,1,103,1.0,0.0,4,2,1,2026-02-04 19:00:00
10681,479,4,98.7,77.3,68.72,1,104,0.0,8.58,5,2,0,2026-02-05 19:00:00
10682,479,5,33.4,79.77,74.72,1,119,1.0,5.05,6,3,1,2026-02-06 18:00:00
10683,479,5,75.1,59.83,67.83,2,258,1.0,-8.0,7,3,0,2026-02-08 12:00:00
10684,479,5,51.5,69.07,68.87,3,376,1.0,0.2,8,3,1,2026-02-10 02:00:00
10685,479,6,62.1,53.33,66.7,1,96,1.0,-13.37,9,1,1,2026-02-12 00:00:00
10686,479,7,97.3,62.9,66.19,1,77,0.0,-3.29,10,2,0,2026-02-12 12:00:00
10687,479,8,72.6,70.3,69.3,1,87,1.0,1.0,11,2,0,2026-02-14 10:00:00
10688,479,8,62.7,77.33,69.6,2,198,1.0,7.73,12,2,1,2026-02-15 12:00:00
10689,479,9,52.0,77.53,69.02,1,96,1.0,8.51,10,3,1,2026-02-17 03:00:00
10690,479,10,71.0,62.43,67.72,1,113,1.0,-5.28,11,2,0,2026-02-17 22:00:00
10691,479,10,30.8,61.9,67.95,2,211,1.0,-6.05,11,2,1,2026-02-19 03:00:00
10692,479,10,97.1,51.27,65.47,3,299,1.0,-14.21,11,2,0,2026-02-20 04:00:00
10693,479,11,85.0,66.3,67.45,1,86,1.0,-1.15,11,1,0,2026-02-21 20:00:00
10694,479,12,88.1,70.97,68.48,1,141,0.5,2.48,11,2,0,2026-02-23 02:00:00
10695,479,12,85.3,90.07,69.57,2,268,0.5,20.49,12,2,0,2026-02-23 06:00:00
10696,479,12,86.8,86.13,70.4,3,412,0.5,15.73,13,2,0,2026-02-23 18:00:00
10697,479,13,78.3,86.73,71.22,1,120,1.0,15.51,13,2,0,2026-02-25 07:00:00
10698,479,14,53.3,83.47,71.56,1,101,1.0,11.91,12,3,1,2026-02-26 18:00:00
10699,479,15,63.0,72.8,70.73,1,136,1.0,2.07,12,2,1,2026-02-28 13:00:00
10700,479,15,99.9,64.87,70.39,2,245,1.0,-5.52,12,2,0,2026-03-02 01:00:00
10701,479,15,95.8,72.07,71.62,3,359,1.0,0.45,12,2,0,2026-03-03 18:00:00
10702,479,16,54.3,86.23,72.59,1,109,0.5,13.65,11,3,1,2026-03-05 03:00:00
10703,479,16,65.0,83.33,71.88,2,160,0.5,11.45,11,3,1,2026-03-07 01:00:00
10704,479,16,68.6,71.7,71.63,3,302,0.5,0.07,11,3,1,2026-03-08 08:00:00
10705,479,17,48.7,62.63,71.52,1,119,0.0,-8.89,12,3,1,2026-03-08 20:00:00
10706,480,1,39.4,75.0,75.0,1,96,1.0,0.0,1,1,1,2026-01-25 18:00:00
10707,480,1,92.5,39.4,39.4,2,184,1.0,0.0,2,1,0,2026-01-26 21:00:00
10708,480,1,72.9,65.95,65.95,3,277,1.0,0.0,3,1,0,2026-01-27 09:00:00
10709,480,2,38.7,68.27,68.27,1,78,1.0,0.0,4,1,1,2026-01-29 07:00:00
10710,480,3,41.2,68.03,60.88,1,102,0.0,7.16,5,2,1,2026-01-29 14:00:00
10711,480,4,83.6,50.93,56.94,1,63,0.0,-6.01,6,2,0,2026-01-30 03:00:00
10712,480,5,92.7,54.5,61.38,1,93,1.0,-6.88,7,3,0,2026-01-31 02:00:00
10713,480,5,67.1,72.5,65.86,2,194,1.0,6.64,8,3,1,2026-01-31 16:00:00
10714,480,6,86.4,81.13,66.01,1,86,1.0,15.12,9,1,0,2026-01-31 21:00:00
10715,480,7,97.9,82.07,68.28,1,97,1.0,13.79,10,2,0,2026-02-01 18:00:00
10716,480,8,84.8,83.8,71.24,1,70,1.0,12.56,11,2,0,2026-02-02 06:00:00
10717,480,9,90.5,89.7,72.47,1,70,1.0,17.23,12,3,0,2026-02-03 15:00:00
10718,480,10,74.5,91.07,73.97,1,94,1.0,17.09,13,2,0,2026-02-05 11:00:00
10719,480,11,93.7,83.27,74.02,1,103,0.5,9.25,14,1,0,2026-02-07 02:00:00
10720,480,11,87.9,86.23,75.42,2,155,0.5,10.81,15,1,0,2026-02-08 06:00:00
10721,480,12,73.2,85.37,76.25,1,100,1.0,9.11,14,2,0,2026-02-09 22:00:00
10722,480,12,57.2,84.93,76.06,2,179,1.0,8.87,14,2,1,2026-02-11 10:00:00
10723,480,12,80.1,72.77,74.95,3,265,1.0,-2.19,13,2,0,2026-02-12 17:00:00
10724,480,13,40.5,70.17,75.24,1,63,1.0,-5.07,13,2,1,2026-02-13 08:00:00
10725,480,13,95.3,59.27,73.41,2,135,1.0,-14.14,13,2,0,2026-02-14 06:00:00
10726,480,13,46.0,71.97,74.5,3,244,1.0,-2.54,11,2,1,2026-02-16 04:00:00
10727,480,14,94.0,60.6,73.15,1,90,1.0,-12.55,10,3,0,2026-02-18 01:00:00
10728,480,15,35.6,78.43,74.1,1,82,1.0,4.34,11,2,1,2026-02-18 12:00:00
10729,481,1,88.7,75.0,75.0,1,87,1.0,0.0,1,1,0,2026-01-27 22:00:00
10730,481,1,79.6,88.7,88.7,2,186,1.0,0.0,2,1,0,2026-01-28 21:00:00
10731,481,1,44.7,84.15,84.15,3,284,1.0,0.0,3,1,1,2026-01-30 05:00:00
10732,481,2,73.7,71.0,71.0,1,88,1.0,0.0,4,1,0,2026-01-31 04:00:00
10733,481,3,56.4,66.0,71.68,1,111,1.0,-5.67,5,2,1,2026-02-01 18:00:00
10734,481,4,70.2,58.27,68.62,1,109,0.0,-10.35,6,2,0,2026-02-03 18:00:00
10735,481,5,88.2,66.77,68.88,1,98,1.0,-2.12,7,3,0,2026-02-05 07:00:00
10736,481,6,82.8,71.6,71.64,1,91,1.0,-0.04,8,1,0,2026-02-06 19:00:00
10737,481,7,59.1,80.4,73.04,1,103,1.0,7.36,9,2,1,2026-02-07 23:00:00
10738,481,8,93.3,76.7,71.49,1,96,1.0,5.21,10,2,0,2026-02-08 18:00:00
10739,481,8,41.8,78.4,73.67,2,207,1.0,4.73,11,2,1,2026-02-10 02:00:00
10740,481,8,44.8,64.73,70.77,3,314,1.0,-6.04,11,2,1,2026-02-11 14:00:00
10741,481,9,88.0,59.97,68.61,1,69,1.0,-8.64,11,3,0,2026-02-13 01:00:00
10742,481,10,95.0,58.2,70.1,1,68,1.0,-11.9,11,2,0,2026-02-13 08:00:00
10743,481,11,75.5,75.93,71.88,1,75,0.5,4.05,11,1,0,2026-02-14 18:00:00
10744,481,12,98.4,86.17,72.12,1,109,1.0,14.05,11,2,0,2026-02-15 21:00:00
10745,481,13,92.9,89.63,73.76,1,58,1.0,15.87,12,2,0,2026-02-17 07:00:00
10746,481,13,69.2,88.93,74.89,2,155,1.0,14.05,12,2,1,2026-02-17 23:00:00
10747,481,14,77.6,86.83,74.57,1,97,0.5,12.26,12,3,0,2026-02-19 21:00:00
10748,481,14,80.7,79.9,74.73,2,210,0.5,5.17,13,3,0,2026-02-20 17:00:00
10749,481,14,37.8,75.83,75.03,3,303,0.5,0.8,12,3,1,2026-02-22 07:00:00
10750,481,15,86.3,65.37,73.26,1,63,1.0,-7.89,12,2,0,2026-02-23 15:00:00
10751,482,1,91.2,75.0,75.0,1,120,1.0,0.0,1,1,0,2026-01-13 21:00:00
10752,482,2,83.5,91.2,91.2,1,116,1.0,0.0,2,1,0,2026-01-15 01:00:00
10753,482,3,70.7,87.35,87.35,1,129,1.0,0.0,3,2,0,2026-01-16 04:00:00
10754,482,3,91.8,81.8,81.8,2,265,1.0,0.0,4,2,0,2026-01-16 19:00:00
10755,482,3,59.6,82.0,84.3,3,381,1.0,-2.3,5,2,1,2026-01-17 18:00:00
10756,482,4,85.3,74.03,79.36,1,169,1.0,-5.33,6,2,0,2026-01-19 01:00:00
10757,482,4,73.1,78.9,80.35,2,282,1.0,-1.45,7,2,0,2026-01-19 05:00:00
10758,482,4,50.3,72.67,79.31,3,448,1.0,-6.65,8,2,1,2026-01-19 18:00:00
10759,482,5,42.5,69.57,75.69,1,163,1.0,-6.12,9,3,1,2026-01-20 06:00:00
10760,482,6,81.8,55.3,72.0,1,157,1.0,-16.7,10,1,0,2026-01-21 06:00:00
10761,482,6,71.2,58.2,72.98,2,283,1.0,-14.78,11,1,0,2026-01-23 06:00:00
10762,482,6,73.8,65.17,72.82,3,429,1.0,-7.65,12,1,0,2026-01-23 18:00:00
10763,482,7,51.3,75.6,72.9,1,114,1.0,2.7,13,2,1,2026-01-24 09:00:00
10764,482,8,40.8,65.43,71.24,1,158,1.0,-5.81,14,2,1,2026-01-25 21:00:00
10765,482,9,38.4,55.3,69.06,1,138,0.0,-13.76,15,3,1,2026-01-26 01:00:00
10766,482,10,92.4,43.5,67.02,1,131,1.0,-23.52,16,2,0,2026-01-27 20:00:00
10767,482,10,85.2,57.2,68.61,2,246,1.0,-11.41,15,2,0,2026-01-29 12:00:00
10768,482,10,60.0,72.0,69.58,3,336,1.0,2.42,16,2,1,2026-01-30 01:00:00
10769,482,11,90.0,79.2,69.05,1,119,0.5,10.15,16,1,0,2026-01-30 10:00:00
10770,482,11,37.4,78.4,70.15,2,281,0.5,8.25,15,1,1,2026-02-01 08:00:00
10771,482,11,35.4,62.47,68.52,3,412,0.5,-6.05,16,1,1,2026-02-01 17:00:00
10772,482,12,41.7,54.27,66.94,1,136,0.5,-12.67,13,2,1,2026-02-03 17:00:00
10773,482,12,82.9,38.17,65.79,2,289,0.5,-27.62,13,2,0,2026-02-04 17:00:00
10774,482,12,42.9,53.33,66.53,3,465,0.5,-13.2,14,2,1,2026-02-05 18:00:00
10775,482,13,46.5,55.83,65.55,1,166,1.0,-9.72,14,2,1,2026-02-06 15:00:00
10776,482,13,78.0,57.43,64.79,2,286,1.0,-7.35,14,2,0,2026-02-07 07:00:00
10777,482,14,32.0,55.8,65.3,1,101,0.5,-9.5,14,3,1,2026-02-07 23:00:00
10778,482,15,60.5,52.17,64.06,1,187,1.0,-11.9,15,2,1,2026-02-08 08:00:00
10779,482,15,59.5,56.83,63.94,2,372,1.0,-7.1,16,2,1,2026-02-08 12:00:00
10780,482,16,36.0,50.67,63.78,1,143,0.5,-13.12,15,3,1,2026-02-10 09:00:00
10781,483,1,75.8,75.0,75.0,1,64,1.0,0.0,1,1,0,2026-01-18 09:00:00
10782,483,2,79.4,75.8,75.8,1,109,1.0,0.0,2,1,0,2026-01-18 22:00:00
10783,483,3,76.8,77.6,77.6,1,87,1.0,0.0,3,2,0,2026-01-19 11:00:00
10784,483,4,62.4,77.33,77.33,1,87,1.0,0.0,4,2,1,2026-01-20 14:00:00
10785,483,5,30.4,72.87,73.6,1,107,0.0,-0.73,5,3,1,2026-01-22 05:00:00
10786,483,5,68.5,56.53,64.96,2,203,0.0,-8.43,6,3,1,2026-01-23 05:00:00
10787,483,6,94.2,53.77,65.55,1,66,1.0,-11.78,7,1,0,2026-01-24 09:00:00
10788,483,7,84.0,64.37,69.64,1,83,1.0,-5.28,8,2,0,2026-01-26 04:00:00
10789,483,7,83.8,82.23,71.44,2,186,1.0,10.8,9,2,0,2026-01-26 14:00:00
10790,483,7,94.3,87.33,72.81,3,286,1.0,14.52,10,2,0,2026-01-26 18:00:00
10791,483,8,89.0,87.37,74.96,1,95,1.0,12.41,11,2,0,2026-01-27 15:00:00
10792,483,8,61.3,89.03,76.24,2,203,1.0,12.8,12,2,1,2026-01-28 18:00:00
10793,483,8,50.5,81.53,74.99,3,285,1.0,6.54,13,2,1,2026-01-30 15:00:00
10794,483,9,47.3,66.93,73.11,1,93,1.0,-6.17,14,3,1,2026-01-31 00:00:00
10795,483,10,81.4,53.03,71.26,1,30,1.0,-18.23,15,2,0,2026-02-01 03:00:00
10796,483,11,92.0,59.73,71.94,1,81,1.0,-12.21,13,1,0,2026-02-02 21:00:00
10797,483,12,73.7,73.57,73.19,1,105,0.5,0.37,13,2,0,2026-02-04 02:00:00
10798,483,12,97.0,82.37,73.22,2,187,0.5,9.14,13,2,0,2026-02-05 05:00:00
10799,483,13,97.4,87.57,74.54,1,80,1.0,13.02,13,2,0,2026-02-06 21:00:00
10800,484,1,88.5,75.0,75.0,1,69,1.0,0.0,1,1,0,2026-01-28 10:00:00
10801,484,1,84.2,88.5,88.5,2,179,1.0,0.0,2,1,0,2026-01-30 08:00:00
10802,484,2,98.6,86.35,86.35,1,100,1.0,0.0,3,1,0,2026-01-31 18:00:00
10803,484,3,60.7,90.43,90.43,1,106,1.0,0.0,4,2,1,2026-02-02 14:00:00
10804,484,4,83.6,81.17,83.0,1,55,0.0,-1.83,5,2,0,2026-02-03 03:00:00
10805,484,4,88.8,80.97,83.12,2,141,0.0,-2.15,6,2,0,2026-02-03 07:00:00
10806,484,4,50.5,77.7,84.07,3,225,0.0,-6.37,7,2,1,2026-02-04 10:00:00
10807,484,5,73.4,74.3,79.27,1,84,1.0,-4.97,8,3,0,2026-02-06 05:00:00
10808,484,6,80.1,70.9,78.54,1,77,1.0,-7.64,9,1,0,2026-02-06 18:00:00
10809,484,7,91.2,68.0,78.71,1,83,1.0,-10.71,10,2,0,2026-02-07 04:00:00
10810,484,8,84.5,81.57,79.96,1,106,1.0,1.61,11,2,0,2026-02-08 05:00:00
10811,484,9,52.3,85.27,80.37,1,51,1.0,4.89,12,3,1,2026-02-09 20:00:00
10812,484,10,97.5,76.0,78.03,1,125,1.0,-2.03,13,2,0,2026-02-10 21:00:00
10813,484,11,76.6,78.1,79.53,1,99,1.0,-1.43,14,1,0,2026-02-11 07:00:00
10814,484,12,86.9,75.47,79.32,1,89,0.5,-3.85,14,2,0,2026-02-12 01:00:00
10815,484,13,50.0,87.0,79.83,1,108,1.0,7.17,15,2,1,2026-02-12 13:00:00
10816,484,13,61.6,71.17,77.96,2,168,1.0,-6.8,15,2,1,2026-02-13 11:00:00
10817,484,14,87.3,66.17,77.0,1,76,1.0,-10.83,16,3,0,2026-02-14 01:00:00
10818,484,15,94.5,66.3,77.57,1,87,1.0,-11.27,16,2,0,2026-02-16 00:00:00
10819,484,15,99.5,81.13,78.46,2,204,1.0,2.67,17,2,0,2026-02-16 04:00:00
10820,484,15,88.6,93.77,79.52,3,293,1.0,14.25,17,2,0,2026-02-16 18:00:00
10821,484,16,53.0,94.2,79.95,1,99,0.5,14.25,16,3,1,2026-02-17 17:00:00
10822,484,17,97.7,80.37,78.72,1,78,0.0,1.64,17,3,0,2026-02-17 23:00:00
10823,485,1,65.3,75.0,75.0,1,99,1.0,0.0,1,1,1,2026-01-03 05:00:00
10824,485,1,98.4,65.3,65.3,2,222,1.0,0.0,2,1,0,2026-01-04 15:00:00
10825,485,2,82.8,81.85,81.85,1,109,1.0,0.0,3,1,0,2026-01-05 05:00:00
10826,485,3,73.8,82.17,82.17,1,88,1.0,0.0,4,2,0,2026-01-06 01:00:00
10827,485,4,78.1,85.0,80.08,1,103,1.0,4.92,5,2,0,2026-01-07 00:00:00
10828,485,5,93.7,78.23,79.68,1,101,1.0,-1.45,6,3,0,2026-01-08 05:00:00
10829,485,5,62.8,81.87,82.02,2,201,1.0,-0.15,7,3,1,2026-01-09 13:00:00
10830,485,6,67.2,78.2,79.27,1,112,1.0,-1.07,8,1,1,2026-01-10 04:00:00
10831,485,7,63.3,74.57,77.76,1,112,0.0,-3.2,9,2,1,2026-01-10 12:00:00
10832,485,8,35.8,64.43,76.16,1,87,1.0,-11.72,10,2,1,2026-01-11 00:00:00
10833,485,9,33.6,55.43,72.12,1,102,0.0,-16.69,11,3,1,2026-01-11 17:00:00
10834,485,9,59.4,44.23,68.62,2,184,0.0,-24.38,12,3,1,2026-01-12 18:00:00
10835,485,10,45.6,42.93,67.85,1,71,1.0,-24.92,13,2,1,2026-01-14 02:00:00
10836,485,11,98.9,46.2,66.14,1,84,0.5,-19.94,14,1,0,2026-01-14 23:00:00
10837,485,12,71.2,67.97,68.48,1,88,0.5,-0.51,15,2,0,2026-01-16 00:00:00
10838,485,13,48.9,71.9,68.66,1,56,1.0,3.24,15,2,1,2026-01-17 18:00:00
10839,485,14,82.5,73.0,67.42,1,107,0.5,5.58,16,3,0,2026-01-18 10:00:00
10840,485,15,91.3,67.53,68.31,1,34,1.0,-0.78,14,2,0,2026-01-20 10:00:00
10841,485,16,97.4,74.23,69.59,1,144,0.5,4.64,14,3,0,2026-01-22 04:00:00
10842,485,16,67.2,90.4,71.05,2,264,0.5,19.35,14,3,1,2026-01-22 15:00:00
10843,485,16,33.5,85.3,70.86,3,348,0.5,14.44,13,3,1,2026-01-24 07:00:00
10844,485,17,95.3,66.03,69.08,1,90,1.0,-3.05,13,3,0,2026-01-24 22:00:00
10845,485,17,49.9,65.33,70.27,2,186,1.0,-4.94,13,3,1,2026-01-25 11:00:00
10846,485,17,45.3,59.57,69.39,3,264,1.0,-9.82,12,3,1,2026-01-27 07:00:00
10847,485,18,71.8,63.5,68.38,1,93,1.0,-4.88,12,3,0,2026-01-28 07:00:00
10848,485,19,34.2,55.67,68.52,1,87,0.5,-12.85,12,2,1,2026-01-29 04:00:00
10849,485,20,37.2,50.43,67.2,1,88,0.5,-16.77,13,3,1,2026-01-29 15:00:00
10850,486,1,42.7,75.0,75.0,1,113,1.0,0.0,1,1,1,2026-01-31 22:00:00
10851,486,2,68.8,42.7,42.7,1,83,0.0,0.0,2,1,1,2026-02-02 22:00:00
10852,486,3,98.9,55.75,55.75,1,110,0.0,0.0,3,2,0,2026-02-04 02:00:00
10853,486,4,88.4,70.13,70.13,1,113,1.0,0.0,4,2,0,2026-02-04 12:00:00
10854,486,5,36.8,85.37,74.7,1,112,1.0,10.67,5,3,1,2026-02-05 00:00:00
10855,486,6,64.0,74.7,67.12,1,105,1.0,7.58,6,1,1,2026-02-05 19:00:00
10856,486,7,53.4,63.07,66.6,1,132,0.0,-3.53,7,2,1,2026-02-07 09:00:00
10857,486,7,52.4,51.4,64.71,2,234,0.0,-13.31,8,2,1,2026-02-08 09:00:00
10858,486,8,80.7,56.6,63.18,1,114,1.0,-6.57,9,2,0,2026-02-10 03:00:00
10859,486,9,96.5,62.17,65.12,1,135,1.0,-2.96,10,3,0,2026-02-11 15:00:00
10860,486,10,70.7,76.53,68.26,1,108,1.0,8.27,11,2,0,2026-02-12 23:00:00
10861,486,11,59.2,82.63,68.48,1,114,0.0,14.15,12,1,1,2026-02-13 19:00:00
10862,486,11,45.4,75.47,67.71,2,222,0.0,7.76,12,1,1,2026-02-15 18:00:00
10863,486,11,82.5,58.43,65.99,3,356,0.0,-7.56,13,1,0,2026-02-15 22:00:00
10864,486,12,58.7,62.37,67.17,1,104,1.0,-4.8,13,2,1,2026-02-17 02:00:00
10865,486,13,65.1,62.2,66.61,1,135,0.0,-4.41,13,2,1,2026-02-18 03:00:00
10866,486,14,53.8,68.77,66.51,1,107,0.0,2.25,12,3,1,2026-02-19 10:00:00
10867,486,14,92.1,59.2,65.76,2,199,0.0,-6.56,12,3,0,2026-02-21 04:00:00
10868,486,15,74.9,70.33,67.23,1,123,1.0,3.11,11,2,0,2026-02-23 04:00:00
10869,486,16,96.4,73.6,67.63,1,103,0.5,5.97,12,3,0,2026-02-23 15:00:00
10870,486,16,70.8,87.8,69.07,2,225,0.5,18.73,12,3,0,2026-02-24 20:00:00
10871,486,17,52.4,80.7,69.15,1,55,1.0,11.55,13,3,1,2026-02-25 00:00:00
10872,486,17,89.6,73.2,68.39,2,165,1.0,4.81,13,3,0,2026-02-26 18:00:00
10873,487,1,73.1,75.0,75.0,1,50,1.0,0.0,1,1,0,2026-01-10 00:00:00
10874,487,2,99.5,73.1,73.1,1,38,1.0,0.0,2,1,0,2026-01-11 09:00:00
10875,487,3,82.2,86.3,86.3,1,48,1.0,0.0,3,2,0,2026-01-12 19:00:00
10876,487,4,74.1,84.93,84.93,1,48,1.0,0.0,4,2,0,2026-01-14 06:00:00
10877,487,4,89.8,85.27,82.22,2,107,1.0,3.04,5,2,0,2026-01-15 16:00:00
10878,487,4,57.1,82.03,83.74,3,139,1.0,-1.71,6,2,1,2026-01-17 00:00:00
10879,487,5,33.6,73.67,79.3,1,66,1.0,-5.63,7,3,1,2026-01-17 10:00:00
10880,487,6,86.7,60.17,72.77,1,87,1.0,-12.6,8,1,0,2026-01-19 10:00:00
10881,487,7,89.6,59.13,74.51,1,65,1.0,-15.38,9,2,0,2026-01-21 10:00:00
10882,487,8,62.4,69.97,76.19,1,76,1.0,-6.22,10,2,1,2026-01-23 07:00:00
10883,487,8,91.1,79.57,74.81,2,157,1.0,4.76,10,2,0,2026-01-25 01:00:00
10884,487,9,86.0,81.03,76.29,1,84,1.0,4.74,10,3,0,2026-01-26 16:00:00
10885,487,10,47.9,79.83,77.1,1,97,1.0,2.73,9,2,1,2026-01-28 11:00:00
10886,487,11,99.1,75.0,74.85,1,50,1.0,0.15,9,1,0,2026-01-30 11:00:00
10887,487,12,75.7,77.67,76.59,1,45,1.0,1.08,8,2,0,2026-01-31 21:00:00
10888,487,13,88.8,74.23,76.53,1,75,1.0,-2.29,9,2,0,2026-02-01 12:00:00
10889,487,14,84.8,87.87,77.29,1,74,1.0,10.57,9,3,0,2026-02-03 04:00:00
10890,487,15,72.9,83.1,77.74,1,75,1.0,5.36,9,2,0,2026-02-04 15:00:00
10891,487,16,95.1,82.17,77.47,1,97,1.0,4.7,10,3,0,2026-02-06 04:00:00
10892,487,17,55.1,84.27,78.39,1,60,1.0,5.87,10,3,1,2026-02-06 19:00:00
10893,487,18,98.4,74.37,77.23,1,68,1.0,-2.86,10,3,0,2026-02-08 17:00:00
10894,487,19,94.3,82.87,78.24,1,40,0.5,4.63,10,2,0,2026-02-09 21:00:00
10895,488,1,84.5,75.0,75.0,1,132,1.0,0.0,1,1,0,2026-02-02 06:00:00
10896,488,2,77.7,84.5,84.5,1,83,1.0,0.0,2,1,0,2026-02-03 20:00:00
10897,488,2,70.9,81.1,81.1,2,166,1.0,0.0,3,1,0,2026-02-04 00:00:00
10898,488,2,87.9,77.7,77.7,3,249,1.0,0.0,4,1,0,2026-02-04 17:00:00
10899,488,3,76.3,78.83,80.25,1,77,1.0,-1.42,5,2,0,2026-02-06 16:00:00
10900,488,4,47.7,78.37,79.46,1,75,1.0,-1.09,6,2,1,2026-02-07 08:00:00
10901,488,4,36.3,70.63,74.17,2,154,1.0,-3.53,7,2,1,2026-02-09 08:00:00
10902,488,5,94.0,53.43,68.76,1,62,0.0,-15.32,8,3,0,2026-02-10 13:00:00
10903,488,5,40.7,59.33,71.91,2,136,0.0,-12.58,9,3,1,2026-02-12 02:00:00
10904,488,5,78.0,57.0,68.44,3,264,0.0,-11.44,10,3,0,2026-02-13 14:00:00
10905,488,6,79.2,70.9,69.4,1,104,1.0,1.5,11,1,0,2026-02-14 05:00:00
10906,488,7,91.9,65.97,70.29,1,108,1.0,-4.32,12,2,0,2026-02-15 06:00:00
10907,488,7,97.9,83.03,72.09,2,221,1.0,10.94,13,2,0,2026-02-15 12:00:00
10908,488,8,79.3,89.67,74.08,1,126,1.0,15.59,13,2,0,2026-02-17 11:00:00
10909,488,9,64.9,89.7,74.45,1,54,1.0,15.25,12,3,1,2026-02-18 05:00:00
10910,488,10,76.7,80.7,73.81,1,65,1.0,6.89,13,2,0,2026-02-18 12:00:00
10911,488,11,79.6,73.63,73.99,1,73,1.0,-0.36,13,1,0,2026-02-20 00:00:00
10912,488,12,81.1,73.73,74.32,1,80,0.5,-0.59,13,2,0,2026-02-21 01:00:00
10913,488,12,96.0,79.13,74.7,2,163,0.5,4.43,13,2,0,2026-02-21 10:00:00
10914,488,12,77.4,85.57,75.82,3,244,0.5,9.75,14,2,0,2026-02-21 23:00:00
10915,488,13,51.7,84.83,75.9,1,94,1.0,8.93,14,2,1,2026-02-23 20:00:00
10916,488,14,50.8,75.03,74.75,1,90,1.0,0.29,14,3,1,2026-02-24 19:00:00
10917,488,14,76.5,59.97,73.66,2,165,1.0,-13.69,14,3,0,2026-02-26 14:00:00
10918,488,14,96.6,59.67,73.78,3,211,1.0,-14.12,15,3,0,2026-02-26 19:00:00
10919,488,15,88.1,74.63,74.73,1,70,1.0,-0.1,16,2,0,2026-02-27 10:00:00
10920,488,16,93.1,87.07,75.27,1,79,0.5,11.8,14,3,0,2026-03-01 07:00:00
10921,488,16,61.9,92.6,75.95,2,164,0.5,16.65,14,3,1,2026-03-02 20:00:00
10922,488,17,68.3,81.03,75.43,1,67,1.0,5.6,13,3,1,2026-03-04 06:00:00
10923,488,18,72.6,74.43,75.18,1,80,1.0,-0.75,12,3,0,2026-03-06 06:00:00
10924,488,18,99.0,67.6,75.09,2,147,1.0,-7.49,12,3,0,2026-03-07 01:00:00
10925,488,18,85.0,79.97,75.89,3,234,1.0,4.08,11,3,0,2026-03-09 00:00:00
10926,488,19,35.5,85.53,76.18,1,68,1.0,9.35,11,2,1,2026-03-10 18:00:00
10927,489,1,57.8,75.0,75.0,1,93,1.0,0.0,1,1,1,2026-01-25 20:00:00
10928,489,2,98.5,57.8,57.8,1,83,0.0,0.0,2,1,0,2026-01-26 05:00:00
10929,489,3,91.2,78.15,78.15,1,106,1.0,0.0,3,2,0,2026-01-27 08:00:00
10930,489,4,34.3,82.5,82.5,1,92,1.0,0.0,4,2,1,2026-01-27 18:00:00
10931,489,4,68.0,74.67,70.45,2,220,1.0,4.22,5,2,1,2026-01-28 14:00:00
10932,489,4,53.9,64.5,69.96,3,338,1.0,-5.46,6,2,1,2026-01-30 04:00:00
10933,489,5,39.5,52.07,67.28,1,108,0.0,-15.22,7,3,1,2026-01-31 20:00:00
10934,489,6,95.8,53.8,63.31,1,94,1.0,-9.51,8,1,0,2026-02-01 00:00:00
10935,489,7,91.1,63.07,67.38,1,117,1.0,-4.31,9,2,0,2026-02-01 11:00:00
10936,489,8,47.5,75.47,70.01,1,123,1.0,5.46,10,2,1,2026-02-02 19:00:00
10937,489,9,57.8,78.13,67.76,1,112,0.0,10.37,11,3,1,2026-02-04 13:00:00
10938,489,10,68.4,65.47,66.85,1,142,1.0,-1.39,12,2,1,2026-02-05 11:00:00
10939,489,11,44.9,57.9,66.98,1,119,1.0,-9.08,13,1,1,2026-02-06 07:00:00
10940,489,11,47.3,57.03,65.28,2,247,1.0,-8.25,14,1,1,2026-02-07 16:00:00
10941,489,11,76.3,53.53,64.0,3,359,1.0,-10.47,15,1,0,2026-02-08 14:00:00
10942,489,12,53.3,56.17,64.82,1,123,0.5,-8.65,14,2,1,2026-02-09 05:00:00
10943,489,13,70.9,58.97,64.1,1,94,0.0,-5.13,15,2,0,2026-02-09 11:00:00
10944,490,1,43.0,75.0,75.0,1,130,1.0,0.0,1,1,1,2026-01-14 04:00:00
10945,490,2,54.2,43.0,43.0,1,146,0.0,0.0,2,1,1,2026-01-16 00:00:00
10946,490,3,44.4,48.6,48.6,1,146,0.0,0.0,3,2,1,2026-01-16 07:00:00
10947,490,3,55.3,47.2,47.2,2,296,0.0,0.0,4,2,1,2026-01-16 19:00:00
10948,490,3,80.7,51.3,49.22,3,458,0.0,2.07,5,2,0,2026-01-18 01:00:00
10949,490,4,42.4,60.13,55.52,1,111,1.0,4.61,6,2,1,2026-01-18 11:00:00
10950,490,4,65.7,59.47,53.33,2,231,1.0,6.13,7,2,1,2026-01-19 12:00:00
10951,490,4,60.3,62.93,55.1,3,375,1.0,7.83,8,2,1,2026-01-20 10:00:00
10952,490,5,65.0,56.13,55.75,1,125,0.0,0.38,9,3,1,2026-01-21 21:00:00
10953,490,6,93.9,63.67,56.78,1,207,1.0,6.89,10,1,0,2026-01-22 19:00:00
10954,490,7,57.0,73.07,60.49,1,150,1.0,12.58,11,2,1,2026-01-24 09:00:00
10955,490,7,54.9,71.97,60.17,2,288,1.0,11.79,12,2,1,2026-01-25 09:00:00
10956,490,8,60.3,68.6,59.73,1,129,1.0,8.87,13,2,1,2026-01-25 22:00:00
10957,490,8,75.1,57.4,59.78,2,259,1.0,-2.38,14,2,0,2026-01-26 21:00:00
10958,490,9,44.7,63.43,60.87,1,140,1.0,2.56,14,3,1,2026-01-28 11:00:00
10959,490,10,75.0,60.03,59.79,1,142,1.0,0.24,15,2,0,2026-01-29 03:00:00
10960,490,11,91.6,64.93,60.74,1,130,0.0,4.19,16,1,0,2026-01-29 12:00:00
10961,490,12,59.9,70.43,62.56,1,134,0.5,7.87,16,2,1,2026-01-30 02:00:00
10962,490,13,51.5,75.5,62.41,1,166,0.0,13.09,15,2,1,2026-01-31 14:00:00
10963,490,14,60.1,67.67,61.84,1,167,0.0,5.83,14,3,1,2026-02-01 11:00:00
10964,490,14,54.8,57.17,61.75,2,312,0.0,-4.58,14,3,1,2026-02-02 16:00:00
10965,490,15,68.7,55.47,61.42,1,113,1.0,-5.95,14,2,1,2026-02-04 14:00:00
10966,490,15,36.9,61.2,61.75,2,263,1.0,-0.55,14,2,1,2026-02-05 10:00:00
10967,490,15,56.1,53.47,60.67,3,434,1.0,-7.2,14,2,1,2026-02-06 13:00:00
10968,490,16,52.5,53.9,60.48,1,167,0.0,-6.58,14,3,1,2026-02-08 02:00:00
10969,490,16,67.0,48.5,60.16,2,321,0.0,-11.66,12,3,1,2026-02-10 02:00:00
10970,490,16,48.8,58.53,60.42,3,489,0.0,-1.89,13,3,1,2026-02-10 14:00:00
10971,491,1,32.8,75.0,75.0,1,91,1.0,0.0,1,1,1,2026-01-08 20:00:00
10972,491,2,33.7,32.8,32.8,1,102,0.0,0.0,2,1,1,2026-01-10 03:00:00
10973,491,3,36.4,33.25,33.25,1,76,0.0,0.0,3,2,1,2026-01-11 13:00:00
10974,491,4,99.6,34.3,34.3,1,95,0.0,0.0,4,2,0,2026-01-13 12:00:00
10975,491,5,51.4,56.57,50.62,1,116,1.0,5.94,5,3,1,2026-01-14 18:00:00
10976,491,6,86.2,62.47,50.78,1,78,1.0,11.69,6,1,0,2026-01-16 14:00:00
10977,491,7,61.1,79.07,56.68,1,72,1.0,22.38,7,2,1,2026-01-17 03:00:00
10978,491,8,50.9,66.23,57.31,1,91,1.0,8.92,8,2,1,2026-01-18 16:00:00
10979,491,9,54.9,66.07,56.51,1,85,0.0,9.55,9,3,1,2026-01-19 21:00:00
10980,491,9,41.2,55.63,56.33,2,187,0.0,-0.7,10,3,1,2026-01-20 14:00:00
10981,491,9,44.1,49.0,54.82,3,267,0.0,-5.82,11,3,1,2026-01-21 12:00:00
10982,491,10,70.2,46.73,53.85,1,124,1.0,-7.11,12,2,0,2026-01-22 15:00:00
10983,491,10,87.4,51.83,55.21,2,188,1.0,-3.38,12,2,0,2026-01-23 07:00:00
10984,491,10,53.3,67.23,57.68,3,303,1.0,9.55,12,2,1,2026-01-24 13:00:00
10985,492,1,74.2,75.0,75.0,1,74,1.0,0.0,1,1,0,2026-01-04 20:00:00
10986,492,2,85.0,74.2,74.2,1,54,1.0,0.0,2,1,0,2026-01-05 21:00:00
10987,492,3,58.1,79.6,79.6,1,94,1.0,0.0,3,2,1,2026-01-07 00:00:00
10988,492,4,97.8,72.43,72.43,1,84,0.0,0.0,4,2,0,2026-01-07 04:00:00
10989,492,5,63.2,80.3,78.77,1,67,1.0,1.53,5,3,1,2026-01-07 14:00:00
10990,492,6,89.4,73.03,75.66,1,56,1.0,-2.63,6,1,0,2026-01-08 13:00:00
10991,492,7,91.3,83.47,77.95,1,89,1.0,5.52,7,2,0,2026-01-10 02:00:00
10992,492,8,98.2,81.3,79.86,1,109,1.0,1.44,8,2,0,2026-01-10 17:00:00
10993,492,9,49.3,92.97,82.15,1,101,1.0,10.82,9,3,1,2026-01-11 12:00:00
10994,492,10,63.6,79.6,78.5,1,91,1.0,1.1,10,2,1,2026-01-12 21:00:00
10995,492,11,49.7,70.37,77.01,1,99,1.0,-6.64,11,1,1,2026-01-13 23:00:00
10996,492,12,64.3,54.2,74.53,1,89,0.0,-20.33,12,2,1,2026-01-14 12:00:00
10997,492,12,33.7,59.2,73.68,2,150,0.0,-14.47,13,2,1,2026-01-14 17:00:00
10998,492,12,76.6,49.23,70.6,3,211,0.0,-21.37,14,2,0,2026-01-16 13:00:00
10999,492,13,49.9,58.2,71.03,1,85,1.0,-12.83,15,2,1,2026-01-17 15:00:00
11000,492,13,75.2,53.4,69.62,2,171,1.0,-16.22,15,2,0,2026-01-19 10:00:00
11001,493,1,88.1,75.0,75.0,1,107,1.0,0.0,1,1,0,2026-01-09 16:00:00
11002,493,2,79.0,88.1,88.1,1,105,1.0,0.0,2,1,0,2026-01-09 23:00:00
11003,493,2,97.1,83.55,83.55,2,207,1.0,0.0,3,1,0,2026-01-11 08:00:00
11004,493,2,88.2,88.07,88.07,3,291,1.0,0.0,4,1,0,2026-01-11 19:00:00
11005,493,3,81.3,88.1,88.1,1,62,1.0,0.0,5,2,0,2026-01-12 09:00:00
11006,493,4,78.7,88.87,86.74,1,98,1.0,2.13,6,2,0,2026-01-13 09:00:00
11007,493,5,76.8,82.73,85.4,1,100,1.0,-2.67,7,3,0,2026-01-13 17:00:00
11008,493,6,88.0,78.93,84.17,1,42,1.0,-5.24,8,1,0,2026-01-15 13:00:00
11009,493,7,35.5,81.17,84.65,1,73,1.0,-3.48,9,2,1,2026-01-17 09:00:00
11010,493,7,34.9,66.77,79.19,2,149,1.0,-12.42,10,2,1,2026-01-18 10:00:00
11011,493,8,85.3,52.8,74.76,1,92,1.0,-21.96,11,2,0,2026-01-19 18:00:00
11012,493,9,72.8,51.9,75.72,1,73,1.0,-23.82,12,3,0,2026-01-21 10:00:00
11013,493,10,32.9,64.33,75.47,1,89,1.0,-11.14,13,2,1,2026-01-22 08:00:00
11014,493,11,74.6,63.67,72.2,1,85,0.5,-8.53,13,1,0,2026-01-23 19:00:00
11015,493,12,86.1,60.1,72.37,1,86,1.0,-12.27,13,2,0,2026-01-24 21:00:00
11016,493,13,56.6,64.53,73.29,1,75,1.0,-8.75,12,2,1,2026-01-26 07:00:00
11017,493,14,83.3,72.43,72.24,1,77,0.5,0.19,12,3,0,2026-01-27 00:00:00
11018,493,14,48.0,75.33,72.89,2,145,0.5,2.44,11,3,1,2026-01-28 23:00:00
11019,494,1,72.1,75.0,75.0,1,67,1.0,0.0,1,1,0,2026-01-17 19:00:00
11020,494,2,73.0,72.1,72.1,1,71,1.0,0.0,2,1,0,2026-01-18 06:00:00
11021,494,3,95.1,72.55,72.55,1,44,1.0,0.0,3,2,0,2026-01-18 18:00:00
11022,494,3,75.9,80.07,80.07,2,134,1.0,0.0,4,2,0,2026-01-19 06:00:00
11023,494,3,71.7,81.33,79.03,3,187,1.0,2.31,5,2,0,2026-01-19 19:00:00
11024,494,4,80.1,80.9,77.56,1,90,1.0,3.34,6,2,0,2026-01-20 00:00:00
11025,494,5,74.4,75.9,77.98,1,47,1.0,-2.08,7,3,0,2026-01-20 13:00:00
11026,494,6,89.9,75.4,77.47,1,30,1.0,-2.07,8,1,0,2026-01-21 14:00:00
11027,494,7,93.9,81.47,79.03,1,68,1.0,2.44,9,2,0,2026-01-22 16:00:00
11028,494,8,94.5,86.07,80.68,1,64,1.0,5.39,10,2,0,2026-01-23 17:00:00
11029,494,9,50.7,92.77,82.06,1,60,1.0,10.71,11,3,1,2026-01-25 09:00:00
11030,494,10,97.2,79.7,79.21,1,47,1.0,0.49,12,2,0,2026-01-25 18:00:00
11031,494,11,72.5,80.8,80.71,1,59,1.0,0.09,13,1,0,2026-01-26 07:00:00
11032,494,12,99.8,73.47,80.08,1,49,0.5,-6.61,14,2,0,2026-01-28 03:00:00
11033,494,13,71.9,89.83,81.49,1,53,1.0,8.35,15,2,0,2026-01-30 00:00:00
11034,494,14,94.0,81.4,80.85,1,76,1.0,0.55,16,3,0,2026-01-30 07:00:00
11035,494,15,74.9,88.57,81.67,1,63,1.0,6.9,17,2,0,2026-01-31 01:00:00
11036,494,15,76.8,80.27,81.27,2,135,1.0,-1.0,17,2,0,2026-01-31 19:00:00
11037,494,15,71.3,81.9,81.02,3,190,1.0,0.88,17,2,0,2026-02-01 14:00:00
11038,495,1,94.4,75.0,75.0,1,83,1.0,0.0,1,1,0,2026-01-31 17:00:00
11039,495,2,81.5,94.4,94.4,1,66,1.0,0.0,2,1,0,2026-02-02 11:00:00
11040,495,3,33.9,87.95,87.95,1,82,1.0,0.0,3,2,1,2026-02-02 17:00:00
11041,495,3,47.3,69.93,69.93,2,112,1.0,0.0,4,2,1,2026-02-03 05:00:00
11042,495,4,73.3,54.23,64.28,1,78,0.0,-10.04,5,2,0,2026-02-03 19:00:00
11043,495,5,76.9,51.5,66.08,1,88,1.0,-14.58,6,3,0,2026-02-04 04:00:00
11044,495,5,57.9,65.83,67.88,2,189,1.0,-2.05,7,3,1,2026-02-04 18:00:00
11045,495,6,37.2,69.37,66.46,1,84,1.0,2.91,8,1,1,2026-02-05 01:00:00
11046,495,7,94.9,57.33,62.8,1,96,0.0,-5.47,9,2,0,2026-02-06 14:00:00
11047,495,7,45.2,63.33,66.37,2,142,0.0,-3.03,10,2,1,2026-02-08 03:00:00
11048,495,7,87.4,59.1,64.25,3,230,0.0,-5.15,11,2,0,2026-02-08 11:00:00
11049,495,8,99.8,75.83,66.35,1,56,1.0,9.48,12,2,0,2026-02-09 19:00:00
11050,495,9,52.5,77.47,69.14,1,65,1.0,8.33,13,3,1,2026-02-10 08:00:00
11051,495,10,61.5,79.9,67.86,1,86,1.0,12.04,14,2,1,2026-02-11 22:00:00
11052,495,11,93.8,71.27,67.41,1,115,1.0,3.86,15,1,0,2026-02-13 05:00:00
11053,495,12,87.9,69.27,69.17,1,97,0.5,0.1,16,2,0,2026-02-13 23:00:00
11054,495,13,84.2,81.07,70.34,1,90,1.0,10.73,17,2,0,2026-02-14 15:00:00
11055,495,13,80.2,88.63,71.15,2,179,1.0,17.48,17,2,0,2026-02-16 03:00:00
11056,495,13,78.9,84.1,71.66,3,254,1.0,12.44,16,2,0,2026-02-16 18:00:00
11057,495,14,37.6,81.1,72.04,1,79,1.0,9.06,16,3,1,2026-02-17 07:00:00
11058,495,15,61.5,65.57,70.32,1,98,1.0,-4.75,13,2,1,2026-02-19 02:00:00
11059,495,15,46.7,59.33,69.9,2,160,1.0,-10.56,13,2,1,2026-02-20 14:00:00
11060,495,15,82.9,48.6,68.84,3,261,1.0,-20.24,14,2,0,2026-02-22 01:00:00
11061,495,16,38.0,63.7,69.45,1,82,0.5,-5.75,13,3,1,2026-02-23 10:00:00
11062,495,17,44.5,55.87,68.14,1,106,0.0,-12.27,12,3,1,2026-02-25 09:00:00
11063,495,17,31.1,55.13,67.2,2,215,0.0,-12.06,13,3,1,2026-02-25 17:00:00
11064,495,18,55.2,37.87,65.81,1,56,0.0,-27.94,13,3,1,2026-02-26 05:00:00
11065,495,18,75.1,43.6,65.41,2,134,0.0,-21.81,14,3,0,2026-02-26 22:00:00
11066,495,18,53.0,53.8,65.76,3,206,0.0,-11.96,12,3,1,2026-02-28 15:00:00
11067,495,19,88.2,61.1,65.32,1,53,0.5,-4.22,13,2,0,2026-03-01 07:00:00
11068,495,20,92.3,72.1,66.08,1,69,0.5,6.02,14,3,0,2026-03-01 13:00:00
11069,495,20,33.6,77.83,66.93,2,207,0.5,10.9,15,3,1,2026-03-01 20:00:00
11070,495,20,94.5,71.37,65.89,3,309,0.5,5.48,15,3,0,2026-03-02 14:00:00
11071,496,1,72.0,75.0,75.0,1,128,1.0,0.0,1,1,0,2026-01-19 06:00:00
11072,496,2,87.3,72.0,72.0,1,106,1.0,0.0,2,1,0,2026-01-19 20:00:00
11073,496,3,81.1,79.65,79.65,1,75,1.0,0.0,3,2,0,2026-01-20 18:00:00
11074,496,4,91.0,80.13,80.13,1,82,1.0,0.0,4,2,0,2026-01-22 09:00:00
11075,496,5,45.9,86.47,82.85,1,101,1.0,3.62,5,3,1,2026-01-23 02:00:00
11076,496,6,87.7,72.67,75.46,1,98,1.0,-2.79,6,1,0,2026-01-23 21:00:00
11077,496,7,94.4,74.87,77.5,1,78,1.0,-2.63,7,2,0,2026-01-24 14:00:00
11078,496,8,93.8,76.0,79.91,1,59,1.0,-3.91,8,2,0,2026-01-26 11:00:00
11079,496,9,82.6,91.97,81.65,1,155,1.0,10.32,9,3,0,2026-01-27 04:00:00
11080,496,10,55.9,90.27,81.76,1,87,1.0,8.51,10,2,1,2026-01-28 00:00:00
11081,496,11,86.3,77.43,79.17,1,83,1.0,-1.74,11,1,0,2026-01-29 10:00:00
11082,496,12,62.3,74.93,79.82,1,92,1.0,-4.88,12,2,1,2026-01-31 07:00:00
11083,496,13,79.2,68.17,78.36,1,85,0.0,-10.19,13,2,0,2026-02-01 18:00:00
11084,496,13,33.5,75.93,78.42,2,177,0.0,-2.49,14,2,1,2026-02-02 00:00:00
11085,496,14,65.0,58.33,75.21,1,115,0.5,-16.88,14,3,1,2026-02-02 08:00:00
11086,496,15,45.3,59.23,74.53,1,87,1.0,-15.3,14,2,1,2026-02-03 01:00:00
11087,496,15,92.3,47.93,72.71,2,153,1.0,-24.77,14,2,0,2026-02-04 11:00:00
11088,496,16,35.9,67.53,73.86,1,86,0.5,-6.33,15,3,1,2026-02-05 00:00:00
11089,496,17,62.0,57.83,71.75,1,80,0.0,-13.92,14,3,1,2026-02-06 06:00:00
11090,496,18,62.4,63.4,71.24,1,118,0.0,-7.84,15,3,1,2026-02-06 16:00:00
11091,496,18,62.2,53.43,70.8,2,231,0.0,-17.36,15,3,1,2026-02-07 00:00:00
11092,496,19,56.6,62.2,70.39,1,92,0.5,-8.19,15,2,1,2026-02-07 17:00:00
11093,497,1,79.2,75.0,75.0,1,64,1.0,0.0,1,1,0,2026-01-11 03:00:00
11094,497,2,79.6,79.2,79.2,1,65,1.0,0.0,2,1,0,2026-01-11 07:00:00
11095,497,3,84.3,79.4,79.4,1,90,1.0,0.0,3,2,0,2026-01-12 04:00:00
11096,497,3,84.2,81.03,81.03,2,186,1.0,0.0,4,2,0,2026-01-13 19:00:00
11097,497,4,69.7,82.7,81.82,1,82,1.0,0.87,5,2,1,2026-01-15 17:00:00
11098,497,5,95.5,79.4,79.4,1,80,0.0,-0.0,6,3,0,2026-01-16 20:00:00
11099,497,6,77.5,83.13,82.08,1,78,1.0,1.05,7,1,0,2026-01-17 01:00:00
11100,497,7,82.1,80.9,81.43,1,89,1.0,-0.53,8,2,0,2026-01-18 07:00:00
11101,497,7,32.1,85.03,81.51,2,131,1.0,3.52,9,2,1,2026-01-19 22:00:00
11102,497,7,83.7,63.9,76.02,3,198,1.0,-12.12,10,2,0,2026-01-21 02:00:00
11103,497,8,34.5,65.97,76.79,1,77,1.0,-10.82,11,2,1,2026-01-23 02:00:00
11104,497,9,94.7,50.1,72.95,1,114,0.0,-22.85,12,3,0,2026-01-24 02:00:00
11105,497,9,42.3,70.97,74.76,2,187,0.0,-3.79,13,3,1,2026-01-25 01:00:00
11106,497,10,74.5,57.17,72.26,1,93,1.0,-15.09,11,2,0,2026-01-26 10:00:00
11107,497,10,87.6,70.5,72.42,2,187,1.0,-1.92,12,2,0,2026-01-27 12:00:00
11108,497,11,67.1,68.13,73.43,1,115,1.0,-5.3,12,1,1,2026-01-28 01:00:00
11109,497,12,76.0,76.4,73.04,1,115,0.5,3.36,13,2,0,2026-01-29 13:00:00
11110,497,13,95.6,76.9,73.21,1,88,1.0,3.69,13,2,0,2026-01-30 18:00:00
11111,497,14,73.5,79.57,74.46,1,80,1.0,5.11,11,3,0,2026-02-01 18:00:00
11112,497,14,63.5,81.7,74.41,2,156,1.0,7.29,12,3,1,2026-02-01 22:00:00
11113,497,15,72.6,77.53,73.86,1,85,0.0,3.67,12,2,0,2026-02-03 19:00:00
11114,497,16,64.9,69.87,73.8,1,81,1.0,-3.93,12,3,1,2026-02-04 22:00:00
11115,497,17,84.0,67.0,73.4,1,101,0.0,-6.4,12,3,0,2026-02-06 19:00:00
11116,497,17,73.2,73.83,73.86,2,199,0.0,-0.02,11,3,0,2026-02-08 16:00:00
11117,497,17,83.3,74.03,73.83,3,300,0.0,0.2,11,3,0,2026-02-09 21:00:00
11118,498,1,77.9,75.0,75.0,1,85,1.0,0.0,1,1,0,2026-01-23 12:00:00
11119,498,2,71.3,77.9,77.9,1,97,1.0,0.0,2,1,0,2026-01-25 09:00:00
11120,498,3,92.0,74.6,74.6,1,62,1.0,0.0,3,2,0,2026-01-27 09:00:00
11121,498,4,71.6,80.4,80.4,1,81,1.0,0.0,4,2,0,2026-01-28 20:00:00
11122,498,5,76.9,78.3,78.2,1,52,1.0,0.1,5,3,0,2026-01-29 02:00:00
11123,498,6,93.9,80.17,77.94,1,83,1.0,2.23,6,1,0,2026-01-30 22:00:00
11124,498,7,64.2,80.8,80.6,1,81,1.0,0.2,7,2,1,2026-02-01 12:00:00
11125,498,8,84.8,78.33,78.26,1,80,1.0,0.08,8,2,0,2026-02-03 06:00:00
11126,498,9,76.9,80.97,79.07,1,61,1.0,1.89,9,3,0,2026-02-04 13:00:00
11127,498,10,79.2,75.3,78.83,1,46,1.0,-3.53,10,2,0,2026-02-05 20:00:00
11128,498,11,85.6,80.3,78.87,1,32,0.5,1.43,10,1,0,2026-02-06 20:00:00
11129,499,1,71.1,75.0,75.0,1,109,1.0,0.0,1,1,0,2026-01-18 09:00:00
11130,499,1,97.4,71.1,71.1,2,249,1.0,0.0,2,1,0,2026-01-20 00:00:00
11131,499,1,80.0,84.25,84.25,3,352,1.0,0.0,3,1,0,2026-01-20 19:00:00
11132,499,2,99.2,82.83,82.83,1,125,1.0,0.0,4,1,0,2026-01-21 17:00:00
11133,499,2,48.0,92.2,86.92,2,251,1.0,5.28,5,1,1,2026-01-23 10:00:00
11134,499,2,93.7,75.73,79.14,3,355,1.0,-3.41,6,1,0,2026-01-24 20:00:00
11135,499,3,33.4,80.3,81.57,1,136,1.0,-1.27,7,2,1,2026-01-25 12:00:00
11136,499,4,69.8,58.37,74.69,1,51,0.0,-16.32,8,2,1,2026-01-26 05:00:00
11137,499,5,76.8,65.63,74.07,1,85,0.0,-8.44,9,3,0,2026-01-27 02:00:00
11138,499,6,61.9,60.0,74.38,1,91,1.0,-14.38,10,1,1,2026-01-28 09:00:00
11139,499,7,44.3,69.5,73.13,1,93,0.0,-3.63,11,2,1,2026-01-29 21:00:00
11140,499,7,42.0,61.0,70.51,2,209,0.0,-9.51,12,2,1,2026-01-31 11:00:00
11141,499,7,82.4,49.4,68.13,3,324,0.0,-18.73,13,2,0,2026-02-01 03:00:00
11142,499,8,98.6,56.23,69.23,1,117,1.0,-13.0,13,2,0,2026-02-02 04:00:00
11143,499,8,65.2,74.33,71.33,2,238,1.0,3.0,13,2,1,2026-02-03 17:00:00
11144,499,8,84.2,82.07,70.92,3,328,1.0,11.15,12,2,0,2026-02-05 16:00:00
11145,499,9,99.2,82.67,71.75,1,85,1.0,10.92,12,3,0,2026-02-07 11:00:00
11146,499,10,37.5,82.87,73.36,1,117,1.0,9.5,12,2,1,2026-02-08 00:00:00
11147,499,10,81.7,73.63,71.37,2,214,1.0,2.26,12,2,0,2026-02-09 02:00:00
11148,499,10,53.2,72.8,71.92,3,292,1.0,0.88,11,2,1,2026-02-11 02:00:00
11149,499,11,54.4,57.47,70.98,1,129,1.0,-13.51,12,1,1,2026-02-11 08:00:00
11150,499,11,89.7,63.1,70.19,2,266,1.0,-7.09,12,1,0,2026-02-12 09:00:00
11151,499,12,32.4,65.77,71.08,1,141,1.0,-5.31,12,2,1,2026-02-13 05:00:00
11152,499,13,56.6,58.83,69.4,1,113,0.0,-10.56,13,2,1,2026-02-14 02:00:00
11153,499,13,30.8,59.57,68.86,2,235,0.0,-9.3,13,2,1,2026-02-14 13:00:00
11154,499,14,71.2,39.93,67.34,1,137,0.5,-27.41,12,3,0,2026-02-16 05:00:00
11155,499,15,96.6,52.87,67.49,1,97,1.0,-14.62,13,2,0,2026-02-16 14:00:00
11156,499,16,100.0,66.2,68.57,1,132,0.5,-2.37,13,3,0,2026-02-18 14:00:00
11157,500,1,95.3,75.0,75.0,1,115,1.0,0.0,1,1,0,2026-01-10 15:00:00
11158,500,2,97.5,95.3,95.3,1,128,1.0,0.0,2,1,0,2026-01-11 22:00:00
11159,500,3,82.7,96.4,96.4,1,113,1.0,0.0,3,2,0,2026-01-13 22:00:00
11160,500,4,33.8,91.83,91.83,1,135,1.0,0.0,4,2,1,2026-01-14 12:00:00
11161,500,5,49.2,71.33,77.32,1,114,0.0,-5.99,5,3,1,2026-01-16 06:00:00
11162,500,5,52.1,55.23,71.7,2,194,0.0,-16.47,6,3,1,2026-01-17 00:00:00
11163,500,6,84.1,45.03,68.43,1,139,1.0,-23.4,7,1,0,2026-01-17 07:00:00
11164,500,7,45.0,61.8,70.67,1,91,1.0,-8.87,8,2,1,2026-01-19 04:00:00
11165,500,8,98.3,60.4,67.46,1,135,1.0,-7.06,9,2,0,2026-01-20 00:00:00
11166,500,8,52.7,75.8,70.89,2,243,1.0,4.91,10,2,1,2026-01-21 12:00:00
11167,500,9,74.2,65.33,69.07,1,133,1.0,-3.74,11,3,0,2026-01-22 22:00:00
11168,500,9,53.2,75.07,69.54,2,265,1.0,5.53,12,3,1,2026-01-23 23:00:00
11169,500,10,89.8,60.03,68.18,1,118,1.0,-8.14,13,2,0,2026-01-24 06:00:00
